pair,block_number,timestamp,frontrunner_entity,frontrunner_tx,frontrunner_sender,frontrunner_to,frontrunner_tx_index,frontrunner_gas_price,frontrunner_amount0_in,frontrunner_amount1_in,frontrunner_amount0_out,frontrunner_amount1_out,victim_entity,victim_tx,victim_sender,victim_to,victim_tx_index,victim_gas_price,victim_amount0_in,victim_amount1_in,victim_amount0_out,victim_amount1_out,direction,gas_ratio,tx_index_gap,frontrunner_freq,frontrunner_value_usd,victim_value_usd,gas_cost_usd
WETH_USDC,10282934,1592392700,0x8a3960472b3d63894b68df3f10f58f11828d6fd9,0x86071e8c36f3dab77f2f5d3a4a7ea2925f0f736b96f44e17cba7c3ead7296c5e,0x8a3960472b3d63894b68df3f10f58f11828d6fd9,0x8a3960472b3d63894b68df3f10f58f11828d6fd9,0,498255735522,6881990435.0,0.0,0.0,2.9981933548094042e+19,0xa69761a2399a5becbf9389b3c5bcd3099a85de11,0x8795a1baf709cb3aac60bcf1a9e5065599ab38b49a3bc1f7abd60a0df394d818,0xa69761a2399a5becbf9389b3c5bcd3099a85de11,0xa69761a2399a5becbf9389b3c5bcd3099a85de11,4,250000000000,6302090196.0,0.0,0.0,2.7017446885615518e+19,0,1.99,4,617,7026.274438455274,6331.546167301509,17.514955461575855
WETH_USDC,10303740,1592671020,0x693c188e40f760ecf00d2946ef45260b84fbc43e,0xc7bb8d66d093ff638eb28eeb88a9f63d918ff8e9ccca38d66dc323d3133ff6f0,0x693c188e40f760ecf00d2946ef45260b84fbc43e,0x693c188e40f760ecf00d2946ef45260b84fbc43e,7,123624576558,0.0,1.5450951131186039e+19,3525314747.0,0.0,0x5d3f542634070284671b87ff25a7e7b008d75d69,0x01202ef43196000dfa2387a957a123234768d7c59f7124809e9962e038d82e0e,0xf164fc0ec4e93095b804a4795bbe1e041497b92a,0x5d3f542634070284671b87ff25a7e7b008d75d69,11,74000000000,0.0,4e+18,908076355.0,0.0,1,1.67,4,1298,3525.314747,909.8702359413033,4.21808709903642
WETH_USDC,10356504,1593376927,0xe0a08fd1366b5b4cf256db1a85b6eb0e01aacbce,0xf84d4a0db8ac755db9f039ee8aa7d97076687db1c05de0c84c98224f6fbda895,0x7a250d5630b4cf539739df2c5dacb4c659f2488d,0xe0a08fd1366b5b4cf256db1a85b6eb0e01aacbce,0,120000000000,1000000000.0,0.0,0.0,4.43368376148308e+18,0x9c4fe5ffd9a9fc5678cfbd93aa2d4fd684b67c4c,0xb6a132d6b099157256910f20f268091fedef4347d9e5fef8061050912f5a98ef,0x7a250d5630b4cf539739df2c5dacb4c659f2488d,0x9c4fe5ffd9a9fc5678cfbd93aa2d4fd684b67c4c,5,30000000000,420920386.0,0.0,0.0,1.8646318499973315e+18,0,4.0,5,83,1000.0,420.920386,4.05214205455403
WETH_USDC,10381024,1593706695,0x8a3960472b3d63894b68df3f10f58f11828d6fd9,0xf16e56d4ab198aa2f02e9f00204b346f4936f31b284646b6acd4dd13bb88ebbf,0x8a3960472b3d63894b68df3f10f58f11828d6fd9,0x8a3960472b3d63894b68df3f10f58f11828d6fd9,1,184234642960,1745910775.0,0.0,0.0,7.784118797800525e+18,0x7a250d5630b4cf539739df2c5dacb4c659f2488d,0xd27b1761cb3e579c8e344ada13b4d8708031d07ec3eadd6ddb69dcfb687b3f5c,0x7a250d5630b4cf539739df2c5dacb4c659f2488d,0x7a250d5630b4cf539739df2c5dacb4c659f2488d,4,100000000000,2000000000.0,0.0,0.0,8.898022535715298e+18,0,1.84,3,617,1745.910775,2000.0,6.192374398198015
WETH_USDC,10548578,1595946761,0x693c188e40f760ecf00d2946ef45260b84fbc43e,0xad97ddd7feacd3602795ec038dd68e529f4c0972fcc78f7a633eabd3397b7dfd,0x693c188e40f760ecf00d2946ef45260b84fbc43e,0x693c188e40f760ecf00d2946ef45260b84fbc43e,0,719143397368,16000839990.0,0.0,0.0,5.068126040280467e+19,0xf164fc0ec4e93095b804a4795bbe1e041497b92a,0x0a779f0111170123d4af1e3c5cc322333b2cbbab33b24f920c5b52bbc4f9fc47,0xf164fc0ec4e93095b804a4795bbe1e041497b92a,0xf164fc0ec4e93095b804a4795bbe1e041497b92a,4,351100007000,17814275061.0,0.0,0.0,5.6083604068622615e+19,0,2.05,4,1298,16101.418243097036,17817.740887106636,34.270739892085764
WETH_USDC,10573469,1596279563,0x693c188e40f760ecf00d2946ef45260b84fbc43e,0xcfba92dc523be2fc922367610c7dbce77a51dcad52fa346ad1729511fab2adb7,0x693c188e40f760ecf00d2946ef45260b84fbc43e,0x693c188e40f760ecf00d2946ef45260b84fbc43e,18,422428011971,0.0,3.48173583829344e+19,12425332688.0,0.0,0x7cd860672c477e4c312cdde6f922c51235caf52d,0x42bfcf22391d69db3b4e465d72bff01c607a8991c35b3438cd9a75abb111e8df,0x7a250d5630b4cf539739df2c5dacb4c659f2488d,0x7cd860672c477e4c312cdde6f922c51235caf52d,23,151800000000,0.0,1.4e+19,4983282113.0,0.0,1,2.78,5,1298,12425.332688,4994.566175175888,22.605478500398053
WETH_USDC,10574215,1596289429,0x8a3960472b3d63894b68df3f10f58f11828d6fd9,0x553716147517a58e7229b9ead33909039e00a788acc01b160e222369962ba3ad,0x8a3960472b3d63894b68df3f10f58f11828d6fd9,0x8a3960472b3d63894b68df3f10f58f11828d6fd9,29,204390535801,734216185.0,0.0,0.0,2.082269376857567e+18,0x7a250d5630b4cf539739df2c5dacb4c659f2488d,0x55ad29a558eab1c0cc30fb7d9a92980294958c113795e3e5279bf57bd4506cc0,0x7a250d5630b4cf539739df2c5dacb4c659f2488d,0x7a250d5630b4cf539739df2c5dacb4c659f2488d,31,127600000000,4000000000.0,0.0,0.0,1.1336130559600894e+19,0,1.6,2,617,735.0288030303886,4001.5871955982825,10.822297961318851
WETH_USDC,10823456,1599600438,0xed643618dd5194f243a8f23c7bd786a37a6dcf8b,0x9d86efc883720039a6ffbe3d7c903192c0d0b439fef875e78ba8de160d400e59,0x7a250d5630b4cf539739df2c5dacb4c659f2488d,0xed643618dd5194f243a8f23c7bd786a37a6dcf8b,0,400000000000,1177126130.0,0.0,0.0,3.5071486219461586e+18,0x1c9052e823b5f4611ef7d5fb4153995b040ccbf5,0x22ce6f2bf4979a24cd7f4c42903e53b955de782efc0ca7e69a08be2c756d7eb3,0x7a250d5630b4cf539739df2c5dacb4c659f2488d,0x1c9052e823b5f4611ef7d5fb4153995b040ccbf5,3,150000000000,2695000000.0,0.0,0.0,8.02918235522083e+18,0,2.67,3,20,1177.12613,2695.0,20.07918918916245
WETH_USDC,11123756,1603604813,0x0000000000007f150bd6f54c40a34d7c3d5e9f56,0xc04723352dd0fe158d81691fcfd00043b5d0f1193673457806c111e5e5d404a6,0x0000000000007f150bd6f54c40a34d7c3d5e9f56,0x0000000000007f150bd6f54c40a34d7c3d5e9f56,1,2203734409617,0.0,4.946855788345927e+19,20410985901.0,0.0,0x6cdc900324c935a2807ecc308f8ead1fcd62fe35,0xb8dc6a396d3cbe5d303ba13e4507d3254efcf36698d18b79fc69ed25cc0ea1ae,0x6cdc900324c935a2807ecc308f8ead1fcd62fe35,0x6cdc900324c935a2807ecc308f8ead1fcd62fe35,5,1301765341681,0.0,1.4870912977544194e+20,61332472575.0,0.0,1,1.69,4,429,20459.655184416635,61504.47169185693,136.71607198965975
WETH_USDC,11123761,1603604865,0x0000000000007f150bd6f54c40a34d7c3d5e9f56,0x807f320f6c98d437218d69c568b35b0b871dea487f3abd529e153a0b6230e98b,0x0000000000007f150bd6f54c40a34d7c3d5e9f56,0x397ff1542f962076d0bfe58ea045ffa2d347aca0,9,600000100000,0.0,1.2024714686508679e+20,49469346975.0,0.0,0x6cdc900324c935a2807ecc308f8ead1fcd62fe35,0x670b38c4f8b9a8ce7c7f5ca3c852cab9ef44f13b6294fc8a8ab1f2a2ab258acd,0x6cdc900324c935a2807ecc308f8ead1fcd62fe35,0x6cdc900324c935a2807ecc308f8ead1fcd62fe35,12,281746840841,0.0,6.8e+19,27967805594.0,0.0,1,2.13,3,429,49600.49058835106,28049.17578453713,37.123915313911446
WETH_USDC,11123763,1603604897,0x0000000000007f150bd6f54c40a34d7c3d5e9f56,0x174af2bd10d377c95d24cce8510f9340b9a1128d684a46c71bc519305e4bdba3,0x0000000000007f150bd6f54c40a34d7c3d5e9f56,0x0000000000007f150bd6f54c40a34d7c3d5e9f56,0,330576998285,0.0,3.492638702067994e+19,14341902125.0,0.0,0x6cdc900324c935a2807ecc308f8ead1fcd62fe35,0xd014d9d6ad92e30084b6a4da8bdd832f332fe942f42519ff27abb80d224a82df,0x6cdc900324c935a2807ecc308f8ead1fcd62fe35,0x6cdc900324c935a2807ecc308f8ead1fcd62fe35,3,99897015386,0.0,1.1124201363178291e+19,4567668425.0,0.0,1,3.31,3,429,14383.931885091944,4581.342885230631,20.421509774089255
WETH_USDC,11173584,1604265973,0x4202c5aa18c934b96bc4aedb3da4593c44076618,0xcfad1f4cda777a723a2cd592f16f1c080625ff930f1c4e37fa3612fd77be8af0,0x7a250d5630b4cf539739df2c5dacb4c659f2488d,0x4202c5aa18c934b96bc4aedb3da4593c44076618,8,80000000000,0.0,1.4658791100376113e+19,5796795524.0,0.0,0xf384dbba8844b1f195e8708dc6420321beb5c43c,0xd47a739fd30f16fdc51d579bf5ec2fad5838db3bc860f5a77aaa690a2d578fd2,0x7a250d5630b4cf539739df2c5dacb4c659f2488d,0xf384dbba8844b1f195e8708dc6420321beb5c43c,11,50000000000,0.0,7.831212859387037e+18,3096744960.0,0.0,1,1.6,3,5,5813.996051936267,3106.0297083557275,4.7594615507853915
WETH_USDC,11198579,1604597558,0x00000058baccda12cf345edc9d99613cf1312b91,0x1b120cf62e646c8abceb73589fe6cbca9032ce8b7f24ec0f8fea62bbf3d72c0d,0x7a250d5630b4cf539739df2c5dacb4c659f2488d,0x00000058baccda12cf345edc9d99613cf1312b91,0,718302617340,0.0,4.387386356e+19,18005518096.0,0.0,0x7b1886e49ab5433bb46f7258548092dc8cdca28b,0x2df61c4b87b2fcba55ee6f75592c44b1e9830c393a142a58586f56185e83cc68,0xf164fc0ec4e93095b804a4795bbe1e041497b92a,0x7b1886e49ab5433bb46f7258548092dc8cdca28b,1,360898900746,0.0,5.650439019687577e+19,23185304016.0,0.0,1,1.99,1,3,18012.874281759723,23198.469302615937,44.235999610713506
WETH_USDC,11223480,1604927471,0xa57bd00134b2850b2a1c55860c9e9ea100fdd6cf,0xf854b2d901a34d8353385255c10cb458149813859a3814d21152c59b159cd4c7,0xa57bd00134b2850b2a1c55860c9e9ea100fdd6cf,0x56178a0d5f301baf6cf3e1cd53d9863437345bf9,3,855000000001,0.0,7.323087610850975e+19,33058662964.0,0.0,0x7b1886e49ab5433bb46f7258548092dc8cdca28b,0xc401a9b5a12bb39c09f06c1c58040f384592b8a8b4fa2312bd0de5f8fa52bb65,0xf164fc0ec4e93095b804a4795bbe1e041497b92a,0x7b1886e49ab5433bb46f7258548092dc8cdca28b,5,409912932619,0.0,7.40056412982079e+19,33377590566.0,0.0,1,2.09,2,2877,33058.662964,33384.54297446552,57.85461164004388
WETH_USDC,11223480,1604927471,0x0ae65f0950f5a046d1b6bd4f7fe12131e5bca7a3,0xff9741ad688d0808aefd15b0326af13e34dc76bf12fbdb3106b57c45de31ca76,0x7a250d5630b4cf539739df2c5dacb4c659f2488d,0x0ae65f0950f5a046d1b6bd4f7fe12131e5bca7a3,4,855000000000,0.0,2.477541249201986e+20,111792300628.0,0.0,0x7b1886e49ab5433bb46f7258548092dc8cdca28b,0xc401a9b5a12bb39c09f06c1c58040f384592b8a8b4fa2312bd0de5f8fa52bb65,0xf164fc0ec4e93095b804a4795bbe1e041497b92a,0x7b1886e49ab5433bb46f7258548092dc8cdca28b,5,409912932619,0.0,7.40056412982079e+19,33377590566.0,0.0,1,2.09,1,7,111792.300628,33384.54297446552,57.85461163997621
WETH_USDC,11223515,1604927915,0x0000000000007f150bd6f54c40a34d7c3d5e9f56,0x97b61aa3cd8dd902dc90934f0800e2c594baeb09b8c050b848a476cecf0afd74,0x0000000000007f150bd6f54c40a34d7c3d5e9f56,0x0000000000007f150bd6f54c40a34d7c3d5e9f56,1,943963084418,172203297522.0,0.0,0.0,3.854872197991703e+20,0x1111f18a2c1a20dcbab0e339ba3372efde552a7c,0x01c2609774f5929a1601cd2d64c57ac8eb9054df9cf49468b251e3d57915e9ff,0x7a250d5630b4cf539739df2c5dacb4c659f2488d,0x1111f18a2c1a20dcbab0e339ba3372efde552a7c,4,400005000000,41796871507.0,0.0,0.0,9.350067544792895e+19,0,2.36,3,429,172203.297522,41796.871507,63.183843608005596
WETH_USDC,11648377,1610563254,0xa57bd00134b2850b2a1c55860c9e9ea100fdd6cf,0xcec6264b9e080953986d8a3621d45b458c9a1cdb9751c770d2daa77140bbc6a4,0xa57bd00134b2850b2a1c55860c9e9ea100fdd6cf,0x56178a0d5f301baf6cf3e1cd53d9863437345bf9,2,272873601022,59403701033.0,0.0,0.0,5.392405146140043e+19,0xe069cb01d06ba617bcdf789bf2ff0d5e5ca20c71,0x053fb43c620a6ca80b40487d3fda38658f6984333f4abda01f00637c5e2a5495,0xe069cb01d06ba617bcdf789bf2ff0d5e5ca20c71,0xe069cb01d06ba617bcdf789bf2ff0d5e5ca20c71,6,150000000000,81937500000.0,0.0,0.0,7.424837200613292e+19,0,1.82,4,2877,59403.701033,81937.5,45.06298702424242
WETH_USDC,11648377,1610563254,0xb3c839dbde6b96d37c56ee4f9dad3390d49310aa,0x4dc26dfc738396f505d5b7dd50e8c7f317310b42aa31d238dd02db3f02efa0c0,0x7a250d5630b4cf539739df2c5dacb4c659f2488d,0xb3c839dbde6b96d37c56ee4f9dad3390d49310aa,3,242552156011,31494000000.0,0.0,0.0,2.856645072623797e+19,0xe069cb01d06ba617bcdf789bf2ff0d5e5ca20c71,0x053fb43c620a6ca80b40487d3fda38658f6984333f4abda01f00637c5e2a5495,0xe069cb01d06ba617bcdf789bf2ff0d5e5ca20c71,0xe069cb01d06ba617bcdf789bf2ff0d5e5ca20c71,6,150000000000,81937500000.0,0.0,0.0,7.424837200613292e+19,0,1.62,3,16,31494.0,81937.5,40.05563241767932
WETH_USDC,11698398,1611227044,0xc1a21c2b4ef7bd457ee40ab6381f5431ce7f5cef,0x1b40c31bc704da490d0017117dcbb66c7849625a07d0ae37adb310b538e0c2ef,0xc1a21c2b4ef7bd457ee40ab6381f5431ce7f5cef,0xc1a21c2b4ef7bd457ee40ab6381f5431ce7f5cef,6,1964394870677,66000000000.0,0.0,0.0,5.307046869690103e+19,0x4d246be90c2f36730bb853ad41d0a189061192d3,0x823082fe31491f64945904c42b457b896397552fd23a9ff044e575b266565de5,0x7a250d5630b4cf539739df2c5dacb4c659f2488d,0x4d246be90c2f36730bb853ad41d0a189061192d3,10,1200221325405,99950025000.0,0.0,0.0,8.02611230098015e+19,0,1.64,4,11,66131.10198954151,100013.37169020063,367.17481698458784
WETH_USDC,11698398,1611227044,0xc1a21c2b4ef7bd457ee40ab6381f5431ce7f5cef,0x1b40c31bc704da490d0017117dcbb66c7849625a07d0ae37adb310b538e0c2ef,0xc1a21c2b4ef7bd457ee40ab6381f5431ce7f5cef,0xc1a21c2b4ef7bd457ee40ab6381f5431ce7f5cef,6,1964394870677,66000000000.0,0.0,0.0,5.307046869690103e+19,0xf164fc0ec4e93095b804a4795bbe1e041497b92a,0x792afb34bf6c970ed935a154b3a1b4f3ce8695394f3a551564166ce4098adcff,0xf164fc0ec4e93095b804a4795bbe1e041497b92a,0xf164fc0ec4e93095b804a4795bbe1e041497b92a,11,532370591187,105406544444.0,0.0,0.0,8.450146573635989e+19,0,3.69,5,11,66131.10198954151,105406.544444,367.17481698458784
WETH_USDC,11698398,1611227044,0x4d246be90c2f36730bb853ad41d0a189061192d3,0x823082fe31491f64945904c42b457b896397552fd23a9ff044e575b266565de5,0x7a250d5630b4cf539739df2c5dacb4c659f2488d,0x4d246be90c2f36730bb853ad41d0a189061192d3,10,1200221325405,99950025000.0,0.0,0.0,8.02611230098015e+19,0xf164fc0ec4e93095b804a4795bbe1e041497b92a,0x792afb34bf6c970ed935a154b3a1b4f3ce8695394f3a551564166ce4098adcff,0xf164fc0ec4e93095b804a4795bbe1e041497b92a,0xf164fc0ec4e93095b804a4795bbe1e041497b92a,11,532370591187,105406544444.0,0.0,0.0,8.450146573635989e+19,0,2.25,1,10,100013.37169020063,105406.544444,224.339338324938
WETH_USDC,11873617,1613555191,0x4d246be90c2f36730bb853ad41d0a189061192d3,0xe0f89b69a7c5173f5f9dc943418df37e885bc7236009e151d4b791187dbbd8f1,0x4d246be90c2f36730bb853ad41d0a189061192d3,0x4d246be90c2f36730bb853ad41d0a189061192d3,4,1908396574222,150045014000.0,0.0,0.0,8.292015786467806e+19,0xb3c839dbde6b96d37c56ee4f9dad3390d49310aa,0x2d90298445872999ae83fab70b36613b31f754244ba3d37c256bc0050ae9f674,0x7a250d5630b4cf539739df2c5dacb4c659f2488d,0xb3c839dbde6b96d37c56ee4f9dad3390d49310aa,5,522111490753,119998651000.0,0.0,0.0,6.6213226224912e+19,0,3.66,1,10,150325.0530573168,120037.23825031411,518.9567114835309
WETH_USDC,11973469,1614883494,0xf99fe6ee0aef1ba197a4f47dac396b54ea4ca05f,0x788ad4953506b7400852ccd5242298794b6a6f5205493e59441903794f2c91cd,0x7a250d5630b4cf539739df2c5dacb4c659f2488d,0xf99fe6ee0aef1ba197a4f47dac396b54ea4ca05f,0,368557207843,0.0,5.731007525409781e+19,88000000000.0,0.0,0x1111f18a2c1a20dcbab0e339ba3372efde552a7c,0xa65a7b042df6a42e656bbf890150631d99cd2c3d7aea30cf52b9402352902f15,0x7a250d5630b4cf539739df2c5dacb4c659f2488d,0x1111f18a2c1a20dcbab0e339ba3372efde552a7c,3,200819292829,0.0,7.152079532598099e+19,109636784507.0,0.0,1,1.84,3,63,88010.73483069366,109834.05141952155,84.89866017169066
WETH_USDC,11998450,1615214709,0x4d246be90c2f36730bb853ad41d0a189061192d3,0x3c3ef138ca225315f3aa4d391d69a94943f1720a64282e6b53f0b509a44f6040,0x4d246be90c2f36730bb853ad41d0a189061192d3,0x4d246be90c2f36730bb853ad41d0a189061192d3,2,9984354015593,100040016000.0,0.0,0.0,5.8159723216418914e+19,0xf164fc0ec4e93095b804a4795bbe1e041497b92a,0x21b61a1c29c95e54e4dabb1562fcf2aecc5b29c49a0050af4b5e8fea54978dd7,0xf164fc0ec4e93095b804a4795bbe1e041497b92a,0xf164fc0ec4e93095b804a4795bbe1e041497b92a,7,1951100007000,239469587879.0,0.0,0.0,1.3885583343190753e+20,0,5.12,5,10,100564.02546710639,240095.736314655,2589.5932166676257
WETH_USDC,12448645,1621210167,0xa57bd00134b2850b2a1c55860c9e9ea100fdd6cf,0xa0a774237a9a308c22ff69a778540a98b11b45d02e552b695be57cdc22350d25,0xa57bd00134b2850b2a1c55860c9e9ea100fdd6cf,0x56178a0d5f301baf6cf3e1cd53d9863437345bf9,4,405478930777,0.0,9.019005808564069e+18,31909975915.0,0.0,0x4164fdce7d6b370b495c66739f49f0af9969d2ba,0x51fa5dc70661fe3473f77dc3ac51467d584774fabc2c33606de69e5c03023a8d,0x7a250d5630b4cf539739df2c5dacb4c659f2488d,0x4164fdce7d6b370b495c66739f49f0af9969d2ba,6,200000000000,0.0,2.1746365012528148e+18,7692090866.0,0.0,1,2.03,2,2877,31996.306281792193,7714.856495555139,215.77480381986956
WETH_USDC,12648571,1623887655,0x7a250d5630b4cf539739df2c5dacb4c659f2488d,0x10154ea73b74c2f483db56ffec3f257c60ac2f8cd26f6dcfa9e88a7ce29aea54,0x7a250d5630b4cf539739df2c5dacb4c659f2488d,0x7a250d5630b4cf539739df2c5dacb4c659f2488d,0,333630196251,150000000000.0,0.0,0.0,6.366472675461175e+19,0x30ec72f98e82f57da2565300000000004b2d83ab,0xaf89fcfc1d439c46352a0dd0562f0736b48a8cc1df9e0dbf8edfd16086a7f1d7,0x30ec72f98e82f57da2565300000000004b2d83ab,0x30ec72f98e82f57da2565300000000004b2d83ab,4,185339868297,15840378402.0,0.0,0.0,6.707565393363908e+18,0,1.8,4,17575,150000.0,15840.378402,117.85890477670398
WETH_USDC,12648571,1623887655,0xa57bd00134b2850b2a1c55860c9e9ea100fdd6cf,0x6c45f7244ac76439880ce7e475274c65a0aac3c241ad96022c5c1bb2668efc77,0xa57bd00134b2850b2a1c55860c9e9ea100fdd6cf,0x56178a0d5f301baf6cf3e1cd53d9863437345bf9,1,332059165466,54931466937.0,0.0,0.0,2.3274441405028405e+19,0x30ec72f98e82f57da2565300000000004b2d83ab,0xaf89fcfc1d439c46352a0dd0562f0736b48a8cc1df9e0dbf8edfd16086a7f1d7,0x30ec72f98e82f57da2565300000000004b2d83ab,0x30ec72f98e82f57da2565300000000004b2d83ab,4,185339868297,15840378402.0,0.0,0.0,6.707565393363908e+18,0,1.79,3,2877,54931.466937,15840.378402,117.30391913760049
WETH_USDC,12773829,1625573354,0x6de2b77d89759c1275b99175494e29299f845cbc,0xa4b96f3e72d5ba65343f65c5476a2526c5590136df21b7b85bc8004520e18d5c,0x7a250d5630b4cf539739df2c5dacb4c659f2488d,0x6de2b77d89759c1275b99175494e29299f845cbc,6,1274020000000,220000000000.0,0.0,0.0,9.57116786638223e+19,0xa57bd00134b2850b2a1c55860c9e9ea100fdd6cf,0x2cd6a1c0fb75ebc118d5f9f5d134e6a525755c581e7973cb50edc84e8c10427d,0xa57bd00134b2850b2a1c55860c9e9ea100fdd6cf,0x56178a0d5f301baf6cf3e1cd53d9863437345bf9,8,706300000001,2369077435.0,0.0,0.0,1.0292814604637654e+18,0,1.8,2,84,220000.0,2369.077435,438.5346419797128
WETH_USDC,12998474,1628612389,0xf8ad4037e6057e49496e874cefc830b549b34d05,0x085175fcc08ef4fee12dcaf445594e5ba33cc19e9504adcab25c37385af94a5d,0xf8ad4037e6057e49496e874cefc830b549b34d05,0xf8ad4037e6057e49496e874cefc830b549b34d05,0,709317192306,32064767093.0,0.0,0.0,1.03319393065651e+19,0x0000000000005117dd3a72e64a705198753fdd54,0x78d305b24e99d2264f00d941c4f90528c5ee428a260b1b3554f87ea320d020fb,0x7a250d5630b4cf539739df2c5dacb4c659f2488d,0x0000000000005117dd3a72e64a705198753fdd54,2,86524071327,28510187760.0,0.0,0.0,9.182901024791062e+18,0,8.2,2,4,32064.767093,28510.18776,329.40413525642214
WETH_USDC,13023942,1628952997,0x0f4ee9631f4be0a63756515141281a3e2b293bbe,0xc841c2bac6bc873a0dc2fd96d8fabdc3cea95773415fa02316d87a6b0b97d1d6,0x7a250d5630b4cf539739df2c5dacb4c659f2488d,0x0f4ee9631f4be0a63756515141281a3e2b293bbe,0,368286710088,61671217535.0,0.0,0.0,1.8825855498723545e+19,0x7a250d5630b4cf539739df2c5dacb4c659f2488d,0x20c78c4d0e5cf1cf23af991b0e80f7c2769df0ffde64be2403482be2a3253c10,0x7a250d5630b4cf539739df2c5dacb4c659f2488d,0x7a250d5630b4cf539739df2c5dacb4c659f2488d,4,44000000000,5794664932.0,0.0,0.0,1.768119187829081e+18,0,8.37,4,164,61671.217535,5794.664932,180.51022120501278
WETH_USDC,13498663,1635327484,0xe1edc4dfd387f737a73026bb72780d243ef7999e,0x1d204df7ab893f8a5e85e8989cb953ce5c4f85844608d74c2ead94ad94e5e155,0x7a250d5630b4cf539739df2c5dacb4c659f2488d,0xe1edc4dfd387f737a73026bb72780d243ef7999e,286,228699390794,0.0,3.5744354414600205e+17,1426768425.0,0.0,0xc88ac988a655b91b70def427c8778b4d43f2048d,0x23d27fe0188e6380e4abf300a99a7be97271c7be3dd3ee9d7be5b9c006be7fd9,0x7a250d5630b4cf539739df2c5dacb4c659f2488d,0xc88ac988a655b91b70def427c8778b4d43f2048d,290,125784664936,0.0,4.778061320075679e+17,1907144645.0,0.0,1,1.82,4,11,1430.9995634503475,1912.8625415527074,137.33723845935415
WETH_USDC,13623649,1637024550,0x7cf09d7a9a74f746edcb06949b9d64bcd9d1604f,0x8c0655480c60d45e22738bedd7382e2b78d23d093a9b1f9289e019029fde2aff,0x7cf09d7a9a74f746edcb06949b9d64bcd9d1604f,0x11b341e478cc5a8739a555d822503a79f05bc2c7,5,5005757457281,0.0,1000000000000000.0,4416502.0,0.0,0x684b00a5773679f88598a19976fbeb25a68e9a5f,0x4ed9b3003d845c506ebf8f39bc028f95f4b988bbd4aaa7d983e842925a77092e,0x7a250d5630b4cf539739df2c5dacb4c659f2488d,0x684b00a5773679f88598a19976fbeb25a68e9a5f,6,157888229519,0.0,2.75e+19,121350821022.0,0.0,1,31.7,1,19,4.422270434889752,121612.43695946816,3320.5219811343995
WETH_USDC,13823402,1639754748,0x51399b32cd0186bb32230e24167489f3b2f47870,0x90acf3cd631639bbf6d78a973358369cba7a2def6867c3bcc81fba19dea03380,0x51399b32cd0186bb32230e24167489f3b2f47870,0x51399b32cd0186bb32230e24167489f3b2f47870,6,239975726732,108270900000.0,0.0,0.0,2.8778083040409653e+19,0xa57bd00134b2850b2a1c55860c9e9ea100fdd6cf,0x63153be0bbfd02bd56a8a3ba97834e472e39b545a55a250e9c00514747779104,0xa57bd00134b2850b2a1c55860c9e9ea100fdd6cf,0x56178a0d5f301baf6cf3e1cd53d9863437345bf9,9,151782352837,256993678.0,0.0,0.0,6.8237103167770984e+16,0,1.58,3,128,108270.9,256.993678,135.16263844642336
WETH_USDC,14224296,1645109752,0x6033368e4a402605294c91cf5c03d72bd96e7d8d,0x4919971b7af4a0932014eedd16963cddb4e3035a136d1e58d8d5e54c89807973,0x7a250d5630b4cf539739df2c5dacb4c659f2488d,0x6033368e4a402605294c91cf5c03d72bd96e7d8d,3,275000000000,10570908082.0,0.0,0.0,3.5401417596663286e+18,0x731ea79a1b2b90683507da2aab498bd8ff8f7ff1,0x357d361212ba64a73e08f85e7d7ea1dd22c3d37496cfb3b38e1f647f9e4ae760,0x731ea79a1b2b90683507da2aab498bd8ff8f7ff1,0x731ea79a1b2b90683507da2aab498bd8ff8f7ff1,4,90180555395,1292471157.0,0.0,0.0,4.327948902959482e+17,0,3.05,1,48,10570.908082,1292.471157,122.81234810022491
WETH_USDC,14399140,1647453921,0x8aff5ca996f77487a4f04f1ce905bf3d27455580,0x005911dbf867a830e67cb907972ee48b43ffa573158d76576ada4d3d06365c78,0x8aff5ca996f77487a4f04f1ce905bf3d27455580,0x8aff5ca996f77487a4f04f1ce905bf3d27455580,26,353923531834,0.0,7.703898113207547e+19,204833905261.0,0.0,0xa57bd00134b2850b2a1c55860c9e9ea100fdd6cf,0x12cb070d5ec76a0bd3932e3d2be91ac65aa515383cc6ed8bc9b04f4e9aa85452,0xa57bd00134b2850b2a1c55860c9e9ea100fdd6cf,0x56178a0d5f301baf6cf3e1cd53d9863437345bf9,30,217746681362,0.0,3.875991165845811e+19,102751159458.0,0.0,1,1.63,4,375,204833.905261,102958.13414370653,141.01930928638083
WETH_USDC,14773245,1652526273,0x220bda5c8994804ac96ebe4df184d25e5c2196d4,0x1b685a3706c92abe8f60f2359722c81d81ef475e061b518807bb1db91e102897,0x220bda5c8994804ac96ebe4df184d25e5c2196d4,0x1111111254fb6c44bac0bed2854e76f90643097d,0,197525974001,0.0,1.8212725947596042e+18,3650001892.0,0.0,0x68b3465833fb72a70ecdf485e0e4c7bd8665fc45,0x28a57a3634a98186a8c755f78cc19583507abf08e125e4297b391da896fce5f7,0x68b3465833fb72a70ecdf485e0e4c7bd8665fc45,0x6e6e37ff72e9aae916b1ea62b0ac944d0eb70b70,2,67519507021,0.0,9.4e+17,1883742879.0,0.0,1,2.93,2,259,3660.709456631845,1889.3749892986953,59.55329282143943
WETH_USDC,14923306,1654641278,0x8fe7d9643077b4ab2885cb2dad4236cc4784413f,0x6f736f3463fd04909f49e009e0bb1573c5c84dc9c19b89a8683c606f2d72a78c,0x8fe7d9643077b4ab2885cb2dad4236cc4784413f,0xabd9c284116b2e757e3d4f6e36c5050aead24e0c,1,200613218340,0.0,2.942324079256627e+17,540289543.0,0.0,0x68b3465833fb72a70ecdf485e0e4c7bd8665fc45,0xbd84251328d5f3da3f8b38a373a3a23e03a236928fa762cc387fc7cbdb83e0e1,0x68b3465833fb72a70ecdf485e0e4c7bd8665fc45,0x0bdf5421bf6b7462e700be45eabe047b68a7030b,5,56914198283,0.0,8e+17,1468977361.0,0.0,1,3.52,4,23,541.9119713622089,1473.425650648577,55.42287408024741
WETH_USDC,14973652,1655387636,0xbeefbabeea323f07c59926295205d3b7a17e8638,0xaf4772943a754f99f026cf11d056a35d941525d3a5292b9be2acc06f07080563,0xbeefbabeea323f07c59926295205d3b7a17e8638,0xbeefbabeea323f07c59926295205d3b7a17e8638,8,288286374983,0.0,9.54775e+19,103848887186.0,0.0,0x68b3465833fb72a70ecdf485e0e4c7bd8665fc45,0xb5e6aeec54e6e63619cfa227a8a6465817100391f1d0dcaa4cb9c10f1e9518ad,0x68b3465833fb72a70ecdf485e0e4c7bd8665fc45,0x069aeb8f3843be638902e23257f1d6a696e33cf0,12,150000000000,0.0,2.5e+17,271336447.0,0.0,1,1.92,4,441,103937.39106701489,272.1515306407658,47.074546928700734
WETH_USDC,14973652,1655387636,0xa57bd00134b2850b2a1c55860c9e9ea100fdd6cf,0x4aee921a0c4b9f2d7e9e5bfdb579a6f043ef7971c4cde67f4c8b119abb5ceb6d,0xa57bd00134b2850b2a1c55860c9e9ea100fdd6cf,0x56178a0d5f301baf6cf3e1cd53d9863437345bf9,9,287246516340,0.0,5.217464297398027e+18,5663378687.0,0.0,0x68b3465833fb72a70ecdf485e0e4c7bd8665fc45,0xb5e6aeec54e6e63619cfa227a8a6465817100391f1d0dcaa4cb9c10f1e9518ad,0x68b3465833fb72a70ecdf485e0e4c7bd8665fc45,0x069aeb8f3843be638902e23257f1d6a696e33cf0,12,150000000000,0.0,2.5e+17,271336447.0,0.0,1,1.91,3,2877,5679.763578401684,272.1515306407658,46.904747455895254
WETH_USDC,15049024,1656570588,0x98c3d3183c4b8a650614ad179a1a98be0a8d6b8e,0x6670906e3090bca196ba71bac6611f4cf3fba752ee2dffef1cf2412e97fe0ccc,0x98c3d3183c4b8a650614ad179a1a98be0a8d6b8e,0x98c3d3183c4b8a650614ad179a1a98be0a8d6b8e,6,2219508308991,0.0,3.28682e+19,35457214732.0,0.0,0xa57bd00134b2850b2a1c55860c9e9ea100fdd6cf,0x33c844d69d1eab81aadbcef3641ea3f2baa7eb9ebc9593a4c5303c7f0f26ee04,0xa57bd00134b2850b2a1c55860c9e9ea100fdd6cf,0x56178a0d5f301baf6cf3e1cd53d9863437345bf9,8,1179220628093,0.0,8.46312261257172e+19,91053587845.0,0.0,1,1.88,2,61,35457.214732,91151.38349383825,358.57554410248946
WETH_USDC,15198443,1658573119,0xbeefbabeea323f07c59926295205d3b7a17e8638,0x1962ce35c9a01cf10cf1de449616b4b1b39a58229f5b3ffebecd7aba5b477a8d,0xbeefbabeea323f07c59926295205d3b7a17e8638,0xbeefbabeea323f07c59926295205d3b7a17e8638,4,221315648494,0.0,2.5239740259740262e+19,38820341740.0,0.0,0xa57bd00134b2850b2a1c55860c9e9ea100fdd6cf,0x7d81cc0eb54e4f2d412d4f79ef32ca86552d5047c41fc8b39003a0deed7e5916,0xa57bd00134b2850b2a1c55860c9e9ea100fdd6cf,0x56178a0d5f301baf6cf3e1cd53d9863437345bf9,5,5311087508,0.0,9.229785424891634e+18,14182986585.0,0.0,1,41.67,1,441,38892.03382576722,14222.219533773949,51.15394769610538
WETH_USDC,15198694,1658576289,0x68b3465833fb72a70ecdf485e0e4c7bd8665fc45,0xafc2333131dd68a83a47c11cf90b2d0fe24e22e8bcb95bfd722a881ecdb4f43a,0x68b3465833fb72a70ecdf485e0e4c7bd8665fc45,0x5281e311734869c64ca60ef047fd87759397efe6,3,40000000000,1000000000.0,0.0,0.0,6.494292099558202e+17,0x0eae044f00b0af300500f090ea00027097d03000,0x6e5c3a7d21f86d5367a762f875fd96e4fbdb3bf5d56541f40ea67dd5d070ff73,0x0eae044f00b0af300500f090ea00027097d03000,0x0eae044f00b0af300500f090ea00027097d03000,4,5127874817,61346362.0,0.0,0.0,3.983934653166706e+16,0,7.8,1,28109,1000.0,61.346362,9.211344566255681
WETH_USDC,15198697,1658576332,0xbeefbabeea323f07c59926295205d3b7a17e8638,0x56452457c293b7f6a23e04b3ff1a6e7e40f209c1becbcd47ebdb41b81bba3186,0xbeefbabeea323f07c59926295205d3b7a17e8638,0xbeefbabeea323f07c59926295205d3b7a17e8638,4,197376514663,0.0,2.4195294117647057e+19,36966896576.0,0.0,0x68b3465833fb72a70ecdf485e0e4c7bd8665fc45,0x7a5eee19ffdc21e4b3cbea099eaca3a00ae9626671e87a1b01227b666dad2c22,0x68b3465833fb72a70ecdf485e0e4c7bd8665fc45,0xc8e68d674df0eab152926c4f0ee7d0ac0745c715,7,58980055840,0.0,5.6e+18,8549226118.0,0.0,1,3.35,3,441,37043.35280912064,8573.682746835275,45.32795406419579
WETH_USDC,15273949,1659590085,0x27239549dd40e1d60f5b80b0c4196923745b1fd2,0x5f58c63552c4da76c3b3407f4e5604c827a72b91695a8962687f270f86d0cbd8,0x27239549dd40e1d60f5b80b0c4196923745b1fd2,0x27239549dd40e1d60f5b80b0c4196923745b1fd2,18,15000000000,0.0,3.0639998117293107e+18,5065584174.0,0.0,0x0000000000036414940324055c43e75f56b7d016,0x306d87722c070ea33117f5cafd6fb053dfb153267c216dbff8dff2667768d9f9,0x0000000000036414940324055c43e75f56b7d016,0x7270233ccae676e776a659affc35219e6fcfbb10,19,8804694531,0.0,9.78474039566969e+16,161753017.0,0.0,1,1.7,1,93,5080.150249277921,162.23222720149622,3.730528316979262
WETH_USDC,15673754,1664874167,0xfb59a8e044b57cd507d879ad29f408b01402b78b,0x42467f31ffad01f205a1d361b60e1815e127ed0997cfaa104a29c78498715bea,0x7a250d5630b4cf539739df2c5dacb4c659f2488d,0xfb59a8e044b57cd507d879ad29f408b01402b78b,1,17568456767,0.0,7.268764840284694e+16,97888497.0,0.0,0x68b3465833fb72a70ecdf485e0e4c7bd8665fc45,0x597322425690c81d135c3493e0a15734c5263168e22e1c67792970daa927b81d,0x68b3465833fb72a70ecdf485e0e4c7bd8665fc45,0x0b4e68ffe938fad236633a875b39c2e88fcb341f,4,11568456767,0.0,1.0055979563205347e+18,1354198938.0,0.0,1,1.52,3,79,98.17737871257107,1358.235870324315,3.5593909102340042
WETH_USDC,15923548,1667889227,0xd02c359ba867796c5a595c66f914dec0e37abc7b,0xf45571e7dc68653445eb1ecbeb9ec539585294b758955284aabf1ace94579a1b,0xd02c359ba867796c5a595c66f914dec0e37abc7b,0xd02c359ba867796c5a595c66f914dec0e37abc7b,3,68972379598,31844670310.0,0.0,0.0,2.1478430043520283e+19,0x68b3465833fb72a70ecdf485e0e4c7bd8665fc45,0x3d04e61b02b699737086d218df9974193c4dc17370e1a4456d414bdd8a121aca,0x68b3465833fb72a70ecdf485e0e4c7bd8665fc45,0xe665acddd8cef270aaa5d9e3584a14da3f9f67d7,6,22450215148,146000000.0,0.0,0.0,9.840552067172394e+16,0,3.07,3,15,31844.67031,146.0,15.32877944518532
WETH_USDC,15923899,1667893475,0x4f85fab59894e7db999506f4fe886caa3e65e21e,0xdaaed78381ed26456de488bea95fc2b085a15a9250e83a2b568862ec5176b167,0x7a250d5630b4cf539739df2c5dacb4c659f2488d,0x4f85fab59894e7db999506f4fe886caa3e65e21e,25,20954798020,0.0,807995579475.0,1201.0,0.0,0x92c9a27d21bb5f27b1ec0555b5be71b3253ada67,0x69524d22a976a9864199d2b8a4fc5927ad1f5a56b276dcde7d59ae40db80df32,0x7a250d5630b4cf539739df2c5dacb4c659f2488d,0x92c9a27d21bb5f27b1ec0555b5be71b3253ada67,26,13612316657,0.0,1e+16,14864143.0,0.0,1,1.54,1,1,0.0012045797262066052,14.908246490522735,4.685989410619166
WETH_USDC,16073985,1669704839,0xb9aa14b6774dbc9f84b15e7ff659c0dba0d9ddf5,0xc22d479bb88b6e62e4b5a2fb5cf1c38c57e97c353566f680b30251699f7c7513,0xb9aa14b6774dbc9f84b15e7ff659c0dba0d9ddf5,0x08adb6cf9ed83933fab62e9053444fa3018c47d0,3,41744261845,0.0,1.0124786629422106e+16,12185961.0,0.0,0xdef1c0ded9bec7f1a1670819833240f027b25eff,0xd4da1229337531cc47bd89de9d48372be5046eb829c0c3c91d587f6ade5b822f,0xdef1c0ded9bec7f1a1670819833240f027b25eff,0x980004d9d21ec7f8a3c8d716497ffd3272116c2d,5,11595088776,0.0,2.462461964497434e+16,29637599.0,0.0,1,3.6,2,7,12.222608867798657,29.726759235025117,7.55903018524443
WETH_USDC,16074365,1669709435,0xfd0000000100069ad1670066004306009b487ad7,0x24b49e9db64f0b7c4293f0a0cbed55e7d1996ecca16c645e62d3ba4bac5e81a3,0xfd0000000100069ad1670066004306009b487ad7,0x5fa9569b0ed6aa01e234468e6a15b77988b950df,1,554585619521,0.0,2.7281682462076175e+18,3287683906.0,0.0,0x1111111254fb6c44bac0bed2854e76f90643097d,0x73fac0f42229285411dc6f1305ca8e5179bec6a932eb8f3fc68bba9ba622ca0d,0x1111111254fb6c44bac0bed2854e76f90643097d,0x74de5d4fcbf63e00296fd95d33236b9794016631,2,11816970508,0.0,118950000000000.0,143334.0,0.0,1,46.93,1,10,3297.2154783448455,0.14376084821539709,100.53934309003837
WETH_USDC,16174045,1670913539,0x7a250d5630b4cf539739df2c5dacb4c659f2488d,0x3da130fadfcdb1908a194e2c49d7b94acd167c901ae454806bb8c82c4dfb162e,0x7a250d5630b4cf539739df2c5dacb4c659f2488d,0x7a250d5630b4cf539739df2c5dacb4c659f2488d,1,20000000000,125764000.0,0.0,0.0,9.858716187210214e+16,0x9def9511fec79f83afcbffe4776b1d817dc775ae,0xfe098e66e604879dd289ac80d7d45a3b34be22b6192e4fa9721c59760a71fca8,0xf164fc0ec4e93095b804a4795bbe1e041497b92a,0x9def9511fec79f83afcbffe4776b1d817dc775ae,2,13160055213,23076923077.0,0.0,0.0,1.8080514944250018e+19,0,1.52,1,17575,125.764,23076.923077,3.819566576408634
WETH_USDC,16424033,1673928599,0x68b3465833fb72a70ecdf485e0e4c7bd8665fc45,0xf71986a375f3367fc3d7b78c5bf415a231059c81c2c28ab7b99222bc2fee8619,0x68b3465833fb72a70ecdf485e0e4c7bd8665fc45,0x58624e7a53700cb39772e0267ca0ac70f064078b,1,69452948557,0.0,5.01833802107243e+17,780685819.0,0.0,0x25553828f22bdd19a20e4f12f052903cb474a335,0xc2e60457e8fdcb8176240068a88814da7ac2a5a6c41b1ce99e71bf1951139663,0x25553828f22bdd19a20e4f12f052903cb474a335,0x58624e7a53700cb39772e0267ca0ac70f064078b,2,31452948557,0.0,1.089e+17,169408642.0,0.0,1,2.21,1,28109,783.0164463480503,169.9177908089184,16.25522256745303
WETH_USDC,16798675,1678462811,0x7122db0ebe4eb9b434a9f2ffe6760bc03bfbd0e0,0x82b70e61ff76885184c1d6f9e0c6e9b2e4ee5b6b95a7e6ae3e8037bd8791bdbd,0x7122db0ebe4eb9b434a9f2ffe6760bc03bfbd0e0,0x1111111254fb6c44bac0bed2854e76f90643097d,7,76904403029,0.0,1.5414797886640622e+18,2170291459.0,0.0,0xdef1c0ded9bec7f1a1670819833240f027b25eff,0x5cf17a799630875be180d210010534ce1b9aa5fb93c6f4d3b02a9b3ab77f4c34,0xdef1c0ded9bec7f1a1670819833240f027b25eff,0xe66b31678d6c16e9ebf358268a790b763c133750,11,43000000000,0.0,3.496044323453311e+17,492184714.0,0.0,1,1.79,4,214,2176.649484474899,493.6596074957967,16.28895141259
WETH_USDC,16798700,1678463111,0xc11ce44147c9f6149fbe54adb0588523c38718d7,0x48235a0ea25aa6cb65cde908267cdd5102d8ecf0c46a34fc6cd42a9fd8b15d50,0xc11ce44147c9f6149fbe54adb0588523c38718d7,0xe0554a476a092703abdb3ef35c80e0d76d32939f,5,7678423809679,0.0,1.6040006950372593e+20,228471950728.0,0.0,0xa57bd00134b2850b2a1c55860c9e9ea100fdd6cf,0x0de4f1f27986b99a183868b23d7705bea5b651c08cb82b9b65a0d4e6760fd397,0xa57bd00134b2850b2a1c55860c9e9ea100fdd6cf,0x56178a0d5f301baf6cf3e1cd53d9863437345bf9,10,28828180582,0.0,1.1215631341381355e+20,158217427061.0,0.0,1,266.35,5,15,228471.950728,158217.427061,1623.2081219651095
WETH_USDC,16798814,1678464491,0x1a75f7db182ce7fca969f029e1ef573f7aee9cb5,0x0f8341511f8b65821f6af8d30344b5bc0df2e0a1246e1cd5ac2a2d41a6b1539e,0x1a75f7db182ce7fca969f029e1ef573f7aee9cb5,0x8967ba97f39334c9e6f8e34b8a3d7556306af568,1,150000000000,1262981894.0,0.0,0.0,8.894794934343465e+17,0x68b3465833fb72a70ecdf485e0e4c7bd8665fc45,0xa600e875c0bd8dbccfc0e3655e94475ca751f3ca8e961c76f54137bca09d1a8f,0x68b3465833fb72a70ecdf485e0e4c7bd8665fc45,0x68b3465833fb72a70ecdf485e0e4c7bd8665fc45,2,43552877907,1612808413.0,0.0,0.0,1.1357700323882478e+18,0,3.44,1,21,1262.981894,1612.808413,31.85573078685126
WETH_USDC,16973503,1680586379,0x11a2e73bada26f184e3d508186085c72217dc014,0xdc9b8d6da997459f9611f2f9f328ea3006e0250ee5d605743532bc35d4213705,0x11a2e73bada26f184e3d508186085c72217dc014,0x5e3c41871e9b012a8121a7e25dafe7d23d69447d,0,39000000000,2599222.0,0.0,0.0,1432804199094164.0,0x9dd864d39fbfdf7648402746263e451cd4f36af0,0xe3ffb0ce8c992ffe163c091849fe980fd04d5e3b5ad518a2a96ff00e441b0090,0x9dd864d39fbfdf7648402746263e451cd4f36af0,0x9dd864d39fbfdf7648402746263e451cd4f36af0,1,21531568082,45410831.0,0.0,0.0,2.5032390983071584e+16,0,1.81,1,132,2.599222,45.410831,10.580561048965855
WETH_USDC,17023346,1681197695,0xc11ce44147c9f6149fbe54adb0588523c38718d7,0xa33d942fb9644bd8a3eccf513ae92f15fe45bf4f241e8c726d51c67905c1ead5,0xc11ce44147c9f6149fbe54adb0588523c38718d7,0xc11ce44147c9f6149fbe54adb0588523c38718d7,5,152852869899,38590730266.0,0.0,0.0,2.0091467965810282e+19,0xa69babef1ca67a37ffaf7a485dfff3382056e78c,0xda4becac2de5f3f47fbe39e4f29801a693f51cffb393765ac6a32771cc9787b5,0xa69babef1ca67a37ffaf7a485dfff3382056e78c,0xa69babef1ca67a37ffaf7a485dfff3382056e78c,8,22682567258,2766494225.0,0.0,0.0,1.4386592878825385e+18,0,6.74,3,15,38590.730266,2766.494225,43.96077056621255
WETH_USDC,17999440,1693060151,0xc6265979793435b496e28e61af1500c22c3ba277,0xf411b5944b0b4b08a85ee38891edbd22d6dc2ad97a48eea26dcbb239f57b838c,0xc6265979793435b496e28e61af1500c22c3ba277,0x7cf680acaf0ce743253a45075962211672c60b01,0,63865888621,0.0,9.95e+16,163833993.0,0.0,0x7cf680acaf0ce743253a45075962211672c60b01,0x789a4a12f179cb2751fc5a18b2aa7162888512a8d9cc2116605656fae3b2bac2,0x7a250d5630b4cf539739df2c5dacb4c659f2488d,0x7cf680acaf0ce743253a45075962211672c60b01,1,38865888621,0.0,5e+16,82327914.0,0.0,1,1.64,1,73,164.32504108124698,82.57539752826482,15.821253424124876
WETH_USDC,18248376,1696075139,0xbc9d3c93ddc7ff7a5ac5b46050a93dd1e9e993e9,0xbd1a0016b90a024b87f74b8f07ea3a764317912b00a7d3073c112e4ce9272603,0x7a250d5630b4cf539739df2c5dacb4c659f2488d,0xbc9d3c93ddc7ff7a5ac5b46050a93dd1e9e993e9,0,76663198594,0.0,1.6033037834364332e+16,26759115.0,0.0,0xc6265979793435b496e28e61af1500c22c3ba277,0xe4a94ae45cd329b1ebeccc7ad65a0d704fceb29db91debeb3871ea7d97290d86,0xc6265979793435b496e28e61af1500c22c3ba277,0xbc9d3c93ddc7ff7a5ac5b46050a93dd1e9e993e9,1,6663198594,0.0,1.6429775536524572e+16,27421217.0,0.0,1,11.51,1,7,26.839556317136374,27.503701441115197,19.250309180696682
WETH_USDC,18998552,1705155923,0x80a64c6d7f12c47b7c66c5b4e20e72bc1fcd5d9e,0xeaf3dc58b353d9a5c041aba1736ed549509704edb0bef025174ba4fec3124432,0x80a64c6d7f12c47b7c66c5b4e20e72bc1fcd5d9e,0x621551ea0862d87792c3b6a3ad87f161562b9bc3,1,272788288562,0.0,1.5e+18,3794945107.0,0.0,0x3328f7f4a1d1c57c35df56bbf0c9dcafca309c49,0x42565b1137ea76048800290c3b502387021c7c7bac56f3baf9e1d1560ea33e05,0x3328f7f4a1d1c57c35df56bbf0c9dcafca309c49,0x621551ea0862d87792c3b6a3ad87f161562b9bc3,5,24788288562,0.0,9.950248756218906e+17,2516649074.0,0.0,1,11.0,4,338,3805.085399116026,2524.1030839907303,103.79827338571155
WETH_USDC,18998552,1705155923,0x80a64c6d7f12c47b7c66c5b4e20e72bc1fcd5d9e,0x035a1dd67406e27633e2f46467a61b2fe87bc2dd2f429a7fedff1d654c6da0d0,0x80a64c6d7f12c47b7c66c5b4e20e72bc1fcd5d9e,0x621551ea0862d87792c3b6a3ad87f161562b9bc3,2,67788288562,0.0,1e+18,2529562059.0,0.0,0x3328f7f4a1d1c57c35df56bbf0c9dcafca309c49,0x42565b1137ea76048800290c3b502387021c7c7bac56f3baf9e1d1560ea33e05,0x3328f7f4a1d1c57c35df56bbf0c9dcafca309c49,0x621551ea0862d87792c3b6a3ad87f161562b9bc3,5,24788288562,0.0,9.950248756218906e+17,2516649074.0,0.0,1,2.73,3,338,2536.723599410684,2524.1030839907303,25.794022703833015
WETH_USDC,18998553,1705155935,0x3328f7f4a1d1c57c35df56bbf0c9dcafca309c49,0x3edb6c6f3dc3dd80bf6a34b9a6876aceca69e2d43d4ea5bd88281224874cfb1d,0x3328f7f4a1d1c57c35df56bbf0c9dcafca309c49,0x621551ea0862d87792c3b6a3ad87f161562b9bc3,7,320825452743,0.0,1.990049751243781e+18,5032427244.0,0.0,0x80a64c6d7f12c47b7c66c5b4e20e72bc1fcd5d9e,0x68e3345e9e1155fccccefc141326d6965e553849cba65929949126bc39f8c381,0x80a64c6d7f12c47b7c66c5b4e20e72bc1fcd5d9e,0x621551ea0862d87792c3b6a3ad87f161562b9bc3,12,20825452743,0.0,2e+17,505688601.0,0.0,1,15.41,5,864,5046.803870181822,507.20378895327315,122.04291391792415
WETH_USDC,18998555,1705155959,0x80a64c6d7f12c47b7c66c5b4e20e72bc1fcd5d9e,0x4c236a7c1342c4c828d67ca0ade6e13601a949e89c3690194ed413309cc3bc20,0x80a64c6d7f12c47b7c66c5b4e20e72bc1fcd5d9e,0x621551ea0862d87792c3b6a3ad87f161562b9bc3,5,118656280665,0.0,3e+18,7585052740.0,0.0,0x3328f7f4a1d1c57c35df56bbf0c9dcafca309c49,0xc54fb1682623b5ca1cfc1fefe817b27333d812a625d3a789a8fa2ca0896da5d7,0x3328f7f4a1d1c57c35df56bbf0c9dcafca309c49,0x621551ea0862d87792c3b6a3ad87f161562b9bc3,6,68656280665,0.0,1.691542288557214e+18,4275539650.0,0.0,1,1.73,1,338,7604.795152389962,4287.944198694175,45.11783540009074
WETH_USDC,19098553,1706366195,0x24902aa0cf0000a08c0ea0b003b0c0bf600000e0,0x3b143789aea1cf21d1d9fe4d8b5d667bab694c034dea54fe14ebbee08319cde6,0x24902aa0cf0000a08c0ea0b003b0c0bf600000e0,0x4cd36d6f32586177e36179a810595a33163a20bf,2,39656391231,0.0,6.45e+17,1459136747.0,0.0,0x4cd36d6f32586177e36179a810595a33163a20bf,0xbf55044fc2686019dd72f484ed693d99a990d9fcd4457d73f99a499857b26d1e,0x7a250d5630b4cf539739df2c5dacb4c659f2488d,0x4cd36d6f32586177e36179a810595a33163a20bf,3,18165862704,0.0,2.337662337662338e+18,5287599309.0,0.0,1,2.18,1,56,1463.1558682051568,5302.890491833852,13.493832916622598
WETH_USDC,19148777,1706974799,0x80a64c6d7f12c47b7c66c5b4e20e72bc1fcd5d9e,0xe0015c1d8c9048ce24396902de7d23a041de10814981998960d2be8f9a545120,0x80a64c6d7f12c47b7c66c5b4e20e72bc1fcd5d9e,0x7adc2bf0984a8a826fbc35e03da51df27d666977,0,75891322703,0.0,1.6540866475294608e+16,37892274.0,0.0,0x3328f7f4a1d1c57c35df56bbf0c9dcafca309c49,0xd4da88329d1012724c13285d7807c036641185fbd2101925405055869c9b7999,0x3328f7f4a1d1c57c35df56bbf0c9dcafca309c49,0x7adc2bf0984a8a826fbc35e03da51df27d666977,4,40891322703,0.0,1.868989571422593e+16,42815056.0,0.0,1,1.86,4,338,38.0057127925425,42.943506599148094,26.156161332941952
WETH_USDC,19148777,1706974799,0x80a64c6d7f12c47b7c66c5b4e20e72bc1fcd5d9e,0xf4a2c1a72c41ca63974df94e23d88daecb540bf1eb05da3385f7b2c98b8bcabe,0x80a64c6d7f12c47b7c66c5b4e20e72bc1fcd5d9e,0x7adc2bf0984a8a826fbc35e03da51df27d666977,1,75891322703,0.0,1.6540866475294608e+16,37892215.0,0.0,0x3328f7f4a1d1c57c35df56bbf0c9dcafca309c49,0xd4da88329d1012724c13285d7807c036641185fbd2101925405055869c9b7999,0x3328f7f4a1d1c57c35df56bbf0c9dcafca309c49,0x7adc2bf0984a8a826fbc35e03da51df27d666977,4,40891322703,0.0,1.868989571422593e+16,42815056.0,0.0,1,1.86,3,338,38.0057127925425,42.943506599148094,26.156161332941952
WETH_USDC,19148777,1706974799,0x80a64c6d7f12c47b7c66c5b4e20e72bc1fcd5d9e,0x60572cf7eca115856a4e4d2097ac5acb67bdf860c3fde0d002255a34e3504796,0x80a64c6d7f12c47b7c66c5b4e20e72bc1fcd5d9e,0x7adc2bf0984a8a826fbc35e03da51df27d666977,2,70891322703,0.0,1.6540866475294608e+16,37892157.0,0.0,0x3328f7f4a1d1c57c35df56bbf0c9dcafca309c49,0xd4da88329d1012724c13285d7807c036641185fbd2101925405055869c9b7999,0x3328f7f4a1d1c57c35df56bbf0c9dcafca309c49,0x7adc2bf0984a8a826fbc35e03da51df27d666977,4,40891322703,0.0,1.868989571422593e+16,42815056.0,0.0,1,1.73,2,338,38.0057127925425,42.943506599148094,24.432897038596746
WETH_USDC,19148777,1706974799,0x80a64c6d7f12c47b7c66c5b4e20e72bc1fcd5d9e,0x60572cf7eca115856a4e4d2097ac5acb67bdf860c3fde0d002255a34e3504796,0x80a64c6d7f12c47b7c66c5b4e20e72bc1fcd5d9e,0x7adc2bf0984a8a826fbc35e03da51df27d666977,2,70891322703,0.0,1.6540866475294608e+16,37892157.0,0.0,0x3328f7f4a1d1c57c35df56bbf0c9dcafca309c49,0x54f0e8b08602afa059c74e37376638760c77950e47dcf0b01a442b098cc7d8ae,0x3328f7f4a1d1c57c35df56bbf0c9dcafca309c49,0x7adc2bf0984a8a826fbc35e03da51df27d666977,7,25891322703,0.0,1.982647468999903e+16,45418524.0,0.0,1,2.74,5,338,38.0057127925425,45.55500788801908,24.432897038596746
WETH_USDC,19148777,1706974799,0x80a64c6d7f12c47b7c66c5b4e20e72bc1fcd5d9e,0x6d603028f4e016a4663663c1e5b6882e27fad6753fea62ac0c8338b3c846f23d,0x80a64c6d7f12c47b7c66c5b4e20e72bc1fcd5d9e,0x7adc2bf0984a8a826fbc35e03da51df27d666977,3,65891322703,0.0,1.8222153284327824e+16,41743617.0,0.0,0x3328f7f4a1d1c57c35df56bbf0c9dcafca309c49,0xd4da88329d1012724c13285d7807c036641185fbd2101925405055869c9b7999,0x3328f7f4a1d1c57c35df56bbf0c9dcafca309c49,0x7adc2bf0984a8a826fbc35e03da51df27d666977,4,40891322703,0.0,1.868989571422593e+16,42815056.0,0.0,1,1.61,1,338,41.8687814946232,42.943506599148094,22.709632744251536
WETH_USDC,19148777,1706974799,0x80a64c6d7f12c47b7c66c5b4e20e72bc1fcd5d9e,0x6d603028f4e016a4663663c1e5b6882e27fad6753fea62ac0c8338b3c846f23d,0x80a64c6d7f12c47b7c66c5b4e20e72bc1fcd5d9e,0x7adc2bf0984a8a826fbc35e03da51df27d666977,3,65891322703,0.0,1.8222153284327824e+16,41743617.0,0.0,0x3328f7f4a1d1c57c35df56bbf0c9dcafca309c49,0x54f0e8b08602afa059c74e37376638760c77950e47dcf0b01a442b098cc7d8ae,0x3328f7f4a1d1c57c35df56bbf0c9dcafca309c49,0x7adc2bf0984a8a826fbc35e03da51df27d666977,7,25891322703,0.0,1.982647468999903e+16,45418524.0,0.0,1,2.54,4,338,41.8687814946232,45.55500788801908,22.709632744251536
WETH_USDC,19148777,1706974799,0x3328f7f4a1d1c57c35df56bbf0c9dcafca309c49,0xd4da88329d1012724c13285d7807c036641185fbd2101925405055869c9b7999,0x3328f7f4a1d1c57c35df56bbf0c9dcafca309c49,0x7adc2bf0984a8a826fbc35e03da51df27d666977,4,40891322703,0.0,1.868989571422593e+16,42815056.0,0.0,0x80a64c6d7f12c47b7c66c5b4e20e72bc1fcd5d9e,0x28c902b1750192d6ea3340c206d75296c32e1718655b48e7a010d61ddd440536,0x80a64c6d7f12c47b7c66c5b4e20e72bc1fcd5d9e,0x7adc2bf0984a8a826fbc35e03da51df27d666977,8,20891322703,0.0,1.6540866475294608e+16,37891782.0,0.0,1,1.96,4,864,42.943506599148094,38.0057127925425,14.093311272525495
WETH_USDC,19148780,1706974835,0x3328f7f4a1d1c57c35df56bbf0c9dcafca309c49,0x9e3a3d4f46088dfa4d5b53da7eecbd4f7a1b96279ef75d506a1edce4f7df1af5,0x3328f7f4a1d1c57c35df56bbf0c9dcafca309c49,0x7adc2bf0984a8a826fbc35e03da51df27d666977,7,105938670828,0.0,2.9163825989689504e+16,66803358.0,0.0,0x80a64c6d7f12c47b7c66c5b4e20e72bc1fcd5d9e,0x8b13d3724ca06ac00ca959a4aa88cb707b4d5815ad32b276511407403565e7da,0x80a64c6d7f12c47b7c66c5b4e20e72bc1fcd5d9e,0x7adc2bf0984a8a826fbc35e03da51df27d666977,12,45938670828,0.0,2.7813959520098132e+16,63710415.0,0.0,1,2.31,5,864,67.00315894942894,63.90187458246998,36.50871598374576
WETH_USDC,19148780,1706974835,0x3328f7f4a1d1c57c35df56bbf0c9dcafca309c49,0x769dae2aec06c0a85777401c0074fc33a1f633b0cbe9dfd32a48d625221497cf,0x3328f7f4a1d1c57c35df56bbf0c9dcafca309c49,0x7adc2bf0984a8a826fbc35e03da51df27d666977,8,105938670828,0.0,2.9952717176385784e+16,68610223.0,0.0,0x80a64c6d7f12c47b7c66c5b4e20e72bc1fcd5d9e,0x8b13d3724ca06ac00ca959a4aa88cb707b4d5815ad32b276511407403565e7da,0x80a64c6d7f12c47b7c66c5b4e20e72bc1fcd5d9e,0x7adc2bf0984a8a826fbc35e03da51df27d666977,12,45938670828,0.0,2.7813959520098132e+16,63710415.0,0.0,1,2.31,4,864,68.81561666998665,63.90187458246998,36.50871598374576
WETH_USDC,19148780,1706974835,0x3328f7f4a1d1c57c35df56bbf0c9dcafca309c49,0x7b32331d52b3ed1531989d97c3727276f338411d6a719406efceb25815451848,0x3328f7f4a1d1c57c35df56bbf0c9dcafca309c49,0x7adc2bf0984a8a826fbc35e03da51df27d666977,9,105938670828,0.0,3.0773983198343124e+16,70491231.0,0.0,0x80a64c6d7f12c47b7c66c5b4e20e72bc1fcd5d9e,0x8b13d3724ca06ac00ca959a4aa88cb707b4d5815ad32b276511407403565e7da,0x80a64c6d7f12c47b7c66c5b4e20e72bc1fcd5d9e,0x7adc2bf0984a8a826fbc35e03da51df27d666977,12,45938670828,0.0,2.7813959520098132e+16,63710415.0,0.0,1,2.31,3,864,70.70245476278103,63.90187458246998,36.50871598374576
WETH_USDC,19148780,1706974835,0x3328f7f4a1d1c57c35df56bbf0c9dcafca309c49,0x7b32331d52b3ed1531989d97c3727276f338411d6a719406efceb25815451848,0x3328f7f4a1d1c57c35df56bbf0c9dcafca309c49,0x7adc2bf0984a8a826fbc35e03da51df27d666977,9,105938670828,0.0,3.0773983198343124e+16,70491231.0,0.0,0x80a64c6d7f12c47b7c66c5b4e20e72bc1fcd5d9e,0x3780e6220cf7203f53d7dedbb3eb6249c1fe96b920430d8288c14f4c52001e37,0x80a64c6d7f12c47b7c66c5b4e20e72bc1fcd5d9e,0x7adc2bf0984a8a826fbc35e03da51df27d666977,14,30938670828,0.0,2.7813959520098132e+16,63710251.0,0.0,1,3.42,5,864,70.70245476278103,63.90187458246998,36.50871598374576
WETH_USDC,19148780,1706974835,0x3328f7f4a1d1c57c35df56bbf0c9dcafca309c49,0xd68db15d782af6273b8f03ddf746e885c0d8ca1c22f9ae82fb2cbdf57e05c62e,0x3328f7f4a1d1c57c35df56bbf0c9dcafca309c49,0x7adc2bf0984a8a826fbc35e03da51df27d666977,10,105938670828,0.0,3.162941845997271e+16,72450491.0,0.0,0x80a64c6d7f12c47b7c66c5b4e20e72bc1fcd5d9e,0x8b13d3724ca06ac00ca959a4aa88cb707b4d5815ad32b276511407403565e7da,0x80a64c6d7f12c47b7c66c5b4e20e72bc1fcd5d9e,0x7adc2bf0984a8a826fbc35e03da51df27d666977,12,45938670828,0.0,2.7813959520098132e+16,63710415.0,0.0,1,2.31,2,864,72.66779582695338,63.90187458246998,36.50871598374576
WETH_USDC,19148780,1706974835,0x3328f7f4a1d1c57c35df56bbf0c9dcafca309c49,0xd68db15d782af6273b8f03ddf746e885c0d8ca1c22f9ae82fb2cbdf57e05c62e,0x3328f7f4a1d1c57c35df56bbf0c9dcafca309c49,0x7adc2bf0984a8a826fbc35e03da51df27d666977,10,105938670828,0.0,3.162941845997271e+16,72450491.0,0.0,0x80a64c6d7f12c47b7c66c5b4e20e72bc1fcd5d9e,0x3780e6220cf7203f53d7dedbb3eb6249c1fe96b920430d8288c14f4c52001e37,0x80a64c6d7f12c47b7c66c5b4e20e72bc1fcd5d9e,0x7adc2bf0984a8a826fbc35e03da51df27d666977,14,30938670828,0.0,2.7813959520098132e+16,63710251.0,0.0,1,3.42,4,864,72.66779582695338,63.90187458246998,36.50871598374576
WETH_USDC,19148780,1706974835,0x3328f7f4a1d1c57c35df56bbf0c9dcafca309c49,0x018f4108781b8101530dec6df3b7958c3980af68642e0221cd7e9a2b8f4af7ff,0x3328f7f4a1d1c57c35df56bbf0c9dcafca309c49,0x7adc2bf0984a8a826fbc35e03da51df27d666977,11,50938670828,0.0,3.2520942712860156e+16,74492399.0,0.0,0x80a64c6d7f12c47b7c66c5b4e20e72bc1fcd5d9e,0x3780e6220cf7203f53d7dedbb3eb6249c1fe96b920430d8288c14f4c52001e37,0x80a64c6d7f12c47b7c66c5b4e20e72bc1fcd5d9e,0x7adc2bf0984a8a826fbc35e03da51df27d666977,14,30938670828,0.0,2.7813959520098132e+16,63710251.0,0.0,1,1.65,3,864,74.71605044363525,63.90187458246998,17.554547846539908
WETH_USDC,19148782,1706974859,0x3328f7f4a1d1c57c35df56bbf0c9dcafca309c49,0x2b6554069648083169c72dd60f058dee0c480e6d2d181c0f6909d718fc1ea173,0x3328f7f4a1d1c57c35df56bbf0c9dcafca309c49,0x7adc2bf0984a8a826fbc35e03da51df27d666977,8,91096945305,0.0,3.611320100818155e+16,82719365.0,0.0,0x80a64c6d7f12c47b7c66c5b4e20e72bc1fcd5d9e,0x1496c1c5979e6d6e734828bafe1ecbf57cf6172ab7413f1684c4052f6cba38d7,0x80a64c6d7f12c47b7c66c5b4e20e72bc1fcd5d9e,0x7adc2bf0984a8a826fbc35e03da51df27d666977,11,34096945305,0.0,3.775649459865027e+16,86482968.0,0.0,1,2.67,3,864,82.96711688512276,86.74244910688022,31.393163848665502
WETH_USDC,19148782,1706974859,0x3328f7f4a1d1c57c35df56bbf0c9dcafca309c49,0x2b6554069648083169c72dd60f058dee0c480e6d2d181c0f6909d718fc1ea173,0x3328f7f4a1d1c57c35df56bbf0c9dcafca309c49,0x7adc2bf0984a8a826fbc35e03da51df27d666977,8,91096945305,0.0,3.611320100818155e+16,82719365.0,0.0,0x80a64c6d7f12c47b7c66c5b4e20e72bc1fcd5d9e,0xf171585dcea37a599a27a370ec75ee3f92e965374e4fe40cc6319b33180959d4,0x80a64c6d7f12c47b7c66c5b4e20e72bc1fcd5d9e,0x7adc2bf0984a8a826fbc35e03da51df27d666977,13,24096945305,0.0,3.891999382518494e+16,89147699.0,0.0,1,3.78,5,864,82.96711688512276,89.41549313589837,31.393163848665502
WETH_USDC,19148782,1706974859,0x3328f7f4a1d1c57c35df56bbf0c9dcafca309c49,0xa3502c725cc33c4bbbd1baca1d5f9dc0fe7c47fd916de78c7b9942ef99d932f8,0x3328f7f4a1d1c57c35df56bbf0c9dcafca309c49,0x7adc2bf0984a8a826fbc35e03da51df27d666977,9,39096945305,0.0,1.990049751243781e+16,45583116.0,0.0,0x80a64c6d7f12c47b7c66c5b4e20e72bc1fcd5d9e,0xf171585dcea37a599a27a370ec75ee3f92e965374e4fe40cc6319b33180959d4,0x80a64c6d7f12c47b7c66c5b4e20e72bc1fcd5d9e,0x7adc2bf0984a8a826fbc35e03da51df27d666977,13,24096945305,0.0,3.891999382518494e+16,89147699.0,0.0,1,1.62,4,864,45.719760561033176,89.41549313589837,13.473303696768545
WETH_USDC,19773913,1714550003,0x767c8bb1574bee5d4fe35e27e0003c89d43c5121,0xbfa1b802e2901240c59415fff4e351fdd12988c317029bf9a5c946b24c46680a,0x767c8bb1574bee5d4fe35e27e0003c89d43c5121,0x2d722c96f79d149dd21e9ef36f93fc12906ce9f8,10,43747428693,0.0,9.7511750015826e+18,27987291063.0,0.0,0x0ef8b4525c69bfa7bdece3ab09f95bbf0944b783,0x666e69dae3856e2911d3fa65df8f63a63a9098e7c5737c8e0be31447f4491b73,0x0ef8b4525c69bfa7bdece3ab09f95bbf0944b783,0x0ef8b4525c69bfa7bdece3ab09f95bbf0944b783,15,12949339937,0.0,1.3e+17,372867682.0,0.0,1,3.38,5,27,28051.722666510585,373.9778996946028,18.877582499593316
WETH_USDC,20074284,1718177663,0x3328f7f4a1d1c57c35df56bbf0c9dcafca309c49,0x6c8a261b3b8bbfaebd23f05491f651efc1c91ac7a4f8e15e30a2a2bbca322a14,0x3328f7f4a1d1c57c35df56bbf0c9dcafca309c49,0xf44f1792108748b1136bc85287119f78d5f6d2ae,6,64189477664,0.0,4.975124378109453e+17,1740947970.0,0.0,0xf44f1792108748b1136bc85287119f78d5f6d2ae,0xccdf57c221eeaae8df44094d8164fc4080ff8f688c773af9104e5c362bf34a1c,0x7a250d5630b4cf539739df2c5dacb4c659f2488d,0xf44f1792108748b1136bc85287119f78d5f6d2ae,9,33189477664,0.0,2e+17,699828043.0,0.0,1,1.93,3,864,1746.0804357090722,701.9243351550471,33.7921173249397
WETH_USDC,20398462,1722090251,0x3fc91a3afd70395cd496c647d5a6cc9d4b2b7fad,0x85678efd92bb7248d9622f7518f51b5bbfb83c5a1f5bc3c3b198b1c7f9a8e26e,0x3fc91a3afd70395cd496c647d5a6cc9d4b2b7fad,0x06cd6245156c3608ae67d690c125e86a8bc6a88c,26,5492165501,0.0,1.0067334832555347e+17,332856621.0,0.0,0xa69babef1ca67a37ffaf7a485dfff3382056e78c,0x0195f391e926869f254c520e3899c3c4b0a14b03fbbb8924327f83b60bd97777,0xa69babef1ca67a37ffaf7a485dfff3382056e78c,0xa69babef1ca67a37ffaf7a485dfff3382056e78c,28,3432165501,0.0,3.3216232591990845e+18,10979838835.0,0.0,1,1.6,2,47636,333.71093238512833,11010.481058750078,2.730805670968632
WETH_USDC,20474354,1723005491,0x3fc91a3afd70395cd496c647d5a6cc9d4b2b7fad,0x32f67646bf486c97b72eb29b3ac0d057635b430ce19f3e1f7f6ed0b773c83193,0x3fc91a3afd70395cd496c647d5a6cc9d4b2b7fad,0x3fc91a3afd70395cd496c647d5a6cc9d4b2b7fad,39,1763891563,0.0,9.771247520668369e+17,2459066535.0,0.0,0x507888e987257a8dde6f8afa46375cefe2cbf504,0x4925e94120a03f2dbcb30fcadeff6a9f7583cf18f8b16fb5439fa49413bbaae7,0x507888e987257a8dde6f8afa46375cefe2cbf504,0x47541d068e1289297e1ef66277507116a26de860,40,1057735089,0.0,5139696800771503.0,12934019.0,0.0,1,1.67,1,47636,2466.327546867896,12.972934904656356,0.6678268576729084
WETH_USDC,20548612,1723900931,0xb9bb259a29b4cc318a1e4c909329a31b66080f4d,0x6836853e00ff8ac32a78d579c154113ef2f88293ec43b0692e4993012c82627f,0x7a250d5630b4cf539739df2c5dacb4c659f2488d,0xb9bb259a29b4cc318a1e4c909329a31b66080f4d,132,2209051224,0.0,2956534229174058.0,7684999.0,0.0,0xe37e799d5077682fa0a244d46e5649f71457bd09,0x5bbc44c1cbe56ec67d956759199b1823af4c0500f841258d94610facac076a48,0xe37e799d5077682fa0a244d46e5649f71457bd09,0x1111111254eeb25477b68fb85ed929f73a960582,133,1210051224,0.0,8271870407981063.0,21501281.0,0.0,1,1.83,1,29,7.7081147968045185,21.565969390728313,0.8638976808685754
WETH_USDC,20623338,1724802851,0x3fc91a3afd70395cd496c647d5a6cc9d4b2b7fad,0x9304e9edd3014f53f70629272ae278a8dd20f1d6193fb607fad2a6d33f321448,0x3fc91a3afd70395cd496c647d5a6cc9d4b2b7fad,0x2a6c340bcbb0a79d3deecd3bc5cbc2605ea9259f,36,1395831761,104543408.0,0.0,0.0,4.232484707985435e+16,0x507888e987257a8dde6f8afa46375cefe2cbf504,0x7808493e2de98caa1d30d679b5d31f7b6291febcbfc90adf8861bfd218e6c3a6,0x507888e987257a8dde6f8afa46375cefe2cbf504,0x507888e987257a8dde6f8afa46375cefe2cbf504,37,912966052,8507248.0,0.0,0.0,3444187004667401.0,0,1.53,1,47636,104.543408,8.507248,0.5156107304345432
WETH_USDC,20624019,1724811071,0x00000000009e50a7ddb7a7b0e2ee6604fd120e49,0x134eb7f2f625b7c8dd0f45baad6b394ed85e887d49c15ace407b15074afeb15e,0x00000000009e50a7ddb7a7b0e2ee6604fd120e49,0x00000000009e50a7ddb7a7b0e2ee6604fd120e49,6,9573828550,37308556.0,0.0,0.0,1.5227068367241216e+16,0x64545160d28fd0e309277c02d6d73b3923cc4bfa,0x31860230d43a127f38f2de0b69f38132f666c2ea48e9739595e90859cd511b7a,0x64545160d28fd0e309277c02d6d73b3923cc4bfa,0x64545160d28fd0e309277c02d6d73b3923cc4bfa,11,726659393,2563164.0,0.0,0.0,1046125667179178.0,0,13.18,5,174,37.308556,2.563164,3.508040716283043
WETH_USDC,20674873,1725424655,0x3fc91a3afd70395cd496c647d5a6cc9d4b2b7fad,0xc2d5dc4f6d0c920933a36ac44d71202dda8c4c6687562c9b1fe1c50ec28face6,0x3fc91a3afd70395cd496c647d5a6cc9d4b2b7fad,0x3fc91a3afd70395cd496c647d5a6cc9d4b2b7fad,20,1055635739,62200759.0,0.0,0.0,2.614755684385897e+16,0x507888e987257a8dde6f8afa46375cefe2cbf504,0x2efb6f70685009417f341b553ec205712a7d2482a07414425fbd2956f33209e6,0x507888e987257a8dde6f8afa46375cefe2cbf504,0x507888e987257a8dde6f8afa46375cefe2cbf504,21,569911938,3018623.0,0.0,0.0,1268947499433603.0,0,1.85,1,47636,62.200759,3.018623,0.37554826090167676
WETH_USDC,20700016,1725727667,0x3328f7f4a1d1c57c35df56bbf0c9dcafca309c49,0xa4af8667cfa3233a013146cfa63627af4d621d8d91789fc52dff8ab887a7c9a5,0x3328f7f4a1d1c57c35df56bbf0c9dcafca309c49,0x3328f7f4a1d1c57c35df56bbf0c9dcafca309c49,1,22748795806,0.0,4.975124378109453e+16,113640832.0,0.0,0x3a10dc1a145da500d5fba38b9ec49c8ff11a981f,0x4acde3b6f8b42a21bb86b33c616c32e5a4868a5c2bff69ada6c45d71b01c48fc,0x3a10dc1a145da500d5fba38b9ec49c8ff11a981f,0x3a10dc1a145da500d5fba38b9ec49c8ff11a981f,5,6748795806,0.0,9900000000000000.0,22613197.0,0.0,1,3.37,4,864,113.98193793215935,22.681265829120388,7.817749772246439
WETH_USDC,20700016,1725727667,0x3328f7f4a1d1c57c35df56bbf0c9dcafca309c49,0x46e894b9be6d56472473a755cebca516059e98fba806740fceb66afbc26c66dd,0x3328f7f4a1d1c57c35df56bbf0c9dcafca309c49,0x3328f7f4a1d1c57c35df56bbf0c9dcafca309c49,2,22748795806,0.0,4.975124378109453e+16,113640228.0,0.0,0x3a10dc1a145da500d5fba38b9ec49c8ff11a981f,0x4acde3b6f8b42a21bb86b33c616c32e5a4868a5c2bff69ada6c45d71b01c48fc,0x3a10dc1a145da500d5fba38b9ec49c8ff11a981f,0x3a10dc1a145da500d5fba38b9ec49c8ff11a981f,5,6748795806,0.0,9900000000000000.0,22613197.0,0.0,1,3.37,3,864,113.98193793215935,22.681265829120388,7.817749772246439
WETH_USDC,20873772,1727823407,0x80a64c6d7f12c47b7c66c5b4e20e72bc1fcd5d9e,0x8b13ff3418f18c87706c574c15c940412c42ddb771166526768c2e133d716d44,0x80a64c6d7f12c47b7c66c5b4e20e72bc1fcd5d9e,0x694573d66caf1bcde2ad8dc97083b79fa258f7eb,0,83928290800,0.0,8.595991007497211e+16,210068619.0,0.0,0x3328f7f4a1d1c57c35df56bbf0c9dcafca309c49,0xc1348873eeafa1d29283ebc01191aa3cf6148699bf48ba215ce49a1498067cc9,0x3328f7f4a1d1c57c35df56bbf0c9dcafca309c49,0x694573d66caf1bcde2ad8dc97083b79fa258f7eb,4,27928290800,0.0,9.664476739306696e+16,236177869.0,0.0,1,3.01,4,338,210.6963177609567,236.88596931783133,30.85749242659939
WETH_USDC,20873772,1727823407,0x80a64c6d7f12c47b7c66c5b4e20e72bc1fcd5d9e,0x8b13ff3418f18c87706c574c15c940412c42ddb771166526768c2e133d716d44,0x80a64c6d7f12c47b7c66c5b4e20e72bc1fcd5d9e,0x694573d66caf1bcde2ad8dc97083b79fa258f7eb,0,83928290800,0.0,8.595991007497211e+16,210068619.0,0.0,0x3328f7f4a1d1c57c35df56bbf0c9dcafca309c49,0xaa68516a5af5358a03c3fe4499cd0b08eda6cd909771a052f49f77b45a3ffc28,0x3328f7f4a1d1c57c35df56bbf0c9dcafca309c49,0x694573d66caf1bcde2ad8dc97083b79fa258f7eb,5,25928290800,0.0,4.975124378109453e+16,121579761.0,0.0,1,3.24,5,338,210.6963177609567,121.94526331590878,30.85749242659939
WETH_USDC,20873774,1727823443,0x694573d66caf1bcde2ad8dc97083b79fa258f7eb,0x90093a690d4ad9c6d29d965d18b61c1cdb660b1af3957448dbc9647f7278a037,0x7a250d5630b4cf539739df2c5dacb4c659f2488d,0x694573d66caf1bcde2ad8dc97083b79fa258f7eb,4,19510426886,0.0,1e+17,244375986.0,0.0,0x3328f7f4a1d1c57c35df56bbf0c9dcafca309c49,0xae16a64be504e801f1dda749e325ff256fd7cbfe2be96c936cb683f34f7ee8f1,0x3328f7f4a1d1c57c35df56bbf0c9dcafca309c49,0x694573d66caf1bcde2ad8dc97083b79fa258f7eb,6,11510426886,0.0,4.975124378109453e+16,121579087.0,0.0,1,1.7,2,1,245.10862044804531,121.94458728758474,7.173260727569868
WETH_USDC,21123658,1730836367,0x51c72848c68a965f66fa7a88855f9f7784502a7f,0xb56d57b284e870cc7e9aed60f9bca387a152bd699108ca823deed2a5a343804d,0x51c72848c68a965f66fa7a88855f9f7784502a7f,0x51c72848c68a965f66fa7a88855f9f7784502a7f,120,27499706583,0.0,7.517644060613999e+18,18189680094.0,0.0,0xa69babef1ca67a37ffaf7a485dfff3382056e78c,0x18a3451cdc406eff081a90ef41464f8a7954aac99245c55e4f1d757b4899bb47,0xa69babef1ca67a37ffaf7a485dfff3382056e78c,0xa69babef1ca67a37ffaf7a485dfff3382056e78c,125,11334503657,0.0,5.58262809849346e+18,13496685540.0,0.0,1,2.43,5,4064,18223.119487390068,13532.550633183151,9.999085515813446
WETH_USDC,21399393,1734162899,0x00000000009e50a7ddb7a7b0e2ee6604fd120e49,0x7eb1ab4318892b9925e2ab7d4be81dbb15af7960503e9294f599027478bcf1a1,0x00000000009e50a7ddb7a7b0e2ee6604fd120e49,0x00000000009e50a7ddb7a7b0e2ee6604fd120e49,3,18791843184,12722983965.0,0.0,0.0,3.2416201585647944e+18,0x3fc91a3afd70395cd496c647d5a6cc9d4b2b7fad,0xcc16428c0c54950e996ff0283af2b8449efb153ee05d115dfcb7343bc154694b,0x3fc91a3afd70395cd496c647d5a6cc9d4b2b7fad,0xca984e344ffb619fb7fdb59327f031bce95485b1,8,9669580809,100297069.0,0.0,0.0,2.554537747432436e+16,0,1.94,5,174,12722.983965,100.297069,11.03399841060823
WETH_USDC,21399591,1734165299,0xea8cf32e4ac03acab2babb9028bac5c853e0ce80,0x3d5bd335c086f3a98c485dde1c5f13587995ebbe5d498f641b8d58a0abf3ab71,0xea8cf32e4ac03acab2babb9028bac5c853e0ce80,0xea8cf32e4ac03acab2babb9028bac5c853e0ce80,189,18498407510,1069736086.0,0.0,0.0,2.726141370564608e+17,0x0500001fde3800757d9fc800003d10b8004a11ac,0x594e91449f3b1b89789bfcd8ab19db19ba65fe1627b55700464b7a998631b60c,0x0500001fde3800757d9fc800003d10b8004a11ac,0x0500001fde3800757d9fc800003d10b8004a11ac,194,8091171433,1091225984.0,0.0,0.0,2.7807410225558496e+17,0,2.29,5,7,1069.736086,1091.225984,10.856454195056294
WETH_USDC,21500431,1735382483,0x3fc91a3afd70395cd496c647d5a6cc9d4b2b7fad,0x8e2962699a41e746f71304e00c593c064fc45e402c1ef70499e88ab4a5561bf8,0x3fc91a3afd70395cd496c647d5a6cc9d4b2b7fad,0x3fc91a3afd70395cd496c647d5a6cc9d4b2b7fad,3,5600098237,0.0,8.613781861468142e+17,2871767333.0,0.0,0x7d0ccaa3fac1e5a943c5168b6ced828691b46b36,0x87493aed0830498e6f64d1d3cd2014044b8eca0b72c307b55614ddb0c9c220d7,0x7d0ccaa3fac1e5a943c5168b6ced828691b46b36,0xb309ade2997ef8a0c15ac032509dea3bb225ef81,6,3623240657,0.0,1.8104458538803946e+17,603498676.0,0.0,1,1.55,3,47636,2879.905699329511,605.298975150616,2.8084797866228906
WETH_USDC,21524073,1735667699,0x00000000009e50a7ddb7a7b0e2ee6604fd120e49,0x36ead5d6cc562408145202aa30c4fd59df3558f8e34ca90907ba4e229c79d816,0x00000000009e50a7ddb7a7b0e2ee6604fd120e49,0x00000000009e50a7ddb7a7b0e2ee6604fd120e49,6,23915939461,26932176128.0,0.0,0.0,8.055982402335408e+18,0xa69babef1ca67a37ffaf7a485dfff3382056e78c,0x625f68b40e8fca4ebf826b663aa0588bc71038b34c2d485a116949adf5bf15f2,0xa69babef1ca67a37ffaf7a485dfff3382056e78c,0xa69babef1ca67a37ffaf7a485dfff3382056e78c,7,11455892617,20079608555.0,0.0,0.0,5.994196207697432e+18,0,2.09,1,174,26932.176128,20079.608555,11.991419133195077
WETH_USDC,21599758,1736580599,0x3328f7f4a1d1c57c35df56bbf0c9dcafca309c49,0x5c5eacd463ed209373cfb49e193fb84935f9a888eeef2a947d496b61f7627651,0x3328f7f4a1d1c57c35df56bbf0c9dcafca309c49,0x3328f7f4a1d1c57c35df56bbf0c9dcafca309c49,1,11057321129,2132552313.0,0.0,0.0,6.558536378634534e+17,0x3fc91a3afd70395cd496c647d5a6cc9d4b2b7fad,0x76ad06ea70015ce67bc8c0ea619cf449dfa946c694c294d4c30702151cc5d6bc,0x3fc91a3afd70395cd496c647d5a6cc9d4b2b7fad,0x0da7096f14303eddd634c0241963c064e0244984,6,4057321129,48250073.0,0.0,0.0,1.4837611181552614e+16,0,2.73,5,864,2132.552313,48.250073,5.377386353072892
WETH_USDC,21623467,1736866619,0x80a64c6d7f12c47b7c66c5b4e20e72bc1fcd5d9e,0x74348a4978c70e012dd449f2ade53bd8dd1fac7fb8ca776829565cb8748818af,0x80a64c6d7f12c47b7c66c5b4e20e72bc1fcd5d9e,0x06cd6245156c3608ae67d690c125e86a8bc6a88c,2,80302665128,0.0,1e+18,3185124378.0,0.0,0x3fc91a3afd70395cd496c647d5a6cc9d4b2b7fad,0x99fa880482efca6f03764790c119addaef04adc5068e905f601bc397e6bed92a,0x3fc91a3afd70395cd496c647d5a6cc9d4b2b7fad,0x332caeff52a4f82097259e1ebf9ed737c925710c,6,40302665128,0.0,1e+18,3183787790.0,0.0,1,1.99,4,338,3190.2423973397244,3190.2423973397244,38.42774503660797
WETH_USDC,21623468,1736866631,0x3328f7f4a1d1c57c35df56bbf0c9dcafca309c49,0xfceb0139c2603e6feef37ca4a5e197d403de463b5439850aceb36cd612cf0b15,0x3328f7f4a1d1c57c35df56bbf0c9dcafca309c49,0x06cd6245156c3608ae67d690c125e86a8bc6a88c,0,179948531792,0.0,1.990049751243781e+18,6327936716.0,0.0,0x06cd6245156c3608ae67d690c125e86a8bc6a88c,0x20f46ad8c75c8efd9dd42d28b0c224ae56d8c6bf59a8c6d118b0c3ac15ffec54,0x7a250d5630b4cf539739df2c5dacb4c659f2488d,0x06cd6245156c3608ae67d690c125e86a8bc6a88c,1,99787933338,0.0,2e+18,6356030346.0,0.0,1,1.8,1,864,6341.1313132551295,6372.836969821405,86.0086992051855
WETH_USDC,21623488,1736866871,0x3328f7f4a1d1c57c35df56bbf0c9dcafca309c49,0x3d274fd1eebc123508d7cc931d8fe6c8b5a02746121b5cd05ca37c8b10b41916,0x3328f7f4a1d1c57c35df56bbf0c9dcafca309c49,0x3328f7f4a1d1c57c35df56bbf0c9dcafca309c49,1,24267756712,12812450977.0,0.0,0.0,4.007865750255954e+18,0x80a64c6d7f12c47b7c66c5b4e20e72bc1fcd5d9e,0x05b616ae3026e9d1cce2b11f92f63527c7498dd972e3e4760bac84ad2f04c6cc,0x80a64c6d7f12c47b7c66c5b4e20e72bc1fcd5d9e,0x80a64c6d7f12c47b7c66c5b4e20e72bc1fcd5d9e,2,15267756712,670907099.0,0.0,0.0,2.0974239511242186e+17,0,1.59,1,864,12812.450977,670.907099,11.609272512278778
WETH_USDC,21723290,1738070507,0x68d3a973e7272eb388022a5c6518d9b2a2e66fbf,0x5ab555654f42efe9dc0f5f0276c58c5fe8d8d6f138a0e3ac11375f614db1c926,0x68d3a973e7272eb388022a5c6518d9b2a2e66fbf,0x68d3a973e7272eb388022a5c6518d9b2a2e66fbf,12,7683063706,7306600896.0,0.0,0.0,2.2923455471184074e+18,0x7a250d5630b4cf539739df2c5dacb4c659f2488d,0x3296ce8b51b8449c5192b402e6a0634f0f9cb73d396bd44e62b8106a099e5a9c,0x7a250d5630b4cf539739df2c5dacb4c659f2488d,0x7a250d5630b4cf539739df2c5dacb4c659f2488d,17,3144435320,71532771.0,0.0,0.0,2.243518470267318e+16,0,2.44,5,572,7306.600896,71.532771,3.6635119227168844
WETH_USDC,21748998,1738380671,0x51c72848c68a965f66fa7a88855f9f7784502a7f,0x6086f41f5c440b36d060e753a7fe2d947b0de1dbcf7829ceffa2f86b86d57aa5,0x51c72848c68a965f66fa7a88855f9f7784502a7f,0x51c72848c68a965f66fa7a88855f9f7784502a7f,18,8199468410,0.0,2.9143260252792376e+18,9585120463.0,0.0,0x66a9893cc07d91d95644aedd05d03f95e1dba8af,0xe240ab4f4086aa8e7d119bf653bda7cd867a63ddb94867a2b3e1f30bab27a0f2,0x66a9893cc07d91d95644aedd05d03f95e1dba8af,0x31ba74d3bcaf1b7a176a6cfd6c19ec101957d1f5,19,3358297477,0.0,1.6215273019810464e+17,533113402.0,0.0,1,2.44,1,4064,9610.136306302635,534.7067644889149,4.055723778456073
WETH_USDC,21749915,1738391747,0x507888e987257a8dde6f8afa46375cefe2cbf504,0xebf0253dabe6caa7f86a528487f96c5daa25278c229b45d073bbb5c65a1e8691,0x507888e987257a8dde6f8afa46375cefe2cbf504,0xb13697a7bf40e5ee55126a28045265a049330a12,3,7012677094,0.0,4491007186289421.0,14759313.0,0.0,0x66a9893cc07d91d95644aedd05d03f95e1dba8af,0x8dc4b1fde7d9e545e461695609030c8a28d08d8b65db5fb690652b12c345b1ee,0x66a9893cc07d91d95644aedd05d03f95e1dba8af,0x66a9893cc07d91d95644aedd05d03f95e1dba8af,7,3541797328,0.0,7975919505160598.0,26212140.0,0.0,1,1.98,4,102,14.80368701868149,26.290987999542534,3.4673784484107912
WETH_USDC,21923321,1740486239,0x66a9893cc07d91d95644aedd05d03f95e1dba8af,0x9b51e60d79d75e92fdea7b3928639fefdcabc475995328bb36911f047519080f,0x66a9893cc07d91d95644aedd05d03f95e1dba8af,0x69c7bd26512f52bf6f76fab834140d13dda673ca,10,4157339431,200000000.0,0.0,0.0,8.178321629162069e+16,0xa69babef1ca67a37ffaf7a485dfff3382056e78c,0xffbc5bdf2616108251d81340835064579c3fcbda84ea5205b1947535d64de931,0xa69babef1ca67a37ffaf7a485dfff3382056e78c,0xa69babef1ca67a37ffaf7a485dfff3382056e78c,15,2157339431,6058036966.0,0.0,0.0,2.47644664332496e+18,0,1.93,5,14814,200.0,6058.036966,1.521366375215181
WETH_USDC,21923321,1740486239,0x00000000009e50a7ddb7a7b0e2ee6604fd120e49,0x425d2a580a2b649bddd83344ee07fde8f490bdadb8430ebb225b623d52a77b05,0x00000000009e50a7ddb7a7b0e2ee6604fd120e49,0x00000000009e50a7ddb7a7b0e2ee6604fd120e49,11,3713681729,101008548.0,0.0,0.0,4.130341070359757e+16,0xa69babef1ca67a37ffaf7a485dfff3382056e78c,0xffbc5bdf2616108251d81340835064579c3fcbda84ea5205b1947535d64de931,0xa69babef1ca67a37ffaf7a485dfff3382056e78c,0xa69babef1ca67a37ffaf7a485dfff3382056e78c,15,2157339431,6058036966.0,0.0,0.0,2.47644664332496e+18,0,1.72,4,174,101.008548,6058.036966,1.3590111186549336
WETH_USDC,21923830,1740492383,0x66a9893cc07d91d95644aedd05d03f95e1dba8af,0x4fb2e51d137a226d810193732b7fe4c06020b9564d393a9068e02ec68b512f0d,0x66a9893cc07d91d95644aedd05d03f95e1dba8af,0xa2107fa5b38d9bbd2c461d6edf11b11a50f6b974,38,3906838236,125000000.0,0.0,0.0,5.1623721458060264e+16,0xcde51b16717139891d40a872215d96a5ef38eee0,0x798697ef78d9c87f4c290c1ca1b695480b8adcf337552d3c8921817499bd1d4b,0xcde51b16717139891d40a872215d96a5ef38eee0,0xcde51b16717139891d40a872215d96a5ef38eee0,39,1906838236,159402698.0,0.0,0.0,6.583076295207244e+16,0,2.05,1,14814,125.0,159.402698,1.4147576047453123
WETH_USDC,21949400,1740800567,0x66a9893cc07d91d95644aedd05d03f95e1dba8af,0x322215f1c2d51ec52b544741973e7cecb21b1334579cfd99a94debdd729e6430,0x66a9893cc07d91d95644aedd05d03f95e1dba8af,0x66a9893cc07d91d95644aedd05d03f95e1dba8af,31,2753064601,0.0,1.0958134537015044e+16,24736858.0,0.0,0x68d3a973e7272eb388022a5c6518d9b2a2e66fbf,0x1d0996b0f0f809c0b87397c40fb548a9a0727a293243ef09bf530fce5f1ccf32,0x68d3a973e7272eb388022a5c6518d9b2a2e66fbf,0x68d3a973e7272eb388022a5c6518d9b2a2e66fbf,34,753064601,0.0,7.315767287510198e+17,1655934680.0,0.0,1,3.66,3,14814,24.874850089564223,1660.671476082501,0.937414151178352
WETH_USDC,21949561,1740802499,0x66a9893cc07d91d95644aedd05d03f95e1dba8af,0xe788227a147d007fa7271dbf0b800386ee3e91c821529aab41ea349c0a45687e,0x66a9893cc07d91d95644aedd05d03f95e1dba8af,0x291c69fdaebd3cbe953843da243f8605a766a268,2,2742333525,80707399.0,0.0,0.0,3.5432890123672776e+16,0x00c600b30fb0400701010f4b080409018b9006e0,0x1480a127190bf5a7fcef29b20a06fcc28dc4108eb1e1e66e5037882e66a6609d,0x00c600b30fb0400701010f4b080409018b9006e0,0x6a000f20005980200259b80c5102003040001068,4,1242333525,1698519981.0,0.0,0.0,7.455816308066234e+17,0,2.21,2,14814,80.707399,1698.519981,0.9344324463524898
WETH_USDC,21973642,1741092695,0xdef1c0ded9bec7f1a1670819833240f027b25eff,0x41b3d927ef118e639413f3f881d41b0f2ddb85de47e58ac6b497eef421c2658b,0xdef1c0ded9bec7f1a1670819833240f027b25eff,0x6ec94f50cadcc79984463688de42a0ca696ec2db,14,3248092311,0.0,4.95625e+16,103909584.0,0.0,0x3fc91a3afd70395cd496c647d5a6cc9d4b2b7fad,0xa905b49afa8cdb2a7210495b833795461e30b47ca454dd9b2eea8d9539dc2a22,0x3fc91a3afd70395cd496c647d5a6cc9d4b2b7fad,0x3fc91a3afd70395cd496c647d5a6cc9d4b2b7fad,18,2020626309,0.0,3.1579267443290045e+18,6616500000.0,0.0,1,1.61,4,16330,104.08878484143273,6632.126253426842,1.0232231476563662
WETH_USDC,22125057,1742919479,0x85cd07ea01423b1e937929b44e4ad8c40bbb5e71,0x10d3d861d6f0d4ce3988569649d79f5904fd2c57135dcbd83bac80e81a3bbb89,0x85cd07ea01423b1e937929b44e4ad8c40bbb5e71,0x0e26a21013f2f8c0362cfae608b4e69a249d5efc,35,1023105934,15000001.0,0.0,0.0,7220600624546919.0,0x507888e987257a8dde6f8afa46375cefe2cbf504,0x6a286a9b61bcec582df3006adc51c96d6ce019b1baf9211c482dfc0d59a14ccc,0x507888e987257a8dde6f8afa46375cefe2cbf504,0x507888e987257a8dde6f8afa46375cefe2cbf504,36,623105934,5022150.0,0.0,0.0,2417524353761489.0,0,1.64,1,470,15.000001,5.02215,0.31785281252909114
WETH_USDC,22223287,1744104503,0x66a9893cc07d91d95644aedd05d03f95e1dba8af,0xb9028a15a6eb271b784edea6b40b33e4f030d6203f5d7d7a10aee13ac73eaacd,0x66a9893cc07d91d95644aedd05d03f95e1dba8af,0x66a9893cc07d91d95644aedd05d03f95e1dba8af,19,2474670043,1595697013.0,0.0,0.0,1.0203935527503654e+18,0xbb12237fed66a7466d9f2d05376c11f87ec794e1,0xec3cce9b9c2bdf2282496d769980cfdd283dab35333deacb54dedf967618730a,0xbb12237fed66a7466d9f2d05376c11f87ec794e1,0xbb12237fed66a7466d9f2d05376c11f87ec794e1,23,496717479,1898574177.0,0.0,0.0,1.2135935620913316e+18,0,4.98,4,14814,1595.697013,1898.574177,0.57943219691055
WETH_USDC,22224640,1744120775,0x66a9893cc07d91d95644aedd05d03f95e1dba8af,0x462b9c0a8f5bcc557eb382449e55b9a64520fe7df65f4a8b46500ae3c94b9fd2,0x66a9893cc07d91d95644aedd05d03f95e1dba8af,0x66a9893cc07d91d95644aedd05d03f95e1dba8af,29,3189684301,487227782.0,0.0,0.0,3.102507047015407e+17,0xa090fc409a9f25bf8e28257d42ef6904590c8984,0xd3d9893a3e2dd95b60f3425bb1a143d1e99c347039f51ef676616a787ebea76c,0xa090fc409a9f25bf8e28257d42ef6904590c8984,0xa090fc409a9f25bf8e28257d42ef6904590c8984,30,1189684301,9154910.0,0.0,0.0,5829220052901657.0,0,2.68,1,14814,487.227782,9.15491,0.7491673890135765
WETH_USDC,22224640,1744120775,0x66a9893cc07d91d95644aedd05d03f95e1dba8af,0x462b9c0a8f5bcc557eb382449e55b9a64520fe7df65f4a8b46500ae3c94b9fd2,0x66a9893cc07d91d95644aedd05d03f95e1dba8af,0x66a9893cc07d91d95644aedd05d03f95e1dba8af,29,3189684301,487227782.0,0.0,0.0,3.102507047015407e+17,0xa090fc409a9f25bf8e28257d42ef6904590c8984,0xb55782abc4a1d0885b6fd0e431fba11e781226d88e9b1a9e34889970612f52d0,0xa090fc409a9f25bf8e28257d42ef6904590c8984,0xa090fc409a9f25bf8e28257d42ef6904590c8984,31,1189684301,6814403.0,0.0,0.0,4338937577867948.0,0,2.68,2,14814,487.227782,6.814403,0.7491673890135765
WETH_USDC,22248355,1744406495,0xfbd4cdb413e45a52e2c8312f670e9ce67e794c37,0xc86d91807eca4533e44f20d302a1f8fe4a56a831c76477e21e23f935e3b019eb,0xfbd4cdb413e45a52e2c8312f670e9ce67e794c37,0xfbd4cdb413e45a52e2c8312f670e9ce67e794c37,0,242089431997,969679728.0,0.0,0.0,6.124500241447996e+17,0x66a9893cc07d91d95644aedd05d03f95e1dba8af,0x90de1c1560f1b35bab8f1b095ae55dd663f8888e84b415397d1db0dbe4eef579,0x66a9893cc07d91d95644aedd05d03f95e1dba8af,0x5ced44f03ff443bbe14d8ea23bc24425fb89e3ed,2,2390208993,703287976.0,0.0,0.0,4.441136666843934e+17,0,101.28,2,3127,969.679728,703.287976,57.33707862356078
WETH_USDC,22250014,1744426439,0x66a9893cc07d91d95644aedd05d03f95e1dba8af,0x0af388a6e76649f2f244449968a806e93b51a671cf1034f0e622b1e977b94586,0x66a9893cc07d91d95644aedd05d03f95e1dba8af,0x66a9893cc07d91d95644aedd05d03f95e1dba8af,35,2410417085,43064420.0,0.0,0.0,2.767394297514632e+16,0x85cd07ea01423b1e937929b44e4ad8c40bbb5e71,0x5865764b0fa43d86d9d01b12c242cb15366bdf71bf1ceca87a48a0fa472c6563,0x85cd07ea01423b1e937929b44e4ad8c40bbb5e71,0xc17c375442e46ce2f3d85b4c0569777208a3e395,39,910417085,4620360.0,0.0,0.0,2969107432879483.0,0,2.65,4,14814,43.06442,4.62036,0.5609559314213076
WETH_USDC,22301019,1745041211,0x81463b0f960f247f704377661ec81c1fd65b5128,0xd5b921d51105e80e412fb8b75f17ced35fc8c9d702e5089ea14a5870aa0852c9,0x81463b0f960f247f704377661ec81c1fd65b5128,0xa8d08dc16ba94bbdeddfee3fd4b98f79b0703dc9,1,6016397554,0.0,1.589999985355653e+17,255229471.0,0.0,0xa69babef1ca67a37ffaf7a485dfff3382056e78c,0xf90a6ad3cf8a98556e4bd2d7ba0161a66ee75effeb31541ec8fa516eb07e05e9,0xa69babef1ca67a37ffaf7a485dfff3382056e78c,0xa69babef1ca67a37ffaf7a485dfff3382056e78c,2,312002910,0.0,1.3791852087808876e+18,2211412181.0,0.0,1,19.28,1,20,255.56277680642356,2216.7824209605265,1.4505351692764543
WETH_USDC,22301019,1745041211,0x81463b0f960f247f704377661ec81c1fd65b5128,0xd5b921d51105e80e412fb8b75f17ced35fc8c9d702e5089ea14a5870aa0852c9,0x81463b0f960f247f704377661ec81c1fd65b5128,0xe0554a476a092703abdb3ef35c80e0d76d32939f,1,6016397554,0.0,1.806999999645483e+18,2899634445.0,0.0,0xa69babef1ca67a37ffaf7a485dfff3382056e78c,0xf90a6ad3cf8a98556e4bd2d7ba0161a66ee75effeb31541ec8fa516eb07e05e9,0xa69babef1ca67a37ffaf7a485dfff3382056e78c,0xa69babef1ca67a37ffaf7a485dfff3382056e78c,2,312002910,0.0,1.3791852087808876e+18,2211412181.0,0.0,1,19.28,1,20,2904.4147286285015,2216.7824209605265,1.4505351692764543
WETH_USDC,22301019,1745041211,0x81463b0f960f247f704377661ec81c1fd65b5128,0xd5b921d51105e80e412fb8b75f17ced35fc8c9d702e5089ea14a5870aa0852c9,0x81463b0f960f247f704377661ec81c1fd65b5128,0x81463b0f960f247f704377661ec81c1fd65b5128,1,6016397554,0.0,6.399999959692739e+17,1026549170.0,0.0,0xa69babef1ca67a37ffaf7a485dfff3382056e78c,0xf90a6ad3cf8a98556e4bd2d7ba0161a66ee75effeb31541ec8fa516eb07e05e9,0xa69babef1ca67a37ffaf7a485dfff3382056e78c,0xa69babef1ca67a37ffaf7a485dfff3382056e78c,2,312002910,0.0,1.3791852087808876e+18,2211412181.0,0.0,1,19.28,1,20,1028.6803624681932,2216.7824209605265,1.4505351692764543
WETH_USDC,22324179,1745320499,0x66a9893cc07d91d95644aedd05d03f95e1dba8af,0xb8bc904c23edb8e653ed6ab4beaaa97168927ae839432b4f82966c4de94a7de4,0x66a9893cc07d91d95644aedd05d03f95e1dba8af,0x66a9893cc07d91d95644aedd05d03f95e1dba8af,47,2323560361,0.0,6.532055450363223e+16,105781439.0,0.0,0x24902aa0cf0000a08c0ea0b003b0c0bf600000e0,0x680dc7c31770c685bb93c5c5c0546f826dedc4081a1a9f53cbb581bc54c00b0f,0x24902aa0cf0000a08c0ea0b003b0c0bf600000e0,0x24902aa0cf0000a08c0ea0b003b0c0bf600000e0,48,406980729,0.0,1.4000000000000002e+16,22671568.0,0.0,1,5.71,1,14814,106.09799469467754,22.739732340191473,0.5661122216294857
WETH_USDC,22348705,1745616287,0xfbd4cdb413e45a52e2c8312f670e9ce67e794c37,0xb329458735339d8a90363c19b4673f4659b447872fd31da37b1a2697a1507b14,0xfbd4cdb413e45a52e2c8312f670e9ce67e794c37,0xfbd4cdb413e45a52e2c8312f670e9ce67e794c37,0,9736060546,0.0,8.298335978625908e+17,1491855741.0,0.0,0x66a9893cc07d91d95644aedd05d03f95e1dba8af,0x03232033f5f72d27b5f1a93a0cc8cc687ddf6d5f72f0c8024da8406a09c9dadb,0x66a9893cc07d91d95644aedd05d03f95e1dba8af,0x66a9893cc07d91d95644aedd05d03f95e1dba8af,4,2433050465,0.0,2.2795343127624643e+17,409729185.0,0.0,1,4.0,4,3127,1495.9885989124655,410.9447184960911,2.632763173120386
WETH_USDC,22348946,1745619179,0x3fc91a3afd70395cd496c647d5a6cc9d4b2b7fad,0x5b1a91a52c519cf17fc280941eb7e3adeb12f585a157510f15bb502910d15064,0x3fc91a3afd70395cd496c647d5a6cc9d4b2b7fad,0x3fc91a3afd70395cd496c647d5a6cc9d4b2b7fad,2,2462193621,0.0,1.4714527808132042e+18,2633008270.0,0.0,0xdef1c0ded9bec7f1a1670819833240f027b25eff,0xee9cc53441dfd0c218b41db316801e3f3524becbae7f68a4a747dbe4cf02abf6,0xdef1c0ded9bec7f1a1670819833240f027b25eff,0x9008d19f58aabd9ed0d60971565aa8510560ab41,3,1512292860,0.0,1.3832201189139502e+16,24744459.0,0.0,1,1.63,1,47636,2640.199452827071,24.818852828411714,0.6626800060134322
WETH_USDC,22399255,1746226919,0x85cd07ea01423b1e937929b44e4ad8c40bbb5e71,0xdbedb91e121a34a3af3c3291c644b2d62d7e06e0f7eb16a91e4ffe8860adaa84,0x85cd07ea01423b1e937929b44e4ad8c40bbb5e71,0x85cd07ea01423b1e937929b44e4ad8c40bbb5e71,2,4000000000,17500898.0,0.0,0.0,9521612398672680.0,0x6140b987d6b51fd75b66c3b07733beb5167c42fc,0x083120626daf4f766e697140fdd5e78fe9994a0df8caaf8b8b94014ea55c2586,0x6140b987d6b51fd75b66c3b07733beb5167c42fc,0x6140b987d6b51fd75b66c3b07733beb5167c42fc,6,852572336,9785444.0,0.0,0.0,5323895145673327.0,0,4.69,4,470,17.500898,9.785444,1.0995067112605055
WETH_USDC,22399432,1746229055,0x66a9893cc07d91d95644aedd05d03f95e1dba8af,0x54c103c16a3b024a7bf9091e689f38acddeceb2350245b6f42a7aa34f9f44295,0x66a9893cc07d91d95644aedd05d03f95e1dba8af,0x66a9893cc07d91d95644aedd05d03f95e1dba8af,27,2418574993,612012971.0,0.0,0.0,3.310312518628638e+17,0xa090fc409a9f25bf8e28257d42ef6904590c8984,0x087abfca2ef610f8ee23275b15022a148418e49c5e311dede6af350c59a53fe4,0xa090fc409a9f25bf8e28257d42ef6904590c8984,0xa090fc409a9f25bf8e28257d42ef6904590c8984,31,418574993,972540.0,0.0,0.0,526003666394645.0,0,5.78,4,14814,612.012971,0.97254,0.6687514239900779
WETH_USDC,22423312,1746518147,0x156acd2bc5fc336d59baae602a2bd9b5e20d6672,0xda2442689b4a839c19531145f1dd663a7502816eeb383ea101bd2c5334bd0f5d,0x156acd2bc5fc336d59baae602a2bd9b5e20d6672,0x156acd2bc5fc336d59baae602a2bd9b5e20d6672,75,1036308848,11514211.0,0.0,0.0,6378212666681857.0,0x111111125421ca6dc452d289314280a0f8842a65,0x4c2610318fa679698abe1c0bb071a06bbb40eaaabe26e880e75f172fde905efc,0x111111125421ca6dc452d289314280a0f8842a65,0x111111125421ca6dc452d289314280a0f8842a65,77,619571317,14531105.0,0.0,0.0,8049376857582867.0,0,1.67,2,120,11.514211,14.531105,0.2797774257929242
WETH_USDC,22423769,1746523667,0x5418226af9c8d5d287a78fbbbcd337b86ec07d61,0x96756d48f423d5f206b37b9276b0805e37243da5743105e92c14cd6ba488a9ba,0x5418226af9c8d5d287a78fbbbcd337b86ec07d61,0x5418226af9c8d5d287a78fbbbcd337b86ec07d61,73,1494431951,0.0,2.5817999e+17,463762986.0,0.0,0x66a9893cc07d91d95644aedd05d03f95e1dba8af,0x0fb0ae8086030bf6a7e81475a11b4d85a7cae5e62d10c4a8f2a5fa0b049972ce,0x66a9893cc07d91d95644aedd05d03f95e1dba8af,0x66a9893cc07d91d95644aedd05d03f95e1dba8af,76,994431951,0.0,2.0206258396968182e+18,3628037781.0,0.0,1,1.5,3,212,464.7790348022646,3637.557377978063,0.40354442636904886
WETH_USDC,22425037,1746539015,0x66a9893cc07d91d95644aedd05d03f95e1dba8af,0x7f739d3e503ecd9846ebd0dbeda4a4a5645c4823253fe470d9c7a21de7ca9f1e,0x66a9893cc07d91d95644aedd05d03f95e1dba8af,0x9b909d64866c677903af0481b0ec9b472078db34,16,3890457712,627300539.0,0.0,0.0,3.5454709664906714e+17,0x1111111254eeb25477b68fb85ed929f73a960582,0xd06b5e200fd18c1a18f39652c2d4fbd2bd4b8d66e6413eb4a5d5c8a3af78edb3,0x1111111254eeb25477b68fb85ed929f73a960582,0x1111111254eeb25477b68fb85ed929f73a960582,17,2525535480,8419354.0,0.0,0.0,4758253625334600.0,0,1.54,1,14814,627.300539,8.419354,1.0295056494303312
WETH_USDC,22448499,1746825419,0x51c72848c68a965f66fa7a88855f9f7784502a7f,0x066da412894022c4f6e12940d58ff4177f5bc68f483beca7ec346c2166abe640,0x51c72848c68a965f66fa7a88855f9f7784502a7f,0x51c72848c68a965f66fa7a88855f9f7784502a7f,73,6329985774,0.0,1.9359496298921439e+18,4512184270.0,0.0,0x1111111254eeb25477b68fb85ed929f73a960582,0x25817c09f35cfd3fa9095fe69d7ab9093a9f75ea64cf0d5ee4e20fc57117181d,0x1111111254eeb25477b68fb85ed929f73a960582,0x74de5d4fcbf63e00296fd95d33236b9794016631,77,3152380968,0.0,9912500000000000.0,23093855.0,0.0,1,2.01,4,4064,4523.881419673514,23.163296131321353,2.218764211705625
WETH_USDC,22448742,1746828383,0x66a9893cc07d91d95644aedd05d03f95e1dba8af,0xa07a86223023f1006e5c74d243c933958732ee1a9f95bda9cdc7e143fe8cf1ee,0x66a9893cc07d91d95644aedd05d03f95e1dba8af,0x91e4b0805454512321e0f1684b0723f837e4d4cf,31,6118662541,60000000.0,0.0,0.0,2.5698619247096176e+16,0x1111111254eeb25477b68fb85ed929f73a960582,0x6f004e7127245e27288172bf69348a984c03b8f80ab6a7a5f275eb9e2681f75a,0x1111111254eeb25477b68fb85ed929f73a960582,0x1111111254eeb25477b68fb85ed929f73a960582,33,1728577389,21002149.0,0.0,0.0,8995370066921145.0,0,3.54,2,14814,60.0,21.002149,2.1364289780283987
WETH_USDC,22473948,1747134995,0x66a9893cc07d91d95644aedd05d03f95e1dba8af,0xbc8ada1898c7645b1e0c6ee89748f21a886adf5e1be804835f4e8435a2baa64a,0x66a9893cc07d91d95644aedd05d03f95e1dba8af,0x66a9893cc07d91d95644aedd05d03f95e1dba8af,24,3382635913,327542670.0,0.0,0.0,1.316853222716501e+17,0xa090fc409a9f25bf8e28257d42ef6904590c8984,0x70572cecb45c5728fc3247d4ce67553be8de9f1e6e33071a0fed6d34ef9e0334,0xa090fc409a9f25bf8e28257d42ef6904590c8984,0xa090fc409a9f25bf8e28257d42ef6904590c8984,25,1382635913,32961661.0,0.0,0.0,1.325173426449558e+16,0,2.45,1,14814,327.54267,32.961661,1.2582837222412857
WETH_USDC,22499101,1747440635,0xfbd4cdb413e45a52e2c8312f670e9ce67e794c37,0xf0d3e927cad4e367c07fe72536a086ae2b67b04fd755bbf61f6135f06bd2a04b,0xfbd4cdb413e45a52e2c8312f670e9ce67e794c37,0xfbd4cdb413e45a52e2c8312f670e9ce67e794c37,0,14516130429,0.0,2.7384573451053404e+18,6900275381.0,0.0,0x3fc91a3afd70395cd496c647d5a6cc9d4b2b7fad,0xbe91c40af4f2d7b550bcea9cc273311073fe06e17203677439efa720839645d1,0x3fc91a3afd70395cd496c647d5a6cc9d4b2b7fad,0x163c5e051049e92915017fe7bb9b8ce6182bcbb1,4,2492086013,0.0,9.186013851706686e+16,231404905.0,0.0,1,5.82,4,3127,6918.7167339030675,232.08478257755607,5.501253909805475
WETH_USDC,22499101,1747440635,0xfbd4cdb413e45a52e2c8312f670e9ce67e794c37,0xf0d3e927cad4e367c07fe72536a086ae2b67b04fd755bbf61f6135f06bd2a04b,0xfbd4cdb413e45a52e2c8312f670e9ce67e794c37,0xfbd4cdb413e45a52e2c8312f670e9ce67e794c37,0,14516130429,0.0,2.7384573451053404e+18,6900275381.0,0.0,0x3fc91a3afd70395cd496c647d5a6cc9d4b2b7fad,0xbe91c40af4f2d7b550bcea9cc273311073fe06e17203677439efa720839645d1,0x3fc91a3afd70395cd496c647d5a6cc9d4b2b7fad,0x163c5e051049e92915017fe7bb9b8ce6182bcbb1,4,2492086013,0.0,8.245898185665483e+16,207719066.0,0.0,1,5.82,4,3127,6918.7167339030675,208.33274567959407,5.501253909805475
WETH_USDC,22499101,1747440635,0xfbd4cdb413e45a52e2c8312f670e9ce67e794c37,0xf0d3e927cad4e367c07fe72536a086ae2b67b04fd755bbf61f6135f06bd2a04b,0xfbd4cdb413e45a52e2c8312f670e9ce67e794c37,0xfbd4cdb413e45a52e2c8312f670e9ce67e794c37,0,14516130429,0.0,2.7384573451053404e+18,6900275381.0,0.0,0x3fc91a3afd70395cd496c647d5a6cc9d4b2b7fad,0xbe91c40af4f2d7b550bcea9cc273311073fe06e17203677439efa720839645d1,0x3fc91a3afd70395cd496c647d5a6cc9d4b2b7fad,0x163c5e051049e92915017fe7bb9b8ce6182bcbb1,4,2492086013,0.0,7.559716412849778e+16,190430929.0,0.0,1,5.82,4,3127,6918.7167339030675,190.99635253633454,5.501253909805475
WETH_USDC,22499101,1747440635,0xfbd4cdb413e45a52e2c8312f670e9ce67e794c37,0xf0d3e927cad4e367c07fe72536a086ae2b67b04fd755bbf61f6135f06bd2a04b,0xfbd4cdb413e45a52e2c8312f670e9ce67e794c37,0xfbd4cdb413e45a52e2c8312f670e9ce67e794c37,0,14516130429,0.0,2.7384573451053404e+18,6900275381.0,0.0,0x3fc91a3afd70395cd496c647d5a6cc9d4b2b7fad,0xbe91c40af4f2d7b550bcea9cc273311073fe06e17203677439efa720839645d1,0x3fc91a3afd70395cd496c647d5a6cc9d4b2b7fad,0x163c5e051049e92915017fe7bb9b8ce6182bcbb1,4,2492086013,0.0,6.27610163751465e+16,158094345.0,0.0,1,5.82,4,3127,6918.7167339030675,158.56580530918848,5.501253909805475
WETH_USDC,22499101,1747440635,0xfbd4cdb413e45a52e2c8312f670e9ce67e794c37,0xf0d3e927cad4e367c07fe72536a086ae2b67b04fd755bbf61f6135f06bd2a04b,0xfbd4cdb413e45a52e2c8312f670e9ce67e794c37,0xfbd4cdb413e45a52e2c8312f670e9ce67e794c37,0,14516130429,0.0,2.7384573451053404e+18,6900275381.0,0.0,0x3fc91a3afd70395cd496c647d5a6cc9d4b2b7fad,0xbe91c40af4f2d7b550bcea9cc273311073fe06e17203677439efa720839645d1,0x3fc91a3afd70395cd496c647d5a6cc9d4b2b7fad,0x163c5e051049e92915017fe7bb9b8ce6182bcbb1,4,2492086013,0.0,6.034404991577576e+16,152004284.0,0.0,1,5.82,4,3127,6918.7167339030675,152.4593357972131,5.501253909805475
WETH_USDC,22499101,1747440635,0xfbd4cdb413e45a52e2c8312f670e9ce67e794c37,0xf0d3e927cad4e367c07fe72536a086ae2b67b04fd755bbf61f6135f06bd2a04b,0xfbd4cdb413e45a52e2c8312f670e9ce67e794c37,0xfbd4cdb413e45a52e2c8312f670e9ce67e794c37,0,14516130429,0.0,2.7384573451053404e+18,6900275381.0,0.0,0x3fc91a3afd70395cd496c647d5a6cc9d4b2b7fad,0xbe91c40af4f2d7b550bcea9cc273311073fe06e17203677439efa720839645d1,0x3fc91a3afd70395cd496c647d5a6cc9d4b2b7fad,0x163c5e051049e92915017fe7bb9b8ce6182bcbb1,4,2492086013,0.0,5.215096738953526e+16,131364852.0,0.0,1,5.82,4,3127,6918.7167339030675,131.759500074788,5.501253909805475
WETH_USDC,22523630,1747738055,0x66a9893cc07d91d95644aedd05d03f95e1dba8af,0x392be48bc90be4a4f81b3fcef8d2dc5109d1ef48a79d5606447271cb83ce8a53,0x66a9893cc07d91d95644aedd05d03f95e1dba8af,0x9cf1190d71f7c5fcaf2033ffa4b017b1b0591efd,96,3611821471,3845939750.0,0.0,0.0,1.5233254533738158e+18,0x111111125421ca6dc452d289314280a0f8842a65,0x031c35e7fa3d03e5e89bab9eaeac09130bcef1e3a6da76f307ac406215b4fbc3,0x111111125421ca6dc452d289314280a0f8842a65,0x99fe00026247953e792a7f02ada40714e8d20733,97,1700821471,166200438.0,0.0,0.0,6.582002287985043e+16,0,2.12,1,14814,3845.93975,166.200438,1.3639218723061037
WETH_USDC,22598641,1748645411,0x1111111254eeb25477b68fb85ed929f73a960582,0x9566c848a0e0ac7c8eaf2efc85db58684895f19df7fc758b5e4b48affd9c2940,0x1111111254eeb25477b68fb85ed929f73a960582,0xa7ca2c8673bcfa5a26d8ceec2887f2cc2b0db22a,126,2702980895,692365784.0,0.0,0.0,2.7261406753861027e+17,0x66a9893cc07d91d95644aedd05d03f95e1dba8af,0xf06e7a466b66431b38b85e866ff225e4e881bb767b2039504b197c26979e8176,0x66a9893cc07d91d95644aedd05d03f95e1dba8af,0x055fb841cce69000fbaff2691ad39fa6e23826a1,127,1781980895,200000000.0,0.0,0.0,7.87441784185303e+16,0,1.52,1,14967,692.365784,200.0,1.026706617900324
WETH_USDC,22648813,1749252299,0x3fc91a3afd70395cd496c647d5a6cc9d4b2b7fad,0x555e346750c6ceecc2ba65ab69a99d0d065d3e558c03049a97a3b55f4b6e455e,0x3fc91a3afd70395cd496c647d5a6cc9d4b2b7fad,0x8d547a3e42828093e31a8c3f2a864036984b64ee,8,4575034238,93345764.0,0.0,0.0,3.750976136939836e+16,0x111111125421ca6dc452d289314280a0f8842a65,0x3ced7172f0a42ae426a9b3571fd62655aa637d484d5d54e83a6d296f4d0ab376,0x111111125421ca6dc452d289314280a0f8842a65,0x52c77b0cb827afbad022e6d6caf2c44452edbc39,12,2513185896,47336945.0,0.0,0.0,1.9021557184341604e+16,0,1.82,4,47636,93.345764,47.336945,1.7026924891045636
WETH_USDC,22699173,1749860399,0x1111111254eeb25477b68fb85ed929f73a960582,0xdd668943c056f91e56a2e3dd7697ee65cc97205bb4c4fd501874581bce55fc24,0x1111111254eeb25477b68fb85ed929f73a960582,0x74de5d4fcbf63e00296fd95d33236b9794016631,38,1768496039,0.0,3012081443389759.0,7733151.0,0.0,0xa69babef1ca67a37ffaf7a485dfff3382056e78c,0x8ed65bf6504c717b15213833595d402d9cf3aee260d6b82b5bb987e533f65856,0xa69babef1ca67a37ffaf7a485dfff3382056e78c,0xa69babef1ca67a37ffaf7a485dfff3382056e78c,39,768496035,0.0,7.818724532613892e+17,2007112066.0,0.0,1,2.3,1,14967,7.754489726837071,2012.9010521339326,0.6829389223425627
WETH_USDC,22723686,1750156787,0x66a9893cc07d91d95644aedd05d03f95e1dba8af,0xbe3485df0ee08fad1f6c164b6216542d1e47dd57c602439ba019fc33ddaef4a4,0x66a9893cc07d91d95644aedd05d03f95e1dba8af,0x66a9893cc07d91d95644aedd05d03f95e1dba8af,80,3141176649,0.0,1.0878495131621552e+16,27748804.0,0.0,0x55877bd7f2ee37bde55ca4b271a3631f3a7ef121,0x27fb3a140d2714c9f093ff1fdec65cd7f74f62bd1d29e14e36e04c813c59fbd8,0x55877bd7f2ee37bde55ca4b271a3631f3a7ef121,0x55877bd7f2ee37bde55ca4b271a3631f3a7ef121,82,1640158462,0.0,1.0933056e+17,278874477.0,0.0,1,1.92,2,14814,27.83128985484015,279.70877116147864,1.2054470321375672
WETH_USDC,22748789,1750460039,0x3a10dc1a145da500d5fba38b9ec49c8ff11a981f,0xbeca0bedd008ce0a75f3bd5895a6611bc0acdfd064e1b8564ea61386ed3f4712,0x3a10dc1a145da500d5fba38b9ec49c8ff11a981f,0x3a10dc1a145da500d5fba38b9ec49c8ff11a981f,88,5399582297,0.0,4950000000000000.0,11789980.0,0.0,0x80a64c6d7f12c47b7c66c5b4e20e72bc1fcd5d9e,0xfdc3b4f67520c7acfbb448d399bde389c54cd4a3852eceb184fb4bf9541389ef,0x80a64c6d7f12c47b7c66c5b4e20e72bc1fcd5d9e,0x92778656ba54cba54032520849685cdd3494b382,90,3399582297,0.0,6e+16,142907432.0,0.0,1,1.59,2,255,11.82523062416237,143.33612877772566,1.9348880586717996
WETH_USDC,22748887,1750461227,0x3328f7f4a1d1c57c35df56bbf0c9dcafca309c49,0x6a7e8396a42f56c40ddc019eed376e117d30daedcecdb8a0f62422f9b7d89344,0x3328f7f4a1d1c57c35df56bbf0c9dcafca309c49,0x92778656ba54cba54032520849685cdd3494b382,43,10299739510,0.0,1.492537313432836e+17,355840159.0,0.0,0x66a9893cc07d91d95644aedd05d03f95e1dba8af,0x3cfdb004d429c95529e1f076313ae72bd8eed1cefbb2c96e9ccf21537b96e166,0x66a9893cc07d91d95644aedd05d03f95e1dba8af,0x66a9893cc07d91d95644aedd05d03f95e1dba8af,48,2299739510,0.0,4.2906828956901446e+17,1022863813.0,0.0,1,4.48,5,864,356.8559205088507,1025.8742482165685,3.6939006389616407
WETH_USDC,22749254,1750465667,0x6088d94c5a40cecd3ae2d4e0710ca687b91c61d0,0x4092da10872387d225bbae2f296028a93202a6d2111429095fd1ebcca6e4593f,0x6088d94c5a40cecd3ae2d4e0710ca687b91c61d0,0x6088d94c5a40cecd3ae2d4e0710ca687b91c61d0,21,829328761,14889894.0,0.0,0.0,6183843725988785.0,0x1111111254eeb25477b68fb85ed929f73a960582,0x6e815cd7ebbfab5cdd55797d5bf63c46fc548f69d8e55ab38c3bdd57e27fd5f7,0x1111111254eeb25477b68fb85ed929f73a960582,0x05b0c1d8839ef3a989b33b6b63d3aa96cb7ec142,25,379328761,3985151.0,0.0,0.0,1655054186248467.0,0,2.19,4,359,14.889894,3.985151,0.2986480095327485
WETH_USDC,22824979,1751380043,0x5141b82f5ffda4c6fe1e372978f1c5427640a190,0xd4dfd65aaabd5c2c06d9d58c898687147d9034e8bd6df59f7c9a7691d4ce2fd1,0x5141b82f5ffda4c6fe1e372978f1c5427640a190,0x111111125421ca6dc452d289314280a0f8842a65,76,8000000000,0.0,3.70815438e+17,902088321.0,0.0,0x82d88875d64d60cbe9cbea47cb960ae0f04ebd4d,0xd15337f37dacff88fe7726b45c60213e171a66384628b6939cb4b5e0678e6dfd,0x82d88875d64d60cbe9cbea47cb960ae0f04ebd4d,0x82d88875d64d60cbe9cbea47cb960ae0f04ebd4d,78,4256245249,0.0,8.50066090580009e+17,2067426759.0,0.0,1,1.88,2,2713,904.4002664276726,2073.2685859796647,2.9267398508721394
WETH_USDC,22825050,1751380895,0x42e213a3ad048e899b89ea8cb11d21bc97b84748,0x3c60cb8186d1b5e5fc6aa4fc2ecac4b3303e767bc3c95b71216f356b31afadf5,0x42e213a3ad048e899b89ea8cb11d21bc97b84748,0x42e213a3ad048e899b89ea8cb11d21bc97b84748,1,99957345607,0.0,1.5687200115418726e+18,3799495807.0,0.0,0x13b69707b5f9a12fd4f88ee3027f5da0d7cd150d,0x5bacaa50a9e24f7bae3ed506e4f5f2925a5654772950f4241b3b2f1a0d1d507b,0x13b69707b5f9a12fd4f88ee3027f5da0d7cd150d,0x88e6a0c2ddd26feeb64f039a2c41296fcb3f5640,2,3735878317,0.0,3.170052706717472e+18,7670193256.0,0.0,1,26.76,1,28,3804.4750466648793,7688.042691228945,36.362629178062676
WETH_USDC,22849080,1751670971,0x82d88875d64d60cbe9cbea47cb960ae0f04ebd4d,0xac80eb7f8f282640a9b9da233cce28f66e882c46e1cb0d38dea600e96d25622b,0x82d88875d64d60cbe9cbea47cb960ae0f04ebd4d,0xf5042e6ffac5a625d4e7848e0b01373d8eb9e222,77,739195369,0.0,3569400000000000.0,8972223.0,0.0,0xa69babef1ca67a37ffaf7a485dfff3382056e78c,0xc027c201e1e928504e669e3467ed3fd3a116bef92b93b0467971a91ab85699dc,0xa69babef1ca67a37ffaf7a485dfff3382056e78c,0xa69babef1ca67a37ffaf7a485dfff3382056e78c,81,239195369,0.0,6.245689118095405e+17,1569733033.0,0.0,1,3.09,4,176,8.996761862494639,1574.2415437518493,0.2794740588650131
WETH_USDC,22898659,1752269831,0x66a9893cc07d91d95644aedd05d03f95e1dba8af,0xc9703f106e6acaa1ea643a579179d5349bf1c5c36441402cd67f2116e48c90bb,0x66a9893cc07d91d95644aedd05d03f95e1dba8af,0x66a9893cc07d91d95644aedd05d03f95e1dba8af,25,4288170606,0.0,1.1261470581063182e+17,335837500.0,0.0,0x5141b82f5ffda4c6fe1e372978f1c5427640a190,0x09a6cb54a26851ad4e4c7dfebff02d6884f6430bb64109c9bc3394f4f205be64,0x5141b82f5ffda4c6fe1e372978f1c5427640a190,0x1111111254eeb25477b68fb85ed929f73a960582,26,2288410606,0.0,2448980066524156.0,7303102.0,0.0,1,1.87,1,14814,336.8385980767788,7.325073633927607,1.9239335105150073
WETH_USDC,22923424,1752568547,0xfbd4cdb413e45a52e2c8312f670e9ce67e794c37,0xec9770f1cc8ab8dcf96fe9e68679961eb8f2cf7bcfea8dc57a1846f6c259e28a,0xfbd4cdb413e45a52e2c8312f670e9ce67e794c37,0xfbd4cdb413e45a52e2c8312f670e9ce67e794c37,0,24098426383,5167215545.0,0.0,0.0,1.7349737942544858e+18,0x66a9893cc07d91d95644aedd05d03f95e1dba8af,0x4d95c56dd3e51e691096d877da2254b42a9319cb26431f12d9480a87b43d8c44,0x66a9893cc07d91d95644aedd05d03f95e1dba8af,0xc4704f13d5e08b27b039d53873e813dd2fad99d9,2,2724314439,100000000.0,0.0,0.0,3.356216100205928e+16,0,8.85,2,3127,5167.215545,100.0,10.738131646595157
WETH_USDC,22924658,1752583427,0x51c72848c68a965f66fa7a88855f9f7784502a7f,0x240a54652b396b36ee76b76243e0e699df4c57585589437fc57cd3b8e9f8a806,0x51c72848c68a965f66fa7a88855f9f7784502a7f,0x51c72848c68a965f66fa7a88855f9f7784502a7f,28,9732634262,0.0,2.2066518870662738e+18,6582754882.0,0.0,0x2905d7e4d048d29954f81b02171dd313f457a4a4,0xa77a10d6c906e5540a6f640d004eb1a2d49d178db70ffa16296583f95f6aa6e8,0x2905d7e4d048d29954f81b02171dd313f457a4a4,0x2905d7e4d048d29954f81b02171dd313f457a4a4,30,4847739381,0.0,7.401132126952493e+17,2206294895.0,0.0,1,2.01,2,4064,6596.689081949575,2212.5360045278144,4.364292520563905
WETH_USDC,23000169,1753494971,0x66a9893cc07d91d95644aedd05d03f95e1dba8af,0xe3685f5391f5184891ba95e1dfce06ac493b120ca1b547a41504135c04148437,0x66a9893cc07d91d95644aedd05d03f95e1dba8af,0x66a9893cc07d91d95644aedd05d03f95e1dba8af,13,2211788209,0.0,1.923724907544213e+16,71321907.0,0.0,0xa69babef1ca67a37ffaf7a485dfff3382056e78c,0x4ee6c645b84ac5a713aca3844545dd20a36257578751e281cf0632d6d35b06b8,0xa69babef1ca67a37ffaf7a485dfff3382056e78c,0xa69babef1ca67a37ffaf7a485dfff3382056e78c,16,211788209,0.0,1.198447693654172e+18,4441861928.0,0.0,1,10.44,3,14814,71.49266698276114,4453.870796321572,1.2329723229317844
WETH_USDC,23023326,1753774367,0x7a250d5630b4cf539739df2c5dacb4c659f2488d,0xef7b752969ffab5db1944d06cad2d9612bd1515690004b3d4cb4dd0c887b488c,0x7a250d5630b4cf539739df2c5dacb4c659f2488d,0x7a250d5630b4cf539739df2c5dacb4c659f2488d,13,2296865343,15000000.0,0.0,0.0,3900910478330683.0,0xa69babef1ca67a37ffaf7a485dfff3382056e78c,0x10f04f105161fe806a04026e02805e87ba78a871ad081e37dbbb16fa2cf344f0,0xa69babef1ca67a37ffaf7a485dfff3382056e78c,0xa69babef1ca67a37ffaf7a485dfff3382056e78c,15,296865343,7171253105.0,0.0,0.0,1.8640624288400404e+18,0,7.74,2,17575,15.0,7171.253105,1.3221053500413478
WETH_USDC,23024092,1753783595,0x00000000009e50a7ddb7a7b0e2ee6604fd120e49,0xf916958ad32a38c6370f95fec91ef191165ffc1bf86d7f82a7a8abd54c2e5ccc,0x00000000009e50a7ddb7a7b0e2ee6604fd120e49,0x00000000009e50a7ddb7a7b0e2ee6604fd120e49,2,6328102631,42502498551.0,0.0,0.0,1.103422854776488e+19,0xa69babef1ca67a37ffaf7a485dfff3382056e78c,0x8f8adb4c36df88679ad84f4d11f531db3a8d841c4703a94b1933bdd8fb2c7791,0xa69babef1ca67a37ffaf7a485dfff3382056e78c,0xa69babef1ca67a37ffaf7a485dfff3382056e78c,3,436502235,2240846710.0,0.0,0.0,5.800075023682203e+17,0,14.5,1,174,42509.010659578904,2240.84671,3.656821784572034
WETH_USDC,23024344,1753786643,0x2905d7e4d048d29954f81b02171dd313f457a4a4,0xc9cf4c563ee586c21955cb9d3776afd33e7c6caf2a183afde7782326b6b2498a,0x2905d7e4d048d29954f81b02171dd313f457a4a4,0x2905d7e4d048d29954f81b02171dd313f457a4a4,55,2637098716,29745000.0,0.0,0.0,7722980088060183.0,0x5434ed2d9f5737986858de127545e8a2fb6eb6ae,0x850ffb027ee6dab5369efd4a033b94d78735edb811bcbd8cc2654f1d02865471,0x7a250d5630b4cf539739df2c5dacb4c659f2488d,0x5434ed2d9f5737986858de127545e8a2fb6eb6ae,56,727985980,11640908.0,0.0,0.0,3022432367063319.0,0,3.62,1,271,29.745,11.640908,1.5189497615813876
WETH_USDC,23048785,1754082083,0x2905d7e4d048d29954f81b02171dd313f457a4a4,0xc1cbbb6a37b934f47b58180ca94d476d7f7d0ade6d9133c6a5afe8040e37b3a1,0x2905d7e4d048d29954f81b02171dd313f457a4a4,0x2905d7e4d048d29954f81b02171dd313f457a4a4,61,2458469607,2492844964.0,0.0,0.0,7.0340118163956e+17,0x66a9893cc07d91d95644aedd05d03f95e1dba8af,0x92e47193a4a0dd2cb718d4f1cf543c1b6a086283968375fdf1fdb273edf22509,0x66a9893cc07d91d95644aedd05d03f95e1dba8af,0xffe0591c91ed334985be24f9568ad37d8bee4b1e,65,1458469607,25000000.0,0.0,0.0,7052957196572797.0,0,1.69,4,271,2492.844964,25.0,1.3032291391955233
WETH_USDC,23050253,1754099963,0xfbd4cdb413e45a52e2c8312f670e9ce67e794c37,0xd51697fea504a1fd92c9ee45eeff286a086376cea3ff39e6c6d8745d0852071a,0xfbd4cdb413e45a52e2c8312f670e9ce67e794c37,0xfbd4cdb413e45a52e2c8312f670e9ce67e794c37,6,5163963955,1553003830.0,0.0,0.0,4.4142868080744e+17,0x66a9893cc07d91d95644aedd05d03f95e1dba8af,0x95a2fc5671e6c08e153254e9f7bd54db750048c7dd40e17cda1001431e18d26c,0x66a9893cc07d91d95644aedd05d03f95e1dba8af,0x66a9893cc07d91d95644aedd05d03f95e1dba8af,8,2321717277,268596336.0,0.0,0.0,7.633654871514445e+16,0,2.22,2,3127,1553.00383,268.596336,2.7173487585450995
WETH_USDC,23073239,1754377319,0x66a9893cc07d91d95644aedd05d03f95e1dba8af,0x7e8dde4eb24aa5e5b0bb138d74cd13a869a0051ac046ff1c8f7a222ee0659030,0x66a9893cc07d91d95644aedd05d03f95e1dba8af,0x06cd6245156c3608ae67d690c125e86a8bc6a88c,7,2218105961,0.0,2482229691795901.0,9028537.0,0.0,0x69460570c93f9de5e2edbc3052bf10125f0ca22d,0xd71aed70599b78ce1505bd53ffa133cc498a4916b107dc1baf795e76bb2f991d,0x7a250d5630b4cf539739df2c5dacb4c659f2488d,0x69460570c93f9de5e2edbc3052bf10125f0ca22d,11,1218105961,0.0,1.3435391428796384e+16,48867923.0,0.0,1,1.82,4,14814,9.055632482423167,49.01478998450487,1.2138090477450245
WETH_USDC,23123525,1754984315,0x66a9893cc07d91d95644aedd05d03f95e1dba8af,0x366f56d1e4464f631757d697ce3d6bb456a49811c7ba79c4ccaafbb0636d1690,0x66a9893cc07d91d95644aedd05d03f95e1dba8af,0x399f600c9667ee748d31821b2df0c004b3432dc9,60,1335214780,500000000.0,0.0,0.0,1.1578470532414253e+17,0x0c0435519ac226010638a61fd1d1bc652b5434de,0x529a61f38daffb79cc4ba02890d0ae78a7b52dbe24b4c20647c3eaa0f41782b2,0x0c0435519ac226010638a61fd1d1bc652b5434de,0x0c0435519ac226010638a61fd1d1bc652b5434de,63,297244365,5346760.0,0.0,0.0,1238103922704322.0,0,4.49,3,14814,500.0,5.34676,0.8623256324579475
WETH_USDC,23149521,1755298043,0x1111111254eeb25477b68fb85ed929f73a960582,0x4679fb8d2645346c74535fd57f1279b4d5dd8e46512cc812efb82c7ea6dded6c,0x1111111254eeb25477b68fb85ed929f73a960582,0xa7ca2c8673bcfa5a26d8ceec2887f2cc2b0db22a,55,1416713558,499500000.0,0.0,0.0,1.1233799911731088e+17,0x0c0435519ac226010638a61fd1d1bc652b5434de,0xb964cf5b84a9d63cc5f1c8a10d6260223d7b2f6f3c9b90e07773982f3a35bcc9,0x0c0435519ac226010638a61fd1d1bc652b5434de,0x0c0435519ac226010638a61fd1d1bc652b5434de,56,416713558,11529145.0,0.0,0.0,2592762555120012.0,0,3.4,1,14967,499.5,11.529145,0.9421209590489865
WETH_USDC,23174781,1755602447,0xfbd4cdb413e45a52e2c8312f670e9ce67e794c37,0x2949e7857741241cfa66703bced637bd585a0726468f6732aa2d2664230e62d0,0xfbd4cdb413e45a52e2c8312f670e9ce67e794c37,0xfbd4cdb413e45a52e2c8312f670e9ce67e794c37,4,5038777141,1335027496.0,0.0,0.0,3.1050884206076205e+17,0xf621fb08bbe51af70e7e0f4ea63496894166ff7f,0x891d362ddd31a68adc402967b341f75a3ad53c3d7a080e1975edc3d12c12293b,0x7a250d5630b4cf539739df2c5dacb4c659f2488d,0xf621fb08bbe51af70e7e0f4ea63496894166ff7f,8,2197274846,90711677.0,0.0,0.0,2.109625071726277e+16,0,2.29,4,3127,1335.027496,90.711677,3.2402023878264172
WETH_USDC,23198814,1755892175,0x3fc91a3afd70395cd496c647d5a6cc9d4b2b7fad,0xaec07ccf0b86c7583cb185f35d0667182dfa13d89e18207e840642c07ad67df4,0x3fc91a3afd70395cd496c647d5a6cc9d4b2b7fad,0x163c5e051049e92915017fe7bb9b8ce6182bcbb1,4,3304923013,0.0,2.2527705724122083e+17,1088404875.0,0.0,0x111111125421ca6dc452d289314280a0f8842a65,0x07be12c6781c61fdc8143677818a88a192ec1cb480ddd31469cf4f00c6def53c,0x111111125421ca6dc452d289314280a0f8842a65,0x33b41fe18d3a39046ad672f8a0c8c415454f629c,8,1824474003,0.0,9.784987913722539e+16,472705679.0,0.0,1,1.81,4,47636,1091.5318463372835,474.1106819598158,2.4019947454212303
WETH_USDC,23223463,1756189307,0x66a9893cc07d91d95644aedd05d03f95e1dba8af,0x9ee4cd29f06de50123a537f9723060970b9218391ec716ce4f56dab8d837439e,0x66a9893cc07d91d95644aedd05d03f95e1dba8af,0x24b8c320a4505057cb1e4808d200535ec5320817,16,2212928423,90000000.0,0.0,0.0,2.027818524211039e+16,0x06cff7088619c7178f5e14f0b119458d08d2f5ef,0xe3829d2bc9ff5a49bbe376a001443f943fad9777f823a1475ef6e1a7eda74f7c,0x06cff7088619c7178f5e14f0b119458d08d2f5ef,0x06cff7088619c7178f5e14f0b119458d08d2f5ef,17,212928423,36521622.0,0.0,0.0,8228733401806978.0,0,10.39,1,14814,90.0,36.521622,1.468831242495294
WETH_USDC,23248492,1756491095,0x1111111254eeb25477b68fb85ed929f73a960582,0x3f12a279ebdc735b2ba13cf1ae71c6ec194bd08305970a21d279d9c98e3195c6,0x1111111254eeb25477b68fb85ed929f73a960582,0x74de5d4fcbf63e00296fd95d33236b9794016631,16,1423471317,0.0,2763041152804666.0,11970975.0,0.0,0xa69babef1ca67a37ffaf7a485dfff3382056e78c,0x93c01fe94adc3261d05ab2327f3b33115efd27546c51d2f0b3ba448452118c84,0xa69babef1ca67a37ffaf7a485dfff3382056e78c,0xa69babef1ca67a37ffaf7a485dfff3382056e78c,17,423471313,0.0,1.064262627531469e+18,4609532315.0,0.0,1,3.36,1,14967,11.999780223390827,4622.05118348772,0.9273120818864039
WETH_USDC,23248645,1756492943,0x66a9893cc07d91d95644aedd05d03f95e1dba8af,0x12cc89c5f61763ca3f04c463f73c6163682c40945519ca040c08e29e35dd75e0,0x66a9893cc07d91d95644aedd05d03f95e1dba8af,0x66a9893cc07d91d95644aedd05d03f95e1dba8af,11,2333738930,0.0,2.4773035316514106e+17,1067474622.0,0.0,0x5141b82f5ffda4c6fe1e372978f1c5427640a190,0x96d67e2c61381e3571765cc8ad3f0356ea681f29b3465bcf28ba8564717f4276,0x5141b82f5ffda4c6fe1e372978f1c5427640a190,0x1111111254eeb25477b68fb85ed929f73a960582,14,1333738934,0.0,1.3690286317632022e+16,58987228.0,0.0,1,1.75,3,14814,1070.6013925705627,59.1644883603588,1.5128369110396769
WETH_USDC,23248687,1756493459,0x66a9893cc07d91d95644aedd05d03f95e1dba8af,0x3390e3e1f37429b9d20c17f6cc33bb4b0102e1ea8578c60e5979ca3123387da3,0x66a9893cc07d91d95644aedd05d03f95e1dba8af,0x16ac64ddfacca437be7fe0da0c45bcd97227588a,48,2334784246,302000000.0,0.0,0.0,6.967030871556845e+16,0x00000000009e50a7ddb7a7b0e2ee6604fd120e49,0x7dfce67a01c57a7c9c801da2bcd0f1866a8e6f61472efda075000171170675b2,0x00000000009e50a7ddb7a7b0e2ee6604fd120e49,0x00000000009e50a7ddb7a7b0e2ee6604fd120e49,49,752313853,39679312.0,0.0,0.0,9153664383975424.0,0,3.1,1,14814,302.0,39.679312,1.513573357407139
WETH_USDC,23249223,1756499915,0x66a9893cc07d91d95644aedd05d03f95e1dba8af,0x21f8cc51989422a12879c54807e0eb442acfe6f56d9c6a6a12ffdd3f95c89a77,0x66a9893cc07d91d95644aedd05d03f95e1dba8af,0xb54ce26f2e30f64c5b684b141311ce138ab5e00e,23,1065836302,11820461.0,0.0,0.0,2714773381807015.0,0x7a250d5630b4cf539739df2c5dacb4c659f2488d,0xc303260bf13c337087fdf587528120e5f476565e9bf9093d0b2ac27a0130f7b6,0x7a250d5630b4cf539739df2c5dacb4c659f2488d,0x7a250d5630b4cf539739df2c5dacb4c659f2488d,24,478603868,3468772.0,0.0,0.0,796662691364055.0,0,2.23,1,14814,11.820461,3.468772,0.6940300932428639
WETH_USDC,23249477,1756502987,0x42e213a3ad048e899b89ea8cb11d21bc97b84748,0x3228403e8dbd32d6276b5a6b66ba2728c4effe56f961b711b42cdf94d235eeb3,0x42e213a3ad048e899b89ea8cb11d21bc97b84748,0x42e213a3ad048e899b89ea8cb11d21bc97b84748,3,660109667,39999999.0,0.0,0.0,9221550737719296.0,0xa69babef1ca67a37ffaf7a485dfff3382056e78c,0x414ba9ed157d80ff1d0d1e661ed4cff0614bcf50a6ab17aedd95ea1d323c0958,0xa69babef1ca67a37ffaf7a485dfff3382056e78c,0xa69babef1ca67a37ffaf7a485dfff3382056e78c,6,345211249,4092851970.0,0.0,0.0,9.431083923948614e+17,0,1.91,3,28,39.999999,4092.85197,0.42853468987141496
WETH_USDC,23249477,1756502987,0x42e213a3ad048e899b89ea8cb11d21bc97b84748,0x3228403e8dbd32d6276b5a6b66ba2728c4effe56f961b711b42cdf94d235eeb3,0x42e213a3ad048e899b89ea8cb11d21bc97b84748,0x42e213a3ad048e899b89ea8cb11d21bc97b84748,3,660109667,1524685458.0,0.0,0.0,3.5146239651191194e+17,0xa69babef1ca67a37ffaf7a485dfff3382056e78c,0x414ba9ed157d80ff1d0d1e661ed4cff0614bcf50a6ab17aedd95ea1d323c0958,0xa69babef1ca67a37ffaf7a485dfff3382056e78c,0xa69babef1ca67a37ffaf7a485dfff3382056e78c,6,345211249,4092851970.0,0.0,0.0,9.431083923948614e+17,0,1.91,3,28,1524.685458,4092.85197,0.42853468987141496
WETH_USDC,23299337,1757104643,0x7a250d5630b4cf539739df2c5dacb4c659f2488d,0x790d7eaad7b12e3116056a23bc3c6d8e73967619dec553ac87e0d34186ee4b21,0x7a250d5630b4cf539739df2c5dacb4c659f2488d,0x7a250d5630b4cf539739df2c5dacb4c659f2488d,50,409051360,3263584.0,0.0,0.0,752795224014947.0,0xeff6cb8b614999d130e537751ee99724d01aa167,0xff73d31875334338359ff68e4366dcc9d8eed14f8fd074a9d7a1abed13f106df,0xeff6cb8b614999d130e537751ee99724d01aa167,0xeff6cb8b614999d130e537751ee99724d01aa167,53,209051361,1813663603.0,0.0,0.0,4.1829810572845024e+17,0,1.96,3,17575,3.263584,1813.663603,0.2652699532877729
WETH_USDC,23376080,1758031151,0xfbd4cdb413e45a52e2c8312f670e9ce67e794c37,0x365e0574b762f4f06fc40bf826b853e2b3f40fba1a036a9a5925c0b293903b30,0xfbd4cdb413e45a52e2c8312f670e9ce67e794c37,0xfbd4cdb413e45a52e2c8312f670e9ce67e794c37,0,36263236429,13688876743.0,0.0,0.0,3.0632431162648346e+18,0x6e4141d33021b52c91c28608403db4a0ffb50ec6,0x4a6ae57de4443603ff19c704091d06951be6d47db3da37b6a57309e270f74911,0x6e4141d33021b52c91c28608403db4a0ffb50ec6,0x6e4141d33021b52c91c28608403db4a0ffb50ec6,5,3693193822,6400000002.0,0.0,0.0,1.4302179317621458e+18,0,9.82,5,3127,13688.876743,6400.000002,24.278354034282405
WETH_USDC,23399888,1758318287,0x6e4141d33021b52c91c28608403db4a0ffb50ec6,0x1a58560ebc7210056ff0365958a75bf1518706749d371b96ec51627624cbc64f,0x6e4141d33021b52c91c28608403db4a0ffb50ec6,0x6e4141d33021b52c91c28608403db4a0ffb50ec6,8,1215955016,50000000.0,0.0,0.0,1.1174412001150794e+16,0x5141b82f5ffda4c6fe1e372978f1c5427640a190,0x164a05c4f9331457876df0e6e9cfa5e27d66f011d2f32119483e16bd735493b5,0x5141b82f5ffda4c6fe1e372978f1c5427640a190,0x5141b82f5ffda4c6fe1e372978f1c5427640a190,9,715955015,9331658.0,0.0,0.0,2085507437704136.0,0,1.7,1,132,50.0,9.331658,0.8136755599442403
WETH_USDC,23399944,1758318959,0x66a9893cc07d91d95644aedd05d03f95e1dba8af,0x0a9889ffefced10e69ebd19364dad680f14837eed41b8dedc1d6b5f81c4846a2,0x66a9893cc07d91d95644aedd05d03f95e1dba8af,0x66a9893cc07d91d95644aedd05d03f95e1dba8af,194,476228937,1052971016.0,0.0,0.0,2.3549822284598163e+17,0x1111111254eeb25477b68fb85ed929f73a960582,0xb2d1025e46624f0d7b4e486836e410e2387d19caf92a73f8c7f1905b03b0e260,0x1111111254eeb25477b68fb85ed929f73a960582,0x1111111254eeb25477b68fb85ed929f73a960582,195,302040348,67193400.0,0.0,0.0,1.5026742539844164e+16,0,1.58,1,14814,1052.971016,67.1934,0.318468108778061
WETH_USDC,23524189,1759819739,0x111111125421ca6dc452d289314280a0f8842a65,0x7bc973acf386359c12d585de668aa27dcf1901dd95ad46a548f23f9100b538b1,0x111111125421ca6dc452d289314280a0f8842a65,0x74de5d4fcbf63e00296fd95d33236b9794016631,32,1679951140,0.0,15871240660256.0,74143.0,0.0,0xf621fb08bbe51af70e7e0f4ea63496894166ff7f,0xfd412e1de1a556fd2d460e4f35d547dbfb033576cc1c551258d0d5cef6590780,0x7a250d5630b4cf539739df2c5dacb4c659f2488d,0xf621fb08bbe51af70e7e0f4ea63496894166ff7f,34,259334645,0.0,4.5e+16,210216118.0,0.0,1,6.48,2,2145,0.07436407338638595,210.84572870016524,1.1807017409799112
WETH_USDC,23574667,1760429507,0x98c3d3183c4b8a650614ad179a1a98be0a8d6b8e,0x12fdb39b34a16c5178c8a2dde5e0a0349670edfa511bccad36273651788a5ee0,0x98c3d3183c4b8a650614ad179a1a98be0a8d6b8e,0x98c3d3183c4b8a650614ad179a1a98be0a8d6b8e,16,23293103622,23729146024.0,0.0,0.0,5.952233100196097e+18,0x207e1074858a7e78f17002075739ed2745dbaece,0x1d767822f47f31c6af83e96a0619e916448b8b99f654a6c1a1c7e3d6de123ced,0x207e1074858a7e78f17002075739ed2745dbaece,0x207e1074858a7e78f17002075739ed2745dbaece,18,2135799946,4719803651.0,0.0,0.0,1.1825743294087772e+18,0,10.91,2,61,23729.146024,4719.803651,13.90556857081844
WETH_USDC,23575511,1760439683,0x207e1074858a7e78f17002075739ed2745dbaece,0x63e40adbd4d75fbcfbb5fb381afbc45fe00fa3186aa8c758b35904a6958c0790,0x207e1074858a7e78f17002075739ed2745dbaece,0x207e1074858a7e78f17002075739ed2745dbaece,66,1919482177,100000000.0,0.0,0.0,2.5217767836212356e+16,0x7a250d5630b4cf539739df2c5dacb4c659f2488d,0x218fa2090df0e03149149a2f4c05b79439b8b6766a07fe4780920f80e206c48c,0x7a250d5630b4cf539739df2c5dacb4c659f2488d,0x7a250d5630b4cf539739df2c5dacb4c659f2488d,71,439482177,12230011.0,0.0,0.0,3084121920474705.0,0,4.37,5,481,100.0,12.230011,1.138324343697414
WETH_USDC,23599215,1760726231,0x66a9893cc07d91d95644aedd05d03f95e1dba8af,0x4dacd0da9070e77d5ca7464bebe05615ebe460e9b014d4e539366ea51217c6a0,0x66a9893cc07d91d95644aedd05d03f95e1dba8af,0xfdcded6927a686b27254620752367bd6fe62fb0e,171,1037787693,550000000.0,0.0,0.0,1.4296959274941315e+17,0xa69babef1ca67a37ffaf7a485dfff3382056e78c,0xc4a8c9da9b7a763dcc65a7489cdd9e01b38915951c278b84b5ce0e523421b503,0xa69babef1ca67a37ffaf7a485dfff3382056e78c,0xa69babef1ca67a37ffaf7a485dfff3382056e78c,175,328792105,3155684403.0,0.0,0.0,8.201803080183099e+17,0,3.16,4,14814,550.0,3155.684403,0.5972206791893871
WETH_USDC,23624929,1761037475,0x66a9893cc07d91d95644aedd05d03f95e1dba8af,0x79a12e32ebda3b436e726de056739a8d1335cd9ff27040641619179dce76aad9,0x66a9893cc07d91d95644aedd05d03f95e1dba8af,0x5281e311734869c64ca60ef047fd87759397efe6,7,1609149931,510000000.0,0.0,0.0,1.3160891352033251e+17,0x111111125421ca6dc452d289314280a0f8842a65,0x77139b73407e7f38e0f9105d09ae5cc55e45e07663d6499468c6192abd3dfce4,0x111111125421ca6dc452d289314280a0f8842a65,0x8d02988296949cd054623802c1115973a9afe307,10,210149931,1450000.0,0.0,0.0,374174461163297.0,0,7.66,3,14814,510.0,1.45,0.9325600658352801
WETH_USDC,23675788,1761652883,0x3328f7f4a1d1c57c35df56bbf0c9dcafca309c49,0xdd8a19ff24843f12336ed8365ddfc42cfe9ec056c042252308bdbf31709eeb40,0x3328f7f4a1d1c57c35df56bbf0c9dcafca309c49,0x3328f7f4a1d1c57c35df56bbf0c9dcafca309c49,1,20144889893,0.0,9.950248756218906e+16,408255944.0,0.0,0x3fc91a3afd70395cd496c647d5a6cc9d4b2b7fad,0xff43a6d1de641fe15e937bf88f37190c9afea647c638c3a7bf7fe2ad7c79624c,0x3fc91a3afd70395cd496c647d5a6cc9d4b2b7fad,0x163c5e051049e92915017fe7bb9b8ce6182bcbb1,2,1644889893,0.0,3.0418607011763024e+16,124804088.0,0.0,1,12.25,1,864,409.4560561776405,125.1735827576128,12.43453410533879
WETH_USDC,23675788,1761652883,0x3328f7f4a1d1c57c35df56bbf0c9dcafca309c49,0xdd8a19ff24843f12336ed8365ddfc42cfe9ec056c042252308bdbf31709eeb40,0x3328f7f4a1d1c57c35df56bbf0c9dcafca309c49,0x3328f7f4a1d1c57c35df56bbf0c9dcafca309c49,1,20144889893,0.0,9.950248756218906e+16,408255944.0,0.0,0x3fc91a3afd70395cd496c647d5a6cc9d4b2b7fad,0xff43a6d1de641fe15e937bf88f37190c9afea647c638c3a7bf7fe2ad7c79624c,0x3fc91a3afd70395cd496c647d5a6cc9d4b2b7fad,0x163c5e051049e92915017fe7bb9b8ce6182bcbb1,2,1644889893,0.0,3.0169018157950844e+16,123778846.0,0.0,1,12.25,1,864,409.4560561776405,124.14651629674708,12.43453410533879
WETH_USDC,23675788,1761652883,0x3328f7f4a1d1c57c35df56bbf0c9dcafca309c49,0xdd8a19ff24843f12336ed8365ddfc42cfe9ec056c042252308bdbf31709eeb40,0x3328f7f4a1d1c57c35df56bbf0c9dcafca309c49,0x3328f7f4a1d1c57c35df56bbf0c9dcafca309c49,1,20144889893,0.0,9.950248756218906e+16,408255944.0,0.0,0x3fc91a3afd70395cd496c647d5a6cc9d4b2b7fad,0xff43a6d1de641fe15e937bf88f37190c9afea647c638c3a7bf7fe2ad7c79624c,0x3fc91a3afd70395cd496c647d5a6cc9d4b2b7fad,0x163c5e051049e92915017fe7bb9b8ce6182bcbb1,2,1644889893,0.0,2.7394748747327572e+16,112395403.0,0.0,1,12.25,1,864,409.4560561776405,112.73030510968395,12.43453410533879
WETH_USDC,23675788,1761652883,0x3328f7f4a1d1c57c35df56bbf0c9dcafca309c49,0xdd8a19ff24843f12336ed8365ddfc42cfe9ec056c042252308bdbf31709eeb40,0x3328f7f4a1d1c57c35df56bbf0c9dcafca309c49,0x3328f7f4a1d1c57c35df56bbf0c9dcafca309c49,1,20144889893,0.0,9.950248756218906e+16,408255944.0,0.0,0x3fc91a3afd70395cd496c647d5a6cc9d4b2b7fad,0xff43a6d1de641fe15e937bf88f37190c9afea647c638c3a7bf7fe2ad7c79624c,0x3fc91a3afd70395cd496c647d5a6cc9d4b2b7fad,0x163c5e051049e92915017fe7bb9b8ce6182bcbb1,2,1644889893,0.0,2.7224725716238324e+16,111696849.0,0.0,1,12.25,1,864,409.4560561776405,112.03065466400378,12.43453410533879
WETH_USDC,23675788,1761652883,0x3328f7f4a1d1c57c35df56bbf0c9dcafca309c49,0xdd8a19ff24843f12336ed8365ddfc42cfe9ec056c042252308bdbf31709eeb40,0x3328f7f4a1d1c57c35df56bbf0c9dcafca309c49,0x3328f7f4a1d1c57c35df56bbf0c9dcafca309c49,1,20144889893,0.0,9.950248756218906e+16,408255944.0,0.0,0x3fc91a3afd70395cd496c647d5a6cc9d4b2b7fad,0xff43a6d1de641fe15e937bf88f37190c9afea647c638c3a7bf7fe2ad7c79624c,0x3fc91a3afd70395cd496c647d5a6cc9d4b2b7fad,0x163c5e051049e92915017fe7bb9b8ce6182bcbb1,2,1644889893,0.0,2.4843285611430064e+16,101925488.0,0.0,1,12.25,1,864,409.4560561776405,102.2309491769563,12.43453410533879
WETH_USDC,23675788,1761652883,0x3328f7f4a1d1c57c35df56bbf0c9dcafca309c49,0xdd8a19ff24843f12336ed8365ddfc42cfe9ec056c042252308bdbf31709eeb40,0x3328f7f4a1d1c57c35df56bbf0c9dcafca309c49,0x3328f7f4a1d1c57c35df56bbf0c9dcafca309c49,1,20144889893,0.0,9.950248756218906e+16,408255944.0,0.0,0x3fc91a3afd70395cd496c647d5a6cc9d4b2b7fad,0xff43a6d1de641fe15e937bf88f37190c9afea647c638c3a7bf7fe2ad7c79624c,0x3fc91a3afd70395cd496c647d5a6cc9d4b2b7fad,0x163c5e051049e92915017fe7bb9b8ce6182bcbb1,2,1644889893,0.0,2.5125049600089416e+16,103080663.0,0.0,1,12.25,1,864,409.4560561776405,103.39041739122817,12.43453410533879
WETH_USDC,23800003,1763154383,0x207e1074858a7e78f17002075739ed2745dbaece,0xb862e758b43267e5bdca5137c4b0c4412ef7d394f619d22d0a759bebc9b0f4bb,0x207e1074858a7e78f17002075739ed2745dbaece,0x207e1074858a7e78f17002075739ed2745dbaece,56,1422812643,42244568.0,0.0,0.0,1.3416453042076648e+16,0xa69babef1ca67a37ffaf7a485dfff3382056e78c,0xe26e65e65ac88c3b8a71c0521b753f63bf16a30e83a662b42f7643856ce90d57,0xa69babef1ca67a37ffaf7a485dfff3382056e78c,0xa69babef1ca67a37ffaf7a485dfff3382056e78c,61,422812642,2472887906.0,0.0,0.0,7.851883597362317e+17,0,3.37,5,481,42.244568,2472.887906,0.6702869705841045
WETH_USDC,23800437,1763159591,0xfbd4cdb413e45a52e2c8312f670e9ce67e794c37,0x51964bd340fd61c55f1e14162ddc312c240736f215972e0f5a9cd6847bb873bd,0xfbd4cdb413e45a52e2c8312f670e9ce67e794c37,0xfbd4cdb413e45a52e2c8312f670e9ce67e794c37,2,6565602016,959728803.0,0.0,0.0,3.015402603079857e+17,0x00c600b30fb0400701010f4b080409018b9006e0,0x912a9bbada7f8899b477725116b3f93ea83f636a7b2961385d2eb928fc7d6cdb,0x00c600b30fb0400701010f4b080409018b9006e0,0x6a000f20005980200259b80c5102003040001068,3,2160258191,6178348318.0,0.0,0.0,1.9399660043200855e+18,0,3.04,1,3127,959.728803,6178.348318,3.128800811125039
WETH_USDC,23823288,1763435951,0x66a9893cc07d91d95644aedd05d03f95e1dba8af,0x693afecc7271859fc30ba47af98907f5e87fccb0985d4d4e4f367a854204057c,0x66a9893cc07d91d95644aedd05d03f95e1dba8af,0x66a9893cc07d91d95644aedd05d03f95e1dba8af,18,2264971297,0.0,5.302931986228974e+16,157043735.0,0.0,0x36331e299247e5d0d3261e1d9852f6e0cffee95c,0x51f85342e7b382a6410d47dd21dee2f0bf160efa95c6953e94c45a1d31dc3e4c,0x36331e299247e5d0d3261e1d9852f6e0cffee95c,0x36331e299247e5d0d3261e1d9852f6e0cffee95c,19,1093971297,0.0,4.437167934853641e+16,131401068.0,0.0,1,2.07,1,14814,157.51019491637533,131.79486142957103,1.0091287368862583
WETH_USDC,23823598,1763439695,0x66a9893cc07d91d95644aedd05d03f95e1dba8af,0x747b4f1edc6f0daae496dab0e5d7681cdbcab90a88dbdae999205bf29a6682e1,0x66a9893cc07d91d95644aedd05d03f95e1dba8af,0x051ef36e55875c08e4efaea6072c6d0f66fb0b9f,10,9365208150,50000000.0,0.0,0.0,1.6736993380778592e+16,0xeff6cb8b614999d130e537751ee99724d01aa167,0xea91e7b3714d5ac4c04c1a1b2d76485846575b5992fe370eb26d94f34a570845,0xeff6cb8b614999d130e537751ee99724d01aa167,0xeff6cb8b614999d130e537751ee99724d01aa167,11,365208150,1000000000.0,0.0,0.0,3.3470771352567315e+17,0,25.64,1,14814,50.0,1000.0,4.187765726979882
WETH_USDC,23848759,1763744903,0xfbd4cdb413e45a52e2c8312f670e9ce67e794c37,0x0a88e14759a8819761461b2d1cbafc4f0519bd46c7bc98cd65c626b7ec97a3a6,0xfbd4cdb413e45a52e2c8312f670e9ce67e794c37,0xfbd4cdb413e45a52e2c8312f670e9ce67e794c37,0,104116104984,0.0,8.95808199136265e+18,24977818208.0,0.0,0xf5e1ff97b8ed24032a861eaef122643452268a39,0x11e368f99e374d4cbac7e4cd32d73e5903d671df7679ce1f14e875327bc3acef,0xf5e1ff97b8ed24032a861eaef122643452268a39,0x35e8777ec43cb99e935588dcd0305268f06c1274,3,2128978081,0.0,1.0261424208515485e+17,285435080.0,0.0,1,48.9,3,3127,24992.391724822555,286.2862091696321,43.57144447547739
WETH_USDC,23849543,1763754419,0x51c72848c68a965f66fa7a88855f9f7784502a7f,0xafb3275c6115b07ac68dcf6057e5f106e39fc250ee37effdbd87b809e0253c00,0x51c72848c68a965f66fa7a88855f9f7784502a7f,0x51c72848c68a965f66fa7a88855f9f7784502a7f,22,2120115974,0.0,8.340669899443788e+17,2292428959.0,0.0,0x00c600b30fb0400701010f4b080409018b9006e0,0xa8263c3b1d37ac36db3a9d0a801041d79b8897fcf8be1bdccdbfc2e46c4be628,0x00c600b30fb0400701010f4b080409018b9006e0,0x6a000f20005980200259b80c5102003040001068,25,473075894,0.0,4.571539552681407e+17,1256066458.0,0.0,1,4.48,3,4064,2298.2846783703844,1259.6948970720607,0.8763019250535459
WETH_USDC,23849576,1763754815,0xfbd4cdb413e45a52e2c8312f670e9ce67e794c37,0xb978c10d7c77c355b9a8536e3368a2bbb84d16822feeaa780fb5124cbe9c79e4,0xfbd4cdb413e45a52e2c8312f670e9ce67e794c37,0xfbd4cdb413e45a52e2c8312f670e9ce67e794c37,1,2525444585,0.0,6.513253473480888e+17,1786813587.0,0.0,0x66a9893cc07d91d95644aedd05d03f95e1dba8af,0x130ad22db50c6e37ed57835f5f6ebe1f73fd489b7f5087a84b121debf1479974,0x66a9893cc07d91d95644aedd05d03f95e1dba8af,0x66a9893cc07d91d95644aedd05d03f95e1dba8af,3,1326438806,0.0,4.15e+17,1138172540.0,0.0,1,1.9,2,3127,1791.4949342544874,1141.4731527687318,1.0419495876804836
WETH_USDC,23875178,1764065927,0x3a10dc1a145da500d5fba38b9ec49c8ff11a981f,0x46f9396d40fcecd6b8ed31172f02c0fdcfc29d35ceec13b004bf156ec6049118,0x3a10dc1a145da500d5fba38b9ec49c8ff11a981f,0x3a10dc1a145da500d5fba38b9ec49c8ff11a981f,0,15082930626,0.0,9.9e+16,284358039.0,0.0,0x423d607bd4e213e9b64a54b324ab7f632feec647,0xcf6e5979ec4c45b853fe9a6f063e3f9bc1e4e2641f0aa463e77a80b02392c65d,0x7a250d5630b4cf539739df2c5dacb4c659f2488d,0x423d607bd4e213e9b64a54b324ab7f632feec647,3,1082930630,0.0,1.0475664263935822e+16,30088403.0,0.0,1,13.93,3,255,285.2045121451482,30.178855715072515,6.517757380162796
WETH_USDC,23875252,1764066851,0xfbd4cdb413e45a52e2c8312f670e9ce67e794c37,0xca399d3adc64721b53d11adc45117437229081afa9d5d150f7f4519f4757032d,0xfbd4cdb413e45a52e2c8312f670e9ce67e794c37,0xfbd4cdb413e45a52e2c8312f670e9ce67e794c37,1,3177252579,2303934055.0,0.0,0.0,7.957513484013819e+17,0x8d8f598c1739e518b871815dd1f20ea3c169c360,0xb24a71deaf61e3fc082edae66197de934b7458d538b8935e304ea10638189cab,0x8d8f598c1739e518b871815dd1f20ea3c169c360,0x8d8f598c1739e518b871815dd1f20ea3c169c360,3,595758129,385676551.0,0.0,0.0,1.3317479523033886e+17,0,5.33,2,3127,2303.934055,385.676551,1.3761156180016132
WETH_USDC,23875532,1764070307,0x3328f7f4a1d1c57c35df56bbf0c9dcafca309c49,0x8538989f5581cb47b48fafab21bf235106ef0de26158c7c84902e1fd6cd23630,0x3328f7f4a1d1c57c35df56bbf0c9dcafca309c49,0x4d3d53000c3524a07276664a1686b8b9aaf13022,2,12094724512,0.0,4.975124378109453e+17,1432883206.0,0.0,0x3a10dc1a145da500d5fba38b9ec49c8ff11a981f,0xca49e9fab080e789c30de212dad9c2b5e2ee1b724b82d7617b41009374dfee06,0x3a10dc1a145da500d5fba38b9ec49c8ff11a981f,0x3a10dc1a145da500d5fba38b9ec49c8ff11a981f,3,5094724512,0.0,1.98e+16,57017968.0,0.0,1,2.37,1,864,1436.9876136307582,57.18923304727692,5.240060748177125
WETH_USDC,23875534,1764070331,0x80a64c6d7f12c47b7c66c5b4e20e72bc1fcd5d9e,0x39f4dff50116ef918455f1991e53cafca520ad1e14617109e8ec3af2ce62bf3d,0x80a64c6d7f12c47b7c66c5b4e20e72bc1fcd5d9e,0x4d3d53000c3524a07276664a1686b8b9aaf13022,0,102085515737,0.0,3e+17,863834668.0,0.0,0x3328f7f4a1d1c57c35df56bbf0c9dcafca309c49,0x8b21adaf69d9157c38056b02fc4dc0fc62a6fb422bcd2674f191e7a6529a58e7,0x3328f7f4a1d1c57c35df56bbf0c9dcafca309c49,0x4d3d53000c3524a07276664a1686b8b9aaf13022,1,40085515737,0.0,4.975124378109453e+17,1432255615.0,0.0,1,2.55,1,338,866.0872767302423,1436.297308010352,44.20748315913031
WETH_USDC,23875534,1764070331,0x80a64c6d7f12c47b7c66c5b4e20e72bc1fcd5d9e,0x39f4dff50116ef918455f1991e53cafca520ad1e14617109e8ec3af2ce62bf3d,0x80a64c6d7f12c47b7c66c5b4e20e72bc1fcd5d9e,0x4d3d53000c3524a07276664a1686b8b9aaf13022,0,102085515737,0.0,3e+17,863834668.0,0.0,0x3a10dc1a145da500d5fba38b9ec49c8ff11a981f,0x6593e33c629e8e167c3be5c52f24d126e2697869e2f3d6a3eb645f68377af200,0x3a10dc1a145da500d5fba38b9ec49c8ff11a981f,0x3a10dc1a145da500d5fba38b9ec49c8ff11a981f,5,5085515737,0.0,9.9e+16,284958945.0,0.0,1,20.07,5,338,866.0872767302423,285.80880132097997,44.20748315913031
WETH_USDC,23875534,1764070331,0x3328f7f4a1d1c57c35df56bbf0c9dcafca309c49,0x8b21adaf69d9157c38056b02fc4dc0fc62a6fb422bcd2674f191e7a6529a58e7,0x3328f7f4a1d1c57c35df56bbf0c9dcafca309c49,0x4d3d53000c3524a07276664a1686b8b9aaf13022,1,40085515737,0.0,4.975124378109453e+17,1432255615.0,0.0,0x3a10dc1a145da500d5fba38b9ec49c8ff11a981f,0x6593e33c629e8e167c3be5c52f24d126e2697869e2f3d6a3eb645f68377af200,0x3a10dc1a145da500d5fba38b9ec49c8ff11a981f,0x3a10dc1a145da500d5fba38b9ec49c8ff11a981f,5,5085515737,0.0,9.9e+16,284958945.0,0.0,1,7.88,4,864,1436.297308010352,285.80880132097997,17.3587775804928
WETH_USDC,23875587,1764070979,0x3328f7f4a1d1c57c35df56bbf0c9dcafca309c49,0x60ad791b75bf9d48fe88167797119d2920e1fdbafa44e1e47f48f23bf3778cbc,0x3328f7f4a1d1c57c35df56bbf0c9dcafca309c49,0x4d3d53000c3524a07276664a1686b8b9aaf13022,0,78085536580,0.0,4.975124378109453e+17,1434283994.0,0.0,0x80a64c6d7f12c47b7c66c5b4e20e72bc1fcd5d9e,0xc30810ddc6b0c9af0f05075d448c3acf030e560b13d097dff1d5a1eae7e44fc7,0x80a64c6d7f12c47b7c66c5b4e20e72bc1fcd5d9e,0x4d3d53000c3524a07276664a1686b8b9aaf13022,1,5085536580,0.0,5500000000000000.0,15853867.0,0.0,1,15.35,1,864,1438.3271400287601,15.900706533017942,33.86223277177684
WETH_USDC,23875587,1764070979,0x3328f7f4a1d1c57c35df56bbf0c9dcafca309c49,0x60ad791b75bf9d48fe88167797119d2920e1fdbafa44e1e47f48f23bf3778cbc,0x3328f7f4a1d1c57c35df56bbf0c9dcafca309c49,0x4d3d53000c3524a07276664a1686b8b9aaf13022,0,78085536580,0.0,4.975124378109453e+17,1434283994.0,0.0,0x3a10dc1a145da500d5fba38b9ec49c8ff11a981f,0x1a971910f4be9b999f4b4fd254f8e9330cc25b6214a5898f496cdbbc6eb33805,0x3a10dc1a145da500d5fba38b9ec49c8ff11a981f,0x3a10dc1a145da500d5fba38b9ec49c8ff11a981f,4,5085536580,0.0,9.9e+16,285361633.0,0.0,1,15.35,4,864,1438.3271400287601,286.21271759432295,33.86223277177684
WETH_USDC,23876126,1764077543,0x3328f7f4a1d1c57c35df56bbf0c9dcafca309c49,0x6fbbd469b614f2bdae43ef14effee7508907f1184d371ca2a2c66e0c4b23910e,0x3328f7f4a1d1c57c35df56bbf0c9dcafca309c49,0x3328f7f4a1d1c57c35df56bbf0c9dcafca309c49,5,3296006996,1268616227.0,0.0,0.0,4.320927924342907e+17,0x66a9893cc07d91d95644aedd05d03f95e1dba8af,0x079d6c86518a90e40f8ec2e9e81fb44dc96a9e4cf9da638dfae981724818b2dc,0x66a9893cc07d91d95644aedd05d03f95e1dba8af,0xac86903cdda380f20a06cc8a2dea7749f1558c68,6,1095317673,651349564.0,0.0,0.0,2.2181146763490938e+17,0,3.01,1,864,1268.616227,651.349564,1.4475407019291666
WETH_USDC,23899180,1764357167,0xfbd4cdb413e45a52e2c8312f670e9ce67e794c37,0x3dd42a00a60c57a40153a1e6a60afc39b073f6adc30b81f8c767d23cf4d58831,0xfbd4cdb413e45a52e2c8312f670e9ce67e794c37,0xfbd4cdb413e45a52e2c8312f670e9ce67e794c37,1,4704748831,1522814139.0,0.0,0.0,5.0056485003996064e+17,0x365084b05fa7d5028346bd21d842ed0601bab5b8,0x155d9fcea5ce193c67dd3645dce0f5106f60dd15d84faad9bb4e1d044ef84c21,0x365084b05fa7d5028346bd21d842ed0601bab5b8,0x0d05a7d3448512b78fa8a9e46c4872c88c4a0d05,4,42992183,697731081.0,0.0,0.0,2.2930534705390493e+17,0,109.43,3,3127,1522.814139,697.731081,2.141096320395218
WETH_USDC,23900258,1764370259,0xcaa004418eb42cdf00cb057b7c9e28f0ffd840a5,0x2563d1efe79cd1df61447174edeb2aa431071e74dcce800ca352553754ab7554,0x7a250d5630b4cf539739df2c5dacb4c659f2488d,0xcaa004418eb42cdf00cb057b7c9e28f0ffd840a5,0,5000000000,730960000.0,0.0,0.0,2.4018215793317338e+17,0x00000000009e50a7ddb7a7b0e2ee6604fd120e49,0xe1c076703747f6d6343b2359b4d7ec9b12b83a5647cda65f91c1c351ea2940a6,0x00000000009e50a7ddb7a7b0e2ee6604fd120e49,0x00000000009e50a7ddb7a7b0e2ee6604fd120e49,1,468300225,64766017.0,0.0,0.0,2.1279577804374016e+16,0,10.68,1,225,730.96,64.766017,2.275847477304578
WETH_USDC,23900322,1764371027,0xcaa004418eb42cdf00cb057b7c9e28f0ffd840a5,0x9776f97015a52971db2079eb33941f3e290726b93a8348b36b9b06f497475eb6,0x7a250d5630b4cf539739df2c5dacb4c659f2488d,0xcaa004418eb42cdf00cb057b7c9e28f0ffd840a5,2,5000000000,719920000.0,0.0,0.0,2.3628529335760973e+17,0x81463b0f960f247f704377661ec81c1fd65b5128,0x5d7915a52c0bba4c467b3d33e754bae075c66a1f22e044cc36ee8a2980a35d48,0x81463b0f960f247f704377661ec81c1fd65b5128,0x81463b0f960f247f704377661ec81c1fd65b5128,3,589446053,18819472.0,0.0,0.0,6176334770339840.0,0,8.48,1,225,719.92,18.819472,2.278419914890666
WETH_USDC,23900529,1764373523,0xcaa004418eb42cdf00cb057b7c9e28f0ffd840a5,0xc1feddaae685be2a35954467731e698caf3649cd022dac3a3e6651be53b54a1d,0x7a250d5630b4cf539739df2c5dacb4c659f2488d,0xcaa004418eb42cdf00cb057b7c9e28f0ffd840a5,0,5000000000,716370000.0,0.0,0.0,2.3497579205543747e+17,0x00000000009e50a7ddb7a7b0e2ee6604fd120e49,0x455c4c329c9b411095444b4de57be8e3526836402ed7a1267dd5497df60e3d29,0x00000000009e50a7ddb7a7b0e2ee6604fd120e49,0x00000000009e50a7ddb7a7b0e2ee6604fd120e49,1,530669892,55191139.0,0.0,0.0,1.810192464137421e+16,0,9.42,1,225,716.37,55.191139,2.279833843520568
WETH_USDC,23925249,1764672071,0x365084b05fa7d5028346bd21d842ed0601bab5b8,0xca32b8f2cf4adf445b7ec04ba1f3087454f4b4025dd11f38a84392219d97b182,0x365084b05fa7d5028346bd21d842ed0601bab5b8,0x365084b05fa7d5028346bd21d842ed0601bab5b8,0,2192002979,2274685608.0,0.0,0.0,8.092031063994194e+17,0x207e1074858a7e78f17002075739ed2745dbaece,0xadfed498d426b4ae4315f5e8b4587ec28319a40bb1d9fca8d784546d64ed7c8b,0x207e1074858a7e78f17002075739ed2745dbaece,0x207e1074858a7e78f17002075739ed2745dbaece,4,111489851,9859400.0,0.0,0.0,3506654351808702.0,0,19.66,4,59,2274.685608,9.8594,0.9216913002532106
WETH_USDC,23925274,1764672371,0xfbd4cdb413e45a52e2c8312f670e9ce67e794c37,0xa2b2777b3decb7e2fdae9422e32972c81b97eb795ba8a7b360785130b56c8a95,0xfbd4cdb413e45a52e2c8312f670e9ce67e794c37,0xfbd4cdb413e45a52e2c8312f670e9ce67e794c37,1,1610519580,1252722565.0,0.0,0.0,4.450005736069776e+17,0x8d8f598c1739e518b871815dd1f20ea3c169c360,0xff1ebc61064db307edbd7d1d845b452ec4f53027dfac0c1fcd27b3220e6adfab,0x8d8f598c1739e518b871815dd1f20ea3c169c360,0x8d8f598c1739e518b871815dd1f20ea3c169c360,5,1031389507,250000000.0,0.0,0.0,8.879410388168213e+16,0,1.56,4,3127,1252.722565,250.0,0.6781387335418919
WETH_USDC,23948238,1764955847,0x92fc16a23ce77c67624feda9d24e81511e35e557,0xaf5cef89fc04d039cc8b32873557a06278e6a4e7d5f04d9a6e58b79117f48ad7,0x7a250d5630b4cf539739df2c5dacb4c659f2488d,0x92fc16a23ce77c67624feda9d24e81511e35e557,53,668084265,0.0,34686765154177.0,104441.0,0.0,0x06cff7088619c7178f5e14f0b119458d08d2f5ef,0xdcda33d0ad06ec69be468eba5b6875940cf984353183f2f778c44d4a60cf13b9,0x06cff7088619c7178f5e14f0b119458d08d2f5ef,0x06cff7088619c7178f5e14f0b119458d08d2f5ef,54,84508185,0.0,1.3125e+16,39519000.0,0.0,1,7.91,1,54,0.10475475153051196,39.63777272763075,0.3026442543882998
WETH_USDC,23977540,1765311503,0xfbd4cdb413e45a52e2c8312f670e9ce67e794c37,0x5ab73d2469c1098a1e436e34983cda9cd8f5c648d479cf4426bff05b7d6ff494,0xfbd4cdb413e45a52e2c8312f670e9ce67e794c37,0xfbd4cdb413e45a52e2c8312f670e9ce67e794c37,1,9253562318,0.0,1.0608042294359165e+18,3542759217.0,0.0,0x8c864d0c8e476bf9eb9d620c10e1296fb0e2f940,0xc25cc7b5516ff04cdff5d56be793a62415beddfa1346bdd0f8ef94ee9880c89b,0x8c864d0c8e476bf9eb9d620c10e1296fb0e2f940,0x8c864d0c8e476bf9eb9d620c10e1296fb0e2f940,5,2217703781,0.0,1.466873467334577e+17,489719699.0,0.0,1,4.17,4,3127,3552.029794902408,491.17246299959083,4.6477372757083
WETH_USDC,23977584,1765312031,0x66a9893cc07d91d95644aedd05d03f95e1dba8af,0xb64ec7561a4bca45ee81f4602602dac41dbc65ac25ada6ceadedab244ebd7782,0x66a9893cc07d91d95644aedd05d03f95e1dba8af,0x66a9893cc07d91d95644aedd05d03f95e1dba8af,12,2335723025,0.0,1.0896400573901006e+17,360539867.0,0.0,0x031f1ad10547b8deb43a36e5491c06a93812023a,0x89e9d5cbc762c74930cd48ff104b75d7790effbfb06d8d8f4881b485d817430a,0x031f1ad10547b8deb43a36e5491c06a93812023a,0xf6801d319497789f934ec7f83e142a9536312b08,15,236113027,0.0,5.802079417029184e+17,1919411281.0,0.0,1,9.89,3,14814,361.4596242212676,1924.68827807649,1.1622226456922646
WETH_USDC,24048500,1766169743,0x423d607bd4e213e9b64a54b324ab7f632feec647,0x45931d40d8bb709c8901dd7529c6bfb8c9624d871cb68317da6db4dc1c89f197,0x7a250d5630b4cf539739df2c5dacb4c659f2488d,0x423d607bd4e213e9b64a54b324ab7f632feec647,16,2549436813,0.0,2.5635494016586284e+16,75727966.0,0.0,0xfbd4cdb413e45a52e2c8312f670e9ce67e794c37,0x5ec366688d7a3c2add2a3310adef55edb2352d47ba87c2bd622b19cc75c306ea,0xfbd4cdb413e45a52e2c8312f670e9ce67e794c37,0xfbd4cdb413e45a52e2c8312f670e9ce67e794c37,17,49436813,0.0,8.785151550097486e+16,259507851.0,0.0,1,51.57,1,1474,75.95168461131011,260.28250493782355,1.1330034480639861
WETH_USDC,24052603,1766219135,0x423d607bd4e213e9b64a54b324ab7f632feec647,0xa5c685b5bb6b9e9c6503375a1625266403e720afed93efe5ad35e2ecdbf9d438,0x7a250d5630b4cf539739df2c5dacb4c659f2488d,0x423d607bd4e213e9b64a54b324ab7f632feec647,0,2529447133,0.0,5.974676427563876e+16,177785943.0,0.0,0xf5e1ff97b8ed24032a861eaef122643452268a39,0x7cf9021958a53ab79d499a3c400438094d64c7244b4c53bfe8c63d37fb8949d9,0xf5e1ff97b8ed24032a861eaef122643452268a39,0xacbf3c973eeec20c573ec930ce31198afb4ad0d5,1,29447133,0.0,1242659471189879.0,3697668.0,0.0,1,85.9,1,1474,178.31788040689156,3.708793365743469,1.1323935032120862
WETH_USDC,24076164,1766503175,0x66a9893cc07d91d95644aedd05d03f95e1dba8af,0x2c51118cdc20533decb360e37f3a3433629efa182188070be97f4e399dceb878,0x66a9893cc07d91d95644aedd05d03f95e1dba8af,0x85aa97537837514a9229fcaeb66eeef7242122bf,9,2134089711,31602080.0,0.0,0.0,1.0799635323741272e+16,0x00000000009e50a7ddb7a7b0e2ee6604fd120e49,0xf076ca7bfcd69803450d670c68422f06d1676e8d5aeaab867c9a2e9c459bae61,0x00000000009e50a7ddb7a7b0e2ee6604fd120e49,0x00000000009e50a7ddb7a7b0e2ee6604fd120e49,10,233587557,304637695.0,0.0,0.0,1.0410308376775885e+17,0,9.14,1,14814,31.60208,304.637695,0.9339665951612276
WETH_USDC,24076346,1766505359,0x66a9893cc07d91d95644aedd05d03f95e1dba8af,0x1b10444e1b9e2933d3bcced73ba546865699130edddf471282ebd0cd3dff66b6,0x66a9893cc07d91d95644aedd05d03f95e1dba8af,0x66a9893cc07d91d95644aedd05d03f95e1dba8af,18,2068033623,3942705.0,0.0,0.0,1346977784928448.0,0x00000000009e50a7ddb7a7b0e2ee6604fd120e49,0xfdbb49ff522abd91e7a0aefbee16e1cac6ce689067e0728e98dd75a3f806cd26,0x00000000009e50a7ddb7a7b0e2ee6604fd120e49,0x00000000009e50a7ddb7a7b0e2ee6604fd120e49,19,68044770,2974731.0,0.0,0.0,1016280446402560.0,0,30.39,1,14814,3.942705,2.974731,0.9052702737610175
WETH_USDC,24076644,1766508959,0x66a9893cc07d91d95644aedd05d03f95e1dba8af,0x559daa2c8a264d7ffc17156d01212dc91a2c4f1f641a836e572e1208762bb53e,0x66a9893cc07d91d95644aedd05d03f95e1dba8af,0x66a9893cc07d91d95644aedd05d03f95e1dba8af,19,389807381,0.0,5.696277806976038e+17,1678089733.0,0.0,0x8a6df6c629cf940b0cc4a32101caa4a022e80234,0x16d4c8d279919c52ce6ef3e428ab393dd570ff72527296d45e6fb712c4554bba,0x8a6df6c629cf940b0cc4a32101caa4a022e80234,0xacbf3c973eeec20c573ec930ce31198afb4ad0d5,20,58685340,0.0,1642810845523201.0,4838864.0,0.0,1,6.64,1,14814,1682.877613860883,4.853431818850358,0.17274388752579664
WETH_USDC,24173896,1767681551,0x423d607bd4e213e9b64a54b324ab7f632feec647,0xe1fa782c7b0a6b616c48490910d752eb288a9d7d63436acce32d3687d3b13bb1,0x7a250d5630b4cf539739df2c5dacb4c659f2488d,0x423d607bd4e213e9b64a54b324ab7f632feec647,20,2529531383,0.0,2.510046302194302e+16,80783988.0,0.0,0x06cff7088619c7178f5e14f0b119458d08d2f5ef,0x2792dc9f8e0b26aee87431f18fb2f2aea3fdb86301497fe72d595f241dfe2422,0x06cff7088619c7178f5e14f0b119458d08d2f5ef,0xa5c475167f03b1556c054e0da78192cd2779087f,21,29531383,0.0,7499999998253770.0,24137976.0,0.0,1,85.66,1,1474,81.02615825793738,24.21055684358441,1.2248272670002212
WETH_USDC,24199700,1767992735,0xfbd4cdb413e45a52e2c8312f670e9ce67e794c37,0x11e137285099555f6cf566292e682b2847d220de665a6365a063e2ac8cdfdfd5,0xfbd4cdb413e45a52e2c8312f670e9ce67e794c37,0xfbd4cdb413e45a52e2c8312f670e9ce67e794c37,2,4741846554,0.0,7.16928875539917e+17,2198932627.0,0.0,0xdd49677ad0e4ed52e0c717ac91dabcb5df2515ef,0xb8067fc4187588968bd6f58163196953267783af15b012db31a35552f7b8a051,0xdd49677ad0e4ed52e0c717ac91dabcb5df2515ef,0x9008d19f58aabd9ed0d60971565aa8510560ab41,4,144241283,0.0,1.8318216424951814e+17,561709339.0,0.0,1,32.87,2,3127,2204.8929384048242,563.3711713610385,2.1875107152100735
WETH_USDC,24200011,1767996479,0x66a9893cc07d91d95644aedd05d03f95e1dba8af,0xa7d8d01871d119b6c612757ea40e33d85d8f376ba0a3844b59a58c0e1b58fb19,0x66a9893cc07d91d95644aedd05d03f95e1dba8af,0xdeba8fd61c1c87b6321a501ebb19e61e610421bf,0,2041748036,323743565.0,0.0,0.0,1.0478001834423445e+17,0x3face0002c61054a67266aa0c8795e315e6d92f2,0xdbf591cdc5731321deb2b1e4e79e4f9479f2584c6a6f24dd466fd6a7653c8cf4,0x3face0002c61054a67266aa0c8795e315e6d92f2,0x3face0002c61054a67266aa0c8795e315e6d92f2,1,644608490,33971546.0,0.0,0.0,1.0994582829066952e+16,0,3.17,1,14814,323.743565,33.971546,0.9434663706224129
WETH_USDC,24224360,1768289963,0xd5cc3779ef28e3aa44c9b001085a3c0dc7fd129f,0xb242d925e0325ecd7d0d403f4a1b8d9571ea73f634888fe89cd12f1b09a08bc5,0x7a250d5630b4cf539739df2c5dacb4c659f2488d,0xd5cc3779ef28e3aa44c9b001085a3c0dc7fd129f,15,883795403,0.0,1.81536e+17,566814488.0,0.0,0x63242a4ea82847b20e506b63b0e2e2eff0cc6cb0,0xcb7e6182bc54db862ec160cbfd91ea04ed7f5824dcfc4d90b1815b8b5a33751f,0x63242a4ea82847b20e506b63b0e2e2eff0cc6cb0,0x63242a4ea82847b20e506b63b0e2e2eff0cc6cb0,18,133720983,0.0,2e+17,624399166.0,0.0,1,6.61,3,1,568.4284600312354,626.2432355359108,0.4151031695448631
WETH_USDC,24248989,1768586963,0x917d8844e1e4e8bc0c17af6d8d18b4a6a316217c,0xdc4a557ea0fe15399d1395570f3affe7ca0087316b5c7f09d3b8ffa0768c29c0,0x7a250d5630b4cf539739df2c5dacb4c659f2488d,0x917d8844e1e4e8bc0c17af6d8d18b4a6a316217c,27,2091317557,6369737.0,0.0,0.0,1938086475802274.0,0xc31a49d1c4c652af57cefdef248f3c55b801c649,0x3b8d937c6b25425ee7cd10ea5cd6fa4545216f32e9c87544ed6db5a994412877,0x7a250d5630b4cf539739df2c5dacb4c659f2488d,0xc31a49d1c4c652af57cefdef248f3c55b801c649,29,91317558,413077.0,0.0,0.0,125684698969763.0,0,22.9,2,1,6.369737,0.413077,1.0279098348387579
WETH_USDC,24249887,1768597763,0x66a9893cc07d91d95644aedd05d03f95e1dba8af,0x2a5e9c1debef7355632a32e003cc66cc8fec203cf1227402b7ca7c2f699d7c2a,0x66a9893cc07d91d95644aedd05d03f95e1dba8af,0x2049df3435bdbb36d22f98fcd2e5027049a1f3ce,75,164754991,100000000.0,0.0,0.0,3.032165952249429e+16,0x00000000009e50a7ddb7a7b0e2ee6604fd120e49,0xcaf5e4d92524898d2eb2ac1d7b96d2d7fc2a20a04db8aaf90527eec42ae6a753,0x00000000009e50a7ddb7a7b0e2ee6604fd120e49,0x00000000009e50a7ddb7a7b0e2ee6604fd120e49,76,51019261,33086966.0,0.0,0.0,1.0032401925275648e+16,0,3.23,1,14814,100.0,33.086966,0.08126026993592939
WETH_USDC,24301411,1769218643,0x66a9893cc07d91d95644aedd05d03f95e1dba8af,0xd0f135885d77d1846c86f4d596b8450bf94affc6c99f6025e8b43fbe89aa22c4,0x66a9893cc07d91d95644aedd05d03f95e1dba8af,0x8d58e202016122aae65be55694dbce1b810b4072,39,2056623101,166642050.0,0.0,0.0,5.62828107799535e+16,0x00000000009e50a7ddb7a7b0e2ee6604fd120e49,0x7a66f7110f147b7595859e305b64d08f68d530151d5f2f91177c6fece14095ba,0x00000000009e50a7ddb7a7b0e2ee6604fd120e49,0x00000000009e50a7ddb7a7b0e2ee6604fd120e49,40,56633525,29666774.0,0.0,0.0,1.0019677346463744e+16,0,36.31,1,14814,166.64205,29.666774,0.9106655067844244
WETH_USDC,24348996,1769791883,0xfbd4cdb413e45a52e2c8312f670e9ce67e794c37,0xea76e014ac835f0904de241f292a0c65c9307dc70dd3e100a1f5024c02eab0ee,0xfbd4cdb413e45a52e2c8312f670e9ce67e794c37,0xfbd4cdb413e45a52e2c8312f670e9ce67e794c37,1,16998569585,0.0,1.5157666365042537e+18,4126183698.0,0.0,0x66a9893cc07d91d95644aedd05d03f95e1dba8af,0x15d5c624f7ff83766ba0e3d9845bde0485e137f2c3d7a2afb16a0ef417f6364f,0x66a9893cc07d91d95644aedd05d03f95e1dba8af,0x66a9893cc07d91d95644aedd05d03f95e1dba8af,6,5660911921,0.0,1.98e+17,538752027.0,0.0,1,3.0,5,3127,4136.553733727957,540.3454724185289,6.95840917639853
WETH_USDC,24374165,1770095579,0x423d607bd4e213e9b64a54b324ab7f632feec647,0xbd7efa852be57be896b3fff8b644ba496431e43aecdeccfe8caaf6626d32f1db,0x7a250d5630b4cf539739df2c5dacb4c659f2488d,0x423d607bd4e213e9b64a54b324ab7f632feec647,62,2579400418,0.0,4380078516881.0,10191.0,0.0,0x49e55995ef73717895a638074de5af89fa1e301c,0xc26b0205e827571484d8f72571e5665db6632adf384c39afe9e51e1b955dcace,0x49e55995ef73717895a638074de5af89fa1e301c,0x49e55995ef73717895a638074de5af89fa1e301c,63,278500320,0.0,1.404266589447305e+17,326738377.0,0.0,1,9.26,1,1474,0.010221690399769737,327.71052529652366,0.9029232828207643
WETH_USDC,24399204,1770398015,0x66a9893cc07d91d95644aedd05d03f95e1dba8af,0xe7cd44a6aeda925e583b22fe9ad08db2efd8116a626fa798e3f170f523d05caf,0x66a9893cc07d91d95644aedd05d03f95e1dba8af,0x06cd6245156c3608ae67d690c125e86a8bc6a88c,20,6089482921,0.0,9.925079803804072e+16,202563061.0,0.0,0xeff6cb8b614999d130e537751ee99724d01aa167,0x8013e01043836c1317627149ef0519a4a790d658b1b7e530bce571f2073c03aa,0xeff6cb8b614999d130e537751ee99724d01aa167,0xeff6cb8b614999d130e537751ee99724d01aa167,21,697571608,0.0,1.0300095741842323e+18,2101637729.0,0.0,1,8.73,1,14814,203.07276019236477,2107.4579891436756,1.8689140984606012
WETH_USDC,24424756,1770707003,0xfbd4cdb413e45a52e2c8312f670e9ce67e794c37,0xcde6a5e9818194f96cb96179a1ed0a7153fa72eeefd82d76579c1392ebd4114d,0xfbd4cdb413e45a52e2c8312f670e9ce67e794c37,0xfbd4cdb413e45a52e2c8312f670e9ce67e794c37,0,7032586711,2043452506.0,0.0,0.0,1.0146357340036054e+18,0x7a250d5630b4cf539739df2c5dacb4c659f2488d,0x716a28cf584682250fbd7cdcaf88b3a50988d70f7417140521b2ee299539951d,0x7a250d5630b4cf539739df2c5dacb4c659f2488d,0x7a250d5630b4cf539739df2c5dacb4c659f2488d,3,201475503,30174780.0,0.0,0.0,1.4979261213243968e+16,0,34.91,3,3127,2043.452506,30.17478,2.1186376044175304
WETH_USDC,24426593,1770729155,0x423d607bd4e213e9b64a54b324ab7f632feec647,0x439e008b9b9bdef8391f78d92fdf2db688bfee8e54cb6a3f50a3d21afcf8ee19,0x7a250d5630b4cf539739df2c5dacb4c659f2488d,0x423d607bd4e213e9b64a54b324ab7f632feec647,22,2602651003,0.0,7258497298692971.0,14534999.0,0.0,0x06cff7088619c7178f5e14f0b119458d08d2f5ef,0x9ded4879839826493af9105803f1418e92a2dc32937cc5e6b541f600ef5c5dc3,0x06cff7088619c7178f5e14f0b119458d08d2f5ef,0xe71f731c2b76b145354a2bd9e8216f7b0e40d555,23,102651003,0.0,3e+16,60073920.0,0.0,1,25.35,1,1474,14.578518860190112,60.25428512378967,0.7841043780623959
WETH_USDC,24448612,1770994763,0x66a9893cc07d91d95644aedd05d03f95e1dba8af,0x04a426135688abcc50e175bf35a64ec1d51c7450d674175402f98fbce5aa36c0,0x66a9893cc07d91d95644aedd05d03f95e1dba8af,0x66a9893cc07d91d95644aedd05d03f95e1dba8af,11,1191078140,7140444.0,0.0,0.0,3574619876821429.0,0xcf9997ff3178ee54270735fdc00d4a26730787e0,0xbadff74e527c84ff5d56e9cc20233075f5b75f2c901aac410d7877f5664f2f46,0xcf9997ff3178ee54270735fdc00d4a26730787e0,0xcf9997ff3178ee54270735fdc00d4a26730787e0,12,191078140,4990223.0,0.0,0.0,2498181683260295.0,0,6.23,1,14814,7.140444,4.990223,0.3558140940949386
WETH_USDC,24448621,1770994871,0x66a9893cc07d91d95644aedd05d03f95e1dba8af,0x0f811d4eef4fee408dde6bff4b590ba142030ac54aa476e27df87bd728b8e7b0,0x66a9893cc07d91d95644aedd05d03f95e1dba8af,0x66a9893cc07d91d95644aedd05d03f95e1dba8af,25,1169292204,7995611.0,0.0,0.0,4002716194209098.0,0xcf9997ff3178ee54270735fdc00d4a26730787e0,0x4da64e9a3cf5c086f80222ebd64e51a9bf8a60f0c9983075bb06a09d266d774a,0xcf9997ff3178ee54270735fdc00d4a26730787e0,0xcf9997ff3178ee54270735fdc00d4a26730787e0,26,169292204,4595686.0,0.0,0.0,2300662347689383.0,0,6.91,1,14814,7.995611,4.595686,0.3493068925717372
WETH_USDC,24448754,1770996479,0x66a9893cc07d91d95644aedd05d03f95e1dba8af,0x0b8b5faa71caa664ba76070e937917feba638241d5f6bdc751595468196f2d44,0x66a9893cc07d91d95644aedd05d03f95e1dba8af,0x841109a0c973545aa7f963931a61192c219f0065,16,2276374836,0.0,1.6406125301670268e+16,33250000.0,0.0,0x8a6df6c629cf940b0cc4a32101caa4a022e80234,0x930bba8f0e99d73af6ed71a36ded70a2b1d01be8e95b327150cb5333b4c49bd9,0x8a6df6c629cf940b0cc4a32101caa4a022e80234,0xa2eba33af2de4432696b0eca8be114d3f028badc,17,276374836,0.0,3680864377823597.0,7459900.0,0.0,1,8.24,1,14814,33.34987375898874,7.4823494315186085,0.6941018553693156
WETH_USDC,24448924,1770998531,0x66a9893cc07d91d95644aedd05d03f95e1dba8af,0xa1ed1620a1cc0e217c4c6f2a3f984e1a64756dbc771d053e35bbe7dfc6cb4091,0x66a9893cc07d91d95644aedd05d03f95e1dba8af,0x66a9893cc07d91d95644aedd05d03f95e1dba8af,42,1354498345,9693762.0,0.0,0.0,4758269172104900.0,0x9c333696a78305cad94b628b0bc81063991426c6,0x87000db125e6dc473840fea3dc510b5f0aaba15768aee6da67d768d0383a5402,0x9c333696a78305cad94b628b0bc81063991426c6,0x9c333696a78305cad94b628b0bc81063991426c6,45,354498345,3390018.0,0.0,0.0,1664018059883527.0,0,3.82,3,14814,9.693762,3.390018,0.41267636033744787
WETH_USDC,24476043,1771325171,0xfbd4cdb413e45a52e2c8312f670e9ce67e794c37,0x1b8aa5f84d92f48eb26b530e17cd55a00e874a0b05e991bdc1e372823b0d09a4,0xfbd4cdb413e45a52e2c8312f670e9ce67e794c37,0xfbd4cdb413e45a52e2c8312f670e9ce67e794c37,1,1861739998,0.0,5.3575912836288224e+17,1051430236.0,0.0,0x990636ecb3ff04d33d92e970d3d588bf5cd8d086,0xb469881dfeecfde1ff998da928ab408c6bc6fd21e847fea889f71d0073571200,0x990636ecb3ff04d33d92e970d3d588bf5cd8d086,0x990636ecb3ff04d33d92e970d3d588bf5cd8d086,4,485060291,0.0,2.929059915330952e+17,574725426.0,0.0,1,3.84,3,3127,1054.335238033291,576.4178190450751,0.5495654614263273
WETH_USDC,24498835,1771599803,0x423d607bd4e213e9b64a54b324ab7f632feec647,0x294d095df14bfc8652524108eb03c49ebbb23f09dafed08a418d7ea0ec98d10c,0x7a250d5630b4cf539739df2c5dacb4c659f2488d,0x423d607bd4e213e9b64a54b324ab7f632feec647,92,2708755725,0.0,4930463908253717.0,9678972.0,0.0,0x49e55995ef73717895a638074de5af89fa1e301c,0x49fab2050c2286caee03d2b6544d863d22c92f8a5366659ae2018cd3ad466d67,0x49e55995ef73717895a638074de5af89fa1e301c,0x49e55995ef73717895a638074de5af89fa1e301c,93,775367625,0.0,6.644744167031595e+16,130440657.0,0.0,1,3.49,1,1474,9.707804581759877,130.83125456277475,0.800008023403326
WETH_USDC,24525321,1771918775,0x15e2cbb7df22d15a40c7bf6f5a3544fcd09c5f16,0x2a646edde0f06a3447af86f014fa11d4f625d8d0b175eee9ff0a0485c3592be6,0x15e2cbb7df22d15a40c7bf6f5a3544fcd09c5f16,0x15e2cbb7df22d15a40c7bf6f5a3544fcd09c5f16,6,143916109,1364954.0,0.0,0.0,745702602380966.0,0x56613ad9f3d5df30c48f278bf2b9e41bbe287039,0xfdacac5467e81373a7b8c0c8c677750adfd1254b6661abddd5b7ae7eeb748b74,0x56613ad9f3d5df30c48f278bf2b9e41bbe287039,0x56613ad9f3d5df30c48f278bf2b9e41bbe287039,10,43916109,32941862.0,0.0,0.0,1.7996749482241428e+16,0,3.28,4,12,1.364954,32.941862,0.03939594751643311
WETH_USDC,24549914,1772215163,0xfbd4cdb413e45a52e2c8312f670e9ce67e794c37,0x6f7f611e2e3c19b019da830c3e9e513ec4877d7e6675261d6d8c78120dd04bfb,0xfbd4cdb413e45a52e2c8312f670e9ce67e794c37,0xfbd4cdb413e45a52e2c8312f670e9ce67e794c37,0,12112802750,3626240462.0,0.0,0.0,1.8756844870693832e+18,0x9c333696a78305cad94b628b0bc81063991426c6,0x8bce8d1a18338e363e379ae14a5e7e442c0be7f06e41eef0f7527ea382ae67d4,0x9c333696a78305cad94b628b0bc81063991426c6,0x9c333696a78305cad94b628b0bc81063991426c6,5,102982765,31962584.0,0.0,0.0,1.6525962750404268e+16,0,117.62,5,3127,3626.240462,31.962584,3.503545265057411
WETH_USDC,24550142,1772217899,0x3e77ad644b4f5ff6ae0b9893bd7bd3cd0136a578,0x77a625df023b711883314bf889fcb0d5340d79a6d8199ecd1bfb89495456896c,0x7a250d5630b4cf539739df2c5dacb4c659f2488d,0x3e77ad644b4f5ff6ae0b9893bd7bd3cd0136a578,6,2062314621,19976000.0,0.0,0.0,1.0357832627271276e+16,0x00000000009e50a7ddb7a7b0e2ee6604fd120e49,0xc2d303c05cec75a28cde79e337bd448de81292b72437e5c19302cdcfd971a7dc,0x00000000009e50a7ddb7a7b0e2ee6604fd120e49,0x00000000009e50a7ddb7a7b0e2ee6604fd120e49,7,268957111,1969261.0,0.0,0.0,1021092286169088.0,0,7.67,1,2,19.976,1.969261,0.5948119879802051
WETH_USDT,10875946,1600297016,0xe33c8e3a0d14a81f0dd7e174830089e82f65fc85,0xb2406f95378339209f7aec3e0156e8a9f94cd099a47e1dfcad26af32ee590329,0xe33c8e3a0d14a81f0dd7e174830089e82f65fc85,0xe33c8e3a0d14a81f0dd7e174830089e82f65fc85,5,759013009040,3.1044051552822624e+17,0.0,0.0,113570364.0,0xf24d64030ab3198fde9d8964631d801d691c50e1,0xfefd16c9b922a7d4123711eb210b876c817a530511e6e3ddc9e250f7a8f75d02,0x7a250d5630b4cf539739df2c5dacb4c659f2488d,0xf24d64030ab3198fde9d8964631d801d691c50e1,7,380000000000,1.1888888133197537e+19,0.0,0.0,4349143947.0,0,2.0,2,45,113.89649068306191,4361.8747191894145,41.77076466582546
WETH_USDT,10876013,1600298052,0xd0b9bd17279e4305db1b19d3bbdffa86679f6293,0x474ae40870bb1a0dff32c8af811568d4e3b1027c34b30cc12236ed0c11829c60,0x7a250d5630b4cf539739df2c5dacb4c659f2488d,0xd0b9bd17279e4305db1b19d3bbdffa86679f6293,4,200000000000,8e+18,0.0,0.0,2933032979.0,0x1e9b53678d16a6e1106f197ccf1d0c28f685e840,0x12e8d02db04c3c1c9e186a5600a2014720238daf17da127986438f7e36607812,0x7a250d5630b4cf539739df2c5dacb4c659f2488d,0x1e9b53678d16a6e1106f197ccf1d0c28f685e840,9,120000000000,2.3207728430537933e+19,0.0,0.0,8507408724.0,0,1.67,5,47,2935.093455550098,8514.60647933198,11.006600458312867
WETH_USDT,10926017,1600959555,0x3930f8809fd21dc3ec725a92f16d5468ebf27e88,0xe5905520a34f0a3a4b1f13f710c0ff8d9940e33e96a050a8a09d06b4cdc126b0,0x3930f8809fd21dc3ec725a92f16d5468ebf27e88,0x3930f8809fd21dc3ec725a92f16d5468ebf27e88,1,333000000000,0.0,1453210419.0,4.2905433622614385e+18,0.0,0x54965801946d768b395864019903aef8b5b63bb3,0xef0c385f1d4a7c3c9fd703278931274e56df9beffa5722173d65b9c0db36fd83,0x7a250d5630b4cf539739df2c5dacb4c659f2488d,0x54965801946d768b395864019903aef8b5b63bb3,4,200000000000,0.0,500000000.0,1.476214564850619e+18,0.0,1,1.67,3,3,1453.210419,500.0,16.190019834980813
WETH_USDT,11176112,1604299681,0xa7503f592fea15f094069de68f38a08e36058d41,0x0bc32dac277f56bfc4b17eec3e6437e5644a062dcec8edf3337f4b08981055be,0x7a250d5630b4cf539739df2c5dacb4c659f2488d,0xa7503f592fea15f094069de68f38a08e36058d41,1,200000000000,6.588162542071423e+18,0.0,0.0,2614204135.0,0xc19dedaba0aba080b73f4ba54b727259bbf26973,0x90d66c80e5844a11991675992bed16c732024b885b89edf8960d87245ffdbaa5,0x7a250d5630b4cf539739df2c5dacb4c659f2488d,0xc19dedaba0aba080b73f4ba54b727259bbf26973,2,120000000000,6e+17,0.0,0.0,238079397.0,0,1.67,1,4,2614.204135,238.079397,11.900200849690252
WETH_USDT,11201165,1604631321,0xa57bd00134b2850b2a1c55860c9e9ea100fdd6cf,0x5f64388f6466ddbd7ee531ec86a08f7f33d7e7f6ff8ddfd438d803ae18c53e81,0xa57bd00134b2850b2a1c55860c9e9ea100fdd6cf,0x56178a0d5f301baf6cf3e1cd53d9863437345bf9,0,3659460630365,0.0,127063633063.0,2.9487780898754285e+20,0.0,0x15dd3ed6af21d714ee15d3b7a4a9aec21b92fd95,0xba5595837cb27b27f4d01aa5509a55b2065d015f6b48e4bb16326f915efbdff7,0x7a250d5630b4cf539739df2c5dacb4c659f2488d,0x15dd3ed6af21d714ee15d3b7a4a9aec21b92fd95,3,1002610000000,0.0,129698395087.0,3.007e+20,0.0,1,3.65,3,1864,127063.633063,129698.395087,225.34723904348937
WETH_USDT,11225921,1604959740,0x7a250d5630b4cf539739df2c5dacb4c659f2488d,0x9b1957d322c57025dd3ba3be702737cd9d051986911caba2cd93c29b24cb7942,0x7a250d5630b4cf539739df2c5dacb4c659f2488d,0x7a250d5630b4cf539739df2c5dacb4c659f2488d,9,60000000000,0.0,1043570169.0,2.3246293505297915e+18,0.0,0x708d25aa102e8096c5cebb9e6abf01a24bb3d6bf,0xa8644bd71d7bd746338ae2d1861b6aeff7ac70d3beb2f154b50a4a960d25c689,0x7a250d5630b4cf539739df2c5dacb4c659f2488d,0x708d25aa102e8096c5cebb9e6abf01a24bb3d6bf,14,33000000000,0.0,400000000.0,8.910244136484826e+17,0.0,1,1.82,5,12026,1043.570169,400.0,4.024648226580247
WETH_USDT,11226087,1604961721,0xe493224a92656e39ad74fa9978abb655e68d952c,0x7c0dfc445c0dded49c6a361db03a93e52dc65cf314738356d1c3ed999b5818b6,0x7a250d5630b4cf539739df2c5dacb4c659f2488d,0xe493224a92656e39ad74fa9978abb655e68d952c,2,117000000000,3.3042e+19,0.0,0.0,14665567006.0,0x4d71253885dd602e6e46766e8a76381d7c98a657,0xb55fb4ef4976dacf815cc01079564a158bf9f7cc5bb86483f81ec4337d37af2a,0x7a250d5630b4cf539739df2c5dacb4c659f2488d,0x4d71253885dd602e6e46766e8a76381d7c98a657,7,50000000000,3.3828771038041114e+18,0.0,0.0,1501381844.0,0,2.34,5,3,14775.825189184949,1512.765592951571,7.848064041831482
WETH_USDT,11326177,1606288794,0xa57bd00134b2850b2a1c55860c9e9ea100fdd6cf,0x45d9f4e693b2369d3f9d8ca8c4783f3f68cdc655549e12834cf4b0a197b8b8e0,0xa57bd00134b2850b2a1c55860c9e9ea100fdd6cf,0x56178a0d5f301baf6cf3e1cd53d9863437345bf9,3,705870000001,1.5230147553933404e+20,0.0,0.0,90847750170.0,0x893933722e531d701fa7f88762d4edf37d71e9a3,0xc13a3dad32313b8d41236f82321d2a3eb4bb3fb3edafc6a6b9ba0785c98d980f,0x7a250d5630b4cf539739df2c5dacb4c659f2488d,0x893933722e531d701fa7f88762d4edf37d71e9a3,8,300000000000,6.1e+19,0.0,0.0,36332959258.0,0,2.35,5,1864,91770.53522178218,36756.063122204934,63.79918592485463
WETH_USDT,11526258,1608945757,0xd90a1ba0cbaaaabfdc6c814cdf1611306a26e1f8,0xd24808fb7fb73e5e90f06f4ba80efce793e53cca309ef5f1e3a25ee274dc009c,0x7a250d5630b4cf539739df2c5dacb4c659f2488d,0xd90a1ba0cbaaaabfdc6c814cdf1611306a26e1f8,1,300000000000,0.0,6000000000.0,9.5959546508405e+18,0.0,0x83a40563a19c6f19dfb93e5c496280129d97e423,0xadf65c63aa30b60311101eae6fb36a31126d98d38d18892cd90f8a4708eea9e3,0x7a250d5630b4cf539739df2c5dacb4c659f2488d,0x83a40563a19c6f19dfb93e5c496280129d97e423,2,188000000000,0.0,563393090.0,9.009467679324022e+17,0.0,1,1.6,1,165,6000.0,563.39309,27.807202426520362
WETH_USDT,11626100,1610268703,0x0f4ee9631f4be0a63756515141281a3e2b293bbe,0xd8d64aabf9cf5087e52c568129073c0b074af766791789d161a3cb5fcc38cc17,0x7a250d5630b4cf539739df2c5dacb4c659f2488d,0x0f4ee9631f4be0a63756515141281a3e2b293bbe,12,220000000000,0.0,31787451150.0,2.39095709767934e+19,0.0,0x9973bb0fe5f8df5de730776df09e946c74254fb3,0xd6d385c32d0780ddbc6cb205e99b0c5214a0e30e70f07b86ba8c1e9e44863e57,0x7a250d5630b4cf539739df2c5dacb4c659f2488d,0x9973bb0fe5f8df5de730776df09e946c74254fb3,16,94300000000,0.0,4000000000.0,3.007583331063632e+18,0.0,1,2.33,4,151,31787.45115,4000.0,42.37826712080293
WETH_USDT,11826029,1612923587,0xa57bd00134b2850b2a1c55860c9e9ea100fdd6cf,0x3fb525675a9ea86e803eebd65ca121195d1e8dd62daa28edeef082165fd5117d,0xa57bd00134b2850b2a1c55860c9e9ea100fdd6cf,0x56178a0d5f301baf6cf3e1cd53d9863437345bf9,25,2398226982605,0.0,296959060780.0,1.6421579840869004e+20,0.0,0xae4cf31e2cf9ff032ba212e0c34e032b19d3f276,0xb21b646210dace2123107dc845449998df50ca5e85a45663add6995e043888a7,0x7a250d5630b4cf539739df2c5dacb4c659f2488d,0xae4cf31e2cf9ff032ba212e0c34e032b19d3f276,30,530150000000,0.0,65391870783.0,3.60488447964e+19,0.0,1,4.52,5,1864,296959.06078,65391.870783,624.3317125068899
WETH_USDT,12251114,1618576560,0xa3d588a914c7534356a006ae3c1d8ae19c9694e1,0x4caa2851546f9cfa59339cb507871d19f08be9bdb328bc0eafbdb2ef41321c52,0x7a250d5630b4cf539739df2c5dacb4c659f2488d,0xa3d588a914c7534356a006ae3c1d8ae19c9694e1,67,801000000000,0.0,10000000000.0,4.1696874792140283e+18,0.0,0x043957f7554275b90c5178872fae851dcfc1089d,0x48d467bd97d27caa15a3503c777210aa804c7a1250af9aaa9b05ea88bfaea0df,0x043957f7554275b90c5178872fae851dcfc1089d,0xa3d588a914c7534356a006ae3c1d8ae19c9694e1,72,500000000000,0.0,10000000000.0,4.168556325539317e+18,0.0,1,1.6,5,37,10378.373332055795,10375.557884809305,299.0539607734707
WETH_USDT,12251115,1618576603,0xa3d588a914c7534356a006ae3c1d8ae19c9694e1,0xdd9c15f3690e2c99ef6c5e8adce35b9e0c5ca3e28be09cfaa93d783ba8f7edec,0x7a250d5630b4cf539739df2c5dacb4c659f2488d,0xa3d588a914c7534356a006ae3c1d8ae19c9694e1,0,800000000000,0.0,20000000000.0,8.335527586657821e+18,0.0,0x043957f7554275b90c5178872fae851dcfc1089d,0x2b41f19a58a6e4151e94e2f084becbc34317b1e3161b9622dff7f1bc6c5c5081,0x043957f7554275b90c5178872fae851dcfc1089d,0xa3d588a914c7534356a006ae3c1d8ae19c9694e1,2,356000000000,0.0,20000000000.0,8.333266845765431e+18,0.0,1,2.25,2,37,20747.170536217647,20741.543540644183,298.68061001095697
WETH_USDT,12576147,1622919156,0xda3a20aad0c34fa742bd9813d45bbf67c787ae0b,0x28337075da909195cbe27562e1410a907a80498d407af875a3c82461a5496afe,0x7a250d5630b4cf539739df2c5dacb4c659f2488d,0xda3a20aad0c34fa742bd9813d45bbf67c787ae0b,0,168000000000,0.0,9694251883.0,3.677463096522702e+18,0.0,0xfd3dfb524b2da40c8a6d703c62be36b5d8540626,0x7da54a688baa71971705dd142949e677fd409371a66533817a976b7760334abf,0xfd3dfb524b2da40c8a6d703c62be36b5d8540626,0xfd3dfb524b2da40c8a6d703c62be36b5d8540626,5,36428571429,0.0,513201093.0,1.94660999186676e+17,0.0,1,4.61,5,173,9934.816079756469,525.8846041582054,68.07882462412563
WETH_USDT,12676075,1624257383,0x30ec72f98e82f57da2565300000000004b2d83ab,0xf3569e166f204409c314d490001fcb83cb201e2100ddac77ca4f552a6944cfde,0x30ec72f98e82f57da2565300000000004b2d83ab,0x30ec72f98e82f57da2565300000000004b2d83ab,10,182467368847,0.0,15782918383.0,7.73859525689035e+18,0.0,0x0000000000007f150bd6f54c40a34d7c3d5e9f56,0x67617f8c57206ce2e10e0a9f970a89c8979861d49fbd0ce634f2f0bc343e4169,0x0000000000007f150bd6f54c40a34d7c3d5e9f56,0xdfee68a9adb981cd08699891a11cabe10f25ec44,15,96817721822,0.0,8013792112.0,3.9285671545071165e+18,0.0,1,1.88,5,14,17476.77713758429,8872.242357968222,61.8124110583445
WETH_USDT,13026654,1628988431,0xf0936e53d924d7f442a04c038082a46c77ecc8d8,0xf67453ec80e2a3922442d41cd0b08ce2e35a8f47e0c0688edd9879890dbb26ce,0x7a250d5630b4cf539739df2c5dacb4c659f2488d,0xf0936e53d924d7f442a04c038082a46c77ecc8d8,1,50000000000,0.0,3330650426.0,1.01742541162657e+18,0.0,0x9d4b552c992ee3b863f3b51e95e46ecf38c21429,0xc184750800704ad0aa6cfceae9075b2b9ddf3ccf97a3ea551b8c80233e717d32,0x7a250d5630b4cf539739df2c5dacb4c659f2488d,0x9d4b552c992ee3b863f3b51e95e46ecf38c21429,4,28928448446,0.0,10558015512.0,3.2248523959882086e+18,0.0,1,1.73,3,9,3330.650426,10558.015512,24.52262346223004
WETH_USDT,13726175,1638432003,0x4d246be90c2f36730bb853ad41d0a189061192d3,0x2b5bb54731ba4fbe1505c3f3e5c3709b4d32b7568e8cd6cbc04d5e4d84ea00e0,0x4d246be90c2f36730bb853ad41d0a189061192d3,0x4d246be90c2f36730bb853ad41d0a189061192d3,0,10505182556728,0.0,500000000000.0,1.1119571565334808e+20,0.0,0x000000000000f0bc41c73af48f022f8c27b5350e,0x9be61ab28f29a6c889dd9c8aca837c0d61243a82453b7174f288af2d3a48f684,0x000000000000f0bc41c73af48f022f8c27b5350e,0x32000000c000a0c45c00288559ad8f42dc006cce,3,90936455663,0.0,377176794429.0,8.321779708478277e+19,0.0,1,115.52,3,19,510533.41459619405,382078.264897503,7234.874145280841
WETH_USDT,13801123,1639455343,0x498c5431eb517101582988fbb36431ddaac8f4b1,0x6251d3448062aacd8f38e093c88772091a101f6cb568d40f01f8ef3f0c8caf0a,0x7a250d5630b4cf539739df2c5dacb4c659f2488d,0x498c5431eb517101582988fbb36431ddaac8f4b1,1,125000000000,3.856902768153466e+19,0.0,0.0,145000000000.0,0x6c80eada4d9783cb57fbab5945f5726956640f6d,0x2b4345b2a145e2f54ff91987c5c4a1fa8598d1b1d9087d6f16a6084b527e50d0,0x7a250d5630b4cf539739df2c5dacb4c659f2488d,0x6c80eada4d9783cb57fbab5945f5726956640f6d,2,73147601992,2.2831382280843645e+19,0.0,0.0,85620510408.0,0,1.71,1,110,145000.0,85620.510408,70.09322408872953
WETH_USDT,13950982,1641460647,0x7a250d5630b4cf539739df2c5dacb4c659f2488d,0xcd0745232cbeaae0d46f9210d4f8b18c369d4fe3b6e634cffa7f786b034c769a,0x7a250d5630b4cf539739df2c5dacb4c659f2488d,0x7a250d5630b4cf539739df2c5dacb4c659f2488d,4,242294000000,0.0,49614426006.0,1.4712e+19,0.0,0xb3c839dbde6b96d37c56ee4f9dad3390d49310aa,0xa9b4af2c56a6ef9e82dbeb2361afe00b7a8f27ee73c6c077e02f1b57889b2a29,0x7a250d5630b4cf539739df2c5dacb4c659f2488d,0xb3c839dbde6b96d37c56ee4f9dad3390d49310aa,7,160820000005,0.0,500108342600.0,1.4730039654569003e+20,0.0,1,1.51,3,12026,51943.46314885537,520071.5551782785,128.31963152721005
WETH_USDT,14051014,1642796089,0xe33cb50a2090211ae988231ba0fbab9eb6d5ea70,0xeec9435feb109d8fc18aadafc349334fb82522c2280d09ab07e2ffef2d82762d,0xe33cb50a2090211ae988231ba0fbab9eb6d5ea70,0xe33cb50a2090211ae988231ba0fbab9eb6d5ea70,13,437978562424,0.0,53641471148.0,1.9862162925e+19,0.0,0xc76225124f3caab07f609b1d147a31de43926cd6,0x8441112935ad6f56d97137e10d76bcf33e124a69ea192faed9c4d54a42cab936,0x7a250d5630b4cf539739df2c5dacb4c659f2488d,0xc76225124f3caab07f609b1d147a31de43926cd6,14,208739561231,0.0,1652381064.0,6.113692399391013e+17,0.0,1,2.1,1,7,54818.17361641337,1687.3361307762175,181.31850719797157
WETH_USDT,14051014,1642796089,0xe33cb50a2090211ae988231ba0fbab9eb6d5ea70,0xeec9435feb109d8fc18aadafc349334fb82522c2280d09ab07e2ffef2d82762d,0xe33cb50a2090211ae988231ba0fbab9eb6d5ea70,0xe33cb50a2090211ae988231ba0fbab9eb6d5ea70,13,437978562424,0.0,53641471148.0,1.9862162925e+19,0.0,0x58418d6c83efab01ed78b0ac42e55af01ee77dba,0x4da5b4b87101c3c83c761028f2dc4f2c343f697340566bf45ef385038c964a65,0x58418d6c83efab01ed78b0ac42e55af01ee77dba,0x5aa3393e361c2eb342408559309b3e873cd876d6,15,207739561231,0.0,5571553419.0,2.0612292340594217e+18,0.0,1,2.11,2,7,54818.17361641337,5688.847807892812,181.31850719797157
WETH_USDT,14526849,1649173892,0x6f118ecebc31a5ffe49b87c47ea80f93a2af0a8a,0x83a53935637142db68e5aa1ac8fed72fbe80bbe9cd121af5835db03aef8ca986,0x7a250d5630b4cf539739df2c5dacb4c659f2488d,0x6f118ecebc31a5ffe49b87c47ea80f93a2af0a8a,5,221375740918,5.14e+18,0.0,0.0,17677695707.0,0xe7cb39ce6d0116fabc7ae3833057e5b3fb394d16,0xc688970f98d4b9b66c636bdcdec76ff52fd4d2365cf3a91dbe1bc560a385371e,0x7a250d5630b4cf539739df2c5dacb4c659f2488d,0xe7cb39ce6d0116fabc7ae3833057e5b3fb394d16,10,79330545765,8.027933300306655e+17,0.0,0.0,2760356977.0,0,2.79,5,20,18065.604418064155,2821.5849668860747,116.71069736907918
WETH_USDT,14576523,1649844600,0x68b3465833fb72a70ecdf485e0e4c7bd8665fc45,0x6251c66e87617ba2be31babee8c85a4cb4060d8f1e8566e70f6c16bc1a8cec77,0x68b3465833fb72a70ecdf485e0e4c7bd8665fc45,0xccb63225a7b19dcf66717e4d40c9a72b39331d61,2,190018136793,0.0,9414590909.0,3.076348823172128e+18,0.0,0xccb63225a7b19dcf66717e4d40c9a72b39331d61,0x6fb2dfd4a7680a3b14e42768a77c1115bbf7a13b5aab497e11ccb845bc362af0,0x7a250d5630b4cf539739df2c5dacb4c659f2488d,0xccb63225a7b19dcf66717e4d40c9a72b39331d61,6,86000000000,0.0,10000000000.0,3.266735514554953e+18,0.0,1,2.21,4,22891,9418.883636796321,10001.792206403985,87.26702442777433
WETH_USDT,14776404,1652569033,0x7a250d5630b4cf539739df2c5dacb4c659f2488d,0x2b973764e98fa91216df3e7e7d5008205c5bb0c2f5a39dd94e7cedd4d4f96427,0x7a250d5630b4cf539739df2c5dacb4c659f2488d,0x7a250d5630b4cf539739df2c5dacb4c659f2488d,2,58800000000,0.0,40045286759.0,1.9437e+19,0.0,0xa57bd00134b2850b2a1c55860c9e9ea100fdd6cf,0xd06aacf9c7ddc4684acf5f1a5c7d355311d87fed79035902b37ae9bc342baffa,0xa57bd00134b2850b2a1c55860c9e9ea100fdd6cf,0x56178a0d5f301baf6cf3e1cd53d9863437345bf9,7,36251417853,0.0,14307633815.0,6.936563565734075e+18,0.0,1,1.62,5,12026,40045.286759,14307.633815,17.36735192677149
WETH_USDT,14800984,1652907040,0x8aff5ca996f77487a4f04f1ce905bf3d27455580,0x33335bd001a930e8ac930a1f339bd7b98613bf6ecab9a18dd3e8cf7961863bde,0x8aff5ca996f77487a4f04f1ce905bf3d27455580,0x8aff5ca996f77487a4f04f1ce905bf3d27455580,0,77728935383,0.0,35453000000.0,1.8057926204331293e+19,0.0,0x629d22e6eeac46a11dbc96be93b90aee9309be4c,0x9bb5f6e933a5c0607e3a388bb912c9330c77fdc6c6ecec7dcc6f7913a85f57f5,0x7a250d5630b4cf539739df2c5dacb4c659f2488d,0x629d22e6eeac46a11dbc96be93b90aee9309be4c,4,48888961857,0.0,1512340768.0,7.696886260645422e+17,0.0,1,1.59,4,403,35850.96721448667,1528.0869678039003,23.14765396508674
WETH_USDT,14877375,1653980939,0x90544c3f88d0a9e374ed35490028f45642a8b3f2,0xdc30c2d697497cba0bfe58d99262b5400d2457baf7b029c1e13a5502405eca7c,0x7a250d5630b4cf539739df2c5dacb4c659f2488d,0x90544c3f88d0a9e374ed35490028f45642a8b3f2,3,46000000000,0.0,400000000.0,2.0270943680654525e+17,0.0,0x4a14347083b80e5216ca31350a2d21702ac3650d,0x4a42228dac12871aa943a565d98250aa8168dafdb825f4c00b331fd63a3420c2,0x7a250d5630b4cf539739df2c5dacb4c659f2488d,0x4a14347083b80e5216ca31350a2d21702ac3650d,6,29149953526,0.0,150000000.0,7.601601226333677e+16,0.0,1,1.58,3,3,400.0,150.0,13.266502892825399
WETH_USDT,15076503,1656943943,0xe7cb39ce6d0116fabc7ae3833057e5b3fb394d16,0x2762601b4a9de9fd171bdbf390f6a2410ca696de6319046f74d78d4cd183f8c5,0x7a250d5630b4cf539739df2c5dacb4c659f2488d,0xe7cb39ce6d0116fabc7ae3833057e5b3fb394d16,0,175660428067,5.638997992823114e+18,0.0,0.0,6132588712.0,0x8032eaede5c55f744387ca53aaf0499abcd783e5,0x79b21aa3ed898e9736a4a8967d1e758a3fba972b376bc736c0e4a8344b53d41b,0x8032eaede5c55f744387ca53aaf0499abcd783e5,0xf6887ad6f3b342840dbea138e8003f2ca14f4500,4,25659428067,6.5e+17,0.0,0.0,706547030.0,0,6.85,4,195,6132.588712,706.54703,27.733165813603247
WETH_USDT,15077404,1656955703,0xbeefbabeea323f07c59926295205d3b7a17e8638,0x73386274f934f06d38e7aa4881729650733a22cb0c997060d3ecd414da42a8f5,0xbeefbabeea323f07c59926295205d3b7a17e8638,0xbeefbabeea323f07c59926295205d3b7a17e8638,7,1496641519666,0.0,44994600000.0,4.0029384686509834e+19,0.0,0xa57bd00134b2850b2a1c55860c9e9ea100fdd6cf,0x15597d80b144dce87e34a0dcbeb2114913e568fd7f1a67049c8d2fcd9d777f81,0xa57bd00134b2850b2a1c55860c9e9ea100fdd6cf,0x56178a0d5f301baf6cf3e1cd53d9863437345bf9,10,929188887428,0.0,13198502647.0,1.1693709411529626e+19,0.0,1,1.61,3,751,44994.6,13198.502647,236.2888892231833
WETH_USDT,15126342,1657608499,0xbeefbabeea323f07c59926295205d3b7a17e8638,0xf49c9c43f65568f85be74b297aa2acd1662a6c22c398cbce51b64a134bb2d622,0xbeefbabeea323f07c59926295205d3b7a17e8638,0xbeefbabeea323f07c59926295205d3b7a17e8638,5,90437946996,1.1723333333333334e+19,0.0,0.0,12645021172.0,0xa57bd00134b2850b2a1c55860c9e9ea100fdd6cf,0x6eaf28f6e999f87223a756d2de80f56910c987557e634aff320dbeba63edc2e9,0xa57bd00134b2850b2a1c55860c9e9ea100fdd6cf,0x56178a0d5f301baf6cf3e1cd53d9863437345bf9,8,56593913952,1.2994062483501194e+18,0.0,0.0,1400034958.0,0,1.6,3,751,12831.780646814019,1422.2657904402847,14.848335345475949
WETH_USDT,15126615,1657611996,0x0000e0ca771e21bd00057f54a68c30d400000000,0x07caf55987f2a00c7fdb2de85464b96047eaed77f91183b35ae24c32405024c2,0x0000e0ca771e21bd00057f54a68c30d400000000,0x55df969467ebdf954fe33470ed9c3c0f8fab0816,9,17993860448,0.0,145539954.0,1.3609823061358896e+17,0.0,0x91000060399502550000007bbfba0052f47b008a,0x9b86caec6f9c57917a6bfd63756fcfa02ed0c61401cd768a35f295b27cf09795,0x91000060399502550000007bbfba0052f47b008a,0x91000060399502550000007bbfba0052f47b008a,14,7850739217,0.0,102490150.0,9.579517035731827e+16,0.0,1,2.29,5,47,148.96638967754467,104.85265394221966,2.9542784081931583
WETH_USDT,15126911,1657616315,0xe06ffa8146bbdeccbaaf72b6043b29091071aeb8,0x957a81e480ae080427eb378abcc3ae57192b4bb74ddb7437e3599d60cf29d4c9,0xe06ffa8146bbdeccbaaf72b6043b29091071aeb8,0xe06ffa8146bbdeccbaaf72b6043b29091071aeb8,1,291773554062,0.0,841189772.0,7.868716780219205e+17,0.0,0x9112d1761124d4ec7aca02014d6e215970f87e33,0x6cfb04ded409045440010c9c9cdbb3ae193327d4691b8fa83d92b0cbbeb76b68,0x7a250d5630b4cf539739df2c5dacb4c659f2488d,0x9112d1761124d4ec7aca02014d6e215970f87e33,3,15000000000,0.0,38987464.0,3.646741978376314e+16,0.0,1,19.45,2,15,861.2708077538598,39.915433445027105,47.90413448732476
WETH_USDT,15201569,1658614216,0x00000000003b3cc22af3ae1eac0440bcee416b40,0xaef503996e386b829a079f1d6a1484bdfbbbf110e93b6f77bb1ad8ccd754b4e8,0x00000000003b3cc22af3ae1eac0440bcee416b40,0x00000000003b3cc22af3ae1eac0440bcee416b40,2,23427682995456,0.0,224931745377.0,1.5264780533285834e+20,0.0,0xf71530c1f043703085b42608ff9dcccc43210a8e,0x94577b3eb278ed131dbc48083300e9a9a00f9cf7644231525dc8809a3d09bc4f,0xf71530c1f043703085b42608ff9dcccc43210a8e,0xf71530c1f043703085b42608ff9dcccc43210a8e,5,11305199564,0.0,89535451700.0,5.9496845958307365e+19,0.0,1,2072.29,3,20,232188.0695088762,90498.89564283653,5345.273529402597
WETH_USDT,15276888,1659629532,0xfb810e12c827e842af6019d5308949314395076f,0x0ebc6d56ecf04a697439db457a46dae6f2f0c57f9d25fe43977788da28344a46,0xfb810e12c827e842af6019d5308949314395076f,0xfb810e12c827e842af6019d5308949314395076f,4,87237983681,0.0,1523603762.0,9.408917197297476e+17,0.0,0xc139d8450177c0b8c3788608518687b585f7ae5a,0x40f1f6db5cc2866c3175e2575ee1323a82d5967c3605f7bf43f267d448890b2a,0x7a250d5630b4cf539739df2c5dacb4c659f2488d,0xc139d8450177c0b8c3788608518687b585f7ae5a,9,22010000000,0.0,296554594.0,1.831138504053558e+17,0.0,1,3.96,5,35,1558.882577471585,303.38559167322455,21.680566956172623
WETH_USDT,15301706,1659963733,0xbeefbabeea323f07c59926295205d3b7a17e8638,0xa4d033ffb25bdcaf21011e0c0edee6f6042633e10a5f55ce5e1fe460853360d8,0xbeefbabeea323f07c59926295205d3b7a17e8638,0xbeefbabeea323f07c59926295205d3b7a17e8638,1,170556016595,1.4699666666666668e+19,0.0,0.0,26503313250.0,0x8032eaede5c55f744387ca53aaf0499abcd783e5,0x4b685db295e72f5325f10756cb8dadc3988148cd1cced50da8a6b45d6513e5cb,0x8032eaede5c55f744387ca53aaf0499abcd783e5,0x4f7be8cdd826f20d03a70f8a47b63b2dbd4092fd,6,19027333677,7.213285762638509e+17,0.0,0.0,1298468922.0,0,8.96,5,751,26503.31325,1298.468922,43.785602030144204
WETH_USDT,15401959,1661330890,0x05be6820730b30086d6355c44c424230aaff41fb,0x77798bff9ee741e709893e2410c72a988dd785ff48ffb559f4c99b057deb6efe,0x7a250d5630b4cf539739df2c5dacb4c659f2488d,0x05be6820730b30086d6355c44c424230aaff41fb,2,35672090001,0.0,4000000000.0,2.429980410219439e+18,0.0,0xfb810e12c827e842af6019d5308949314395076f,0x9ca765b7315d57eca704da156603427bf52aaa196ae50fcb48e846d49392dd76,0xfb810e12c827e842af6019d5308949314395076f,0xfb810e12c827e842af6019d5308949314395076f,3,7831550444,0.0,53560166.0,3.25296886367245e+16,0.0,1,4.55,1,41,4009.731351495218,53.67751601309125,8.82942288642475
WETH_USDT,15426150,1661666866,0x68b3465833fb72a70ecdf485e0e4c7bd8665fc45,0x6281c3b2da4e8f13e0fd9db092f0d8a842612d181ba0301d9e924c2ea82b1134,0x68b3465833fb72a70ecdf485e0e4c7bd8665fc45,0xf570c6c92f58ca78c79ae2dfe7617589456bf9f9,7,20000000000,6.390030221290296e+16,0.0,0.0,94963231.0,0xf570c6c92f58ca78c79ae2dfe7617589456bf9f9,0x943fa6eb9ad67d260dce030d49afb7e655e1e88f1c46c910ebd87929f61e3ea2,0x7a250d5630b4cf539739df2c5dacb4c659f2488d,0xf570c6c92f58ca78c79ae2dfe7617589456bf9f9,9,8310208422,7.2171058060822e+16,0.0,0.0,107253174.0,0,2.41,2,22891,94.963231,107.253174,4.4579487674123754
WETH_USDT,15826714,1666720475,0xa57bd00134b2850b2a1c55860c9e9ea100fdd6cf,0x816d19e81e9f18f7c5204b4091aa0c7fc652443270b23e83e003a9a24f2aebd4,0xa57bd00134b2850b2a1c55860c9e9ea100fdd6cf,0x56178a0d5f301baf6cf3e1cd53d9863437345bf9,4,449778433285,8.652835588347037e+17,0.0,0.0,1279132215.0,0x021646fb5b74caa5c2b96737730349f0a753a28f,0xeb5bac018dc1da4e649ec763fabf7abd801f90937dce88b973b65d022c645a05,0x7a250d5630b4cf539739df2c5dacb4c659f2488d,0x021646fb5b74caa5c2b96737730349f0a753a28f,7,60000000000,1.228449945284356e+17,0.0,0.0,181583104.0,0,7.5,3,1864,1279.132215,181.583104,90.63751091744608
WETH_USDT,15851641,1667021435,0x2a6812a728c61b1f26ffa0749377d6bd7bf7f1f8,0xaa3d0d3cbd86139dd75ed72bf6543b57d065dc099a83184cb00fb676bc12d9ec,0x2a6812a728c61b1f26ffa0749377d6bd7bf7f1f8,0x2a6812a728c61b1f26ffa0749377d6bd7bf7f1f8,6,117572383564,1.4847594702191688e+19,0.0,0.0,23587754260.0,0xa57bd00134b2850b2a1c55860c9e9ea100fdd6cf,0xad9e2aead7ade250eaa58505bab584ad41110bfa3c7e8d5f7ba48abddd0b6f49,0xa57bd00134b2850b2a1c55860c9e9ea100fdd6cf,0x56178a0d5f301baf6cf3e1cd53d9863437345bf9,10,61359932336,2.2357824264216374e+18,0.0,0.0,3546359159.0,0,1.92,4,47,23587.75426,3546.359159,27.584406407448785
WETH_USDT,16001014,1668824147,0xe8c060f8052e07423f71d445277c61ac5138a2e5,0x81ac85800d5c3f529bff4ba0dc551dffab51817ae95af7c0f6de9e943b6deb45,0xe8c060f8052e07423f71d445277c61ac5138a2e5,0xe8c060f8052e07423f71d445277c61ac5138a2e5,2,57036335102,0.0,89492921.0,7.387348551030638e+16,0.0,0x8c07e1dfede38b1908698988b4202a87e0d7a0f7,0x567d22233525c665b28089194dc929318f80300e513e07c09d25e66bfc5d0561,0x7a250d5630b4cf539739df2c5dacb4c659f2488d,0x8c07e1dfede38b1908698988b4202a87e0d7a0f7,4,11400474957,0.0,4675811607.0,3.858492123177836e+18,0.0,1,5.0,2,55,89.492921,4675.811607,10.348167027892055
WETH_USDT,16026508,1669131707,0x1111111254eeb25477b68fb85ed929f73a960582,0x793e426292c065b6f40b9b49956161ccc2615e99e98c8045b7a1847dc6001bb4,0x1111111254eeb25477b68fb85ed929f73a960582,0x627af9cb1b6a2b10d196b6adb73ba88452f90e08,17,25171186260,1.7738109582795904e+18,0.0,0.0,1994477159.0,0x0ef8b4525c69bfa7bdece3ab09f95bbf0944b783,0x41cd3eaf0dca5889d1eeda30ba34f2f52cfe318c4061988af584a62dd3b9f3a4,0x0ef8b4525c69bfa7bdece3ab09f95bbf0944b783,0x0ef8b4525c69bfa7bdece3ab09f95bbf0944b783,18,15171186260,4.12e+18,0.0,0.0,4630393059.0,0,1.66,1,15101,1994.477159,4630.393059,4.079307755992195
WETH_USDT,16501864,1674867347,0x00000000008c4fb1c916e0c88fd4cc402d935e7d,0x2eb1ecb9f2c3c2a2f0f58f9aee3a5f415732bea415e808142f596467cf4ab243,0x00000000008c4fb1c916e0c88fd4cc402d935e7d,0x00000000008c4fb1c916e0c88fd4cc402d935e7d,2,606845689462,2.71354113304263e+19,0.0,0.0,43751159200.0,0xa57bd00134b2850b2a1c55860c9e9ea100fdd6cf,0x7b1b70fc9121da8e41e591aa12193430f0d89d629be5083410da24b8ca676f2a,0xa57bd00134b2850b2a1c55860c9e9ea100fdd6cf,0x56178a0d5f301baf6cf3e1cd53d9863437345bf9,3,14369750642,1.853836538241574e+19,0.0,0.0,29764466293.0,0,42.23,1,12,43751.1592,29764.466293,144.87755720325563
WETH_USDT,16502578,1674875927,0x000000000035b5e5ad9019092c665357240f594e,0xf2ec42127724f68517d52963f9516444e6168e7106f6589d6d268951adc6138d,0x000000000035b5e5ad9019092c665357240f594e,0x000000000035b5e5ad9019092c665357240f594e,2,4319207835421,9.227433135505667e+19,0.0,0.0,148882890138.0,0xa57bd00134b2850b2a1c55860c9e9ea100fdd6cf,0x2dc7018713c540fa92d46884ea6a5c1bb2dcecfdd7f5ce30b3a637701ddea556,0xa57bd00134b2850b2a1c55860c9e9ea100fdd6cf,0x56178a0d5f301baf6cf3e1cd53d9863437345bf9,3,34309328215,1.256431450738795e+19,0.0,0.0,20077274778.0,0,125.89,1,16,148882.890138,20077.274778,1031.1621077900727
WETH_USDT,17100842,1682153915,0x2db388d12c56fa6bd81b101aa6ec8542e315ec5c,0x903d58b06b81547c4678805e6539ab9c6974eed455c9a2f5ed6b693c44f0b607,0x7a250d5630b4cf539739df2c5dacb4c659f2488d,0x2db388d12c56fa6bd81b101aa6ec8542e315ec5c,0,170312080983,0.0,2212296470.0,1.190451087222529e+18,0.0,0xdef1c0ded9bec7f1a1670819833240f027b25eff,0x4ba4c26918028336b9af4863a9d6b6bf749ce413c5b0a167af0d391ef4bbcf95,0xdef1c0ded9bec7f1a1670819833240f027b25eff,0xd1742b3c4fbb096990c8950fa635aec75b30781a,3,44631817110,0.0,518493484.0,2.789789577027353e+17,0.0,1,3.82,3,17,2212.29647,518.493484,47.32294576521377
WETH_USDT,17553881,1687664315,0xdef1c0ded9bec7f1a1670819833240f027b25eff,0x53a2e97adcaa05e86100aa99b19ded7441fbd21d9f29e3053cab8f0a3ed808ca,0xdef1c0ded9bec7f1a1670819833240f027b25eff,0xf043c39a106db6b58c76995f30ba35fd211c3b76,8,24016299535,0.0,372930509.0,1.973386937247201e+17,0.0,0x6ecbfbee5e615051e865970da9361c18628b1aa9,0x5b5ab132ced3daaed7bfc943a52cb7ea764ba4df43cdd18554fd2f71907577c9,0x7a250d5630b4cf539739df2c5dacb4c659f2488d,0x6ecbfbee5e615051e865970da9361c18628b1aa9,9,11869877275,0.0,1159951187.0,6.137649197667688e+17,0.0,1,2.02,1,11174,372.930509,1159.951187,6.762059758869391
WETH_USDT,17601758,1688245547,0x7a250d5630b4cf539739df2c5dacb4c659f2488d,0x499b87497d8ce6a860dcb0ce3893e3991cbe05bf6ac7f45fc8aca583ffebdc7b,0x7a250d5630b4cf539739df2c5dacb4c659f2488d,0x7a250d5630b4cf539739df2c5dacb4c659f2488d,22,36338496427,0.0,3648931309.0,1.8963616564506314e+18,0.0,0x3fc91a3afd70395cd496c647d5a6cc9d4b2b7fad,0x4f787a15210a690b90a104914a8fffc7d1b9dccb14bdaf38799027d6ed8035fe,0x3fc91a3afd70395cd496c647d5a6cc9d4b2b7fad,0x3fc91a3afd70395cd496c647d5a6cc9d4b2b7fad,27,19142435263,0.0,206192518.0,1.0714493272445622e+17,0.0,1,1.9,5,12026,3648.931309,206.192518,10.478050703908915
WETH_USDT,17601842,1688246555,0x66d0b8f1c539a395fb402cc25ade893b109e187f,0xb32f1833257c5542173edbce88b145528fe5fc09ede42a05787a4bf964916197,0x66d0b8f1c539a395fb402cc25ade893b109e187f,0x4ac6c34ee30c51b3bb71f9d5fd1ab7504620e45b,0,63397094203,4.975e+18,0.0,0.0,9554450233.0,0x1111111254eeb25477b68fb85ed929f73a960582,0x0e21a0f775b4702496d6610acf12e21b437358151c7e2cc4d556c0e61436f8d6,0x1111111254eeb25477b68fb85ed929f73a960582,0x666dfb68af21732be1ff136aee64fc21759d7666,4,13497094203,4.090394937631085e+16,0.0,0.0,78530057.0,0,4.7,4,25,9563.467099171592,78.62986413799581,18.280282148546913
WETH_USDT,17601918,1688247479,0x66d0b8f1c539a395fb402cc25ade893b109e187f,0x85593da3e7fc7ea7dd49d348e000e8def5e20a28d9762b4ae57b57302c4b07f3,0x66d0b8f1c539a395fb402cc25ade893b109e187f,0x1e071380e7d0d6e16e0e6a2a8c990b45b13c8f90,0,91700756783,0.0,7270561182.0,3.7687150589512535e+18,0.0,0x7a250d5630b4cf539739df2c5dacb4c659f2488d,0x2aa2fa87c4229e1626dd74b2382727ccdd0943ea820454b4a282110b1b9001c0,0x7a250d5630b4cf539739df2c5dacb4c659f2488d,0x7a250d5630b4cf539739df2c5dacb4c659f2488d,5,25700756783,0.0,1931564315.0,1.0009199427162542e+18,0.0,1,3.57,5,25,7270.561182,1931.564315,26.4415227275384
WETH_USDT,17601979,1688248223,0x4ac6c34ee30c51b3bb71f9d5fd1ab7504620e45b,0x96df84c316f499e2539af101bfbc4193abbc1d0a83eef5eb12c92cf3892435be,0x7a250d5630b4cf539739df2c5dacb4c659f2488d,0x4ac6c34ee30c51b3bb71f9d5fd1ab7504620e45b,0,315648938149,5e+18,0.0,0.0,9562665098.0,0x68b3465833fb72a70ecdf485e0e4c7bd8665fc45,0x693d336650b79761932d9947d37afac394e2cb40c79f0219a573d5d3be4c3ad7,0x68b3465833fb72a70ecdf485e0e4c7bd8665fc45,0x96fd4443bdda87c948a6cc046d0ce2c8f6f8f32f,2,16707296534,7.646163654896447e+17,0.0,0.0,1461806221.0,0,18.89,2,88,9611.524722785522,1469.8258200700259,91.01602718220333
WETH_USDT,17602044,1688249003,0x4ac6c34ee30c51b3bb71f9d5fd1ab7504620e45b,0xfee7d4cbadab135e1cb508bcfa3572868455914e36e59c82e752c64117e7d8fb,0x7a250d5630b4cf539739df2c5dacb4c659f2488d,0x4ac6c34ee30c51b3bb71f9d5fd1ab7504620e45b,0,364084202282,5e+18,0.0,0.0,9584280121.0,0x68b3465833fb72a70ecdf485e0e4c7bd8665fc45,0xc69947914bc207d7a01511a84c8d5abc44c290c4153d7e5fe9ed84279596f5f6,0x68b3465833fb72a70ecdf485e0e4c7bd8665fc45,0x96fd4443bdda87c948a6cc046d0ce2c8f6f8f32f,2,15791855831,4.4700982381507283e+17,0.0,0.0,856549772.0,0,23.06,2,88,9611.524722785522,859.2891945853145,104.98212934227263
WETH_USDT,17676743,1689155987,0x66d0b8f1c539a395fb402cc25ade893b109e187f,0xeeaf2567197952f57ab1b95f43e85beef193cb6033efa08be9d70513947b9073,0x66d0b8f1c539a395fb402cc25ade893b109e187f,0x253355c3f3dd144cd614f7a59fd1c5bbfe974091,1,443441768822,4.975e+18,0.0,0.0,9344290454.0,0x253355c3f3dd144cd614f7a59fd1c5bbfe974091,0xb57562850551f0edb0df81db2de1d706d3b26f4a4a0642fe98a8c7f93f7636a6,0x7a250d5630b4cf539739df2c5dacb4c659f2488d,0x253355c3f3dd144cd614f7a59fd1c5bbfe974091,3,23698162819,9.9e+17,0.0,0.0,1851694256.0,0,18.71,2,25,9402.329210144622,1871.0162649333017,125.71011545708411
WETH_USDT,17676743,1689155987,0x66d0b8f1c539a395fb402cc25ade893b109e187f,0x9ec9d9cb541850d8ac159e30d8afe1ac182854d6d22ecec0593c537b28d80414,0x66d0b8f1c539a395fb402cc25ade893b109e187f,0x253355c3f3dd144cd614f7a59fd1c5bbfe974091,2,443441768822,2.985e+19,0.0,0.0,55941465065.0,0x253355c3f3dd144cd614f7a59fd1c5bbfe974091,0xb57562850551f0edb0df81db2de1d706d3b26f4a4a0642fe98a8c7f93f7636a6,0x7a250d5630b4cf539739df2c5dacb4c659f2488d,0x253355c3f3dd144cd614f7a59fd1c5bbfe974091,3,23698162819,9.9e+17,0.0,0.0,1851694256.0,0,18.71,1,25,56413.97526086774,1871.0162649333017,125.71011545708411
WETH_USDT,17676763,1689156227,0x66d0b8f1c539a395fb402cc25ade893b109e187f,0xf30112eaa8d96a37ddb1073d68007305dc61b7b24ba963bed9e4d173721f4d4d,0x66d0b8f1c539a395fb402cc25ade893b109e187f,0x253355c3f3dd144cd614f7a59fd1c5bbfe974091,1,69147240555,9.95e+17,0.0,0.0,1867285237.0,0x253355c3f3dd144cd614f7a59fd1c5bbfe974091,0xcb332ee079e678a738047305b9fddb6c3e9c96112e9f30082494ce44b55b9ded,0x7a250d5630b4cf539739df2c5dacb4c659f2488d,0x253355c3f3dd144cd614f7a59fd1c5bbfe974091,6,19279240555,4.21731e+18,0.0,0.0,7911863715.0,0,3.59,5,25,1880.4641628070385,7970.352078841962,19.60234791266457
WETH_USDT,18000845,1693077059,0xc6265979793435b496e28e61af1500c22c3ba277,0xeb70b4d11ef3030efe2e2043cb53a295842efdf03591cf2b30541a351e9f8946,0xc6265979793435b496e28e61af1500c22c3ba277,0x7c63795c4b913dddc0c727498e5c16eceabcfde8,4,29415893319,9.95e+16,0.0,0.0,163123081.0,0x7c63795c4b913dddc0c727498e5c16eceabcfde8,0xbf4fa5a46477daeef1cf69bca9f6da626c2a5850dad424b3250a2d983027f1dd,0x7a250d5630b4cf539739df2c5dacb4c659f2488d,0x7c63795c4b913dddc0c727498e5c16eceabcfde8,8,19415893319,1e+17,0.0,0.0,163940991.0,0,1.52,4,63,164.14234811833063,164.96718403852324,7.278985630219559
WETH_USDT,18000874,1693077419,0x7c63795c4b913dddc0c727498e5c16eceabcfde8,0xc4b58154a82dbe5a87f3ebc24e99d901eb42e0fc9f654afb90fc14a674dbb8c5,0x7a250d5630b4cf539739df2c5dacb4c659f2488d,0x7c63795c4b913dddc0c727498e5c16eceabcfde8,8,37559097367,3e+17,0.0,0.0,491856262.0,0xc6265979793435b496e28e61af1500c22c3ba277,0xc8667c6fd4eff6c960e2d4863c3f5571185a16ab252120fef0be07c57475d9fe,0xc6265979793435b496e28e61af1500c22c3ba277,0x7c63795c4b913dddc0c727498e5c16eceabcfde8,11,21559097367,9.95e+17,0.0,0.0,1631206869.0,0,1.74,3,155,494.9015521155697,1641.4234811833062,9.294027791494054
WETH_USDT,18000911,1693077875,0xc6265979793435b496e28e61af1500c22c3ba277,0x85f4917cb8b529f5adf62a7602710a801d4f06066309d850ce8ab43e77ee90cc,0xc6265979793435b496e28e61af1500c22c3ba277,0x7c63795c4b913dddc0c727498e5c16eceabcfde8,7,28652855316,4.975e+17,0.0,0.0,815166132.0,0x7c63795c4b913dddc0c727498e5c16eceabcfde8,0xcab22949f100ef84a40099754bdbb8462948103c573a691082acc8e80778b87e,0x7a250d5630b4cf539739df2c5dacb4c659f2488d,0x7c63795c4b913dddc0c727498e5c16eceabcfde8,12,16652855316,5e+17,0.0,0.0,819199327.0,0,1.72,5,63,820.7117405916531,824.8359201926162,7.090171284215626
WETH_USDT,18000969,1693078583,0x68b3465833fb72a70ecdf485e0e4c7bd8665fc45,0xab0be21be79389cd9841099db47f4f7d3a7b45d49f7391bf702c7994dc632972,0x68b3465833fb72a70ecdf485e0e4c7bd8665fc45,0x7c63795c4b913dddc0c727498e5c16eceabcfde8,3,70881042961,3e+17,0.0,0.0,492458562.0,0x3fc91a3afd70395cd496c647d5a6cc9d4b2b7fad,0xfe93cf3870a73da35449032d451b3df55b6493fdff576a16b23cd2f881f61490,0x3fc91a3afd70395cd496c647d5a6cc9d4b2b7fad,0x7c63795c4b913dddc0c727498e5c16eceabcfde8,4,11181042961,2e+17,0.0,0.0,328296647.0,0,6.34,1,22891,494.9015521155697,329.9343680770465,17.53956908848464
WETH_USDT,18001043,1693079483,0x3fc91a3afd70395cd496c647d5a6cc9d4b2b7fad,0x3f22cce22f9af521b30a8898208aeaab57322fd32a07e6bef1a3b01aa456ec4a,0x3fc91a3afd70395cd496c647d5a6cc9d4b2b7fad,0x3fc91a3afd70395cd496c647d5a6cc9d4b2b7fad,0,54693779160,0.0,154026942.0,9.329406123193277e+16,0.0,0x7a250d5630b4cf539739df2c5dacb4c659f2488d,0xcdefd8768c2bf085e55e9739d2c4b57ca6c0ca1a8048ad206a2fd86848a99f67,0x7a250d5630b4cf539739df2c5dacb4c659f2488d,0x7a250d5630b4cf539739df2c5dacb4c659f2488d,5,16693779160,0.0,98987809.0,5.995637028549182e+16,0.0,1,3.28,5,43201,154.026942,98.987809,13.534018098675102
WETH_USDT,18401830,1697929307,0x7c30ffc4fea98deb6aad172d6e3d673c962c13f5,0x84f0be596c60aefe6b82abea7126697b69e33693e31cd0cb4f35d9230995829d,0x7a250d5630b4cf539739df2c5dacb4c659f2488d,0x7c30ffc4fea98deb6aad172d6e3d673c962c13f5,5,16653396118,1.8e+17,0.0,0.0,292723145.0,0x68b3465833fb72a70ecdf485e0e4c7bd8665fc45,0x2cb61492b9d9bdb4e32518fb97b5fda05bcad7fd9b8bc81e7576950e89ffa226,0x68b3465833fb72a70ecdf485e0e4c7bd8665fc45,0x7c30ffc4fea98deb6aad172d6e3d673c962c13f5,9,8335697426,4.25e+17,0.0,0.0,691132088.0,0,2.0,4,6,292.723145,691.132088,4.061915546122943
WETH_USDT,18926706,1704283427,0x3328f7f4a1d1c57c35df56bbf0c9dcafca309c49,0xf5b7ca1d6ebb4b34e95cfa891371f8d78e25cc2b8704fa0e1115dcc21908b77b,0x3328f7f4a1d1c57c35df56bbf0c9dcafca309c49,0x0fd6aeaa5233001c8f53e6d6026bf406d2a1a56e,10,151204132054,2.487562189054726e+18,0.0,0.0,5622770674.0,0x3fc91a3afd70395cd496c647d5a6cc9d4b2b7fad,0x4773b33a74f1cd9936a54ca797e17bc24edc3e7e6823f16c547a5a6cf5fa67ec,0x3fc91a3afd70395cd496c647d5a6cc9d4b2b7fad,0x9f0447787db7d2f77f5e54f405da872497e16cbe,15,85304132054,3.491589439561609e+18,0.0,0.0,7890580982.0,0,1.77,5,553,5898.321084189186,8278.995274696814,53.77858636267124
WETH_USDT,19326079,1709123963,0x6b75d8af000000e20b7a7ddf000ba900b4009a80,0xbd900acb82eac59f83fa0e12a44093896887dfea096aec3e954ff8ff859cc3fb,0x6b75d8af000000e20b7a7ddf000ba900b4009a80,0x6b75d8af000000e20b7a7ddf000ba900b4009a80,2,5274805072548,1.2282393376023642e+20,0.0,0.0,410628185344.0,0xa69babef1ca67a37ffaf7a485dfff3382056e78c,0xf945e4bb207eb7ec99bf34d8a7a207768e114207d26888509c9df303ba55ab55,0xa69babef1ca67a37ffaf7a485dfff3382056e78c,0xa69babef1ca67a37ffaf7a485dfff3382056e78c,3,61357211462,6.199628619781122e+19,0.0,0.0,205710920960.0,0,85.97,1,58,410628.185344,205710.92096,2579.61097085552
WETH_USDT,19401249,1710032027,0x3d357cda9662cbdc67ce96d3e1d1a8d3f7a26cb8,0xf821e4ee327fd6f7105a051c73096d99882add65fbaef0763972358c597122a1,0x7a250d5630b4cf539739df2c5dacb4c659f2488d,0x3d357cda9662cbdc67ce96d3e1d1a8d3f7a26cb8,3,106359146014,1.8034902860647786e+17,0.0,0.0,702951018.0,0xdef1c0ded9bec7f1a1670819833240f027b25eff,0x2b5f56b98823b948fd0651f7c3d31769c98fdf34c5bcca1257896ac0523f7c63,0xdef1c0ded9bec7f1a1670819833240f027b25eff,0x9f9373b2b5fe5f6b32f171191946b0be30e0bd30,8,53055550383,4.72669643187451e+16,0.0,0.0,184231126.0,0,2.0,5,9,702.951018,184.231126,62.129996056027494
WETH_USDT,19526401,1711551623,0x9def7cde171841a9f0724124ca0b01a622d749e4,0xeeb2105f37b4111987793e1a1c2b52b27dfebe4dbfed84f8b59f962fa60eac3e,0x9def7cde171841a9f0724124ca0b01a622d749e4,0x9def7cde171841a9f0724124ca0b01a622d749e4,0,209873892576,0.0,74509556670.0,2.0965442156880044e+19,0.0,0x111111125421ca6dc452d289314280a0f8842a65,0x57ad8e7aa8ba973ee3b0053d631eddd41c0e6b4895b64ec1ee8faa454d1c0a64,0x111111125421ca6dc452d289314280a0f8842a65,0xcede28c51b86988a2e91a4c27e80733e0adbfe7d,2,90000000000,0.0,3000000000.0,8.431613679781865e+17,0.0,1,2.33,2,35,74852.62900210636,3010.3274042073326,112.39647964970753
WETH_USDT,19726048,1713971603,0x3328f7f4a1d1c57c35df56bbf0c9dcafca309c49,0x4f6fd245bb524d3aeadada2a364c014f17b5b9af6e52fb0a5e12caf87ea49c4a,0x3328f7f4a1d1c57c35df56bbf0c9dcafca309c49,0x3328f7f4a1d1c57c35df56bbf0c9dcafca309c49,3,38119457898,1.4925373134328358e+18,0.0,0.0,4776585086.0,0x1111111254eeb25477b68fb85ed929f73a960582,0x60f55025a9ba3af2c9d1b5bb6cb960ac16e2e03b4e145e9dc794c0a66ba0b34a,0x1111111254eeb25477b68fb85ed929f73a960582,0xa7ca2c8673bcfa5a26d8ceec2887f2cc2b0db22a,6,22471832644,5e+16,0.0,0.0,160002407.0,0,1.7,3,553,4862.203014916123,162.88380099969012,18.627126583421692
WETH_USDT,19726048,1713971603,0x36f8f7ecc1b56e1e90a9765e67eb81e49d2fa559,0xa38cf1b8957d005397efe40df7c0bcf698686492a052b11dfb1fac2a78507ff5,0x7a250d5630b4cf539739df2c5dacb4c659f2488d,0x36f8f7ecc1b56e1e90a9765e67eb81e49d2fa559,4,36374895302,1.478952473529481e+17,0.0,0.0,473276111.0,0x1111111254eeb25477b68fb85ed929f73a960582,0x60f55025a9ba3af2c9d1b5bb6cb960ac16e2e03b4e145e9dc794c0a66ba0b34a,0x1111111254eeb25477b68fb85ed929f73a960582,0xa7ca2c8673bcfa5a26d8ceec2887f2cc2b0db22a,6,22471832644,5e+16,0.0,0.0,160002407.0,0,1.62,2,3,481.7948007727509,162.88380099969012,17.77464362326659
WETH_USDT,19900906,1716084515,0xe37e799d5077682fa0a244d46e5649f71457bd09,0x295e709710bcb249d97dc387f9e3d33648630676b59fbf7eaf991511b926d0ac,0xe37e799d5077682fa0a244d46e5649f71457bd09,0xe37e799d5077682fa0a244d46e5649f71457bd09,1,6250000000,0.0,62853078.0,2.008554450842095e+16,0.0,0x507888e987257a8dde6f8afa46375cefe2cbf504,0x59ded11f335d2f08dd6c5e519b017b05d21eec3e8bfd1b1073c55b6f2aad8065,0x507888e987257a8dde6f8afa46375cefe2cbf504,0x507888e987257a8dde6f8afa46375cefe2cbf504,2,2942428473,0.0,1993652.0,637097605483717.0,0.0,1,2.12,1,1924,62.853078,1.993652,2.922536376968509
WETH_USDT,19950895,1716688427,0xe37e799d5077682fa0a244d46e5649f71457bd09,0xa9563dc5904e38a6ac690b3ca72253785cd8f9cd397462853f9bed35990415df,0xe37e799d5077682fa0a244d46e5649f71457bd09,0x1111111254fb6c44bac0bed2854e76f90643097d,18,4496553434,1.332114e+16,0.0,0.0,49910107.0,0x507888e987257a8dde6f8afa46375cefe2cbf504,0x8584db7e5b08029195768735c62a6e372dab592b45472d82e32415cd82686ead,0x507888e987257a8dde6f8afa46375cefe2cbf504,0x34754f8b9e5590384caadb27c07022844e94f685,19,2558886458,710497411442670.0,0.0,0.0,2662007.0,0,1.76,1,1924,50.01179528120797,2.6674331993282108,2.5322237039647586
WETH_USDT,19951076,1716690599,0x767af52d988d1241a346851a1b39ccd11357376e,0x5303d03700f83b11920906cb6852c70fbdb18c0edecf6613781cbd6fc842bd4d,0x7a250d5630b4cf539739df2c5dacb4c659f2488d,0x767af52d988d1241a346851a1b39ccd11357376e,28,7391949050,6.108332170015054e+17,0.0,0.0,2282449383.0,0x507888e987257a8dde6f8afa46375cefe2cbf504,0x6e5c079a21bd357748f92a9d321e9737cc3b0af734875d30d2b8a60c264ebe3f,0x507888e987257a8dde6f8afa46375cefe2cbf504,0x04e44788be3e9becfb0d4a2940c50f1076b47337,29,2385588691,1526137802578952.0,0.0,0.0,5702363.0,0,3.1,1,123,2293.262123184725,5.72960657672625,4.162759072621259
WETH_USDT,20051741,1717905611,0xb5888eb022d0b0340076ca3b165cf52ef17092fc,0x91ab2af697339f8f31dead566016b3e07d024536a8b9da24a69eceb2d411ec06,0x7a250d5630b4cf539739df2c5dacb4c659f2488d,0xb5888eb022d0b0340076ca3b165cf52ef17092fc,2,55000000000,2e+16,0.0,0.0,73365983.0,0x3328f7f4a1d1c57c35df56bbf0c9dcafca309c49,0xa32c3bee5dc3b3b94024ae391f2a7c98aaf9580ad1096108cc140e41cf0b82b8,0x3328f7f4a1d1c57c35df56bbf0c9dcafca309c49,0xb5888eb022d0b0340076ca3b165cf52ef17092fc,3,24416672128,3.902093311938936e+16,0.0,0.0,143139913.0,0,2.25,1,6,73.83816209017499,144.06169922896746,30.458241862197184
WETH_USDT,20051741,1717905611,0xb5888eb022d0b0340076ca3b165cf52ef17092fc,0x91ab2af697339f8f31dead566016b3e07d024536a8b9da24a69eceb2d411ec06,0x7a250d5630b4cf539739df2c5dacb4c659f2488d,0xb5888eb022d0b0340076ca3b165cf52ef17092fc,2,55000000000,2e+16,0.0,0.0,73365983.0,0x3328f7f4a1d1c57c35df56bbf0c9dcafca309c49,0xed7e15ca30a9c0ed4ca967f15a7119a58ef58462c5d4094f51fa00832991044d,0x3328f7f4a1d1c57c35df56bbf0c9dcafca309c49,0xb5888eb022d0b0340076ca3b165cf52ef17092fc,5,10416672128,4.3798533069698904e+16,0.0,0.0,160664658.0,0,5.28,3,6,73.83816209017499,161.70015920561588,30.458241862197184
WETH_USDT,20051741,1717905611,0xb5888eb022d0b0340076ca3b165cf52ef17092fc,0x91ab2af697339f8f31dead566016b3e07d024536a8b9da24a69eceb2d411ec06,0x7a250d5630b4cf539739df2c5dacb4c659f2488d,0xb5888eb022d0b0340076ca3b165cf52ef17092fc,2,55000000000,2e+16,0.0,0.0,73365983.0,0x3328f7f4a1d1c57c35df56bbf0c9dcafca309c49,0x6eb7eef06d31b633a03bc10b315e4d6743a39bdcb8c16098478583454a3a0387,0x3328f7f4a1d1c57c35df56bbf0c9dcafca309c49,0xb5888eb022d0b0340076ca3b165cf52ef17092fc,7,9416672128,4.752946415029618e+16,0.0,0.0,174349681.0,0,5.84,5,6,73.83816209017499,175.47441389943654,30.458241862197184
WETH_USDT,20051745,1717905659,0x80a64c6d7f12c47b7c66c5b4e20e72bc1fcd5d9e,0xfdce3968d01142c6a262ee852407f4c1c39296c43033b3bde35f58664f0b1c4f,0x80a64c6d7f12c47b7c66c5b4e20e72bc1fcd5d9e,0xb5888eb022d0b0340076ca3b165cf52ef17092fc,3,34447807398,1.2262061542465765e+17,0.0,0.0,449780093.0,0x3328f7f4a1d1c57c35df56bbf0c9dcafca309c49,0xe0f9f05de8b904419f49f405c3d595338373c1a7e4521297eb991206c75c1211,0x3328f7f4a1d1c57c35df56bbf0c9dcafca309c49,0xb5888eb022d0b0340076ca3b165cf52ef17092fc,5,16447807398,9.950248756218906e+16,0.0,0.0,364969530.0,0,2.09,2,587,452.70404386614416,367.35404024962685,19.0767208972849
WETH_USDT,20051745,1717905659,0x80a64c6d7f12c47b7c66c5b4e20e72bc1fcd5d9e,0x9ae1fa3be5d06f1f05a8ad0017772c4ff7339d58ba270f6dab189bcac8de9233,0x80a64c6d7f12c47b7c66c5b4e20e72bc1fcd5d9e,0xb5888eb022d0b0340076ca3b165cf52ef17092fc,4,34447807398,1.4085920027035138e+17,0.0,0.0,516671613.0,0x3328f7f4a1d1c57c35df56bbf0c9dcafca309c49,0xe0f9f05de8b904419f49f405c3d595338373c1a7e4521297eb991206c75c1211,0x3328f7f4a1d1c57c35df56bbf0c9dcafca309c49,0xb5888eb022d0b0340076ca3b165cf52ef17092fc,5,16447807398,9.950248756218906e+16,0.0,0.0,364969530.0,0,2.09,1,587,520.0392230727313,367.35404024962685,19.0767208972849
WETH_USDT,20051755,1717905779,0x3328f7f4a1d1c57c35df56bbf0c9dcafca309c49,0x3175e4e779b727815c2f5226dc50f99986e3f64427ddc7063479b5333be1f47c,0x3328f7f4a1d1c57c35df56bbf0c9dcafca309c49,0x3328f7f4a1d1c57c35df56bbf0c9dcafca309c49,4,49237998163,0.0,81670163.0,2.2126144507069372e+16,0.0,0x7a250d5630b4cf539739df2c5dacb4c659f2488d,0x53e05e5c75ef7243ec975a8aba72ec730be0b30907d481f05bff3122e67b411c,0x7a250d5630b4cf539739df2c5dacb4c659f2488d,0x7a250d5630b4cf539739df2c5dacb4c659f2488d,7,15397998163,0.0,36844533.0,9981902723651872.0,0.0,1,3.2,3,553,81.68769222718117,36.85226756386831,27.267324670164992
WETH_USDT,20051755,1717905779,0x3328f7f4a1d1c57c35df56bbf0c9dcafca309c49,0x0f1348241537bcca992a1204d7ed29446055e8c07b573ad11c3506506780c6b9,0x3328f7f4a1d1c57c35df56bbf0c9dcafca309c49,0x3328f7f4a1d1c57c35df56bbf0c9dcafca309c49,6,26237998163,0.0,75471922.0,2.0446856061036588e+16,0.0,0x7a250d5630b4cf539739df2c5dacb4c659f2488d,0x53e05e5c75ef7243ec975a8aba72ec730be0b30907d481f05bff3122e67b411c,0x7a250d5630b4cf539739df2c5dacb4c659f2488d,0x7a250d5630b4cf539739df2c5dacb4c659f2488d,7,15397998163,0.0,36844533.0,9981902723651872.0,0.0,1,1.7,1,553,75.48791360346483,36.85226756386831,14.530241709609808
WETH_USDT,20051764,1717905887,0x3328f7f4a1d1c57c35df56bbf0c9dcafca309c49,0x23899b2542ddea9c90dbfb3503df2b5f0dc4b3210cf5f0c590e6b053b0a2a9f4,0x3328f7f4a1d1c57c35df56bbf0c9dcafca309c49,0xb5888eb022d0b0340076ca3b165cf52ef17092fc,7,39287280415,4.975124378109453e+16,0.0,0.0,182513884.0,0x80a64c6d7f12c47b7c66c5b4e20e72bc1fcd5d9e,0x2852f01be8260a760e40231960ad4e4af9d02e50419ca3c9abda4dfbfbda2a23,0x80a64c6d7f12c47b7c66c5b4e20e72bc1fcd5d9e,0xb5888eb022d0b0340076ca3b165cf52ef17092fc,12,7287280415,1.5002539724260854e+17,0.0,0.0,550365469.0,0,5.39,5,553,183.67702012481342,553.8799799621311,21.756754345236956
WETH_USDT,20051770,1717905959,0x3328f7f4a1d1c57c35df56bbf0c9dcafca309c49,0x9b111d5929fe36f12bcd761c713ac3e1be0aed3ba3933bccaa7adb525ef48dba,0x3328f7f4a1d1c57c35df56bbf0c9dcafca309c49,0xb5888eb022d0b0340076ca3b165cf52ef17092fc,5,39384588490,9.950248756218906e+16,0.0,0.0,364955520.0,0xe76014c179f19da26bb30a0f085ff0a466b92829,0xe1d417dbe62bf7abdd1c063a60bd9c59b469e9deb31f1b50dcd607560e432b77,0xe76014c179f19da26bb30a0f085ff0a466b92829,0xb5888eb022d0b0340076ca3b165cf52ef17092fc,8,9384588490,4.975e+16,0.0,0.0,182471446.0,0,4.2,3,553,367.35404024962685,183.6724281993103,21.810642215845952
WETH_USDT,20051773,1717905995,0x3328f7f4a1d1c57c35df56bbf0c9dcafca309c49,0xd35b679eff330b8487e5a701d8497036b627ded8a174de2111857b009f3c6b72,0x3328f7f4a1d1c57c35df56bbf0c9dcafca309c49,0xb5888eb022d0b0340076ca3b165cf52ef17092fc,0,148295207659,9.950248756218906e+16,0.0,0.0,364937884.0,0xb5888eb022d0b0340076ca3b165cf52ef17092fc,0x9dc9b3b602b8ef5b3ffd8eabc903800fb1cc83ebb80ebcdb7f1297d19889ff8d,0x7a250d5630b4cf539739df2c5dacb4c659f2488d,0xb5888eb022d0b0340076ca3b165cf52ef17092fc,5,15415207659,1e+17,0.0,0.0,366757869.0,0,9.62,5,553,367.35404024962685,369.190810450875,82.12384185241051
WETH_USDT,20051774,1717906007,0x3328f7f4a1d1c57c35df56bbf0c9dcafca309c49,0x4207fbdec467a1ed3b62c0cae3d7e714139108f9f7536ac4cb49f1ecb7f8d8be,0x3328f7f4a1d1c57c35df56bbf0c9dcafca309c49,0xb5888eb022d0b0340076ca3b165cf52ef17092fc,2,19128002348,9.950248756218906e+16,0.0,0.0,364928523.0,0x80a64c6d7f12c47b7c66c5b4e20e72bc1fcd5d9e,0x22d9d81fde57d35bff420a2f7216e9d74451137400bfff69bb9535edc159a700,0x80a64c6d7f12c47b7c66c5b4e20e72bc1fcd5d9e,0xb5888eb022d0b0340076ca3b165cf52ef17092fc,6,7128002348,1e+17,0.0,0.0,366748462.0,0,2.68,4,553,367.35404024962685,369.190810450875,10.59282403374654
WETH_USDT,20051811,1717906451,0x80a64c6d7f12c47b7c66c5b4e20e72bc1fcd5d9e,0xd559e8c94551e3023614a88c6f5e73e528bed0c0c1fd59f617e5afabdd15155f,0x80a64c6d7f12c47b7c66c5b4e20e72bc1fcd5d9e,0x80a64c6d7f12c47b7c66c5b4e20e72bc1fcd5d9e,0,116082095322,0.0,2341089946.0,6.344218217495131e+17,0.0,0x3328f7f4a1d1c57c35df56bbf0c9dcafca309c49,0x4645139bc459f2d379fb0b4eda6cc2d3cd9430d6bf0b129e5fd203e50eb46653,0x3328f7f4a1d1c57c35df56bbf0c9dcafca309c49,0x3328f7f4a1d1c57c35df56bbf0c9dcafca309c49,5,14082095322,0.0,1149493325.0,3.1149101203846803e+17,0.0,1,8.24,5,587,2342.227065394233,1149.9961918264526,64.28466427614735
WETH_USDT,20100894,1718499227,0x1111111254eeb25477b68fb85ed929f73a960582,0xc32f9307b7b05176f16f69cdf8f1bbd748e686da6cbc0f0b93fb0a5859f9d1b6,0x1111111254eeb25477b68fb85ed929f73a960582,0x74de5d4fcbf63e00296fd95d33236b9794016631,92,2992753644,2.772773588892791e+16,0.0,0.0,98538516.0,0x64545160d28fd0e309277c02d6d73b3923cc4bfa,0xba00e1ef0567fe3aca6427d6e0072b1170fe039e1fbeedc9705c585c93d1d0ce,0x64545160d28fd0e309277c02d6d73b3923cc4bfa,0x64545160d28fd0e309277c02d6d73b3923cc4bfa,93,1992753644,949744131927840.0,0.0,0.0,3375184.0,0,1.5,1,15101,98.71355754985645,3.381185625838786,1.5981760659414546
WETH_USDT,20202052,1719720971,0x3fc91a3afd70395cd496c647d5a6cc9d4b2b7fad,0xd2cd17ccc5508179de18ce2b33cb4b5274601b953b43fa0fcff21945eaa6839b,0x3fc91a3afd70395cd496c647d5a6cc9d4b2b7fad,0xe99191b4a562ccb416ea8e00085e13105cf80639,5,3312078646,0.0,17100000000.0,5.0711044016687e+18,0.0,0xf3de3c0d654fda23dad170f0f320a92172509127,0xe6dc0b2157ec8a737f09ccb43e5f29f81cc3909cd714d246b2a5757c8f963b56,0xf3de3c0d654fda23dad170f0f320a92172509127,0x1efd85acdbadbe1800ce08b37541e13fca82f1f7,10,2115564532,0.0,500000000.0,1.482344021598434e+17,0.0,1,1.57,5,43201,17127.987528530277,500.6714100891847,1.6780144101410757
WETH_USDT,20202408,1719725267,0x3fc91a3afd70395cd496c647d5a6cc9d4b2b7fad,0xd9cec08a85696081e93ad0213cccf171085e629ce5c7bcbd11344b8cfa2f4f91,0x3fc91a3afd70395cd496c647d5a6cc9d4b2b7fad,0x9eb51eb22813ee077e7ef4739a68d8e0b8e67cc6,14,3019203715,0.0,300000000.0,8.896481287410018e+16,0.0,0x00000000009e50a7ddb7a7b0e2ee6604fd120e49,0x7889a44f745577439fbef64bf6bed5449eb05ff72147e2927213d61262899e93,0x00000000009e50a7ddb7a7b0e2ee6604fd120e49,0x00000000009e50a7ddb7a7b0e2ee6604fd120e49,15,1538931062,0.0,31986440.0,9485506324725760.0,0.0,1,1.96,1,43201,300.4844871433132,32.03791938857267,1.5296337685217725
WETH_USDT,20401311,1722124679,0x24902aa0cf0000a08c0ea0b003b0c0bf600000e0,0xd5ec44a3313f7f08c6d84a9cb62cdbbdbde458cbc1c96b7a98ced2aedbfd4470,0x24902aa0cf0000a08c0ea0b003b0c0bf600000e0,0x24902aa0cf0000a08c0ea0b003b0c0bf600000e0,16,11518439118,4.1e+17,0.0,0.0,1331701707.0,0xa69babef1ca67a37ffaf7a485dfff3382056e78c,0xef6b830f58b5659f8dc7781e3ea7e28053995376da3e5d7132d0fe89f2da16ac,0xa69babef1ca67a37ffaf7a485dfff3382056e78c,0xa69babef1ca67a37ffaf7a485dfff3382056e78c,19,1284425157,4.413574613981432e+18,0.0,0.0,14332162709.0,0,8.97,3,38,1339.128278942076,14415.469699520467,5.64317105567796
WETH_USDT,20451299,1722727667,0xe37e799d5077682fa0a244d46e5649f71457bd09,0x90387d6aa144acc8b24e0bae2d60dfd32c54373026700e0c8d08263570044370,0xe37e799d5077682fa0a244d46e5649f71457bd09,0xe37e799d5077682fa0a244d46e5649f71457bd09,7,6250000000,0.0,113251347.0,3.886766788367832e+16,0.0,0x3fc91a3afd70395cd496c647d5a6cc9d4b2b7fad,0x423f8be31b9c6bcba9b1c70a266e21184d865db82e2514885723a565063e0126,0x3fc91a3afd70395cd496c647d5a6cc9d4b2b7fad,0xf00e0831e620280b028452b634735ea21e5cad77,12,2260919241,0.0,100000000.0,3.4319697562654224e+16,0.0,1,2.76,5,1924,113.251347,100.0,2.7289858267457774
WETH_USDT,20476630,1723032923,0x767af52d988d1241a346851a1b39ccd11357376e,0xe26e09282e471cfccb5f2c7c4fa484067a425776f80c8d682ad33c96cc81efef,0x7a250d5630b4cf539739df2c5dacb4c659f2488d,0x767af52d988d1241a346851a1b39ccd11357376e,19,7720371630,1.3365667427390618e+17,0.0,0.0,328796100.0,0x3fc91a3afd70395cd496c647d5a6cc9d4b2b7fad,0x3e6af1002b553373da5d996917e724d401a222ebed6c842d18b28f4ee5a7dca9,0x3fc91a3afd70395cd496c647d5a6cc9d4b2b7fad,0x3fc91a3afd70395cd496c647d5a6cc9d4b2b7fad,20,3631140849,1.833991184214725e+18,0.0,0.0,4511250000.0,0,2.13,1,123,334.8214399629137,4594.305316318547,2.9010290285706515
WETH_USDT,20526326,1723631927,0x3fc91a3afd70395cd496c647d5a6cc9d4b2b7fad,0x8cdebbb87316f8ab0e6b67ad3e744b40850026b8460542d4a7c53d657134cc46,0x3fc91a3afd70395cd496c647d5a6cc9d4b2b7fad,0x2a6c340bcbb0a79d3deecd3bc5cbc2605ea9259f,126,3851780995,0.0,360000000.0,1.3058012599487963e+17,0.0,0xa69babef1ca67a37ffaf7a485dfff3382056e78c,0x4eab3365247f0a565086739be677cd46230a57cbffe39ebef0a360be250b3868,0xa69babef1ca67a37ffaf7a485dfff3382056e78c,0xa69babef1ca67a37ffaf7a485dfff3382056e78c,131,1851780995,0.0,10456049304.0,3.791975751824301e+18,0.0,1,2.08,5,43201,360.0,10456.049304,1.574706687953933
WETH_USDT,20552460,1723947323,0x1111111254eeb25477b68fb85ed929f73a960582,0xddbfa4c65d120323fc9ac67bf034d1135b26cc3c6de04a59103916e22e976f95,0x1111111254eeb25477b68fb85ed929f73a960582,0x74de5d4fcbf63e00296fd95d33236b9794016631,13,1832164747,4.3615e+16,0.0,0.0,113632940.0,0xf081470f5c6fbccf48cc4e5b82dd926409dcdd67,0x127e6830f23fc30740677f499201dda5c1adc95d39f6cb7520f235fb692b6381,0xf081470f5c6fbccf48cc4e5b82dd926409dcdd67,0xf081470f5c6fbccf48cc4e5b82dd926409dcdd67,14,1065577339,3830000000000000.0,0.0,0.0,9978522.0,0,1.72,1,15101,114.04699814577972,10.01490319610997,0.718627385660456
WETH_USDT,20601283,1724536619,0x3fc91a3afd70395cd496c647d5a6cc9d4b2b7fad,0x53905babdab384b94a1780240b69bd4c18477c69d2bb5cdd7f1b132de84df146,0x3fc91a3afd70395cd496c647d5a6cc9d4b2b7fad,0xad3be64871002d38ef46543a93b4debbee5b435e,15,3231824758,0.0,37599937.0,1.3676365134187932e+16,0.0,0x00000000009e50a7ddb7a7b0e2ee6604fd120e49,0x94caac542fe23c0434365a2c0d27a3ea994d299849fc3b1047e625876664d561,0x00000000009e50a7ddb7a7b0e2ee6604fd120e49,0x00000000009e50a7ddb7a7b0e2ee6604fd120e49,16,1215710837,0.0,132905754.0,4.834217031001702e+16,0.0,1,2.66,1,43201,38.428147620770886,135.83287947891478,1.3621277035200379
WETH_USDT,20601283,1724536619,0x3fc91a3afd70395cd496c647d5a6cc9d4b2b7fad,0x53905babdab384b94a1780240b69bd4c18477c69d2bb5cdd7f1b132de84df146,0x3fc91a3afd70395cd496c647d5a6cc9d4b2b7fad,0xad3be64871002d38ef46543a93b4debbee5b435e,15,3231824758,0.0,37599937.0,1.3676365134187932e+16,0.0,0x00000000009e50a7ddb7a7b0e2ee6604fd120e49,0x94caac542fe23c0434365a2c0d27a3ea994d299849fc3b1047e625876664d561,0x00000000009e50a7ddb7a7b0e2ee6604fd120e49,0x00000000009e50a7ddb7a7b0e2ee6604fd120e49,16,1215710837,0.0,191853655.0,6.978307985349018e+16,0.0,1,2.66,1,43201,38.428147620770886,196.07801252238153,1.3621277035200379
WETH_USDT,20601553,1724539919,0xb91a6f840bf0fefd04f7e973ed416e7884dabe19,0x9582c1bea1df68bdf3a3a22856209799f0c5d659a0d2cdc7053677ace50f0256,0x7a250d5630b4cf539739df2c5dacb4c659f2488d,0xb91a6f840bf0fefd04f7e973ed416e7884dabe19,23,1550631812,7.940201626634758e+16,0.0,0.0,217702864.0,0x69476a1d3a2d710d61a2359d656f52b8d166faa9,0x297ed1e2704ee3093f99cd4a21a17b32a871c48396475db59636656dc25cf58f,0x69476a1d3a2d710d61a2359d656f52b8d166faa9,0x69476a1d3a2d710d61a2359d656f52b8d166faa9,24,739859007,16259973432243.0,0.0,0.0,44580.0,0,2.1,1,64,223.10550884917077,0.04568762629787364,0.6535498386341265
WETH_USDT,20626843,1724845163,0x3fc91a3afd70395cd496c647d5a6cc9d4b2b7fad,0x9a4298e372f57ccc86e52cce61be719e55515fcdef0ed8cee6393275949abd26,0x3fc91a3afd70395cd496c647d5a6cc9d4b2b7fad,0x3fc91a3afd70395cd496c647d5a6cc9d4b2b7fad,6,3123196221,9.281122847899088e+16,0.0,0.0,234258829.0,0xa69babef1ca67a37ffaf7a485dfff3382056e78c,0xe3ad8bd1f8f222a7f09beb0bef7037ab8125998489b0548c7b47e34f12e11478,0xa69babef1ca67a37ffaf7a485dfff3382056e78c,0xa69babef1ca67a37ffaf7a485dfff3382056e78c,10,1123196221,2.9989455645140767e+18,0.0,0.0,7568439309.0,0,2.78,4,43201,234.258829,7568.439309,1.1551360718232446
WETH_USDT,20652552,1725155543,0x1111111254eeb25477b68fb85ed929f73a960582,0x07f3e10ae62a6c1f6bfd8c2e9088ee0d62f4869f1b31f5c8932ae86f177d0f45,0x1111111254eeb25477b68fb85ed929f73a960582,0x74de5d4fcbf63e00296fd95d33236b9794016631,6,2700379436,8.92125e+16,0.0,0.0,222539181.0,0x3face0004bc1003b9d0672e7b23134cb80115fb6,0x54404f5627bc2077b6a774d583867e307c8434ef4f057456aa2155b3140b38ca,0x3face0004bc1003b9d0672e7b23134cb80115fb6,0x3face0004bc1003b9d0672e7b23134cb80115fb6,7,879326124,3.400065389227456e+16,0.0,0.0,84813649.0,0,3.07,1,15101,223.18033459750822,85.05845382891306,1.01331918632486
WETH_USDT,20726255,1726044215,0x51c72848c68a965f66fa7a88855f9f7784502a7f,0xed333886a2e21f549943dc9f8785fd0b4aa6457049a5a5e92e79476ca753c05f,0x51c72848c68a965f66fa7a88855f9f7784502a7f,0x51c72848c68a965f66fa7a88855f9f7784502a7f,14,8461064457,4.2306019784167086e+18,0.0,0.0,9839090712.0,0xb4a1271285cb279e6abbae89eb9b4e08eb0b047e,0xb42fb2873bfc3dd13a2145c59d0df42aaa1eb8ded92b4eeb881331f10a745e7c,0xb4a1271285cb279e6abbae89eb9b4e08eb0b047e,0x5b93d80da1a359340d1f339fb574bdc56763f995,18,2737617445,5.4218234579350726e+17,0.0,0.0,1260732491.0,0,3.09,4,3394,9842.879326737242,1261.4364173133667,2.9528151141683745
WETH_USDT,21151130,1731167759,0x00000047bb99ea4d791bb749d970de71ee0b1a34,0xe2bb6205a137bda7f86239170072cf677fa88ba4b784593689bbe5810b9db682,0x00000047bb99ea4d791bb749d970de71ee0b1a34,0x8019c2dbbf6c15d7b1399233946f634b15f256ee,115,35000000000,4.842417822331098e+17,0.0,0.0,1468929127.0,0x1111111254eeb25477b68fb85ed929f73a960582,0x9dc1e674545d572c9ebab75f31f2bc7e2884df35baa874eeaf0470154b874e00,0x1111111254eeb25477b68fb85ed929f73a960582,0x74de5d4fcbf63e00296fd95d33236b9794016631,116,12392573859,6.386276008085004e+16,0.0,0.0,193718248.0,0,2.82,1,7027,1476.1908708612334,194.68295979046584,16.004405973152252
WETH_USDT,21176526,1731473867,0x2a66392317698c5818df7a72a58556049f0ae6f2,0x1d7743e08b7a1337f9e06d60d68807afbd24d895b979bed9c6cd675d03b24c3a,0x7a250d5630b4cf539739df2c5dacb4c659f2488d,0x2a66392317698c5818df7a72a58556049f0ae6f2,1,49179424668,0.0,120581794.0,3.78338854915825e+16,0.0,0x1111111254eeb25477b68fb85ed929f73a960582,0xc98f08849e34ca1d88cad2e3d945df0d0d31c5ae09fa0f3d59d0680df93d4c26,0x1111111254eeb25477b68fb85ed929f73a960582,0x470dc172d6502ac930b59322ece5345dd456a03d,6,31459571384,0.0,1578070000.0,4.951192266681267e+17,0.0,1,1.56,5,36,123.55837373081272,1616.9665276272563,24.09161649950163
WETH_USDT,21750870,1738403267,0x51c72848c68a965f66fa7a88855f9f7784502a7f,0xe2c46b3b44109cf48ad660b70c058657f975acd3b625da47e25f20191c663dbc,0x51c72848c68a965f66fa7a88855f9f7784502a7f,0x51c72848c68a965f66fa7a88855f9f7784502a7f,19,7860007233,3.2988626515526497e+18,0.0,0.0,10663316641.0,0x66a9893cc07d91d95644aedd05d03f95e1dba8af,0xb0babc05c1661e41fa42624855108689d406fd8b7a94007e6f97a89365b2b108,0x66a9893cc07d91d95644aedd05d03f95e1dba8af,0x66a9893cc07d91d95644aedd05d03f95e1dba8af,20,4148705028,1.5460943852342896e+16,0.0,0.0,49960628.0,0,1.89,1,3394,10688.803957138056,50.0957497433944,3.8201382698828894
WETH_USDT,21852171,1739626691,0x66a9893cc07d91d95644aedd05d03f95e1dba8af,0x4f56b5eab9a78c2c8037c190e0954f11015e6a3d014b07668c9d9ef93eaea995,0x66a9893cc07d91d95644aedd05d03f95e1dba8af,0xf82d8ec196fb0d56c6b82a8b1870f09502a49f88,16,2751466177,0.0,1000000000.0,3.677505551008023e+17,0.0,0x00000000009e50a7ddb7a7b0e2ee6604fd120e49,0xb44c267a9ff9a74df6749fa1affe698d723d43d58ba4ad74d92986eda80d8481,0x00000000009e50a7ddb7a7b0e2ee6604fd120e49,0x00000000009e50a7ddb7a7b0e2ee6604fd120e49,17,940630307,0.0,110639142.0,4.068574650748109e+16,0.0,1,2.93,1,11636,1000.0,110.639142,1.1176489248835615
WETH_USDT,21926125,1740520067,0x66a9893cc07d91d95644aedd05d03f95e1dba8af,0xb1118b44f342a70a842973f4ac840e01a31b21a6130ebfa674e4210dc0cd3095,0x66a9893cc07d91d95644aedd05d03f95e1dba8af,0x70024bd98ac4e22b85a1e8ea9f18f2d3241b3866,34,2932648059,0.0,992000000.0,3.958472808202549e+17,0.0,0x9d6b911199b891c55a93e4bc635bf59e33d002d8,0xd219b32955891935178c7b4477ae1e2496b1079df4962a03b9993bbf7db6566a,0x9d6b911199b891c55a93e4bc635bf59e33d002d8,0x9d6b911199b891c55a93e4bc635bf59e33d002d8,39,932648059,0.0,1713066.0,683518801050133.0,0.0,1,3.14,5,11636,992.0,1.713066,1.0657371433399376
WETH_USDT,21951916,1740830891,0x1111111254eeb25477b68fb85ed929f73a960582,0x752e58c7a98c41c9935cae9fc1e085d0d610fd9e9c30cd9c92d984633549c365,0x1111111254eeb25477b68fb85ed929f73a960582,0xa7ca2c8673bcfa5a26d8ceec2887f2cc2b0db22a,178,1744190414,2e+16,0.0,0.0,43528064.0,0xdef1c0ded9bec7f1a1670819833240f027b25eff,0x90b82a4c563c26e43f264104894c3bf246e44af4ba51417a44fd7d5cdb9fca76,0xdef1c0ded9bec7f1a1670819833240f027b25eff,0xe0fff9c0c1a54c9e606ad5366e8f00048c5b6257,183,794190414,4.6670603394603795e+17,0.0,0.0,1015635053.0,0,2.2,5,15101,44.62086418448003,1041.241327739174,0.5837046268122449
WETH_USDT,21976939,1741132475,0x66a9893cc07d91d95644aedd05d03f95e1dba8af,0x6cab1839488b4eee7bc4b385e44ea1bb494d141562e7f7287500268a90389338,0x66a9893cc07d91d95644aedd05d03f95e1dba8af,0x43a68a9f1f234e639b142f0aba946b7add26418d,28,2642830315,2.31e+16,0.0,0.0,49938799.0,0x337fe706282c2894cae76482b8fdf2f39eeaac67,0x0fa7b7bd6df7460bc8741181ebd035bb31a83202b186e40c69f41cf72b72f1b2,0x7a250d5630b4cf539739df2c5dacb4c659f2488d,0x337fe706282c2894cae76482b8fdf2f39eeaac67,32,1742830315,2.9923112591950784e+17,0.0,0.0,646849087.0,0,1.52,4,11636,49.938799,646.849087,0.8176952287202149
WETH_USDT,22027012,1741736975,0x0d0e364aa7852291883c162b22d6d81f6355428f,0x759e8975f54658e029067565f3a0fe6f3df213160e6c9ce2d133540593f9f0ed,0x0d0e364aa7852291883c162b22d6d81f6355428f,0x0d0e364aa7852291883c162b22d6d81f6355428f,5,1594862353,6.90752180580238e+17,0.0,0.0,1324932703.0,0x930e8d11319351157917dafe7e692eed5c1a17aa,0xf26abaa9d4eb98d6be970b5794ef9a1ad4a42e4c79871d4e3a85539b53e263cf,0x7a250d5630b4cf539739df2c5dacb4c659f2488d,0x930e8d11319351157917dafe7e692eed5c1a17aa,6,546770968,3.37803715472e+17,0.0,0.0,647711699.0,0,2.92,1,195,1324.932703,647.711699,0.45557373407099133
WETH_USDT,22077395,1742344787,0x66a9893cc07d91d95644aedd05d03f95e1dba8af,0x9abf73c073a1a6cb2a17464a6ac3f599587c039c8f269c9ea41c7edc715157ca,0x66a9893cc07d91d95644aedd05d03f95e1dba8af,0x5d6b5238809077ab58744ec30401fc142dfb9e73,20,2425392670,0.0,4120000.0,2119321663998775.0,0.0,0x9c434a2d262d17c57b3d5361781ea090e251f77e,0x0714b54c64a0bfed9a8e79210b4555048d5cdf231a30f90bf8ff95fa4ca2bdcb,0x9c434a2d262d17c57b3d5361781ea090e251f77e,0x9c434a2d262d17c57b3d5361781ea090e251f77e,24,425392670,0.0,26343134797.0,1.3633866258220397e+19,0.0,1,5.7,4,11636,4.12,26343.134797,0.6948289040086423
WETH_USDT,22102495,1742647439,0x42e213a3ad048e899b89ea8cb11d21bc97b84748,0x8b337ab6f0c7827a1cea94481fea5282bd9f8174db42a025fc857a2ff7b2366d,0x42e213a3ad048e899b89ea8cb11d21bc97b84748,0x42e213a3ad048e899b89ea8cb11d21bc97b84748,6,21729531546,0.0,14674042624.0,7.386028269356712e+18,0.0,0xa69babef1ca67a37ffaf7a485dfff3382056e78c,0x90cf058dee4eb4b2a21db9778c47a7e638ff940fec969c59a3b372c7ae67788c,0xa69babef1ca67a37ffaf7a485dfff3382056e78c,0xa69babef1ca67a37ffaf7a485dfff3382056e78c,11,372335604,0.0,1852903634.0,9.295547547040618e+17,0.0,1,58.36,5,20,14763.671860391927,1858.054271421458,6.51515933311855
WETH_USDT,22102495,1742647439,0x42e213a3ad048e899b89ea8cb11d21bc97b84748,0x8b337ab6f0c7827a1cea94481fea5282bd9f8174db42a025fc857a2ff7b2366d,0x42e213a3ad048e899b89ea8cb11d21bc97b84748,0x42e213a3ad048e899b89ea8cb11d21bc97b84748,6,21729531546,0.0,1095885955.0,5.5006447600769434e+17,0.0,0xa69babef1ca67a37ffaf7a485dfff3382056e78c,0x90cf058dee4eb4b2a21db9778c47a7e638ff940fec969c59a3b372c7ae67788c,0xa69babef1ca67a37ffaf7a485dfff3382056e78c,0xa69babef1ca67a37ffaf7a485dfff3382056e78c,11,372335604,0.0,1852903634.0,9.295547547040618e+17,0.0,1,58.36,5,20,1099.5045144260362,1858.054271421458,6.51515933311855
WETH_USDT,22126143,1742932643,0x81463b0f960f247f704377661ec81c1fd65b5128,0x7f7f52c10788df2912febf6643a28c4feea429e9206c9779f17fd00279d6347e,0x81463b0f960f247f704377661ec81c1fd65b5128,0x81463b0f960f247f704377661ec81c1fd65b5128,7,3704473469,0.0,47330109.0,2.279403481255117e+16,0.0,0x9a6fae683549309386b633275a4f6933a022a092,0x9b8f1f8366acf2252f1779a4da341ec992b8a934d0b88098f2caa1f90ddc10b9,0x9a6fae683549309386b633275a4f6933a022a092,0x9a6fae683549309386b633275a4f6933a022a092,10,1828338116,0.0,3175964583.0,1.5301436714701245e+18,0.0,1,2.03,3,23,47.42177661256311,3183.3824932840866,1.156043991939637
WETH_USDT,22127167,1742945003,0xfbd4cdb413e45a52e2c8312f670e9ce67e794c37,0x50cd4e61021a9aa6bde893980c7f0d69bc32ca5a1d4c271e7a4a937a022959db,0xfbd4cdb413e45a52e2c8312f670e9ce67e794c37,0xfbd4cdb413e45a52e2c8312f670e9ce67e794c37,0,23044532514,0.0,1569516137.0,7.60726592129382e+17,0.0,0x66a9893cc07d91d95644aedd05d03f95e1dba8af,0xf38c22e388c8f06b4683ddead0bfd4c8176ad7c40a22be1dc1e4fab4ad4e70b9,0x66a9893cc07d91d95644aedd05d03f95e1dba8af,0x26577f58af2f7de1a85034bb360fd154cda022f3,3,2358465664,0.0,284050000.0,1.3763150641788022e+17,0.0,1,9.77,3,2574,1582.6511985202305,286.33502606591713,7.191438562808431
WETH_USDT,22177720,1743554651,0x66a9893cc07d91d95644aedd05d03f95e1dba8af,0xeaeab2c6a1b09b7f988f9473d51696e875578815755e835bdcc105cb083c6ef3,0x66a9893cc07d91d95644aedd05d03f95e1dba8af,0xe5d5f8f61b1555f1a27488a122fb3cde2ee16f2b,77,2487324652,3.3137268352008484e+16,0.0,0.0,62747596.0,0xa69babef1ca67a37ffaf7a485dfff3382056e78c,0x1c96863de96aeb0c71dacc81572d9391cb22c9f36c83797650c77dcee5ce3b42,0xa69babef1ca67a37ffaf7a485dfff3382056e78c,0xa69babef1ca67a37ffaf7a485dfff3382056e78c,78,487324652,8.976775261366499e+17,0.0,0.0,1699271648.0,0,5.1,1,11636,62.747596,1699.271648,0.6974192516662492
WETH_USDT,22226140,1744138907,0x66a9893cc07d91d95644aedd05d03f95e1dba8af,0xcbee3577282a69ef278bcb0828113fd1b53279ccca6aea562874f0a8f85229c1,0x66a9893cc07d91d95644aedd05d03f95e1dba8af,0xf06b825ff3994b5a493188ad17a71393a6ce3de5,10,2847648298,0.0,580000000.0,3.914322240560983e+17,0.0,0x81463b0f960f247f704377661ec81c1fd65b5128,0x48ce2b3438b2bcb9222bcee133653ec4ce1c4cba140b641ab05aa3fd06ca05a2,0x81463b0f960f247f704377661ec81c1fd65b5128,0x81463b0f960f247f704377661ec81c1fd65b5128,11,937354605,0.0,38028291.0,2.56614225412096e+16,0.0,1,3.04,1,11636,598.7762313547911,39.25443266067503,0.653409713601897
WETH_USDT,22226140,1744138907,0x66a9893cc07d91d95644aedd05d03f95e1dba8af,0xcbee3577282a69ef278bcb0828113fd1b53279ccca6aea562874f0a8f85229c1,0x66a9893cc07d91d95644aedd05d03f95e1dba8af,0xf06b825ff3994b5a493188ad17a71393a6ce3de5,10,2847648298,0.0,580000000.0,3.914322240560983e+17,0.0,0x81463b0f960f247f704377661ec81c1fd65b5128,0x48ce2b3438b2bcb9222bcee133653ec4ce1c4cba140b641ab05aa3fd06ca05a2,0x81463b0f960f247f704377661ec81c1fd65b5128,0x81463b0f960f247f704377661ec81c1fd65b5128,11,937354605,0.0,21073392.0,1.422011612004352e+16,0.0,1,3.04,1,11636,598.7762313547911,21.752597299109663,0.653409713601897
WETH_USDT,22226393,1744141967,0x66a9893cc07d91d95644aedd05d03f95e1dba8af,0xc073eb057f1346b231b73c0976c4acd2ee5f9e911d9df4ffd0c38cd1e479ce6b,0x66a9893cc07d91d95644aedd05d03f95e1dba8af,0x66a9893cc07d91d95644aedd05d03f95e1dba8af,20,3243671383,0.0,24863926.0,1.6902506810355608e+16,0.0,0x00000000009e50a7ddb7a7b0e2ee6604fd120e49,0x151996c6f0f56cf3a85192ec3cbe766fa30457434ce1d0b2dabce6da08cec043,0x00000000009e50a7ddb7a7b0e2ee6604fd120e49,0x00000000009e50a7ddb7a7b0e2ee6604fd120e49,21,1498353499,0.0,3288123.0,2235254458810368.0,0.0,1,2.16,1,11636,25.855866498367163,3.4192822121196884,0.7442795484517025
WETH_USDT,22227332,1744153271,0xa6890ac41e3a99a427bef68398bf06119fb5e211,0xb0177eebae925e00038817b22f218d95f9ccdad88fc44f066ec8505660235b34,0x7a250d5630b4cf539739df2c5dacb4c659f2488d,0xa6890ac41e3a99a427bef68398bf06119fb5e211,0,24501570201,0.0,200000000.0,1.3616684947010998e+17,0.0,0x64f2095cc11e4726078f4a64d4279c7e7fb7e6ec,0x17ba9048bea1a6bab1a7764c8ad3689b6b254f14249fab5ba5cb7d5341442b7b,0x64f2095cc11e4726078f4a64d4279c7e7fb7e6ec,0x64f2095cc11e4726078f4a64d4279c7e7fb7e6ec,4,1501570201,0.0,1416150946.0,9.638462438102359e+17,0.0,1,16.32,4,27,208.29524998300238,1474.4014059288404,5.622029932234343
WETH_USDT,22227597,1744156475,0xeff6cb8b614999d130e537751ee99724d01aa167,0xac8608d318e56c68294bea0a51fb5326ae0cd73826cb74ad7ccd1bec0cc5a10b,0xeff6cb8b614999d130e537751ee99724d01aa167,0xeff6cb8b614999d130e537751ee99724d01aa167,8,19585219737,0.0,4848986742.0,3.2966286493415096e+18,0.0,0xa090fc409a9f25bf8e28257d42ef6904590c8984,0x3262ef88902b4a67fa34571c9e22a5f62a45beab63209665f7005cdf50f40646,0xa090fc409a9f25bf8e28257d42ef6904590c8984,0xa090fc409a9f25bf8e28257d42ef6904590c8984,9,425355249,0.0,4857572.0,3299190413575309.0,0.0,1,46.04,1,116,5042.872705712772,5.046791451894777,4.49394429367253
WETH_USDT,22278830,1744773695,0x66a9893cc07d91d95644aedd05d03f95e1dba8af,0x00b7c0c36d56ad7e265bf3aae3409f9678398dac46d54757d0c0c4ddd36d1ce7,0x66a9893cc07d91d95644aedd05d03f95e1dba8af,0x60eb59fede3e9eaaa995ed393e939f47a3e971ff,40,2393262383,0.0,1271181880.0,7.922811340428369e+17,0.0,0x00000047bb99ea4d791bb749d970de71ee0b1a34,0x8a0cbcbe3174487605c24987fc1fba18b4b6cc2722b535d571d3766de33bb91d,0x00000047bb99ea4d791bb749d970de71ee0b1a34,0x00000047bb99ea4d791bb749d970de71ee0b1a34,44,555600783,0.0,14599525.0,9097067747127438.0,0.0,1,4.31,4,11636,1280.6896876943404,14.70503379596185,0.5802914499960498
WETH_USDT,22325882,1745340995,0x0eae044f00b0af300500f090ea00027097d03000,0x7209a51a54885654f69d9fda25dc3b11fc6347c439c426e99a67dac5e531d028,0x0eae044f00b0af300500f090ea00027097d03000,0x11b815efb8f581194ae79006d24e0d814b7697f6,25,4849096452,1.5873799086508204e+18,0.0,0.0,2684382019.0,0x0d0e364aa7852291883c162b22d6d81f6355428f,0x3ba7e03592205665a6a693a03244e9c6cabefb9963f2fdee7da1f030cdca5a02,0x0d0e364aa7852291883c162b22d6d81f6355428f,0x0d0e364aa7852291883c162b22d6d81f6355428f,26,2730786577,2.097114748476849e+17,0.0,0.0,354434164.0,0,1.78,1,64,2684.382019,354.434164,1.1910939444689352
WETH_USDT,22351865,1745654303,0x1111111254eeb25477b68fb85ed929f73a960582,0x44ef47253b2f298333232c7c66b639cb87f999c99c41d3fde980d7679cecca0c,0x1111111254eeb25477b68fb85ed929f73a960582,0xa7ca2c8673bcfa5a26d8ceec2887f2cc2b0db22a,57,1619052753,1.5e+16,0.0,0.0,27033310.0,0xa69babef1ca67a37ffaf7a485dfff3382056e78c,0x1e6607d73e813ece49be369ef6074d90beb9756f6c328cb4f7f610b81c9d2100,0xa69babef1ca67a37ffaf7a485dfff3382056e78c,0xa69babef1ca67a37ffaf7a485dfff3382056e78c,60,619052753,9.088314611231973e+17,0.0,0.0,1637417309.0,0,2.62,3,15101,27.18738328647768,1647.249951757727,0.4401780775683788
WETH_USDT,22352058,1745656631,0x5c6919b79fac1c3555675ae59a9ac2484f3972f5,0x379d75f2c40a24663bc021b27026ef4a78bbf7544aeede0c63c1c8badfedaf73,0x7a250d5630b4cf539739df2c5dacb4c659f2488d,0x5c6919b79fac1c3555675ae59a9ac2484f3972f5,6,3153052961,0.0,500000000.0,2.7250764935521216e+17,0.0,0xa090fc409a9f25bf8e28257d42ef6904590c8984,0x0093611b38bcb5a2e4f42fdb0352bcb587e39bda597c50b37d55ed59fa5ec86f,0xa090fc409a9f25bf8e28257d42ef6904590c8984,0xa090fc409a9f25bf8e28257d42ef6904590c8984,10,1153052961,0.0,1834786.0,999533285613885.0,0.0,1,2.73,4,36,500.0,1.834786,0.8572325937327037
WETH_USDT,22352058,1745656631,0x5c6919b79fac1c3555675ae59a9ac2484f3972f5,0xea98fe32a8ef0707e412ff0fe466bd3f27bec631b82b55dddab64fe44acf05cf,0x7a250d5630b4cf539739df2c5dacb4c659f2488d,0x5c6919b79fac1c3555675ae59a9ac2484f3972f5,7,3153052961,0.0,500000000.0,2.7245829461806294e+17,0.0,0xa090fc409a9f25bf8e28257d42ef6904590c8984,0x0093611b38bcb5a2e4f42fdb0352bcb587e39bda597c50b37d55ed59fa5ec86f,0xa090fc409a9f25bf8e28257d42ef6904590c8984,0xa090fc409a9f25bf8e28257d42ef6904590c8984,10,1153052961,0.0,1834786.0,999533285613885.0,0.0,1,2.73,3,36,500.0,1.834786,0.8572325937327037
WETH_USDT,22352058,1745656631,0x5c6919b79fac1c3555675ae59a9ac2484f3972f5,0x12d78b17bdef478f6d53ffe46355e51d09657f0221672f532b2bc207a9d9d2e1,0x7a250d5630b4cf539739df2c5dacb4c659f2488d,0x5c6919b79fac1c3555675ae59a9ac2484f3972f5,8,3153052961,0.0,500000000.0,2.724089532946043e+17,0.0,0xa090fc409a9f25bf8e28257d42ef6904590c8984,0x0093611b38bcb5a2e4f42fdb0352bcb587e39bda597c50b37d55ed59fa5ec86f,0xa090fc409a9f25bf8e28257d42ef6904590c8984,0xa090fc409a9f25bf8e28257d42ef6904590c8984,10,1153052961,0.0,1834786.0,999533285613885.0,0.0,1,2.73,2,36,500.0,1.834786,0.8572325937327037
WETH_USDT,22376111,1745946527,0x66a9893cc07d91d95644aedd05d03f95e1dba8af,0x15c6497b88aac7485577ea42d9a5706b8fe105f42f044537091e7011b062b412,0x66a9893cc07d91d95644aedd05d03f95e1dba8af,0x4e34da137f0b317c633838458e0c923a5e088752,9,1805628079,0.0,145000000.0,7.976494372482835e+16,0.0,0xf82d8ec196fb0d56c6b82a8b1870f09502a49f88,0x84f2a3bdf6ed6de4c8e6bc8bb842cbbe92f1224f6d1b8a14ad4b412cf1f11600,0x7a250d5630b4cf539739df2c5dacb4c659f2488d,0xf82d8ec196fb0d56c6b82a8b1870f09502a49f88,10,1150257252,0.0,789764963.0,4.343784117557734e+17,0.0,1,1.57,1,11636,145.83492942297318,794.1777686172712,0.49518679102974
WETH_USDT,22376713,1745953859,0x0d0e364aa7852291883c162b22d6d81f6355428f,0x8e9a920fb7c402e2d531fa9bdb1cee4259c9983ef4adeb6f257d0068c9f08245,0x0d0e364aa7852291883c162b22d6d81f6355428f,0xeeeeee9ec4769a09a76a83c7bc42b185872860ee,23,732774250,2.6054275508677504e+16,0.0,0.0,47522092.0,0xd915aaf7e5b0b4e9b6c92f604ae365ea13a3e041,0xec32b53837317db85b19a2de02bb49f026c28fba7192232532dcd89240b3bdf8,0x7a250d5630b4cf539739df2c5dacb4c659f2488d,0xd915aaf7e5b0b4e9b6c92f604ae365ea13a3e041,24,416197649,2.768081767e+16,0.0,0.0,50487951.0,0,1.76,1,195,47.63525494461018,50.609075901825015,0.20096061510501378
WETH_USDT,22403081,1746273215,0x66a9893cc07d91d95644aedd05d03f95e1dba8af,0xc7c2b3397ec6efb653c5503fad1a05849eb410bc41c47f5f68040d7497fd7d0f,0x66a9893cc07d91d95644aedd05d03f95e1dba8af,0x66a9893cc07d91d95644aedd05d03f95e1dba8af,50,2350793554,7.129554314761277e+17,0.0,0.0,1294953331.0,0x00000047bb99ea4d791bb749d970de71ee0b1a34,0xd0dfb2c7a0bc98abcd6489e58aa532e4cb2ff01556153292e74bb658f5d0222b,0x00000047bb99ea4d791bb749d970de71ee0b1a34,0x81f22ad2e36502b2a0255f0139755a8f7b835f8f,51,757598071,6.112492180929654e+16,0.0,0.0,110993884.0,0,3.1,1,11636,1311.9799899977065,112.48203010100313,0.6488892504285935
WETH_USDT,22426113,1746551999,0x1111111254eeb25477b68fb85ed929f73a960582,0xd8d8f0bc0d37e40cd7d8411fda9a917e9559a2c1792d5e95145333dac6c75009,0x1111111254eeb25477b68fb85ed929f73a960582,0xa7ca2c8673bcfa5a26d8ceec2887f2cc2b0db22a,49,1753959665,0.0,6871909.0,3874382279423188.0,0.0,0xa090fc409a9f25bf8e28257d42ef6904590c8984,0x0f2f71c08cea46ad3cfcc79d6d7d3238adaac09d986955ce03dd4441efbc7e4f,0xa090fc409a9f25bf8e28257d42ef6904590c8984,0xa090fc409a9f25bf8e28257d42ef6904590c8984,50,753959665,0.0,935209.0,527270075286364.0,0.0,1,2.33,1,15101,6.871909,0.935209,0.46281570223703067
WETH_USDT,22427225,1746565475,0xa9ae72d5966eff49bc1328fe145862f0f3160faa,0x4d1220b3fab61f7b28a9e046103017bae83c9011ca63738bd513adf6a3048d41,0xa9ae72d5966eff49bc1328fe145862f0f3160faa,0xa9ae72d5966eff49bc1328fe145862f0f3160faa,23,4800777039,0.0,7205043118.0,4.0586476889685535e+18,0.0,0x00c600b30fb0400701010f4b080409018b9006e0,0x2af0fb744d90ba39a0b9ea342aa1f04cc3cfe799fd8167d96ceec0959f9f1f88,0x00c600b30fb0400701010f4b080409018b9006e0,0x00c600b30fb0400701010f4b080409018b9006e0,25,954777039,0.0,1639344000.0,9.219538736019891e+17,0.0,1,5.03,2,4,7205.043118,1639.344,1.2667765632958257
WETH_USDT,22451475,1746861695,0x1f2f10d1c40777ae1da742455c65828ff36df387,0x0c22dae8736b5130860b1d92f512f41e8c54671350a54c993d8716ba0e32b896,0x1f2f10d1c40777ae1da742455c65828ff36df387,0x1f2f10d1c40777ae1da742455c65828ff36df387,2,895707328258,2.214347809457858e+19,0.0,0.0,52981050112.0,0xa69babef1ca67a37ffaf7a485dfff3382056e78c,0x35ac19bfabb152a628f49ce1107004194cb287d827484382feda571944a94a65,0xa69babef1ca67a37ffaf7a485dfff3382056e78c,0xa69babef1ca67a37ffaf7a485dfff3382056e78c,3,2294100275,1.4630497206835569e+19,0.0,0.0,34713003732.0,0,390.44,1,97,52981.050112,34713.003732,314.54870398326494
WETH_USDT,22475843,1747158071,0xfbd4cdb413e45a52e2c8312f670e9ce67e794c37,0xadc2a0e817f0e18132560cdf00c12da118191b798fb635aef04e0411b8c3b653,0xfbd4cdb413e45a52e2c8312f670e9ce67e794c37,0xfbd4cdb413e45a52e2c8312f670e9ce67e794c37,0,44659798811,0.0,5680043237.0,2.1786308451529482e+18,0.0,0x66a9893cc07d91d95644aedd05d03f95e1dba8af,0x17bd87be2cfc712524b8f7f52a45b018965b29182ed710045483c47f1286a730,0x66a9893cc07d91d95644aedd05d03f95e1dba8af,0x70a53125353007a698a9f5c1a1d4923674db945f,4,7355063173,0.0,1300000000.0,4.983234831014969e+17,0.0,1,6.07,4,2574,5680.043237,1300.0,16.955121187077637
WETH_USDT,22526371,1747771271,0x66a9893cc07d91d95644aedd05d03f95e1dba8af,0x53be4a9d322f7d43d35d17eeb1e540eb829f35c397a65319aa7a3ccec6b4ed46,0x66a9893cc07d91d95644aedd05d03f95e1dba8af,0x8a6d9525a0f07dcdc17fff15644342c314025a80,33,3888939562,0.0,200000000.0,7.968139520529218e+16,0.0,0x00000047bb99ea4d791bb749d970de71ee0b1a34,0xa8c5f1eb123c277a4a2caa7666cffc531697a6c84b78d84be6f864b8193cb9ce,0x00000047bb99ea4d791bb749d970de71ee0b1a34,0x470dc172d6502ac930b59322ece5345dd456a03d,34,2522318876,0.0,1373976719.0,5.4732832569014957e+17,0.0,1,1.54,1,11636,200.0,1373.976719,1.444157978114251
WETH_USDT,22576185,1748373791,0x1f2f10d1c40777ae1da742455c65828ff36df387,0x8f7968fa65486723f8ffd4ca7694a7d960ec0a240a78f1334026d1bf6c68bdf5,0x1f2f10d1c40777ae1da742455c65828ff36df387,0x3211847288d5b20803d0e82a4f3175db806ef3be,2,146138576748,4.304318652796109e+16,0.0,0.0,115434172.0,0x111111125421ca6dc452d289314280a0f8842a65,0x75c4f5e4b701db325735bc91a74996a82d9af3139459cee8e046ea40bd62678e,0x111111125421ca6dc452d289314280a0f8842a65,0xb300000b72deaeb607a12d5f54773d1c19c7028d,5,9593452166,9.512855773911123e+16,0.0,0.0,255110081.0,0,15.23,3,97,115.434172,255.110081,58.01906618784206
WETH_USDT,22602604,1748693219,0x111111125421ca6dc452d289314280a0f8842a65,0xf2649888fcedb534d955c2a500ed8587eca1a988e767eb9104bdc62c50daff8b,0x111111125421ca6dc452d289314280a0f8842a65,0xc2eab7d33d3cb97692ecb231a5d0e4a649cb539d,52,1078843338,0.0,13247780.0,5245343479752173.0,0.0,0x5b670a54cd8c4e6f03d5bbbedcbaa68c8b2ca2d9,0x6f25deab1eb292de143e7190eefafac7a03385ea2cb806851964e93dd7377852,0x7a250d5630b4cf539739df2c5dacb4c659f2488d,0x5b670a54cd8c4e6f03d5bbbedcbaa68c8b2ca2d9,53,708679682,0.0,349000000.0,1.381809846604427e+17,0.0,1,1.52,1,4901,13.249432815051065,349.0371373473217,0.40876433678672397
WETH_USDT,22652627,1749298307,0x5141b82f5ffda4c6fe1e372978f1c5427640a190,0xc4488fe616025bd8d11bfc19b992368474bfd0c916449b9182e95b1f29de6e1c,0x5141b82f5ffda4c6fe1e372978f1c5427640a190,0x0c3fdf9c70835f9be9db9585ecb6a1ee3f20a6c7,4,6089311507,0.0,326132.0,130356507105821.0,0.0,0x111111125421ca6dc452d289314280a0f8842a65,0x5c36117e5d2ccebfaac28a93211e7566df4e337fe770e90b93f89bfbf5dbdd84,0x111111125421ca6dc452d289314280a0f8842a65,0x055fb841cce69000fbaff2691ad39fa6e23826a1,7,1148544888,0.0,48325608.0,1.931592656837953e+16,0.0,1,5.3,3,2035,0.326132,48.325608,2.2632413549986174
WETH_USDT,22652627,1749298307,0x5141b82f5ffda4c6fe1e372978f1c5427640a190,0x865b753afbbe7ab728ffa5ce19a09d00d54fa25009ce1ba7673541bf14bf36cd,0x5141b82f5ffda4c6fe1e372978f1c5427640a190,0x0c3fdf9c70835f9be9db9585ecb6a1ee3f20a6c7,6,6089311507,0.0,807381.0,322713996615829.0,0.0,0x111111125421ca6dc452d289314280a0f8842a65,0x5c36117e5d2ccebfaac28a93211e7566df4e337fe770e90b93f89bfbf5dbdd84,0x111111125421ca6dc452d289314280a0f8842a65,0x055fb841cce69000fbaff2691ad39fa6e23826a1,7,1148544888,0.0,48325608.0,1.931592656837953e+16,0.0,1,5.3,1,2035,0.807381,48.325608,2.2632413549986174
WETH_USDT,22702158,1749896447,0x00000047bb99ea4d791bb749d970de71ee0b1a34,0x484dc17e257bd9b66052437c6fee5f18734a43f72cb2fc1a8e591210388a8588,0x00000047bb99ea4d791bb749d970de71ee0b1a34,0x17782d58c715aa2a4458d5fb1c1d8e52a69a62fc,55,687348769,0.0,29910000.0,1.1801333788606116e+16,0.0,0x5b670a54cd8c4e6f03d5bbbedcbaa68c8b2ca2d9,0xa689894f8ead0934c886d70f82903fbcbc772ee0de1c8a9e31c1afbe10ee3fe2,0x7a250d5630b4cf539739df2c5dacb4c659f2488d,0x5b670a54cd8c4e6f03d5bbbedcbaa68c8b2ca2d9,56,433906966,0.0,553000000.0,2.181852484221037e+17,0.0,1,1.58,1,7027,30.269498739420545,559.6281081761592,0.264449380080349
WETH_USDT,22702246,1749897503,0x1111111254eeb25477b68fb85ed929f73a960582,0xa158534680c0fb77401ef34e0eb4a4ebe2212fc38e1f5fdf9f75f83e7656e58f,0x1111111254eeb25477b68fb85ed929f73a960582,0x1111111254eeb25477b68fb85ed929f73a960582,58,987258317,0.0,18584387.0,7330206239391539.0,0.0,0x5b670a54cd8c4e6f03d5bbbedcbaa68c8b2ca2d9,0xdc01a1149323e4f2770aad068ac09df23058129368be9e2489eed801ac229b57,0x7a250d5630b4cf539739df2c5dacb4c659f2488d,0x5b670a54cd8c4e6f03d5bbbedcbaa68c8b2ca2d9,62,487378317,0.0,594000000.0,2.3428217079365584e+17,0.0,1,2.03,4,15101,18.801406052693455,600.9154558744906,0.37983606239617596
WETH_USDT,22726967,1750196471,0x66a9893cc07d91d95644aedd05d03f95e1dba8af,0x76eda42c334ef6d8b827dfb1854bffc07a018f8a4829342482d7b058d1ef6f0b,0x66a9893cc07d91d95644aedd05d03f95e1dba8af,0xba123e7cad737b7f8d4580d04e525724c3c80f1a,17,2960843388,0.0,2000000000.0,7.923205959747616e+17,0.0,0x1111111254eeb25477b68fb85ed929f73a960582,0x9d6e695c137de48a429520c9d7528c15ec7db16f2e215cf2a59f163435963508,0x1111111254eeb25477b68fb85ed929f73a960582,0x47082a75bc16313ef92cfaca1feb885659c3c9b5,20,1960843392,0.0,494118293.0,1.9572211162513776e+17,0.0,1,1.51,3,11636,2022.1538915486587,499.5203099548108,1.133495899840467
WETH_USDT,22752475,1750504487,0xa43fe16908251ee70ef74718545e4fe6c5ccec9f,0xb4030019826112f305bf37a5aa08a5127f6d453a34cf9388dc6822e8af136df0,0x7a250d5630b4cf539739df2c5dacb4c659f2488d,0xa43fe16908251ee70ef74718545e4fe6c5ccec9f,67,531184050,0.0,19966103.0,8161206157769473.0,0.0,0x111111125421ca6dc452d289314280a0f8842a65,0xc838f9a19ce84ecf39b2c83fc1aeb0b1f26046a6abfa5a397c7e9a6c7e4b6be5,0x111111125421ca6dc452d289314280a0f8842a65,0x111111125421ca6dc452d289314280a0f8842a65,68,343989346,0.0,4538563.0,1855148977628497.0,0.0,1,1.54,1,149,19.966103,4.538563,0.1920998146353649
WETH_USDT,22752754,1750507847,0x000000009e271efe42db01ac98f5ca0ee5cdd482,0xca5ab6f530b69cb3bb8f34c9e5b3ef0e97d00d70acbf69741879f1c928a854e8,0x000000009e271efe42db01ac98f5ca0ee5cdd482,0x000000009e271efe42db01ac98f5ca0ee5cdd482,19,997925239,0.0,1849313.0,756437788172142.0,0.0,0x111111125421ca6dc452d289314280a0f8842a65,0x24a289b51fb53ae074159b4fd844ce86289c8059add1aebbc616cb06b9c963f8,0x111111125421ca6dc452d289314280a0f8842a65,0xf63a8514f28e27ea235413b5a1cd4a21ca17ae19,21,474570340,0.0,19362501.0,7919973207602500.0,0.0,1,2.1,2,1,1.849313,19.362501,0.36089422005772237
WETH_USDT,22801917,1751101403,0x00000047bb99ea4d791bb749d970de71ee0b1a34,0x829810833ac8f76ead10e249713429551949091baba7cd8a4be77ab1b50df68c,0x00000047bb99ea4d791bb749d970de71ee0b1a34,0x7cbee2f89305beb746e2b0807365119a8ff2513b,19,531030849,0.0,181638339.0,7.455364447616642e+16,0.0,0xa090fc409a9f25bf8e28257d42ef6904590c8984,0x73bc97bd7f009c36502cacdac5b64526fcea61032ce96dab701a245720678120,0xa090fc409a9f25bf8e28257d42ef6904590c8984,0xa090fc409a9f25bf8e28257d42ef6904590c8984,20,279906408,0.0,55205421.0,2.2658689251155188e+16,0.0,1,1.9,1,7027,181.638339,55.205421,0.1929585604847019
WETH_USDT,22826816,1751402219,0xfbd4cdb413e45a52e2c8312f670e9ce67e794c37,0x4921ad760f483e78b434e79ed05d90cd015fa643519e181a05dced068dcfccdf,0xfbd4cdb413e45a52e2c8312f670e9ce67e794c37,0xfbd4cdb413e45a52e2c8312f670e9ce67e794c37,0,28720950502,0.0,5400305686.0,2.2369231024870618e+18,0.0,0x1111111254eeb25477b68fb85ed929f73a960582,0xfd3b0973adceb882cc3c8dd952cee9aa6e5a6eec1add809b5cebdddfd6e2e9ee,0x1111111254eeb25477b68fb85ed929f73a960582,0xb36ec83d844c0579ec2493f10b2087e96bb65460,4,2255430638,0.0,495994531.0,2.0535346673073296e+17,0.0,1,12.73,4,2574,5420.945954220021,497.65235265411235,10.440326731754801
WETH_USDT,22851350,1751698355,0x6088d94c5a40cecd3ae2d4e0710ca687b91c61d0,0x82e63849c6f01c064e09b18d0b3f47c46d64e30bd8e916fc2dbfaf4215302d84,0x6088d94c5a40cecd3ae2d4e0710ca687b91c61d0,0xdb56e44fb8ee6c560a89a49841cfe0a07cc2fc39,13,1545137234,0.0,200000000.0,7.917583259241342e+16,0.0,0x82d88875d64d60cbe9cbea47cb960ae0f04ebd4d,0xc9ee56141e56608f7a08c7b2679aebc5d6e2609052e68cb02dd9454590c96931,0x82d88875d64d60cbe9cbea47cb960ae0f04ebd4d,0x82d88875d64d60cbe9cbea47cb960ae0f04ebd4d,17,795137234,0.0,6113861.0,2420321666596738.0,0.0,1,1.94,4,318,200.0,6.113861,0.5820677051559495
WETH_USDT,22851407,1751699039,0x66a9893cc07d91d95644aedd05d03f95e1dba8af,0x7d78256ee5c5c5a7613c0045692f830948ae5c032382cd779d74f497fcdd7440,0x66a9893cc07d91d95644aedd05d03f95e1dba8af,0x66a9893cc07d91d95644aedd05d03f95e1dba8af,41,2303558428,3.6592258405351635e+17,0.0,0.0,919786368.0,0x1111111254eeb25477b68fb85ed929f73a960582,0x8cc8f6399fe1fc5ba5f9e2eeaad6ec3822cd3180fa17f1d9f9be6047582c1782,0x1111111254eeb25477b68fb85ed929f73a960582,0x74de5d4fcbf63e00296fd95d33236b9794016631,44,1303558429,702929133144968.0,0.0,0.0,1766795.0,0,1.77,3,11636,919.786368,1.766795,0.8677720906430546
WETH_USDT,22851553,1751700803,0x4360658e680026e4c636e8be0f7d0b9f976c46f0,0xc4e5e436355cec30400066ca3ca346e2555c13026da4624cac5cf823164186f8,0x7a250d5630b4cf539739df2c5dacb4c659f2488d,0x4360658e680026e4c636e8be0f7d0b9f976c46f0,11,2319644023,0.0,200000000.0,7.906656506779843e+16,0.0,0x66a9893cc07d91d95644aedd05d03f95e1dba8af,0x1e360850573611948fdaaba1a40d4e25701adb40683a4fdb82873942974f94f3,0x66a9893cc07d91d95644aedd05d03f95e1dba8af,0x9a98c0018b6e94bf43b5c7c06344a8011723571b,15,1303365150,0.0,11609849.0,4589698946716091.0,0.0,1,1.78,4,15,200.0,11.609849,0.8738316853260975
WETH_USDT,22853456,1751723759,0x3ced11c610556e5292fbc2e75d68c3899098c14c,0xa83290d5555cc7ab3cd905f47d9d0530bee1e9d69e4ae6fba94a95456b74b4ee,0x3ced11c610556e5292fbc2e75d68c3899098c14c,0x3ced11c610556e5292fbc2e75d68c3899098c14c,2,2336971965,0.0,3612677013.0,1.4370878989365942e+18,0.0,0xaf92e072cb195e7549f18ed99e72800f9203c72d,0x84375e174396b54a981379dd1a3c810f03ea078328839534dff844e8e31e7c3b,0xaf92e072cb195e7549f18ed99e72800f9203c72d,0xaf92e072cb195e7549f18ed99e72800f9203c72d,4,336971965,0.0,27227968.0,1.0828519184134788e+16,0.0,1,6.94,2,150,3612.677013,27.227968,0.8803592837898954
WETH_USDT,22853456,1751723759,0xefe7a50f92b089b06d0e6cbcc85d7584424921b2,0x84f1cb544688cb6801cbce699c094182a068fecadb0901ef6316773b0cbb222c,0xefe7a50f92b089b06d0e6cbcc85d7584424921b2,0x99fe00026247953e792a7f02ada40714e8d20733,3,1657532844,0.0,197234093.0,7.844069050297011e+16,0.0,0xaf92e072cb195e7549f18ed99e72800f9203c72d,0x84375e174396b54a981379dd1a3c810f03ea078328839534dff844e8e31e7c3b,0xaf92e072cb195e7549f18ed99e72800f9203c72d,0xaf92e072cb195e7549f18ed99e72800f9203c72d,4,336971965,0.0,27227968.0,1.0828519184134788e+16,0.0,1,4.92,1,122,197.234093,27.227968,0.6244081868573329
WETH_USDT,22901152,1752299963,0x66a9893cc07d91d95644aedd05d03f95e1dba8af,0xcd6fb8f435d273c6cd8fdff2b31c1e36325a0b176d053dcbd698e3997f3e1972,0x66a9893cc07d91d95644aedd05d03f95e1dba8af,0x66a9893cc07d91d95644aedd05d03f95e1dba8af,49,1571956136,4.880753939963964e+17,0.0,0.0,1435700146.0,0x41b32063e50d95b6cc79bbe3ff208a53eb6b65f4,0xa08c4f4281315448ab834fe02a50acfe9f86c27045c2be039ace4df8739f248d,0x7a250d5630b4cf539739df2c5dacb4c659f2488d,0x41b32063e50d95b6cc79bbe3ff208a53eb6b65f4,50,983878051,9970000000000.0,0.0,0.0,29324.0,0,1.6,1,11636,1444.4976811106114,0.02950700252014574,0.6978492527559262
WETH_USDT,22902248,1752313187,0x66a9893cc07d91d95644aedd05d03f95e1dba8af,0xb0e107a57ec460f26dd22216154399a2a177d309c319659d401ae509dd270d7f,0x66a9893cc07d91d95644aedd05d03f95e1dba8af,0x34e76b60c6fe4572310e29c7deefb4f629485837,7,2888137856,0.0,50000000.0,1.6807836186045466e+16,0.0,0x6088d94c5a40cecd3ae2d4e0710ca687b91c61d0,0xe3d26b49e06a6db158d7c00f649ccf6eb9cd80e1cf7e024c99d2d19fd4c7ed0e,0x6088d94c5a40cecd3ae2d4e0710ca687b91c61d0,0x6088d94c5a40cecd3ae2d4e0710ca687b91c61d0,8,1888137856,0.0,305662229.0,1.0274797560572214e+17,0.0,1,1.53,1,11636,50.0,305.662229,1.2821508173849598
WETH_USDT,22902995,1752322211,0x66a9893cc07d91d95644aedd05d03f95e1dba8af,0x0c2e246e12c0a556cbdfbe6ea3f5d79c1976be1e1f59017ecfea1e3d0045fe78,0x66a9893cc07d91d95644aedd05d03f95e1dba8af,0xac9fbdbe486f8023606b932a747bc476011b5071,19,2010976197,1.3509873178243604e+16,0.0,0.0,39961747.0,0xa262031d94ba9380a15f4399c4cbc68cbf984616,0xebda9332440e73e30a42c1af5a1c84ce0601ec2da1085e250664eadcf9e53646,0x7a250d5630b4cf539739df2c5dacb4c659f2488d,0xa262031d94ba9380a15f4399c4cbc68cbf984616,22,743049606,7836800000000000.0,0.0,0.0,23180890.0,0,2.71,3,11636,39.98353680213474,23.193628620850365,0.8927464349974739
WETH_USDT,23000957,1753504451,0x111111125421ca6dc452d289314280a0f8842a65,0xf4ffe52679f49dbc77ac3b1d19fb3a58281742960af9d9b5a4be4d6dbdde624d,0x111111125421ca6dc452d289314280a0f8842a65,0x5ced44f03ff443bbe14d8ea23bc24425fb89e3ed,39,502454936,0.0,4196066.0,1118540708251253.0,0.0,0x0c0435519ac226010638a61fd1d1bc652b5434de,0xca6fda62e8fb16c1842537248f21fcfb4f04531b513d0d7072335a5b9c1b021e,0x0c0435519ac226010638a61fd1d1bc652b5434de,0x0c0435519ac226010638a61fd1d1bc652b5434de,40,291145061,0.0,7947249.0,2118435694663201.0,0.0,1,1.73,1,4901,4.196066,7.947249,0.28022242845540907
WETH_USDT,23076171,1754412683,0xfbd4cdb413e45a52e2c8312f670e9ce67e794c37,0xf05c238d84820cb81e204a61a42969eab51c1da6c27ace3d2f38e59bbb939f98,0xfbd4cdb413e45a52e2c8312f670e9ce67e794c37,0xfbd4cdb413e45a52e2c8312f670e9ce67e794c37,1,16555235393,0.0,11461320863.0,3.201672882454892e+18,0.0,0xdf31a70a21a1931e02033dbba7deace6c45cfd0f,0x88ed9f21e5f3793424a24e076081674f8896987dee0017ec2331ad0ff649437b,0xdf31a70a21a1931e02033dbba7deace6c45cfd0f,0xdf31a70a21a1931e02033dbba7deace6c45cfd0f,4,5305900758,0.0,5000000000.0,1.395851404202088e+18,0.0,1,3.12,3,2574,11461.320863,5000.0,8.868524747776124
WETH_USDT,23152615,1755335447,0x5141b82f5ffda4c6fe1e372978f1c5427640a190,0x021431ac2a1e46eee9ee47c0b9c400a28de0fe1b0f1e484d68cde8209d94da25,0x5141b82f5ffda4c6fe1e372978f1c5427640a190,0x5141b82f5ffda4c6fe1e372978f1c5427640a190,26,738542538,0.0,6138614.0,1378609113713872.0,0.0,0xdef171fe48cf0115b1d80b88dc8eab59176fee57,0xb247c2a31c3aec66041904834ae052815d79f8fb4fb9cbe5916fa8a990d89dcf,0xdef171fe48cf0115b1d80b88dc8eab59176fee57,0x45a6e007c874ffc6321d6fb90eac272dd6864bfa,27,313763562,0.0,37731349.0,8473688644211828.0,0.0,1,2.35,1,2035,6.138614,37.731349,0.49287080364123204
WETH_USDT,23152819,1755337895,0xfbd4cdb413e45a52e2c8312f670e9ce67e794c37,0x670c25e1640688a1d237a045cf283ab429b6c1e617cd86fb2a3ce376e0c9dd72,0xfbd4cdb413e45a52e2c8312f670e9ce67e794c37,0xfbd4cdb413e45a52e2c8312f670e9ce67e794c37,1,15058674074,3.1482440911114204e+18,0.0,0.0,13949567259.0,0x031f1ad10547b8deb43a36e5491c06a93812023a,0x42d871660d1ec454fcc7905ea8dfafd05cd674f28bd422de04103417026ca7d2,0x031f1ad10547b8deb43a36e5491c06a93812023a,0xa5b67164260556de3bf09398316478d5e07d49aa,3,427181142,1.9995106658551578e+18,0.0,0.0,8852721695.0,0,35.25,2,2574,14006.664165405602,8895.903107021364,10.049496692123865
WETH_USDT,23176169,1755619151,0xfbd4cdb413e45a52e2c8312f670e9ce67e794c37,0x1b7c14e49e26fe2e388193d1f6fac448ef130cbcd3dfef56543a193dbb9420a3,0xfbd4cdb413e45a52e2c8312f670e9ce67e794c37,0xfbd4cdb413e45a52e2c8312f670e9ce67e794c37,2,10884490645,2.1427653562356977e+18,0.0,0.0,8981890601.0,0x5141b82f5ffda4c6fe1e372978f1c5427640a190,0x536f3c4079fbbe62a8f55ac35fd9b1044c5abdc3d00e8a25db7714e98ee09bb9,0x5141b82f5ffda4c6fe1e372978f1c5427640a190,0x5141b82f5ffda4c6fe1e372978f1c5427640a190,6,1669668320,2.5216147106019164e+18,0.0,0.0,10562656145.0,0,6.52,4,2574,9213.339595149402,10842.294322750073,7.020076300522916
WETH_USDT,23176834,1755627167,0x1f2f10d1c40777ae1da742455c65828ff36df387,0x23ef099ccd1e38a0c60141a6dbddcb46f4c293518b2609be03d31de9152ab4d5,0x1f2f10d1c40777ae1da742455c65828ff36df387,0x1f2f10d1c40777ae1da742455c65828ff36df387,3,13921997830,0.0,23079699713.0,5.525537965322797e+18,0.0,0x00000000009e50a7ddb7a7b0e2ee6604fd120e49,0xc56d2d35679be41805034ae93ede097a8e49997d260c848486f585025cc0573f,0x00000000009e50a7ddb7a7b0e2ee6604fd120e49,0x00000000009e50a7ddb7a7b0e2ee6604fd120e49,7,2434396742,0.0,367244151.0,8.778620236254413e+16,0.0,1,5.72,4,97,23758.39126400828,377.4580785436499,8.979151180327417
WETH_USDT,23176834,1755627167,0x1f2f10d1c40777ae1da742455c65828ff36df387,0x23ef099ccd1e38a0c60141a6dbddcb46f4c293518b2609be03d31de9152ab4d5,0x1f2f10d1c40777ae1da742455c65828ff36df387,0x1f2f10d1c40777ae1da742455c65828ff36df387,3,13921997830,0.0,23079699713.0,5.525537965322797e+18,0.0,0xfbd4cdb413e45a52e2c8312f670e9ce67e794c37,0x0903f0f020bddeddb9f515ae22becf6b2c6c6aaa5be56e9484107bc60c8c0541,0xfbd4cdb413e45a52e2c8312f670e9ce67e794c37,0xfbd4cdb413e45a52e2c8312f670e9ce67e794c37,8,3542949223,0.0,9715563841.0,2.3216493464007373e+18,0.0,1,3.93,5,97,23758.39126400828,9982.494717398164,8.979151180327417
WETH_USDT,23176834,1755627167,0x1f2f10d1c40777ae1da742455c65828ff36df387,0x23ef099ccd1e38a0c60141a6dbddcb46f4c293518b2609be03d31de9152ab4d5,0x1f2f10d1c40777ae1da742455c65828ff36df387,0x1f2f10d1c40777ae1da742455c65828ff36df387,3,13921997830,0.0,6856974592.0,1.6399033950514708e+18,0.0,0x00000000009e50a7ddb7a7b0e2ee6604fd120e49,0xc56d2d35679be41805034ae93ede097a8e49997d260c848486f585025cc0573f,0x00000000009e50a7ddb7a7b0e2ee6604fd120e49,0x00000000009e50a7ddb7a7b0e2ee6604fd120e49,7,2434396742,0.0,367244151.0,8.778620236254413e+16,0.0,1,5.72,4,97,7051.162572644144,377.4580785436499,8.979151180327417
WETH_USDT,23176834,1755627167,0x1f2f10d1c40777ae1da742455c65828ff36df387,0x23ef099ccd1e38a0c60141a6dbddcb46f4c293518b2609be03d31de9152ab4d5,0x1f2f10d1c40777ae1da742455c65828ff36df387,0x1f2f10d1c40777ae1da742455c65828ff36df387,3,13921997830,0.0,6856974592.0,1.6399033950514708e+18,0.0,0xfbd4cdb413e45a52e2c8312f670e9ce67e794c37,0x0903f0f020bddeddb9f515ae22becf6b2c6c6aaa5be56e9484107bc60c8c0541,0xfbd4cdb413e45a52e2c8312f670e9ce67e794c37,0xfbd4cdb413e45a52e2c8312f670e9ce67e794c37,8,3542949223,0.0,9715563841.0,2.3216493464007373e+18,0.0,1,3.93,5,97,7051.162572644144,9982.494717398164,8.979151180327417
WETH_USDT,23176843,1755627275,0xd4bc53434c5e12cb41381a556c3c47e1a86e80e3,0xf1f5afd487be0f48285fec0a8a73f97e787ce24b9cb0e16ae4fe38a13acfc9da,0xd4bc53434c5e12cb41381a556c3c47e1a86e80e3,0xd4bc53434c5e12cb41381a556c3c47e1a86e80e3,2,14214766702,0.0,18449017345.0,4.414640855986471e+18,0.0,0xa69babef1ca67a37ffaf7a485dfff3382056e78c,0x92f269741a171909885270ff42c5117074c07724cf7fea62db0bd9a0f600f76c,0xa69babef1ca67a37ffaf7a485dfff3382056e78c,0xa69babef1ca67a37ffaf7a485dfff3382056e78c,6,508287136,0.0,9142969165.0,2.1856817975700488e+18,0.0,1,27.97,4,74,18981.81958115923,9397.869248421057,9.167975801239018
WETH_USDT,23176848,1755627335,0x507888e987257a8dde6f8afa46375cefe2cbf504,0xc12b04c3e1fb8d61f511ce031f7e5603f633673c7439cdaa84e1daefc2b32c77,0x507888e987257a8dde6f8afa46375cefe2cbf504,0x507888e987257a8dde6f8afa46375cefe2cbf504,5,3066726220,0.0,6643099408.0,1.589806742886342e+18,0.0,0xa69babef1ca67a37ffaf7a485dfff3382056e78c,0x71b8969a28c3c8950e4a0ba537b17371fe2e6e8de9495deadb7f31a6713019d3,0xa69babef1ca67a37ffaf7a485dfff3382056e78c,0xa69babef1ca67a37ffaf7a485dfff3382056e78c,6,475834477,0.0,16649255836.0,3.9811836535271373e+18,0.0,1,6.44,1,83,6835.759860614,17118.06515998593,1.9779200294598835
WETH_USDT,23176959,1755628667,0x66a9893cc07d91d95644aedd05d03f95e1dba8af,0x6ed102ff29f8ff89006a42415f4c2a7c73018e8807e19146065d70ff92be0242,0x66a9893cc07d91d95644aedd05d03f95e1dba8af,0xfdbb233a90f85eeb0e87c660bcb88265e1fb5d3c,13,1428640570,0.0,100000000.0,2.3915938018600904e+16,0.0,0x4a14347083b80e5216ca31350a2d21702ac3650d,0x5fb1073f2abdd88c0600e3a95b226bf755b88a6cce0f91d0d68e2de180b3da11,0x7a250d5630b4cf539739df2c5dacb4c659f2488d,0x4a14347083b80e5216ca31350a2d21702ac3650d,17,722640570,0.0,5500000000.0,1.3151174835898726e+18,0.0,1,1.98,4,11636,102.83237875798348,5654.666736407245,0.9214180189524661
WETH_USDT,23201349,1755922703,0x1111111254eeb25477b68fb85ed929f73a960582,0xc0ea905a71419123b68bde5dcc4e3dea34792ad3c054c3fc43be3bd1be9f8b32,0x1111111254eeb25477b68fb85ed929f73a960582,0x74de5d4fcbf63e00296fd95d33236b9794016631,73,1225428380,1537381505789117.0,0.0,0.0,7205811.0,0x66a9893cc07d91d95644aedd05d03f95e1dba8af,0x35a14565f6fefa12fde204f5c25b0eb93b92679e175102b939f489dc39060722,0x66a9893cc07d91d95644aedd05d03f95e1dba8af,0x66a9893cc07d91d95644aedd05d03f95e1dba8af,78,788161231,7941804701631276.0,0.0,0.0,37223738.0,0,1.55,5,15101,7.464845965978911,38.561897984544004,0.8925208932779228
WETH_USDT,23227340,1756236035,0x51c72848c68a965f66fa7a88855f9f7784502a7f,0x793fe84fd5953dfb55a55f828c66401a8f668e436666769fb05059849c23f6e3,0x51c72848c68a965f66fa7a88855f9f7784502a7f,0x51c72848c68a965f66fa7a88855f9f7784502a7f,16,3494464539,0.0,7587687085.0,1.6644129578196598e+18,0.0,0x66a9893cc07d91d95644aedd05d03f95e1dba8af,0x377237b6038caa990ba683988d6389f620606d9d59158ddeac5a16939f8d0720,0x66a9893cc07d91d95644aedd05d03f95e1dba8af,0x91e16a01993823b430520fb8a786893976316d42,19,1651509223,0.0,100000000.0,2.193159623644136e+16,0.0,1,2.12,3,3394,7587.687085,100.0,2.3371028523076385
WETH_USDT,23275976,1756822823,0x111111125421ca6dc452d289314280a0f8842a65,0x8b7522d13196dc4f1ba314e67b47a1d429ae9b0883a2a53b0774b8872aacfb66,0x111111125421ca6dc452d289314280a0f8842a65,0x2cc846fff0b08fb3bffad71f53a60b4b6e6d6482,4,2852797176,0.0,9109478.0,2085886054844662.0,0.0,0xeff6cb8b614999d130e537751ee99724d01aa167,0x0c0efcc48fb76940bfd581fe6cd186c1338a90e7a021a2d4f4864b6cf36ee08e,0xeff6cb8b614999d130e537751ee99724d01aa167,0xeff6cb8b614999d130e537751ee99724d01aa167,5,1000828681,0.0,2012900727.0,4.608897699389546e+17,0.0,1,2.85,1,4901,9.109478,2012.900727,1.8645400655177902
WETH_USDT,23375892,1758028895,0x51c72848c68a965f66fa7a88855f9f7784502a7f,0xd0e1c9e29803dd5154f5e123cfad1da944d6514b1d68ebaa790bb43b9601270e,0x51c72848c68a965f66fa7a88855f9f7784502a7f,0x51c72848c68a965f66fa7a88855f9f7784502a7f,23,17284011657,4.444228091539646e+18,0.0,0.0,20024839917.0,0x66a9893cc07d91d95644aedd05d03f95e1dba8af,0x15982b6c7fc099c0a8c6180f3109d570bbe4054207131d774af93ed2e2f6d2a0,0x66a9893cc07d91d95644aedd05d03f95e1dba8af,0x66a9893cc07d91d95644aedd05d03f95e1dba8af,25,2337756346,5336192170677940.0,0.0,0.0,24033387.0,0,7.39,2,3394,20048.8479792913,24.072685608074416,11.695771966896597
WETH_USDT,23402773,1758353075,0x3b0aa7d38bf3c103bf02d1de2e37568cbed3d6e8,0xa153c639ce92d61a83f58026fd177e344c45fe0ae3c0f6961c6efa484168afc8,0x3b0aa7d38bf3c103bf02d1de2e37568cbed3d6e8,0x3b0aa7d38bf3c103bf02d1de2e37568cbed3d6e8,3,678571364,4790400000000000.0,0.0,0.0,21412193.0,0x00000047bb99ea4d791bb749d970de71ee0b1a34,0x43d9ecdbe611fcf3f3c07548e2f2cf3b5e1228d9cfc266cb83614163e4acabd6,0x00000047bb99ea4d791bb749d970de71ee0b1a34,0x94d400767e42da26118206971cbd5b16701c5cc5,4,287637721,3.1870678886552484e+16,0.0,0.0,142455482.0,0,2.36,1,273,21.412193,142.455482,0.45488275682126766
WETH_USDT,23402789,1758353267,0x2a5242e2854df13befe1b381d953ee1b39d27471,0x6451ca9826d9168e1ed6b0b15210a2e1dc4720452604e6a1a2ec2651be9cad1d,0x2a5242e2854df13befe1b381d953ee1b39d27471,0xb4dea4a189c753ad0d4e1d2544605a4f8668b0c4,2,3196320292,4.554e+16,0.0,0.0,203514460.0,0x5141b82f5ffda4c6fe1e372978f1c5427640a190,0xf8e28a5b72c22910d9dd73d831ff7df1e25ee4513ec7659617f5d5894479326a,0x5141b82f5ffda4c6fe1e372978f1c5427640a190,0x5141b82f5ffda4c6fe1e372978f1c5427640a190,5,306320292,9.965015e+17,0.0,0.0,4452839491.0,0,10.43,3,2,203.51935300785382,4453.389120583132,2.1426648149990597
WETH_USDT,23450870,1758934163,0x1111111254eeb25477b68fb85ed929f73a960582,0x7a2bf00b2c0cbf9606f318364ee434e8279339932e06fb2628a3a036e2666bb3,0x1111111254eeb25477b68fb85ed929f73a960582,0xa7ca2c8673bcfa5a26d8ceec2887f2cc2b0db22a,12,1102607052,1486341908890012.0,0.0,0.0,5970578.0,0x66a9893cc07d91d95644aedd05d03f95e1dba8af,0x704642f8804581a5774eabcd3b7e1ce5502f76d0fc925437196aaab909bc3b14,0x66a9893cc07d91d95644aedd05d03f95e1dba8af,0x66a9893cc07d91d95644aedd05d03f95e1dba8af,16,687359725,2.4858904874815324e+16,0.0,0.0,99856965.0,0,1.6,4,15101,5.984709820757845,100.09361321763112,0.6659419894984836
WETH_USDT,23450994,1758935663,0x1111111254eeb25477b68fb85ed929f73a960582,0x75cdfbeb9044327a6125c6e377c835e3094bd43974c9e4c7e527e80ff1428893,0x1111111254eeb25477b68fb85ed929f73a960582,0xa7ca2c8673bcfa5a26d8ceec2887f2cc2b0db22a,35,1119667400,611439147204500.0,0.0,0.0,2455937.0,0x00000047bb99ea4d791bb749d970de71ee0b1a34,0x73b80c57497d2cbc6fb54edbe71514b5a80770c5ea039bdf599d902fd0c74702,0x00000047bb99ea4d791bb749d970de71ee0b1a34,0x11eca4ae73b363ee2a737b4f045dcc108fede9a0,36,328062790,3823456092658384.0,0.0,0.0,15357477.0,0,3.41,1,15101,2.460699193427191,15.38726358350436,0.6759048747573657
WETH_USDT,23451636,1758943391,0x00000047bb99ea4d791bb749d970de71ee0b1a34,0xcddf4a3ed99a89718eb31cc9c6cf463fac9b5d39b2475efa202059a035f6777a,0x00000047bb99ea4d791bb749d970de71ee0b1a34,0x2ac1e8da7c4e923eb4f6155ddcd7d9fe9139e45b,71,205519046,4787612728923987.0,0.0,0.0,19171226.0,0x0c0435519ac226010638a61fd1d1bc652b5434de,0x9a2307adf29740c97b8c5a2d16a68ac2478968373ea908c755e8d74926350688,0x0c0435519ac226010638a61fd1d1bc652b5434de,0x0c0435519ac226010638a61fd1d1bc652b5434de,72,125745391,1.4368860508166787e+17,0.0,0.0,575367884.0,0,1.63,1,7027,19.254569741775004,577.8792948161339,0.12398185782330724
WETH_USDT,23476399,1759242467,0xfb4492a1cd2a28d08b0b2a3ffa567342ea93776f,0xf0678224f997b00ead79dc8b0e2d2755477262c8fddf457791c778f710403ec8,0x7a250d5630b4cf539739df2c5dacb4c659f2488d,0xfb4492a1cd2a28d08b0b2a3ffa567342ea93776f,99,1717687842,0.0,83200965.0,2.005808461240864e+16,0.0,0x111111125421ca6dc452d289314280a0f8842a65,0x0dafb60a7b2f7608678e609f25b2117a3d5ed1645faa7e611d58229e0399cc18,0x111111125421ca6dc452d289314280a0f8842a65,0x2325e3f261cadb1c30cebf66c9f95f6fb016c0d4,104,921454893,0.0,7862557.0,1895499856167456.0,0.0,1,1.86,5,35,83.42641581949457,7.883841465530092,1.0716417563579188
WETH_USDT,23477029,1759250075,0xc4704f13d5e08b27b039d53873e813dd2fad99d9,0xe6bd499fc8b78e9272133c05bcf2759643a34db97a23ef611a26072f3122c421,0x7a250d5630b4cf539739df2c5dacb4c659f2488d,0xc4704f13d5e08b27b039d53873e813dd2fad99d9,15,2921031248,0.0,500000000.0,1.2119621821123387e+17,0.0,0x111111125421ca6dc452d289314280a0f8842a65,0xfc79caad6da2d886801ba79b953b156a05a1c89d812760527d569552471d6375,0x111111125421ca6dc452d289314280a0f8842a65,0xc2eab7d33d3cb97692ecb231a5d0e4a649cb539d,17,1924588707,0.0,1473642.0,357194466001754.0,0.0,1,1.52,2,56,504.084327672324,1.4856580089730826,1.8223911123096157
WETH_USDT,23501381,1759544303,0x00000047bb99ea4d791bb749d970de71ee0b1a34,0x771e2f321cbb506e9a378f901fe552a890f98a10c8d1bfd2528e5c10ec7d50f7,0x00000047bb99ea4d791bb749d970de71ee0b1a34,0x1948b3d7d28242af6e4131cb2940ef1fd651a326,37,300466430,6.673109285443713e+16,0.0,0.0,298048078.0,0xfbd4cdb413e45a52e2c8312f670e9ce67e794c37,0xc4ba35db2aeff24cc81a570d340e361fe6a7deac888ea043f042687def990387,0xfbd4cdb413e45a52e2c8312f670e9ce67e794c37,0xfbd4cdb413e45a52e2c8312f670e9ce67e794c37,38,108835906,4.833190290209301e+17,0.0,0.0,2158584539.0,0,2.76,1,7027,301.8214431956222,2186.028141052754,0.20384922752334264
WETH_USDT,23551269,1760146895,0x13f5b6aa7618fb53f6bbb1b2b05769db179f8515,0x1dca7f686bf42969837e9ceac52df3fa340fab98271b085a54605e28d010a72a,0x13f5b6aa7618fb53f6bbb1b2b05769db179f8515,0xc7bbec68d12a0d1830360f8ec58fa599ba1b0e9b,3,1046105886710,1.1e+19,0.0,0.0,42491700403.0,0xbd32122bad41a09f2405bb374a83877d8245079c,0x7e6072c02db4c6c48962f87229e2991c72b3aa1774ca7bee2e83ee54debf33ba,0xbd32122bad41a09f2405bb374a83877d8245079c,0xbd32122bad41a09f2405bb374a83877d8245079c,4,8980215368,9.374286102527668e+18,0.0,0.0,35492431158.0,0,116.49,1,8,42931.28556498767,36586.37760322823,612.4182348212952
WETH_USDT,23551269,1760146895,0x13f5b6aa7618fb53f6bbb1b2b05769db179f8515,0x1dca7f686bf42969837e9ceac52df3fa340fab98271b085a54605e28d010a72a,0x13f5b6aa7618fb53f6bbb1b2b05769db179f8515,0x11b815efb8f581194ae79006d24e0d814b7697f6,3,1046105886710,1.1e+19,0.0,0.0,42359992912.0,0xbd32122bad41a09f2405bb374a83877d8245079c,0x7e6072c02db4c6c48962f87229e2991c72b3aa1774ca7bee2e83ee54debf33ba,0xbd32122bad41a09f2405bb374a83877d8245079c,0xbd32122bad41a09f2405bb374a83877d8245079c,4,8980215368,9.374286102527668e+18,0.0,0.0,35492431158.0,0,116.49,1,8,42931.28556498767,36586.37760322823,612.4182348212952
WETH_USDT,23551269,1760146895,0x13f5b6aa7618fb53f6bbb1b2b05769db179f8515,0x1dca7f686bf42969837e9ceac52df3fa340fab98271b085a54605e28d010a72a,0x13f5b6aa7618fb53f6bbb1b2b05769db179f8515,0x13f5b6aa7618fb53f6bbb1b2b05769db179f8515,3,1046105886710,1.1e+19,0.0,0.0,42228897140.0,0xbd32122bad41a09f2405bb374a83877d8245079c,0x7e6072c02db4c6c48962f87229e2991c72b3aa1774ca7bee2e83ee54debf33ba,0xbd32122bad41a09f2405bb374a83877d8245079c,0xbd32122bad41a09f2405bb374a83877d8245079c,4,8980215368,9.374286102527668e+18,0.0,0.0,35492431158.0,0,116.49,1,8,42931.28556498767,36586.37760322823,612.4182348212952
WETH_USDT,23551269,1760146895,0x13f5b6aa7618fb53f6bbb1b2b05769db179f8515,0x1dca7f686bf42969837e9ceac52df3fa340fab98271b085a54605e28d010a72a,0x13f5b6aa7618fb53f6bbb1b2b05769db179f8515,0xc7bbec68d12a0d1830360f8ec58fa599ba1b0e9b,3,1046105886710,1.1e+19,0.0,0.0,42098409304.0,0xbd32122bad41a09f2405bb374a83877d8245079c,0x7e6072c02db4c6c48962f87229e2991c72b3aa1774ca7bee2e83ee54debf33ba,0xbd32122bad41a09f2405bb374a83877d8245079c,0xbd32122bad41a09f2405bb374a83877d8245079c,4,8980215368,9.374286102527668e+18,0.0,0.0,35492431158.0,0,116.49,1,8,42931.28556498767,36586.37760322823,612.4182348212952
WETH_USDT,23551269,1760146895,0x13f5b6aa7618fb53f6bbb1b2b05769db179f8515,0x1dca7f686bf42969837e9ceac52df3fa340fab98271b085a54605e28d010a72a,0x13f5b6aa7618fb53f6bbb1b2b05769db179f8515,0x4e68ccd3e89f51c3074ca5072bbac773960dfa36,3,1046105886710,1.1e+19,0.0,0.0,41968525649.0,0xbd32122bad41a09f2405bb374a83877d8245079c,0x7e6072c02db4c6c48962f87229e2991c72b3aa1774ca7bee2e83ee54debf33ba,0xbd32122bad41a09f2405bb374a83877d8245079c,0xbd32122bad41a09f2405bb374a83877d8245079c,4,8980215368,9.374286102527668e+18,0.0,0.0,35492431158.0,0,116.49,1,8,42931.28556498767,36586.37760322823,612.4182348212952
WETH_USDT,23551269,1760146895,0x13f5b6aa7618fb53f6bbb1b2b05769db179f8515,0x1dca7f686bf42969837e9ceac52df3fa340fab98271b085a54605e28d010a72a,0x13f5b6aa7618fb53f6bbb1b2b05769db179f8515,0xc7bbec68d12a0d1830360f8ec58fa599ba1b0e9b,3,1046105886710,1.1e+19,0.0,0.0,41839242451.0,0xbd32122bad41a09f2405bb374a83877d8245079c,0x7e6072c02db4c6c48962f87229e2991c72b3aa1774ca7bee2e83ee54debf33ba,0xbd32122bad41a09f2405bb374a83877d8245079c,0xbd32122bad41a09f2405bb374a83877d8245079c,4,8980215368,9.374286102527668e+18,0.0,0.0,35492431158.0,0,116.49,1,8,42931.28556498767,36586.37760322823,612.4182348212952
WETH_USDT,23551269,1760146895,0x13f5b6aa7618fb53f6bbb1b2b05769db179f8515,0x1dca7f686bf42969837e9ceac52df3fa340fab98271b085a54605e28d010a72a,0x13f5b6aa7618fb53f6bbb1b2b05769db179f8515,0x11b815efb8f581194ae79006d24e0d814b7697f6,3,1046105886710,6.20899679296875e+18,0.0,0.0,23559457469.0,0xbd32122bad41a09f2405bb374a83877d8245079c,0x7e6072c02db4c6c48962f87229e2991c72b3aa1774ca7bee2e83ee54debf33ba,0xbd32122bad41a09f2405bb374a83877d8245079c,0xbd32122bad41a09f2405bb374a83877d8245079c,4,8980215368,9.374286102527668e+18,0.0,0.0,35492431158.0,0,116.49,1,8,24232.746762821276,36586.37760322823,612.4182348212952
WETH_USDT,23551269,1760146895,0xbd33ac1504f7deffc89bbb0b6d5a7f3ebb2eb5e1,0x284fd88b458e5ee5cf8503828725084ef21474740ac16f87a0672537830628e0,0xbd33ac1504f7deffc89bbb0b6d5a7f3ebb2eb5e1,0xbd33ac1504f7deffc89bbb0b6d5a7f3ebb2eb5e1,15,13534715368,9.524359611396788e+18,0.0,0.0,35965543154.0,0xeff6cb8b614999d130e537751ee99724d01aa167,0x617fec9fe9cc787ed5461a130d3c40b20092fed35aeb89813ee6742ff7725c26,0xeff6cb8b614999d130e537751ee99724d01aa167,0xeff6cb8b614999d130e537751ee99724d01aa167,16,8980215368,6.634661061705002e+18,0.0,0.0,24997117308.0,0,1.51,1,4,37172.09111822823,25894.048060632886,7.923582688696843
WETH_USDT,23551338,1760147735,0x51c72848c68a965f66fa7a88855f9f7784502a7f,0x7499b87e950ca66ffbb4bb197237256e2352c893c99efd873d46945e34b3a378,0x51c72848c68a965f66fa7a88855f9f7784502a7f,0x51c72848c68a965f66fa7a88855f9f7784502a7f,12,19979979867,0.0,15707492961.0,4.1888596365719895e+18,0.0,0x66a9893cc07d91d95644aedd05d03f95e1dba8af,0x0ab5e389a29a2b13c019f8f02ae35126bf4c1f8999bc328a0ffb8fe30c57b7d7,0x66a9893cc07d91d95644aedd05d03f95e1dba8af,0x554369cca71f0b0cc24e2e2c632eab8d2461cbf1,16,12380809668,0.0,354693407.0,9.453334543334178e+16,0.0,1,1.61,4,3394,16348.46629539296,368.94891347385624,11.696812107993837
WETH_USDT,23575897,1760444339,0xf9234cb08edb93c0d4a4d4c70cc3ffd070e78e07,0x3e3628c5d3a6cc2ef3d815658da8b759b5a6cce8cd14bd0b3d27b8831f257503,0xf9234cb08edb93c0d4a4d4c70cc3ffd070e78e07,0x0e5891850bb3f03090f03010000806f080040100,1,1848903744,2.5304813672092897e+18,0.0,0.0,10000000000.0,0xaf92e072cb195e7549f18ed99e72800f9203c72d,0x65466916f3768a9898caa0022916bc766437b8a3ef80c95c67b641ab54daf225,0xaf92e072cb195e7549f18ed99e72800f9203c72d,0xaf92e072cb195e7549f18ed99e72800f9203c72d,3,581374202,1273633329.0,0.0,0.0,5.0,0,3.18,2,344,10062.75453651996,5.064751602337237e-06,1.1028572337232683
WETH_USDT,23576777,1760455031,0x72ed24bdd9253595bdd01469a15a8852bee7e0da,0xe5ed7946d53c06f84fc92dfe3aca3e3917bb0dcf04bbdd1fd991b927d54dcedd,0x7a250d5630b4cf539739df2c5dacb4c659f2488d,0x72ed24bdd9253595bdd01469a15a8852bee7e0da,3,1430163830,0.0,998499.0,251141709572777.0,0.0,0xf5e1ff97b8ed24032a861eaef122643452268a39,0x67c5ab4ecb8d76968c5fb0d6a7253668647b1f3b07a2248d6dc901732da907e7,0xf5e1ff97b8ed24032a861eaef122643452268a39,0xf5e1ff97b8ed24032a861eaef122643452268a39,5,907747373,0.0,217627374.0,5.4737041595912584e+16,0.0,1,1.58,2,334,0.9986943235625981,217.6682352901101,0.8530820116749541
WETH_USDT,23577316,1760461547,0x66a9893cc07d91d95644aedd05d03f95e1dba8af,0xe66cfe9c1fe7e04fdb93b2b5cb1038b4a4f7291dd82942cb01140d8aa41843dc,0x66a9893cc07d91d95644aedd05d03f95e1dba8af,0xe06e1c61a4c220db5f1ae89f9a5839efbb00be7d,42,10328608538,0.0,16664822121.0,4.044620953317334e+18,0.0,0x7a250d5630b4cf539739df2c5dacb4c659f2488d,0x27d09ee39e565bf92adb79c431797fe4563ae410d6f08d40ae39eed5cf627b07,0x7a250d5630b4cf539739df2c5dacb4c659f2488d,0x7a250d5630b4cf539739df2c5dacb4c659f2488d,43,1348608538,0.0,234190480.0,5.680499436127412e+16,0.0,1,7.66,1,11636,16664.822121,234.19048,6.160937624467924
WETH_USDT,23577742,1760466683,0x66a9893cc07d91d95644aedd05d03f95e1dba8af,0x214344b751f4aa0b3245f527446e06daeba8f84c8202a65dea1906d82143afe9,0x66a9893cc07d91d95644aedd05d03f95e1dba8af,0xd293d05e83035a757d510e2a5ebfe705c4f05b1f,76,1074463253,0.0,10000000.0,2417790703494487.0,0.0,0x7a250d5630b4cf539739df2c5dacb4c659f2488d,0xfecd258bb585cf9a25d077c55cd6001f35a16b8e7876ac599028a34612dd7b70,0x7a250d5630b4cf539739df2c5dacb4c659f2488d,0x7a250d5630b4cf539739df2c5dacb4c659f2488d,78,387609756,0.0,33737129.0,8156919106753207.0,0.0,1,2.77,2,11636,10.0,33.737129,0.640909281938738
WETH_USDT,23627493,1761068579,0x66a9893cc07d91d95644aedd05d03f95e1dba8af,0xbc2c7421876d3d89270e4be37e2deec37cd9775915584d9155fc4348cd216c0f,0x66a9893cc07d91d95644aedd05d03f95e1dba8af,0x65cbb41c0e02291dbf6223c4a0272c52171b5215,0,2208155202,0.0,600000000.0,1.492865002231315e+17,0.0,0x00c600b30fb0400701010f4b080409018b9006e0,0x936288a0a1a19379a1bac6f7168785eb3d50d43ec0ed049cf3958665405a4cc2,0x00c600b30fb0400701010f4b080409018b9006e0,0x6a000f20005980200259b80c5102003040001068,3,808155202,0.0,5603180758.0,1.3937987133303437e+18,0.0,1,2.73,3,11636,600.0,5603.180758,1.2965821808026399
WETH_USDT,23676607,1761662807,0x66a9893cc07d91d95644aedd05d03f95e1dba8af,0xb81cd938cde9e3a729e67eb06eb14c569b21c6313a5fa1c1f29744595f70e0c2,0x66a9893cc07d91d95644aedd05d03f95e1dba8af,0x1112956589a2bea1b038732db4ea6b0c416ef130,5,7456132987,0.0,65229742.0,1.5900078772771884e+16,0.0,0x7a250d5630b4cf539739df2c5dacb4c659f2488d,0xa99120b2c3704b1dfca3139d9e3c522ce545c6b6f26f1ef2e1c4ae5d7bf9cc04,0x7a250d5630b4cf539739df2c5dacb4c659f2488d,0x7a250d5630b4cf539739df2c5dacb4c659f2488d,9,911970114,0.0,30204897.0,7362571126836593.0,0.0,1,8.18,4,11636,65.229742,30.204897,4.576060484646
WETH_USDT,23726782,1762269287,0xfbd4cdb413e45a52e2c8312f670e9ce67e794c37,0xb2d374942f02d2718f367f0da2b2882e6a47f0df76c909900f4b50f8d6a342d9,0xfbd4cdb413e45a52e2c8312f670e9ce67e794c37,0xfbd4cdb413e45a52e2c8312f670e9ce67e794c37,1,60611858098,1.7796181392073324e+18,0.0,0.0,6312298959.0,0xd2b37ade14708bf18904047b1e31f8166d39612b,0x08236e9dc36bc8441fa1f1ba6a8c41d904429836201039b7440a285ecf23a7e1,0xd2b37ade14708bf18904047b1e31f8166d39612b,0xd2b37ade14708bf18904047b1e31f8166d39612b,5,1771973472,3.222829227140966e+16,0.0,0.0,114230276.0,0,34.21,4,2574,6312.298959,114.230276,31.89012667968969
WETH_USDT,23752741,1762583147,0xd2b37ade14708bf18904047b1e31f8166d39612b,0xc854c3958bc166db4aab9647a4747857c7b015a64143f7ba567d1ad0c0429c21,0xd2b37ade14708bf18904047b1e31f8166d39612b,0x5ced44f03ff443bbe14d8ea23bc24425fb89e3ed,17,361058497,0.0,32670814.0,9472445160402752.0,0.0,0x81463b0f960f247f704377661ec81c1fd65b5128,0x036ffb768e4f30ed51eed1b9342d19d74b5a417790a0253a6f19fa8c641d550f,0x81463b0f960f247f704377661ec81c1fd65b5128,0x81463b0f960f247f704377661ec81c1fd65b5128,18,175928105,0.0,46149462.0,1.3380268182208512e+16,0.0,1,2.05,1,263,32.670814,46.149462,0.18600146338968707
WETH_USDT,23876178,1764078167,0x66a9893cc07d91d95644aedd05d03f95e1dba8af,0x8234518b872085f21b2dc3682050281c6849a109e70e799495df6728c49ffc81,0x66a9893cc07d91d95644aedd05d03f95e1dba8af,0x66a9893cc07d91d95644aedd05d03f95e1dba8af,10,1273739290,50000000000000.0,0.0,0.0,145213.0,0xf9234cb08edb93c0d4a4d4c70cc3ffd070e78e07,0xe46b29b8a67ea000ffbd29ce8f60c660401831d311242b3d4e559f2ccba4baee,0xf9234cb08edb93c0d4a4d4c70cc3ffd070e78e07,0x0e5891850bb3f03090f03010000806f080040100,11,585569201,6.887970377431173e+17,0.0,0.0,2000000000.0,0,2.18,1,11636,0.14559012576306649,2005.6409470049618,0.556331590261377
WETH_USDT,23876608,1764083399,0xfbd4cdb413e45a52e2c8312f670e9ce67e794c37,0x93c740f51dffca8c409d19ab25788ced08a214d0dba2a1b0caf0a1769ca1f58a,0xfbd4cdb413e45a52e2c8312f670e9ce67e794c37,0xfbd4cdb413e45a52e2c8312f670e9ce67e794c37,1,29506936294,0.0,6280216464.0,2.1778642441101356e+18,0.0,0x4a4ef9ee3e64896d67e45d3599020707742d366a,0xef3011272cca5a9e5397aefaf101b6cd7fdb9afb3e50af9702b12a053bd2d127,0x4a4ef9ee3e64896d67e45d3599020707742d366a,0x3d90f66b534dd8482b181e24655a9e8265316be9,6,777769169,0.0,1898784000.0,6.578521569786456e+17,0.0,1,37.94,5,2574,6333.735120128214,1913.1868856271265,12.871953740788989
WETH_USDT,23877070,1764089039,0xf66369997ae562bc9eec2ab9541581252f9ca383,0xca086ff78197d3e155444ced707713cbc1bca9c318461e896965f4d9197cce5f,0x7a250d5630b4cf539739df2c5dacb4c659f2488d,0xf66369997ae562bc9eec2ab9541581252f9ca383,31,2403094789,0.0,1000000000.0,3.4032636250925075e+17,0.0,0x9732f64a02ffcfc2c388b291abcc60c6acd273ba,0x5d80a9dfdc3af64f0e44ba2bef521498beac7f0a013e5ea94bcdd250c2907dcb,0x9732f64a02ffcfc2c388b291abcc60c6acd273ba,0xf66369997ae562bc9eec2ab9541581252f9ca383,32,1403094789,0.0,4000000000.0,1.3605412178784648e+18,0.0,1,1.71,1,50,1000.0,4000.0,1.0483136795543546
WETH_USDT,23877070,1764089039,0xf66369997ae562bc9eec2ab9541581252f9ca383,0xca086ff78197d3e155444ced707713cbc1bca9c318461e896965f4d9197cce5f,0x7a250d5630b4cf539739df2c5dacb4c659f2488d,0xf66369997ae562bc9eec2ab9541581252f9ca383,31,2403094789,0.0,1000000000.0,3.4032636250925075e+17,0.0,0x9732f64a02ffcfc2c388b291abcc60c6acd273ba,0x5d80a9dfdc3af64f0e44ba2bef521498beac7f0a013e5ea94bcdd250c2907dcb,0x9732f64a02ffcfc2c388b291abcc60c6acd273ba,0xf66369997ae562bc9eec2ab9541581252f9ca383,32,1403094789,0.0,2064262900.0,7.016500674838173e+17,0.0,1,1.71,1,50,1000.0,2064.2629,1.0483136795543546
WETH_USDT,23877129,1764089759,0x66a9893cc07d91d95644aedd05d03f95e1dba8af,0x758442d7db1113ec16adda86a4f59ac582d7004276933db96389684f62e573e4,0x66a9893cc07d91d95644aedd05d03f95e1dba8af,0x66a9893cc07d91d95644aedd05d03f95e1dba8af,18,893599442,469418102641125.0,0.0,0.0,1370803.0,0x47ebcf27421858d4019238620a44a4ea10ebb5d9,0x3842be2b2501289fe35ba6599a91c9b93b49e111b9aa825a2f3a4da1b1e2bc83,0x7a250d5630b4cf539739df2c5dacb4c659f2488d,0x47ebcf27421858d4019238620a44a4ea10ebb5d9,19,292760588,1740884651079754.0,0.0,0.0,5083759.0,0,3.05,1,11636,1.370803,5.083759,0.3898192128661548
WETH_USDT,23878312,1764104111,0x66a9893cc07d91d95644aedd05d03f95e1dba8af,0x270ec1e939bcda3c00ace166a00d4e8620578d9121bc32682a1a325c58a23e56,0x66a9893cc07d91d95644aedd05d03f95e1dba8af,0x66a9893cc07d91d95644aedd05d03f95e1dba8af,21,720694788,2.0921416196984484e+18,0.0,0.0,6115250000.0,0x8a6df6c629cf940b0cc4a32101caa4a022e80234,0x835614330cb5967aa1c554d610ca573b126c6bbac9497a5470c4d34dc8365300,0x8a6df6c629cf940b0cc4a32101caa4a022e80234,0xb1b2363c0a555daa88815404419c418725d50b18,22,61179590,442604589525.0,0.0,0.0,1287.0,0,11.78,1,11636,6115.25,0.0012871969593999443,0.314392178162193
WETH_USDT,23906336,1764443603,0xfbd4cdb413e45a52e2c8312f670e9ce67e794c37,0x18f13889300ad3239c1126b06ee2c20960cdfce94eb8478491f5e4e4efcfc7da,0xfbd4cdb413e45a52e2c8312f670e9ce67e794c37,0xfbd4cdb413e45a52e2c8312f670e9ce67e794c37,3,618679506,0.0,753424141.0,2.5121066823465875e+17,0.0,0x207e1074858a7e78f17002075739ed2745dbaece,0xb1695166d4b1ebe14c114e7275f26a5b53698b8cfca183d1be3ff70b5cfe8724,0x207e1074858a7e78f17002075739ed2745dbaece,0x207e1074858a7e78f17002075739ed2745dbaece,6,234161061,0.0,39778031.0,1.3261830005733624e+16,0.0,1,2.64,3,2574,760.61266103753,40.154010503510634,0.2809845628939261
WETH_USDT,23928571,1764712283,0x3328f7f4a1d1c57c35df56bbf0c9dcafca309c49,0xbaefedacce8f3e84336f035ccab4bea3eb193f1eed88d14d40d4550760cb4dbe,0x3328f7f4a1d1c57c35df56bbf0c9dcafca309c49,0x6ec7540ed69471d8595449fc620d9a19cec1d477,2,8039167939,4.975124378109453e+17,0.0,0.0,1478254441.0,0x3a10dc1a145da500d5fba38b9ec49c8ff11a981f,0xf00d95c68fc7187e1f1ef61c2ca0512072f5cbbba7c6d70f1e5b6ad7b568769d,0x3a10dc1a145da500d5fba38b9ec49c8ff11a981f,0x3a10dc1a145da500d5fba38b9ec49c8ff11a981f,4,5039167939,1.98e+17,0.0,0.0,588179819.0,0,1.6,2,553,1495.9718831596174,595.3668900598645,3.6259503140237883
WETH_USDT,23928646,1764713183,0x3328f7f4a1d1c57c35df56bbf0c9dcafca309c49,0x53d3cf8a6e28f69dfe60d4600877e3ee5250b94cc8d3959b4662b32b2cb7b531,0x3328f7f4a1d1c57c35df56bbf0c9dcafca309c49,0x6ec7540ed69471d8595449fc620d9a19cec1d477,1,66037641760,9.950248756218906e+17,0.0,0.0,2975107516.0,0x3a10dc1a145da500d5fba38b9ec49c8ff11a981f,0xfa0439882a61c58a1bab2b674b4466cb9e26489604d4b9c73ee2a01b6b86de22,0x3a10dc1a145da500d5fba38b9ec49c8ff11a981f,0x3a10dc1a145da500d5fba38b9ec49c8ff11a981f,6,5037641760,9.9e+16,0.0,0.0,295900385.0,0,13.11,5,553,2991.943766319235,297.6834450299323,29.785322273892906
WETH_USDT,23928683,1764713627,0x3328f7f4a1d1c57c35df56bbf0c9dcafca309c49,0x0c7cda906ab04ee29507fb5f9148657590a48f84eff73ea1beb2b8c6a0773167,0x3328f7f4a1d1c57c35df56bbf0c9dcafca309c49,0x6ec7540ed69471d8595449fc620d9a19cec1d477,0,40033165954,9.950248756218906e+16,0.0,0.0,298416273.0,0x3face0002c61054a67266aa0c8795e315e6d92f2,0xedc15fdbb520dc4aed48396e032f21dbbf95d8b0853e1ce4d7b10247a5ff35eb,0x3face0002c61054a67266aa0c8795e315e6d92f2,0x185a1ff695d30a22c19f44c6b41e2d6d1c8c1f11,1,1193328165,1.633165158358401e+17,0.0,0.0,489756967.0,0,33.55,1,553,299.1943766319235,491.0770006494784,18.056379934305628
WETH_USDT,24107449,1766880515,0x66a9893cc07d91d95644aedd05d03f95e1dba8af,0xbc3fa4da56e791b0a1c04a0a819651e5eb5ccb0746c0b94f1fbec980a3f1d5db,0x66a9893cc07d91d95644aedd05d03f95e1dba8af,0x1112956589a2bea1b038732db4ea6b0c416ef130,2,2026780941,0.0,350000000.0,1.182308389759907e+17,0.0,0x00000000009e50a7ddb7a7b0e2ee6604fd120e49,0xd907798239acbb9cc09eef7a7bd564aeb5a61ef74b020e966e2f207b5deb9629,0x00000000009e50a7ddb7a7b0e2ee6604fd120e49,0x00000000009e50a7ddb7a7b0e2ee6604fd120e49,3,54472125,0.0,26791398.0,9049807192588288.0,0.0,1,37.21,1,11636,350.0,26.791398,0.8911200397385407
WETH_USDT,24126152,1767106223,0xfbd4cdb413e45a52e2c8312f670e9ce67e794c37,0x17c287958a671ae391b47f4ff3d115e7b3a4e8cadc2d9789af9777d2a7b9eb45,0xfbd4cdb413e45a52e2c8312f670e9ce67e794c37,0xfbd4cdb413e45a52e2c8312f670e9ce67e794c37,2,8658720502,0.0,1819747382.0,6.093219201832978e+17,0.0,0x990636ecb3ff04d33d92e970d3d588bf5cd8d086,0x948fefd155d0eb0b5c8a452f32312501ab7cbd43823bc5a580a352fe5a5d0fef,0x990636ecb3ff04d33d92e970d3d588bf5cd8d086,0x990636ecb3ff04d33d92e970d3d588bf5cd8d086,4,108547050,0.0,1032625451.0,3.4565047343508435e+17,0.0,1,79.77,2,2574,1819.747382,1032.625451,3.8644825865372634
WETH_USDT,24126623,1767111887,0x66a9893cc07d91d95644aedd05d03f95e1dba8af,0xe12c338b7995972c2981d98dd41a74f6ef7131a45325572b55c985d854dedf36,0x66a9893cc07d91d95644aedd05d03f95e1dba8af,0x9e5f2b740e52c239da457109bcced1f2bb40da5b,48,535334390,0.0,148305377.0,4.947503895502176e+16,0.0,0xedc4a268e70b7f794761e3a7520cf54a3406da0b,0xb2b6dd894ecfce1dce536d6988bac13c6c2edf288cb3ff4729581cd4a22753d4,0x7a250d5630b4cf539739df2c5dacb4c659f2488d,0xedc4a268e70b7f794761e3a7520cf54a3406da0b,49,127847694,0.0,695736.0,232095299052572.0,0.0,1,4.19,1,11636,148.305377,0.695736,0.2396974374847361
WETH_USDT,24127970,1767128183,0x66a9893cc07d91d95644aedd05d03f95e1dba8af,0xd7713e99a9f4ec9166d4bb01388544363ae418d5008253f8e4076bedaa056de2,0x66a9893cc07d91d95644aedd05d03f95e1dba8af,0xf920aa82abd9a6c020226746126d07ade50814d3,24,2038394885,1.5232669729309036e+16,0.0,0.0,45048773.0,0x8a6df6c629cf940b0cc4a32101caa4a022e80234,0x74284e7a0b4e627b449fe921b149a8b9671f7a4011af2f9a1022d8ec64607f97,0x8a6df6c629cf940b0cc4a32101caa4a022e80234,0x3416cf6c708da44db2624d63ea0aaef7113527c6,25,38394885,7171818079996433.0,0.0,0.0,21209614.0,0,53.09,1,11636,45.18615957987911,21.27446613097945,0.9070035476105347
WETH_USDT,24226359,1768314131,0xd2b37ade14708bf18904047b1e31f8166d39612b,0xbfad9e8248755267358ddccc4aa475459152d5e2eac759c9f135c0f9edfc35cb,0xd2b37ade14708bf18904047b1e31f8166d39612b,0xd2b37ade14708bf18904047b1e31f8166d39612b,4,1136242034,0.0,180308399.0,5.726169222936932e+16,0.0,0x00000000009e50a7ddb7a7b0e2ee6604fd120e49,0xcfa186f82cb47a43dffee7e7c5a9f984ffb5e92dd43f3d31f607d1b8cdba9fba,0x00000000009e50a7ddb7a7b0e2ee6604fd120e49,0x00000000009e50a7ddb7a7b0e2ee6604fd120e49,5,611142994,0.0,10421637.0,3309595430748160.0,0.0,1,1.86,1,263,180.308399,10.421637,0.5348709732633408
WETH_USDT,24229118,1768347551,0x5261e06b7cd3ec91b56353a8864523098a1ef3c2,0x1e3a7c1c59d8462307bd7b3adbb3934c400b170caf4af3725f871bea7cfb34bc,0x7a250d5630b4cf539739df2c5dacb4c659f2488d,0x5261e06b7cd3ec91b56353a8864523098a1ef3c2,15,2597766532,2.5792e+16,0.0,0.0,85481737.0,0x00000047bb99ea4d791bb749d970de71ee0b1a34,0xdb0f20c8294457843f30d41dab2185ccecf8d62565eef5e86fb17a9ee6f24a3b,0x00000047bb99ea4d791bb749d970de71ee0b1a34,0xcbf83d10a021ebc73de69c5c283862a87a120229,17,135243742,2.410471582325431e+17,0.0,0.0,798819442.0,0,19.21,2,1,85.481737,798.819442,1.2425327780474666
WETH_USDT,24327975,1769538647,0xdc95617e118dd4f61f0fcaac9e3944f4d7be9f31,0xd85aef72922f9b1809a90de67045674ad69970d80436bc5f2381f23ba528465a,0xdc95617e118dd4f61f0fcaac9e3944f4d7be9f31,0x4628a0a564debfc8798eb55db5c91f2200486c24,37,260392487,0.0,149094564.0,5.056208301620411e+16,0.0,0xfbd4cdb413e45a52e2c8312f670e9ce67e794c37,0x66ca786d4cf0004d1e4b4b986f7f66de137b1e639d0387694be8e56dc29cab86,0xfbd4cdb413e45a52e2c8312f670e9ce67e794c37,0xfbd4cdb413e45a52e2c8312f670e9ce67e794c37,38,148111724,0.0,1811570567.0,6.142397080031749e+17,0.0,1,1.76,1,2,149.094564,1811.570567,0.113854721583348
WETH_USDT,24352999,1769840159,0x1f560aee3d0c615f51466dcd9a312cfa858271a5,0xee8f8fe75c342f80f053a92e6166a26448c12bad79120341181828fec0330baa,0x1f560aee3d0c615f51466dcd9a312cfa858271a5,0x1f560aee3d0c615f51466dcd9a312cfa858271a5,3,1632748445,0.0,381159328.0,1.4132698918777899e+17,0.0,0x63242a4ea82847b20e506b63b0e2e2eff0cc6cb0,0x2969b46bceaad7d7e8f799e121913c2fef9e49bf8e558e051f7cba7fa8731290,0x63242a4ea82847b20e506b63b0e2e2eff0cc6cb0,0x63242a4ea82847b20e506b63b0e2e2eff0cc6cb0,7,69298737,0.0,250000000.0,9.268847386773626e+16,0.0,1,23.56,4,107,381.159328,250.0,0.6593442492474525
WETH_USDT,24352999,1769840159,0x00000000ae2193c4ac6521146b1adafe9b43361d,0xb064a1348c608a529568fe4c33b6585897fc48a40b2332081626b4117653d21b,0x00000000ae2193c4ac6521146b1adafe9b43361d,0x2325e3f261cadb1c30cebf66c9f95f6fb016c0d4,49,619298737,0.0,33222197.0,1.2316840782722116e+16,0.0,0xbc1d9760bd6ca468ca9fb5ff2cfbeac35d86c973,0xac202893d981f5275b396e26040d7ac5496a32443f812771be9fc15a8764f95a,0xbc1d9760bd6ca468ca9fb5ff2cfbeac35d86c973,0xbc1d9760bd6ca468ca9fb5ff2cfbeac35d86c973,52,82188318,0.0,10697604.0,3966022831326134.0,0.0,1,7.54,3,5,33.222197,10.697604,0.2500881639529968
WETH_USDT,24376047,1770118307,0xfbd4cdb413e45a52e2c8312f670e9ce67e794c37,0x6ca64c5f633ae7eb3cc8523978599f88a2823d81d5b4092a2e1011180ba08c21,0xfbd4cdb413e45a52e2c8312f670e9ce67e794c37,0xfbd4cdb413e45a52e2c8312f670e9ce67e794c37,1,850473083,2.887177476552653e+17,0.0,0.0,655866407.0,0x031f1ad10547b8deb43a36e5491c06a93812023a,0x6190642b1d5cd2b6ba71181f6dbe2d7ed9bcdd8bb5f168852e3606b8e9c8b81a,0x031f1ad10547b8deb43a36e5491c06a93812023a,0x5e1f62dac767b0491e3ce72469c217365d5b48cc,5,212732194,5.307305994473028e+16,0.0,0.0,120551360.0,0,4.0,4,2574,657.3769291606774,120.84122105747898,0.2904643314327397
WETH_USDT,24377328,1770133751,0x66a9893cc07d91d95644aedd05d03f95e1dba8af,0xe6a56977b417eef324a8d864ec01e687a0f534c528a305c4050c814e1d50b7fc,0x66a9893cc07d91d95644aedd05d03f95e1dba8af,0xc0067d751fb1172dbab1fa003efe214ee8f419b6,12,4255642539,0.0,200000000.0,8.690550126068051e+16,0.0,0x00000000009e50a7ddb7a7b0e2ee6604fd120e49,0x78dd44846a12fc232b416f031be9aff5066f83932f1a2a10edc5d148704484ba,0x00000000009e50a7ddb7a7b0e2ee6604fd120e49,0x00000000009e50a7ddb7a7b0e2ee6604fd120e49,13,483585268,0.0,219098782.0,9.519929014563635e+16,0.0,1,8.8,1,11636,200.41932326401948,219.5462546032851,1.472138677092894
WETH_USDT,24377415,1770134795,0x51c72848c68a965f66fa7a88855f9f7784502a7f,0x646ebab23d644755fe59f78aa652a8108a28a9460b352519d5d0881acb6fb488,0x51c72848c68a965f66fa7a88855f9f7784502a7f,0x51c72848c68a965f66fa7a88855f9f7784502a7f,54,1512006627,1.0980842181031631e+18,0.0,0.0,2512891569.0,0xcd2964093893db9bc690d9adc19b3d5a0454771d,0x720ab4c626a777b38d77c1941888c36f05bc81feefd149f3554ebc1244e2b1c2,0xcd2964093893db9bc690d9adc19b3d5a0454771d,0xcd2964093893db9bc690d9adc19b3d5a0454771d,56,707731044,10000000000000.0,0.0,0.0,22876.0,0,2.14,2,3394,2532.3747367729366,0.023061753324780273,0.5230428578596058
WETH_USDT,24378047,1770142439,0xfbd4cdb413e45a52e2c8312f670e9ce67e794c37,0xb86eb297436c4ab6b5986523981328378a95a38e9c506c47fa54fca2202e6ee6,0xfbd4cdb413e45a52e2c8312f670e9ce67e794c37,0xfbd4cdb413e45a52e2c8312f670e9ce67e794c37,5,15241606543,1.1640244664843374e+18,0.0,0.0,2535177997.0,0x990636ecb3ff04d33d92e970d3d588bf5cd8d086,0xd519a3ec3af82c0550f41ef088251429969f884a43c944d5d738ebff5ed27cde,0x990636ecb3ff04d33d92e970d3d588bf5cd8d086,0x990636ecb3ff04d33d92e970d3d588bf5cd8d086,10,2922158982,1.18914315e+18,0.0,0.0,2588122406.0,0,5.22,5,2574,2684.4445110070747,2742.3725993152184,5.272472555520345
WETH_USDT,24378199,1770144275,0x42e213a3ad048e899b89ea8cb11d21bc97b84748,0xd53a34e40105e8b61d36227de21e8751401a57025b4f1b5cc20f5034492ca47f,0x42e213a3ad048e899b89ea8cb11d21bc97b84748,0x42e213a3ad048e899b89ea8cb11d21bc97b84748,8,67630852678,7.742165428532675e+17,0.0,0.0,1646111598.0,0xafdc4d7d7cf356afa584d86e59a7d4c7c5f0ea30,0x38d0d8d18359c98fdab869528f169bf08fad63168b66edc33dea8ffd8d8518bc,0x7a250d5630b4cf539739df2c5dacb4c659f2488d,0xafdc4d7d7cf356afa584d86e59a7d4c7c5f0ea30,13,22205907290,8.928e+16,0.0,0.0,189777040.0,0,3.05,5,20,1785.4790931246228,205.89533368363826,23.395290624068867
WETH_USDT,24378237,1770144731,0x66a9893cc07d91d95644aedd05d03f95e1dba8af,0xce04d6c472d5a3c06b7c97430301e720e87784feb38d94bed6c48288f7a86b9e,0x66a9893cc07d91d95644aedd05d03f95e1dba8af,0xac86903cdda380f20a06cc8a2dea7749f1558c68,17,3689703008,0.0,428894551.0,2.0185692338904912e+17,0.0,0x8a6df6c629cf940b0cc4a32101caa4a022e80234,0x63761ae865971cb6bd30ab0fbd79c0da0f02b319ca92ac42ddc4a110c8d1eb1f,0x8a6df6c629cf940b0cc4a32101caa4a022e80234,0x8a6df6c629cf940b0cc4a32101caa4a022e80234,18,2443485338,0.0,50993735.0,2.399837457953587e+16,0.0,1,1.51,1,11636,465.517457409732,55.34445947489338,1.2763653091829366
WETH_USDT,24451744,1771032539,0x72ed24bdd9253595bdd01469a15a8852bee7e0da,0xd0831a504e2030e55bcd8b667ae5ec2d2155d1f2507c0fb10c689f50453e8977,0x7a250d5630b4cf539739df2c5dacb4c659f2488d,0x72ed24bdd9253595bdd01469a15a8852bee7e0da,40,70150211,0.0,15073.0,7328344486229.0,0.0,0x00000000009e50a7ddb7a7b0e2ee6604fd120e49,0xfa498e072333d04f7dac7c13ebcb7aa64946abb8cc05487a1dce751a172e0148,0x00000000009e50a7ddb7a7b0e2ee6604fd120e49,0x00000000009e50a7ddb7a7b0e2ee6604fd120e49,41,45883974,0.0,4164823.0,2024894862721024.0,0.0,1,1.53,1,334,0.015073,4.164823,0.02151841284002702
WETH_USDT,24453748,1771056683,0xfbd4cdb413e45a52e2c8312f670e9ce67e794c37,0xfd57cdaf89ddaf4c393e4a2c34b0734d905de7de02a46c862795474c2496e0d8,0xfbd4cdb413e45a52e2c8312f670e9ce67e794c37,0xfbd4cdb413e45a52e2c8312f670e9ce67e794c37,1,4047113801,4.8649494388854854e+17,0.0,0.0,1007533825.0,0x681878dc5abaa70d182b3e1c4d6a3fd1e16922c0,0x893aea5ef35146d43f02435cf9e49e7621eac46391e8e5ed6389aac793afa8a2,0x7a250d5630b4cf539739df2c5dacb4c659f2488d,0x681878dc5abaa70d182b3e1c4d6a3fd1e16922c0,3,58194333,5.1826153486680755e+17,0.0,0.0,1073019720.0,0,69.54,2,2574,1007.533825,1073.01972,1.2414426747838145
WETH_USDT,24455319,1771075571,0x7a250d5630b4cf539739df2c5dacb4c659f2488d,0x290902f0d19874460c8e17bde83c7f6e523571bfb553776049d382ac3130ae0c,0x7a250d5630b4cf539739df2c5dacb4c659f2488d,0x7a250d5630b4cf539739df2c5dacb4c659f2488d,66,300000000,0.0,20126926.0,9684289193300660.0,0.0,0x00000000009e50a7ddb7a7b0e2ee6604fd120e49,0x72363c227c581987142d836a8f9e3fce9ceb65f7f9db4ccfad338f2567852737,0x00000000009e50a7ddb7a7b0e2ee6604fd120e49,0x00000000009e50a7ddb7a7b0e2ee6604fd120e49,67,40329239,0.0,2121812.0,1020929815609344.0,0.0,1,7.44,1,12026,20.126926,2.121812,0.09202429700472471
WETH_USDT,24477755,1771345823,0x3a10dc1a145da500d5fba38b9ec49c8ff11a981f,0x8ca8c0b30b83aaffb21feb898a2fa74beceb86af53fe653b4881c4607ce26295,0x3a10dc1a145da500d5fba38b9ec49c8ff11a981f,0x3a10dc1a145da500d5fba38b9ec49c8ff11a981f,6,35275715264,4.95e+17,0.0,0.0,980472170.0,0x3328f7f4a1d1c57c35df56bbf0c9dcafca309c49,0xde48fae86fa12a0ec594166d8671cd3b46be4bd1f33ff533158e1d08698329fc,0x3328f7f4a1d1c57c35df56bbf0c9dcafca309c49,0x3328f7f4a1d1c57c35df56bbf0c9dcafca309c49,7,5275715264,9.950248756218906e+16,0.0,0.0,197057526.0,0,6.69,1,192,980.47217,197.057526,10.362066895670152
WETH_USDT,24477759,1771345871,0x3328f7f4a1d1c57c35df56bbf0c9dcafca309c49,0xd8cc04a399e42566de651f254f6d1737d106658d66ad8625369eda031f570bb3,0x3328f7f4a1d1c57c35df56bbf0c9dcafca309c49,0x3328f7f4a1d1c57c35df56bbf0c9dcafca309c49,28,10286052749,9.950248756218906e+16,0.0,0.0,197019973.0,0x3a10dc1a145da500d5fba38b9ec49c8ff11a981f,0x9d848a7aa0adaa3a69d22eb3e21ef229c93ce9f992a4ef3e978bfadcfcbc7540,0x3a10dc1a145da500d5fba38b9ec49c8ff11a981f,0x3a10dc1a145da500d5fba38b9ec49c8ff11a981f,31,5286052749,1.98e+17,0.0,0.0,392018033.0,0,1.95,3,553,197.019973,392.018033,3.0214771232804183
WETH_USDT,24477765,1771345943,0x3328f7f4a1d1c57c35df56bbf0c9dcafca309c49,0xf48053b270c9b606053c3a0b5daea5fbcd9cdf8e35441ca05d795c632bd97c42,0x3328f7f4a1d1c57c35df56bbf0c9dcafca309c49,0x3328f7f4a1d1c57c35df56bbf0c9dcafca309c49,10,10300410606,1.990049751243781e+17,0.0,0.0,393651098.0,0x3a10dc1a145da500d5fba38b9ec49c8ff11a981f,0x9ddb200d27f9a3d9907945f1be0748f67ee1ca5f3dc311766edf0be848ab4d09,0x3a10dc1a145da500d5fba38b9ec49c8ff11a981f,0x3a10dc1a145da500d5fba38b9ec49c8ff11a981f,15,6300410606,990000000000000.0,0.0,0.0,1958208.0,0,1.63,5,553,393.651098,1.958208,3.0256946727645047
WETH_USDT,24477771,1771346015,0x3a10dc1a145da500d5fba38b9ec49c8ff11a981f,0x0c28fbc3c0aefcac169080b0707b9f454675534eb6dbef867bbb3541c8ba63bc,0x3a10dc1a145da500d5fba38b9ec49c8ff11a981f,0x3a10dc1a145da500d5fba38b9ec49c8ff11a981f,18,65306619009,4.95e+17,0.0,0.0,978788401.0,0x3328f7f4a1d1c57c35df56bbf0c9dcafca309c49,0xf79348ffe81de5a04ff4f9d58a18b7266d5e85365e8d92a1eaea26cf6783770c,0x3328f7f4a1d1c57c35df56bbf0c9dcafca309c49,0x3328f7f4a1d1c57c35df56bbf0c9dcafca309c49,20,2306619009,4.975124378109453e+17,0.0,0.0,983301505.0,0,28.31,2,192,978.788401,983.301505,19.183496346902082
WETH_USDT,24477771,1771346015,0x3a10dc1a145da500d5fba38b9ec49c8ff11a981f,0x757be3197bc205fe9de863e2a67e08906b498a43e2fc65421229622f36a13045,0x3a10dc1a145da500d5fba38b9ec49c8ff11a981f,0x3a10dc1a145da500d5fba38b9ec49c8ff11a981f,19,8306619009,3.465e+17,0.0,0.0,684993646.0,0x3328f7f4a1d1c57c35df56bbf0c9dcafca309c49,0xf79348ffe81de5a04ff4f9d58a18b7266d5e85365e8d92a1eaea26cf6783770c,0x3328f7f4a1d1c57c35df56bbf0c9dcafca309c49,0x3328f7f4a1d1c57c35df56bbf0c9dcafca309c49,20,2306619009,4.975124378109453e+17,0.0,0.0,983301505.0,0,3.6,1,192,684.993646,983.301505,2.4400282518422616
WETH_USDT,24477775,1771346063,0x4313c378cc91ea583c91387b9216e2c03096b27f,0x8529c097d9d04e7074d4e6131b72aa87009e1f3162f24527b1151eb71d24ef61,0x4313c378cc91ea583c91387b9216e2c03096b27f,0x4313c378cc91ea583c91387b9216e2c03096b27f,22,9000000000,0.0,197799881.0,9.937615129883592e+16,0.0,0x3a10dc1a145da500d5fba38b9ec49c8ff11a981f,0xc590687afb283a77174f40fb7feb774ad0a237980acdc6c5efb03722ee408d1d,0x3a10dc1a145da500d5fba38b9ec49c8ff11a981f,0x3a10dc1a145da500d5fba38b9ec49c8ff11a981f,24,5300426753,0.0,338843682.0,1.702249889569391e+17,0.0,1,1.7,2,29,197.799881,338.843682,2.6437054886936555
WETH_USDT,24477786,1771346195,0x3a10dc1a145da500d5fba38b9ec49c8ff11a981f,0x1ab3948fc19d6f5206479aae21d96184381a5ecc36ad905db92baf4fe5479e60,0x3a10dc1a145da500d5fba38b9ec49c8ff11a981f,0x3a10dc1a145da500d5fba38b9ec49c8ff11a981f,54,15358668680,0.0,1624849795.0,8.09565688713525e+17,0.0,0x3328f7f4a1d1c57c35df56bbf0c9dcafca309c49,0xfbd0cd58dcd9401b2803de31559f5def0da7398f9c87db7f0443836d6f2a3c12,0x3328f7f4a1d1c57c35df56bbf0c9dcafca309c49,0x3328f7f4a1d1c57c35df56bbf0c9dcafca309c49,56,3358668680,0.0,215384818.0,1.072861711994002e+17,0.0,1,4.57,2,192,1624.849795,215.384818,4.511532965371482
WETH_USDT,24477789,1771346231,0x3328f7f4a1d1c57c35df56bbf0c9dcafca309c49,0xf66471e3d7f355578296c6cc1b66d73fa0f220d77165a3d4c92001daed664c61,0x3328f7f4a1d1c57c35df56bbf0c9dcafca309c49,0x3328f7f4a1d1c57c35df56bbf0c9dcafca309c49,6,11365993901,9.950248756218906e+16,0.0,0.0,198446300.0,0x3a10dc1a145da500d5fba38b9ec49c8ff11a981f,0x5012ae95789260c11b00af229444edf81e4503393ce207e78de5b22eb7ee6fd7,0x3a10dc1a145da500d5fba38b9ec49c8ff11a981f,0x3a10dc1a145da500d5fba38b9ec49c8ff11a981f,10,5365993901,2.97e+17,0.0,0.0,592267767.0,0,2.12,4,553,198.4463,592.267767,3.3387044956147016
WETH_USDT,24477803,1771346399,0x3328f7f4a1d1c57c35df56bbf0c9dcafca309c49,0x0e15f1e251d5629f1c05d5716116f858b3c8bd9dd3fbc0eabe459b0b78197ae1,0x3328f7f4a1d1c57c35df56bbf0c9dcafca309c49,0x3328f7f4a1d1c57c35df56bbf0c9dcafca309c49,2,22420224570,5.472636815920398e+17,0.0,0.0,1091984241.0,0x3a10dc1a145da500d5fba38b9ec49c8ff11a981f,0x87616d6b9af3cdd44e992679eaa65f42d7ec981a389c27ff021284b306fb9020,0x3a10dc1a145da500d5fba38b9ec49c8ff11a981f,0x3a10dc1a145da500d5fba38b9ec49c8ff11a981f,3,5420224570,1.98e+17,0.0,0.0,394998686.0,0,4.14,1,553,1091.984241,394.998686,6.585830083717039
WETH_USDT,24477803,1771346399,0x3328f7f4a1d1c57c35df56bbf0c9dcafca309c49,0x0e15f1e251d5629f1c05d5716116f858b3c8bd9dd3fbc0eabe459b0b78197ae1,0x3328f7f4a1d1c57c35df56bbf0c9dcafca309c49,0x3328f7f4a1d1c57c35df56bbf0c9dcafca309c49,2,22420224570,5.472636815920398e+17,0.0,0.0,1091984241.0,0x3a10dc1a145da500d5fba38b9ec49c8ff11a981f,0x0f0e8e51ae111cb9b3bd6de64bdfb135d9b3ee88600e3feac23b498377d4fa91,0x3a10dc1a145da500d5fba38b9ec49c8ff11a981f,0x3a10dc1a145da500d5fba38b9ec49c8ff11a981f,4,5420224570,9.9e+17,0.0,0.0,1974347556.0,0,4.14,2,553,1091.984241,1974.347556,6.585830083717039
WETH_USDT,24477818,1771346579,0x3328f7f4a1d1c57c35df56bbf0c9dcafca309c49,0x607730a6585ad460658368873324d46d86e03810c782b372b3f8e48eed474783,0x3328f7f4a1d1c57c35df56bbf0c9dcafca309c49,0x3328f7f4a1d1c57c35df56bbf0c9dcafca309c49,0,22386324594,9.950248756218906e+17,0.0,0.0,1981645941.0,0x3a10dc1a145da500d5fba38b9ec49c8ff11a981f,0xde100c32e905a4cb1c88974a1fb1ae861e07cdcab035972a5c9f6e5e10e9d7cb,0x3a10dc1a145da500d5fba38b9ec49c8ff11a981f,0x3a10dc1a145da500d5fba38b9ec49c8ff11a981f,5,5386324594,7.92e+16,0.0,0.0,157684374.0,0,4.16,5,553,1981.645941,157.684374,6.5758721334261745
WETH_USDT,24477823,1771346639,0x3328f7f4a1d1c57c35df56bbf0c9dcafca309c49,0xa766ce2de0e9d4a68be68223a43e1bf6514c1b190083bc7e1296dcc281b10240,0x3328f7f4a1d1c57c35df56bbf0c9dcafca309c49,0x3328f7f4a1d1c57c35df56bbf0c9dcafca309c49,8,50348669765,1.990049751243781e+17,0.0,0.0,396106263.0,0x3a10dc1a145da500d5fba38b9ec49c8ff11a981f,0xcea1a49746e32dbaf1f3e0a31c5f9387b7df297e01dd074582d990b9ca41173d,0x3a10dc1a145da500d5fba38b9ec49c8ff11a981f,0x3a10dc1a145da500d5fba38b9ec49c8ff11a981f,9,5348669765,9.9e+17,0.0,0.0,1969885406.0,0,9.41,1,553,396.106263,1969.885406,14.7896727340172
WETH_USDT,24505222,1771676699,0x990636ecb3ff04d33d92e970d3d588bf5cd8d086,0x815a975dcae5cb51614ee2ead4f066212adfd8d1eb73f11f2ff8afebfb8e8a57,0x990636ecb3ff04d33d92e970d3d588bf5cd8d086,0x990636ecb3ff04d33d92e970d3d588bf5cd8d086,3,2044697122,1.6378448469128467e+17,0.0,0.0,323290931.0,0xba78505440e51afa382cb540f8edec426ab68d40,0x5c0bf8da82d9b751f3ebdf6ffc2f610556958a3e453d2951f1846ceb40322c1a,0xba78505440e51afa382cb540f8edec426ab68d40,0xfc6b05f3e5fcdd27995d6c17a71cf8e7a8f966d2,4,44847122,1.6547328e+17,0.0,0.0,326594942.0,0,45.59,1,132,323.290931,326.594942,0.6040229531041088
WETH_USDT,24525890,1771925627,0xfbd4cdb413e45a52e2c8312f670e9ce67e794c37,0xe3c6b68d4d1149d1cf9e85d2819c47e34734d5dea1853f6450e68cffed7e82dc,0xfbd4cdb413e45a52e2c8312f670e9ce67e794c37,0xfbd4cdb413e45a52e2c8312f670e9ce67e794c37,2,23977813420,2.39383466579776e+18,0.0,0.0,4358629404.0,0x437f64649600e302f4335be1130f665394015437,0x9042ae07e7587f9db15551eb8bf255c4b6c399d0cd7bccf902f75162e33f5ab7,0x437f64649600e302f4335be1130f665394015437,0x437f64649600e302f4335be1130f665394015437,4,2141326487,4.214169062493724e+17,0.0,0.0,766735749.0,0,11.2,2,2574,4367.779902664584,768.9153808563817,6.5624714853155055
WETH_USDT,24529455,1771968563,0xf154940c312931efc88dd33dd37225a63ba3b472,0x6b3ff395a1ec15f5d519b4a5ead3141309b345c7eaa21c8f9d3e34f020d73db3,0xf154940c312931efc88dd33dd37225a63ba3b472,0xac9fbdbe486f8023606b932a747bc476011b5071,2,22578889364,3.423511803802419e+16,0.0,0.0,63182767.0,0x3328f7f4a1d1c57c35df56bbf0c9dcafca309c49,0x0a1a2ae01586d7ba6eac3a5a4008606861ee1eb6efafd2ae42f0c15998d23d77,0x3328f7f4a1d1c57c35df56bbf0c9dcafca309c49,0xac9fbdbe486f8023606b932a747bc476011b5071,3,1049388982,4.975124378109453e+16,0.0,0.0,91816576.0,0,21.52,1,1,63.182767,91.816576,6.140777417733045
WETH_DAI,10127855,1590314404,0xf8341bf53e42dac7b3e3516e0c6ef6003646dd6d,0x7bdbbe9e46bc754301f487d2915f8e9b52ae44356ff31d48e2a9b096e71c41c3,0xf8341bf53e42dac7b3e3516e0c6ef6003646dd6d,0xf8341bf53e42dac7b3e3516e0c6ef6003646dd6d,0,664908342442,4.666098970353529e+21,0.0,0.0,2.25e+19,0x860bd2dba9cd475a61e6d1b45e16c365f6d78f66,0x1e6e7f8d12ad2bff954224fc423bc8a49d9b27400873dfc32d0b9d4adc448066,0x860bd2dba9cd475a61e6d1b45e16c365f6d78f66,0x860bd2dba9cd475a61e6d1b45e16c365f6d78f66,3,144806650594,6.427049604529261e+21,0.0,0.0,3.081260828469188e+19,0,4.59,3,87,4722.35425989971,6467.024532970481,20.93288495582556
WETH_DAI,10551844,1595990594,0x693c188e40f760ecf00d2946ef45260b84fbc43e,0x01f20be81275a00ec3ac289091116e834567954726d94883bca19392bd3a703c,0x693c188e40f760ecf00d2946ef45260b84fbc43e,0x693c188e40f760ecf00d2946ef45260b84fbc43e,12,12776313538870,0.0,7.65225831499943e+19,2.474674731297366e+22,0.0,0x3d71d79c224998e608d03c5ec9b405e7a38505f0,0xd554b4bb36ff07cd2a4e74184a2634284490ce8419f4aeca27fc50dbdb09400b,0xf164fc0ec4e93095b804a4795bbe1e041497b92a,0x3d71d79c224998e608d03c5ec9b405e7a38505f0,15,5225233854801,0.0,5.62255516009368e+19,1.8033369559025391e+22,0.0,1,2.45,3,307,24746.74731297366,18033.369559025392,607.7313020369224
WETH_DAI,10551923,1595991776,0x693c188e40f760ecf00d2946ef45260b84fbc43e,0x67c5ab074c2458c0070f517b4e46fc8834dc4d58268f6193750cbb03aeb2ae7b,0x693c188e40f760ecf00d2946ef45260b84fbc43e,0x693c188e40f760ecf00d2946ef45260b84fbc43e,13,379389952406,3.91059284698134e+21,0.0,0.0,1.2781290172653898e+19,0x7a250d5630b4cf539739df2c5dacb4c659f2488d,0xa238d4da272155040b24506bae58d9aa545acd7d8157ded19114a4da76e2de87,0x7a250d5630b4cf539739df2c5dacb4c659f2488d,0x7a250d5630b4cf539739df2c5dacb4c659f2488d,18,112200000000,2e+21,0.0,0.0,6.529110628713467e+18,0,3.38,5,307,4053.120171535635,2070.4693840724726,18.046453623258287
WETH_DAI,10576409,1596318340,0x3d71d79c224998e608d03c5ec9b405e7a38505f0,0xa599e5f08451302b73239a2d60c41cf8d42bfa992d54f7fe6e69cc6a640bb1f1,0xf164fc0ec4e93095b804a4795bbe1e041497b92a,0x3d71d79c224998e608d03c5ec9b405e7a38505f0,6,436387038240,0.0,2.97e+19,1.1439859493587344e+22,0.0,0x6c2d992b7739dfb363a473cc4f28998b7f1f6de2,0x47480a05a11ab80dceea9c1505445c3cb5a9e52869a6602c41072203259eed13,0xf164fc0ec4e93095b804a4795bbe1e041497b92a,0x6c2d992b7739dfb363a473cc4f28998b7f1f6de2,10,154825920239,0.0,9.950871559000314e+18,3.8224164607486953e+21,0.0,1,2.82,4,16,11439.859493587344,3822.4164607486955,23.30473498912528
WETH_DAI,10625905,1596978170,0x7cd860672c477e4c312cdde6f922c51235caf52d,0x0e28e2c80306af45f597912315595967f28595b721141749e030e3320e148a6e,0x7a250d5630b4cf539739df2c5dacb4c659f2488d,0x7cd860672c477e4c312cdde6f922c51235caf52d,1,167200000000,0.0,1.4e+19,5.373273508549902e+21,0.0,0xa694068fdfd382fa60c249e9a2b92a5548ad50ef,0x2ba11f21b115aef682c5891f3d4be7d7d7cd416f8686c6844d5c6fce462176d8,0x7a250d5630b4cf539739df2c5dacb4c659f2488d,0xa694068fdfd382fa60c249e9a2b92a5548ad50ef,4,108000000000,0.0,7.7294e+18,2.9620421512460003e+21,0.0,1,1.55,3,27,5549.409664331409,3063.8290756773704,9.941371027245124
WETH_DAI,11051491,1602648055,0xa57bd00134b2850b2a1c55860c9e9ea100fdd6cf,0x06f8a82767a2113ab4e483aed22d19f469b8a0e3aa2daaf55b9613995553efbe,0xa57bd00134b2850b2a1c55860c9e9ea100fdd6cf,0x56178a0d5f301baf6cf3e1cd53d9863437345bf9,3,172000000001,0.0,1.6707871442983856e+19,6.326349212756959e+21,0.0,0xa694068fdfd382fa60c249e9a2b92a5548ad50ef,0x79cab4b37c52f6c6b6b4e9940ebee1aa0db0762ba965073f8ef1ecd3d9f14af3,0x7a250d5630b4cf539739df2c5dacb4c659f2488d,0xa694068fdfd382fa60c249e9a2b92a5548ad50ef,6,110000000000,0.0,2.622191e+20,9.923883775795884e+22,0.0,1,1.56,3,6456,6347.041081075055,99612.65297150853,9.800988740636596
WETH_DAI,11401343,1607286677,0x6780846518290724038e86c98a1e903888338875,0xcabfeda1f97c21766a8b3d85f64a17a782771e056ca108b06e342a54a12f16dd,0x6780846518290724038e86c98a1e903888338875,0x6780846518290724038e86c98a1e903888338875,2,3857177268020,1.1290204855385887e+23,0.0,0.0,1.919860751788826e+20,0x58050d82a0448617e419302223796b2307156741,0xfe39c26f15986b2b96a01377f8bffcbe7874d7fbc9236e48b78d9ff38de43a5a,0x7a250d5630b4cf539739df2c5dacb4c659f2488d,0x58050d82a0448617e419302223796b2307156741,7,521810000010,1.4922675e+22,0.0,0.0,2.5322153579060494e+19,0,7.39,5,46,113450.39540312908,14963.62865549723,341.8984573144946
WETH_DAI,11401343,1607286677,0x58050d82a0448617e419302223796b2307156741,0xfe39c26f15986b2b96a01377f8bffcbe7874d7fbc9236e48b78d9ff38de43a5a,0x7a250d5630b4cf539739df2c5dacb4c659f2488d,0x58050d82a0448617e419302223796b2307156741,7,521810000010,1.4922675e+22,0.0,0.0,2.5322153579060494e+19,0x7a250d5630b4cf539739df2c5dacb4c659f2488d,0x87c4a315567fd31f45a10abdd489c4a375636937442b9d395baa456ed02bc427,0x7a250d5630b4cf539739df2c5dacb4c659f2488d,0x7a250d5630b4cf539739df2c5dacb4c659f2488d,11,300000000000,7.902229811471725e+22,0.0,0.0,1.3378825042649571e+20,0,1.74,4,6,14963.62865549723,79059.53542222486,46.25300358732963
WETH_DAI,11401343,1607286677,0x58050d82a0448617e419302223796b2307156741,0xfe39c26f15986b2b96a01377f8bffcbe7874d7fbc9236e48b78d9ff38de43a5a,0x7a250d5630b4cf539739df2c5dacb4c659f2488d,0x58050d82a0448617e419302223796b2307156741,7,521810000010,1.4922675e+22,0.0,0.0,2.5322153579060494e+19,0x7a250d5630b4cf539739df2c5dacb4c659f2488d,0x599e830447c26e9f05e61425c038589768740d87203840241e5d3e3d4cf08ebc,0x7a250d5630b4cf539739df2c5dacb4c659f2488d,0x7a250d5630b4cf539739df2c5dacb4c659f2488d,12,300000000000,7.902185076905118e+22,0.0,0.0,1.3344117418273281e+20,0,1.74,5,6,14963.62865549723,79021.85076905118,46.25300358732963
WETH_DAI,11826576,1612931039,0xb3c839dbde6b96d37c56ee4f9dad3390d49310aa,0xc004a6b1d560d08215f6b9ddb1063a3bbd95c0e90c0567cd01a88c64cf6759e3,0x7a250d5630b4cf539739df2c5dacb4c659f2488d,0xb3c839dbde6b96d37c56ee4f9dad3390d49310aa,4,718760840333,0.0,1.96734e+19,3.516733425987199e+22,0.0,0x6c2d992b7739dfb363a473cc4f28998b7f1f6de2,0x091dc2aeb3f94d65b66e036896d6f629a7bb0c2cdb8a3ac629e44b542d27b1b3,0xf164fc0ec4e93095b804a4795bbe1e041497b92a,0x6c2d992b7739dfb363a473cc4f28998b7f1f6de2,6,435487332833,0.0,2.0311977478431506e+19,3.6275955807881135e+22,0.0,1,1.65,2,67,35167.33425987199,36275.95580788114,187.11539382338094
WETH_DAI,12552253,1622599789,0x60f6e2200bfef8b4d120028faff4d9a4486526f4,0x2501cae0dc24252b68d67bd14c7d27288d5770f8863f295c4805573972e5b669,0x7a250d5630b4cf539739df2c5dacb4c659f2488d,0x60f6e2200bfef8b4d120028faff4d9a4486526f4,1,26000000000,5e+21,0.0,0.0,1.9320373310352893e+18,0xcc1deb828b1baddd45dbb75ceab110b0d57a2666,0x7761604bbd1618c54632506eecf22e97b218deab2056e7453b2d2b9e5f627ee9,0xcc1deb828b1baddd45dbb75ceab110b0d57a2666,0xcc1deb828b1baddd45dbb75ceab110b0d57a2666,4,22601569,1.0298403232545129e+21,0.0,0.0,3.9788291001522e+17,0,1150.36,3,18,5000.0,1029.840323254513,9.902627411426842
WETH_DAI,12926999,1627648585,0x0000000000884a0e1fb44f9e24fa3bdb19514fae,0x9472b6fee3a2a3cc354b692c9020bbfe1243cef2eae66000f56e7de2b79679f3,0x0000000000884a0e1fb44f9e24fa3bdb19514fae,0x0000000000884a0e1fb44f9e24fa3bdb19514fae,2,515907865718,2.903121671080725e+22,0.0,0.0,1.2469689253434397e+19,0xa57bd00134b2850b2a1c55860c9e9ea100fdd6cf,0x12a020dfd5450cf354948afcdb9b1cf1e41356b1aa4ccd00e896f963fb20f703,0xa57bd00134b2850b2a1c55860c9e9ea100fdd6cf,0x56178a0d5f301baf6cf3e1cd53d9863437345bf9,6,260733786134,2.888065635731698e+22,0.0,0.0,1.2386063658610528e+19,0,1.98,4,5,29667.094363302604,29468.137648150805,184.1122945081874
WETH_DAI,13302313,1632671570,0x8698d9d5ea99809c00426484a80be2add4e54581,0xec04570929f2e579eca0992ac510275d05e1fb2508ac9fda0e0cbf3ff8aa0cdf,0x8698d9d5ea99809c00426484a80be2add4e54581,0x6fb5cb1984ef86f46b8eef5d993d2bfefbc23995,12,70212405905,0.0,5.423173101156935e+17,1.6435210451089437e+21,0.0,0x7777777580290cede6e2121b846023fa1a1e4978,0x3222494ef13d69c2cada7119d5bba1aa0f50cb34845d4d263f44eb3659fbbea4,0x7777777580290cede6e2121b846023fa1a1e4978,0x502700f282e6bfc2bb3b805893fadffacf688e7b,13,43946164343,0.0,9.3293e+16,2.8271500487960284e+20,0.0,1,1.6,1,20,1643.5210451089438,282.7150048796028,29.977882128299562
WETH_DAI,13552085,1636054430,0x5c00aa8da33ddd5c92e555600383a434f1d284fa,0x73a3cc31ac80248e37f4aaa038c4b277c2ed894d91d2765105af3ed025691e34,0x5c00aa8da33ddd5c92e555600383a434f1d284fa,0x5c00aa8da33ddd5c92e555600383a434f1d284fa,1,532820299956,1.2358312553699222e+23,0.0,0.0,2.771251327785034e+19,0x7302c2379287a46c76de52333d6faba17b338c85,0xab249fdff576dd8d56dfd43323586918cd3484cf54155bc7db6d5ff297d3c7e3,0x7302c2379287a46c76de52333d6faba17b338c85,0x7302c2379287a46c76de52333d6faba17b338c85,2,168053128773,4.176503364986411e+22,0.0,0.0,9.37263082362908e+18,0,3.17,1,1,124916.74876013437,42248.01114493445,360.2606097645107
WETH_DAI,13552085,1636054430,0x5c00aa8da33ddd5c92e555600383a434f1d284fa,0x73a3cc31ac80248e37f4aaa038c4b277c2ed894d91d2765105af3ed025691e34,0x5c00aa8da33ddd5c92e555600383a434f1d284fa,0x5c00aa8da33ddd5c92e555600383a434f1d284fa,1,532820299956,1.2358312553699222e+23,0.0,0.0,2.771251327785034e+19,0x7302c2379287a46c76de52333d6faba17b338c85,0x1f85653bb541e397685a0638951e07a3f105fe386a2d7679105cbcd95c22785b,0x7302c2379287a46c76de52333d6faba17b338c85,0x7302c2379287a46c76de52333d6faba17b338c85,3,168053128773,1.5751499540827126e+22,0.0,0.0,3.530254926657641e+18,0,3.17,2,1,124916.74876013437,15912.954675424033,360.2606097645107
WETH_DAI,13826598,1639797310,0xdbedf2a4ef8a5a837c1feffcb891469b0c714fb9,0x33a36bbaad91350b8ec9bf096097d7ea43f632d2db92bf89d51fb92d773bec32,0xdbedf2a4ef8a5a837c1feffcb891469b0c714fb9,0xdbedf2a4ef8a5a837c1feffcb891469b0c714fb9,1,249571997804,0.0,8.983636946215689e+18,3.424049026392486e+22,0.0,0x83884ec924d43b6c6d1c52d7b6a57ce4121a4a53,0xeb8bcdd8616e364cdd7ecb209e531b47fea99990fd0081e52f736e66774a4670,0x83884ec924d43b6c6d1c52d7b6a57ce4121a4a53,0x83884ec924d43b6c6d1c52d7b6a57ce4121a4a53,3,90704536646,0.0,7.720965055226788e+17,2.9399876770135603e+21,0.0,1,2.75,2,6,34635.87409856871,2976.7718260802376,144.33148311011576
WETH_DAI,14053124,1642823967,0x00000000003b3cc22af3ae1eac0440bcee416b40,0x429b18b2bcd669509f6d9b0c87a2873e8f5e1d1d6feecb5d2c485d772c660a9b,0x00000000003b3cc22af3ae1eac0440bcee416b40,0x00000000003b3cc22af3ae1eac0440bcee416b40,2,8990809950985,1.2234280546929809e+23,0.0,0.0,4.903852316353049e+19,0x0000000000005117dd3a72e64a705198753fdd54,0xbe7fbce609ce1035fd9bcdc2d984dd5fb114e9ef72543970319d13f4defb967c,0x7a250d5630b4cf539739df2c5dacb4c659f2488d,0x0000000000005117dd3a72e64a705198753fdd54,6,137232597994,8.802727195587699e+22,0.0,0.0,3.4664936478732042e+19,0,65.52,4,44,135342.877148961,95672.78817863562,3722.100528827019
WETH_DAI,14104626,1643511957,0x00000000003b3cc22af3ae1eac0440bcee416b40,0x02667741a95b670f504aa73ec1aeb38dc78cbdcbb2692af0aa802bc096a91416,0x00000000003b3cc22af3ae1eac0440bcee416b40,0x00000000003b3cc22af3ae1eac0440bcee416b40,2,5922886245567,1.4575239013236061e+23,0.0,0.0,5.788646922282389e+19,0x0000000000005117dd3a72e64a705198753fdd54,0xd156c8180c8bbbde46c4a1143dc6147edb48e25e96486fa2c07e6660701148f9,0x7a250d5630b4cf539739df2c5dacb4c659f2488d,0x0000000000005117dd3a72e64a705198753fdd54,5,151782845099,4.7081155278658515e+22,0.0,0.0,1.844435106453065e+19,0,39.02,3,44,147524.06077992023,47081.155278658516,2264.1773860489598
WETH_DAI,14181837,1644543212,0x00000000003b3cc22af3ae1eac0440bcee416b40,0x6e548f02abfac2d7e7d0dc7db5d3d7bc3aa3d0ecc4de331bcc4c43b6f49f89ac,0x00000000003b3cc22af3ae1eac0440bcee416b40,0x00000000003b3cc22af3ae1eac0440bcee416b40,2,8132000613320,4.402535619576424e+23,0.0,0.0,1.4854924888416924e+20,0xa57bd00134b2850b2a1c55860c9e9ea100fdd6cf,0xbf666ac3a97dd2edf2a30bf15fbb6c2c6e6ff16f6301ccc87e2109e17a1ed7da,0xa57bd00134b2850b2a1c55860c9e9ea100fdd6cf,0x56178a0d5f301baf6cf3e1cd53d9863437345bf9,3,70477599355,6.466451512389283e+22,0.0,0.0,2.1112430827843084e+19,0,115.38,1,44,482286.84952407726,68544.59262661786,3960.2592933850174
WETH_DAI,14253593,1645502126,0x00000000003b3cc22af3ae1eac0440bcee416b40,0x5cf2c12d6785afbb70ce69d491f38ad82e18e1811d82511a604c307c0fe0c3b6,0x00000000003b3cc22af3ae1eac0440bcee416b40,0x00000000003b3cc22af3ae1eac0440bcee416b40,3,11059113301353,1.5049095097612405e+23,0.0,0.0,6.154301698062523e+19,0xe0a9efe32985cc306255b395a1bd06d21ccead42,0x16b7bac5a053d68656abe20f19d0c61260bb9e7993b358192fe5beb71d7d49e3,0xe0a9efe32985cc306255b395a1bd06d21ccead42,0xe0a9efe32985cc306255b395a1bd06d21ccead42,4,75221982773,1.0352146892162675e+23,0.0,0.0,4.160017594607962e+19,0,147.02,1,44,160022.66061643386,108167.76888106021,4313.345740991786
WETH_DAI,14457626,1648241063,0x00000000003b3cc22af3ae1eac0440bcee416b40,0xa468bdf09e03c02a5f900df203bdd161a5115ee4eb116acb2c3a120447bb798a,0x00000000003b3cc22af3ae1eac0440bcee416b40,0x00000000003b3cc22af3ae1eac0440bcee416b40,2,18400130614644,3.162846285135488e+23,0.0,0.0,1.0565339660603202e+20,0xa57bd00134b2850b2a1c55860c9e9ea100fdd6cf,0x14efbf8ccfafaf4d4aa96b63c815616b884c372b0db8ab1045503a0e656c39f0,0xa57bd00134b2850b2a1c55860c9e9ea100fdd6cf,0x56178a0d5f301baf6cf3e1cd53d9863437345bf9,4,80340644208,1.244616574754052e+23,0.0,0.0,4.0214095691646255e+19,0,229.03,2,44,319971.38062208786,124461.6574754052,8358.721137496663
WETH_DAI,14779205,1652607652,0xa1006d0051a35b0000f961a8000000009ea8d2db,0x9278623c32994ef24a6223d5b7457159904ed2e819fc35dd1974c5f564c450ef,0xa1006d0051a35b0000f961a8000000009ea8d2db,0xa1006d0051a35b0000f961a8000000009ea8d2db,0,782585885094,5.634264674094847e+22,0.0,0.0,2.7934368444550844e+19,0xa57bd00134b2850b2a1c55860c9e9ea100fdd6cf,0x824b681cce7376ac593551f184c5bcbeeb5bb8e22edf68ea4980e4ecaa2b33f3,0xa57bd00134b2850b2a1c55860c9e9ea100fdd6cf,0x56178a0d5f301baf6cf3e1cd53d9863437345bf9,5,33751569752,1.986450692666702e+21,0.0,0.0,9.785328157052993e+17,0,23.19,5,85,56342.646740948476,1986.4506926667018,231.14701495495672
WETH_DAI,15005102,1655860332,0x6af1a16fde7346e7729fa921ad2ddf6a462061e2,0xd1e36eb1b2882f508c2f649df01695454363ed4d2c502d1818b09980710fb1a6,0x6af1a16fde7346e7729fa921ad2ddf6a462061e2,0x6af1a16fde7346e7729fa921ad2ddf6a462061e2,3,64336701669,2.7440349416132113e+20,0.0,0.0,2.4471024627300963e+17,0xdef1c0ded9bec7f1a1670819833240f027b25eff,0x65637084218d59892090c1514bd2988d67faddacefa81c41b3d899887e091988,0xdef1c0ded9bec7f1a1670819833240f027b25eff,0xf28e099827cb05c9c35397859b4b626218c5a1cc,8,33090454700,5.404173530892413e+20,0.0,0.0,4.8187761150413286e+17,0,1.94,5,75,274.40349416132113,540.4173530892414,10.65519085955447
WETH_DAI,15329017,1660334346,0x9a37df884845022b5009cdf0b4f1a7b155b82a13,0xf6ca937c6d3e98dcc8b47b021b03584d4b2606ef977e4d0b3b9163efeaae40f4,0x7a250d5630b4cf539739df2c5dacb4c659f2488d,0x9a37df884845022b5009cdf0b4f1a7b155b82a13,1,40698264466,0.0,5e+16,9.59065307743725e+19,0.0,0x0eae044f00b0af300500f090ea00027097d03000,0x763101fa33a6ee3a1e545446ed0574cd93cdd825680d816cbe89ae4fb9973b79,0x0eae044f00b0af300500f090ea00027097d03000,0x0eae044f00b0af300500f090ea00027097d03000,2,9649260240,0.0,1.772616977411688e+17,3.3999294950948825e+20,0.0,1,4.22,1,27,95.9065307743725,339.99294950948826,11.519145325287779
WETH_DAI,15357599,1660724169,0xbeefbabeea323f07c59926295205d3b7a17e8638,0xf1a1129464864f6823b880f36282ec6fd3c7eeef6ab55318dd13d1bf68eb1b88,0xbeefbabeea323f07c59926295205d3b7a17e8638,0xbeefbabeea323f07c59926295205d3b7a17e8638,14,18608985044,5.85e+21,0.0,0.0,3.0823403851150863e+18,0xa57bd00134b2850b2a1c55860c9e9ea100fdd6cf,0x4597262c28d2342cc251d8e8ccbef2b62f9fbb3b8c8bdc6aeee5b3dd7265d1cc,0xa57bd00134b2850b2a1c55860c9e9ea100fdd6cf,0x56178a0d5f301baf6cf3e1cd53d9863437345bf9,18,12155408381,2.783626937238246e+21,0.0,0.0,1.4651510761757043e+18,0,1.53,4,2574,5849.999999999999,2783.626937238246,5.267872360229736
WETH_DAI,15502791,1662727202,0x105937fdfb6ea9b2e13561a81a6be2afc015cf31,0xeac874fde895da6043f301b5b496c63155c42cf68fb0aef3cbaa47b59b05c426,0x7a250d5630b4cf539739df2c5dacb4c659f2488d,0x105937fdfb6ea9b2e13561a81a6be2afc015cf31,22,37000000000,0.0,1.7846448648191942e+17,3.0817130728926885e+20,0.0,0xde8cfe617d711151f6be41d86d67f98cdd13b885,0x9bc6882362d887d3fce95de236023a0f8ba2af314658506552ed2a758295174f,0xde8cfe617d711151f6be41d86d67f98cdd13b885,0xde8cfe617d711151f6be41d86d67f98cdd13b885,23,17685841943,0.0,4.1963059888308717e+17,7.245195761611596e+20,0.0,1,2.09,1,11,308.17130728926884,724.5195761611596,9.087934910669059
WETH_DAI,16006314,1668888095,0xa80db00007020e013fa10d0560700c0018003b8b,0x68385022a93addcf9e1364738d8411ac9ea7edb085a8a3e258b47399d6872f07,0xa80db00007020e013fa10d0560700c0018003b8b,0xa80db00007020e013fa10d0560700c0018003b8b,1,32848986686,4.843732559932448e+21,0.0,0.0,4.018366892562773e+18,0xa57bd00134b2850b2a1c55860c9e9ea100fdd6cf,0x57fbc13b570a374cfb76ded8b7fc557ae11a289d5378bcb8ddac178e45eb91c2,0xa57bd00134b2850b2a1c55860c9e9ea100fdd6cf,0x56178a0d5f301baf6cf3e1cd53d9863437345bf9,2,20942624669,4.0867686445313446e+21,0.0,0.0,3.385710673174161e+18,0,1.57,1,43,4860.379114381191,4095.155540348935,5.9598289461591065
WETH_DAI,16053673,1669459787,0x000000000035b5e5ad9019092c665357240f594e,0x73cca946da4ec39022f1440a09c1612dad7ad147f3dcc3e3fc95b1973d5e10f9,0x000000000035b5e5ad9019092c665357240f594e,0x000000000035b5e5ad9019092c665357240f594e,0,98289075486,8.638334085975271e+21,0.0,0.0,7.094485490216209e+18,0xa57bd00134b2850b2a1c55860c9e9ea100fdd6cf,0x7b86f60f3cb802dacbc51962e299494c3f2f7747e2a03229d3d534a8b34a3cd3,0xa57bd00134b2850b2a1c55860c9e9ea100fdd6cf,0x56178a0d5f301baf6cf3e1cd53d9863437345bf9,2,40895744924,2.0085975238340423e+21,0.0,0.0,1.6469223073715172e+18,0,2.4,2,45,8638.334085975272,2008.5975238340422,17.721409350506438
WETH_DAI,16053885,1669462367,0xe8c060f8052e07423f71d445277c61ac5138a2e5,0x14ecb3c9d8d9f896ec711932fcf9dd6763a5847e970edb5f200e58d72ada4b1a,0xe8c060f8052e07423f71d445277c61ac5138a2e5,0xe8c060f8052e07423f71d445277c61ac5138a2e5,0,70643553273,8.04885955767916e+21,0.0,0.0,6.608691358930507e+18,0xa57bd00134b2850b2a1c55860c9e9ea100fdd6cf,0x940b3fdb53c125f4dd3efb81d57bc0fad323367bc7b56aa6c735e1d68496a45d,0xa57bd00134b2850b2a1c55860c9e9ea100fdd6cf,0x56178a0d5f301baf6cf3e1cd53d9863437345bf9,3,14554267291,4.1928640090904944e+21,0.0,0.0,3.4361756451413924e+18,0,4.85,3,49,8048.85955767916,4192.864009090495,12.736952904836908
WETH_DAI,16053885,1669462367,0xe8c060f8052e07423f71d445277c61ac5138a2e5,0x14ecb3c9d8d9f896ec711932fcf9dd6763a5847e970edb5f200e58d72ada4b1a,0xe8c060f8052e07423f71d445277c61ac5138a2e5,0xe8c060f8052e07423f71d445277c61ac5138a2e5,0,70643553273,8.04885955767916e+21,0.0,0.0,6.608691358930507e+18,0x53222470cdcfb8081c0e3a50fd106f0d69e63f20,0xfa02108cb459003d6ed2e4635cc5a2588414d1cf4691f36ae04e08484b54c7ad,0x53222470cdcfb8081c0e3a50fd106f0d69e63f20,0x53222470cdcfb8081c0e3a50fd106f0d69e63f20,4,14554267290,2.9997575490414675e+21,0.0,0.0,2.4556783948729324e+18,0,4.85,4,49,8048.85955767916,2999.7575490414674,12.736952904836908
WETH_DAI,16057097,1669501187,0x0eae044f00b0af300500f090ea00027097d03000,0x500946d29cc8da68df16baad868091f84a64ff8aeefe5ddd31a3b82853b1aeae,0x0eae044f00b0af300500f090ea00027097d03000,0x0eae044f00b0af300500f090ea00027097d03000,3,27559409727,4.257477695635438e+21,0.0,0.0,3.5215113725794263e+18,0xdef171fe48cf0115b1d80b88dc8eab59176fee57,0x86a62690f0c6fbd38c29b7dc73733c9cd6d349ba6ff96685412c91e0b00e5b7f,0xdef171fe48cf0115b1d80b88dc8eab59176fee57,0xdef171fe48cf0115b1d80b88dc8eab59176fee57,8,9070061169,3.999576843875956e+21,0.0,0.0,3.303993983287016e+18,0,3.04,5,596,4257.477695635438,3999.5768438759555,4.968930461657063
WETH_DAI,16127278,1670348099,0x00000000008c4fb1c916e0c88fd4cc402d935e7d,0xd6ae2727441d7e1b693987e9ebd2e7b39cad3b535f79ba26504533ccd055fe1d,0x00000000008c4fb1c916e0c88fd4cc402d935e7d,0x00000000008c4fb1c916e0c88fd4cc402d935e7d,5,261673740039,0.0,8.473887788689764e+19,1.0844872788343702e+23,0.0,0xa57bd00134b2850b2a1c55860c9e9ea100fdd6cf,0x819080fa6f56c59acbf953676f4abbe06b35f030294c11d454a25228bc65fb7e,0xa57bd00134b2850b2a1c55860c9e9ea100fdd6cf,0x56178a0d5f301baf6cf3e1cd53d9863437345bf9,6,12750804191,0.0,1.0809828852929178e+19,1.3580155126832125e+22,0.0,1,20.52,1,28,108448.72788343702,13581.339443411927,49.31456272687123
WETH_DAI,16172432,1670894063,0x000000000035b5e5ad9019092c665357240f594e,0xbb97d281b05f642fd707c4a58ca63d96dbffb479272fa3f6524d1e601d4af9b1,0x000000000035b5e5ad9019092c665357240f594e,0x000000000035b5e5ad9019092c665357240f594e,2,2848443551181,1.6669882483392408e+23,0.0,0.0,1.3488723881265909e+20,0xa57bd00134b2850b2a1c55860c9e9ea100fdd6cf,0x2c3ade47c938b988e120e9edcdd363cb2355b4fcd629a07f4099a9134cf4ea56,0xa57bd00134b2850b2a1c55860c9e9ea100fdd6cf,0x56178a0d5f301baf6cf3e1cd53d9863437345bf9,6,12296621716,7.965250134459038e+21,0.0,0.0,6.273776803365453e+18,0,231.64,4,45,169989.5544366723,7965.250134459038,538.4560330155876
WETH_DAI,16431192,1674014807,0xbadffffffff3f678866b558e3fd0a2a4deb4dc48,0x9a67e16afab97a2e4ab0e6c09717a6bccb1c1a647ec8f35abff2839005b455e7,0xbadffffffff3f678866b558e3fd0a2a4deb4dc48,0xcb0c5d9d92f4f2f80cce7aa271a1e148c226e19d,7,56029779615,0.0,9.56148193359375e+17,1.5112811087633077e+21,0.0,0x1111111254eeb25477b68fb85ed929f73a960582,0x533293e575129749a1435e8cea395e174c9277af2a68457f2eecb4d986aca45a,0x1111111254eeb25477b68fb85ed929f73a960582,0x74de5d4fcbf63e00296fd95d33236b9794016631,12,25808301578,0.0,5947500000000000.0,9.398628102936463e+18,0.0,1,2.17,5,1,1511.2811087633077,9.398628102936463,13.196459584818934
WETH_DAI,16584681,1675866827,0x0000000000007f150bd6f54c40a34d7c3d5e9f56,0x197b7d59b5ff2994207bc830670a368e19b43c0ea5bb5d63ffe0a8d3cf5789b4,0x0000000000007f150bd6f54c40a34d7c3d5e9f56,0x0000000000007f150bd6f54c40a34d7c3d5e9f56,1,101253174905,0.0,2.62048306e+18,4.371196599498628e+21,0.0,0x00000000c2cf7648c169b25ef1c217864bfa38cc,0x2a48222a3463ff0090bd0a242be3da193c3419dd3e9331043abe5dacdfcc62b3,0x00000000c2cf7648c169b25ef1c217864bfa38cc,0x00000000c2cf7648c169b25ef1c217864bfa38cc,5,42576490130,0.0,4.2e+18,6.995415630023651e+21,0.0,1,2.38,4,394,4371.196599498628,6995.415630023651,24.688164735619544
WETH_DAI,16632905,1676449115,0xef1c6e67703c7bd7107eed8303fbe6ec2554bf6b,0xdc704acc7a25e0c5dfb1b0bd2caa815f64499aab17bb825dbf6253a6a6faccce,0xef1c6e67703c7bd7107eed8303fbe6ec2554bf6b,0x44300d1180ae511e8f03b663ee266a66b7dcf16c,2,55000000000,1.75e+20,0.0,0.0,1.1311373322075726e+17,0x340f820684dec78c59068aabc9f8c99a2ce6b69c,0xa628032a36c6800ad87cb07cf07e4fb885b051b03e06062fa7d42ad279fc881b,0x340f820684dec78c59068aabc9f8c99a2ce6b69c,0x340f820684dec78c59068aabc9f8c99a2ce6b69c,7,25006328477,1.2972262483761568e+22,0.0,0.0,8.405192132799817e+18,0,2.2,5,8780,175.0,12972.262483761568,12.404236766692776
WETH_DAI,16633029,1676450615,0xef1c6e67703c7bd7107eed8303fbe6ec2554bf6b,0xa18243d2a4808400f2c4d8cf406e31fd8ef14af7f05fbde3c7aeb1a15f66994a,0xef1c6e67703c7bd7107eed8303fbe6ec2554bf6b,0xe532b04d2f2e921dfec69e132e9214d2f82df304,0,57439686054,0.0,1e+18,1.5340063808952415e+21,0.0,0xe532b04d2f2e921dfec69e132e9214d2f82df304,0x3dc6d6e450fc25e4171921a1785b5d4cc429bd9630b148c12973d0bf3f8bc4a1,0x7a250d5630b4cf539739df2c5dacb4c659f2488d,0xe532b04d2f2e921dfec69e132e9214d2f82df304,5,36939686054,0.0,3e+17,4.600752084341159e+20,0.0,1,1.55,5,8780,1534.0063808952416,460.0752084341159,12.954463011242128
WETH_DAI,16683634,1677064655,0x4870525eae23fceb31df613d179ef6275e1b93a9,0x647d2f5f9978a9bd63fb3e8fda0c4882112fa1930f7cb559472f143f1e4e8bf7,0x4870525eae23fceb31df613d179ef6275e1b93a9,0x4870525eae23fceb31df613d179ef6275e1b93a9,2,3665032684911,9.340134895576054e+22,0.0,0.0,5.758554549745798e+19,0x0000000000a84d1a9b0063a910315c7ffa9cd248,0x8074f5e0432c68ddcb31f613e0d6805db5cb1ba2661a7be1307dc3de69357720,0x0000000000a84d1a9b0063a910315c7ffa9cd248,0x0000000000a84d1a9b0063a910315c7ffa9cd248,4,20340613567,9.316550694981308e+22,0.0,0.0,5.7522099716152525e+19,0,180.18,2,26,97932.70967409766,97824.81076948611,934.9392597834601
WETH_DAI,16978375,1680646259,0x6b75d8af000000e20b7a7ddf000ba900b4009a80,0x5f0b419805fa6f27ca2029a4c27ad10c4c7afe1f6bad9d17283387089baea433,0x6b75d8af000000e20b7a7ddf000ba900b4009a80,0x6b75d8af000000e20b7a7ddf000ba900b4009a80,2,1357996548803,6.625849935632218e+22,0.0,0.0,3.588292698026541e+19,0xa69babef1ca67a37ffaf7a485dfff3382056e78c,0x07bd1c39f6fefbbbc89e29e2d051cd4e959fdd3c5a8b0fceab3cb8974e5ff207,0xa69babef1ca67a37ffaf7a485dfff3382056e78c,0xa69babef1ca67a37ffaf7a485dfff3382056e78c,3,30934233227,2.558428298572837e+22,0.0,0.0,1.3694194436289075e+19,0,43.9,1,400,67371.54782320888,25711.366184597307,382.45345543474343
WETH_DAI,17480238,1686770723,0xa5a17188bdb79fbb4c022821bf1252481d54f293,0x4b0c0aa381797f7fc39dd9dd89acf8fd42b2f0c10cea16a28cd83f7bf418195e,0xa5a17188bdb79fbb4c022821bf1252481d54f293,0xa5a17188bdb79fbb4c022821bf1252481d54f293,3,88542524885,1.4941862699704737e+22,0.0,0.0,8.670096686246265e+18,0xcb3702bc25b0f284b032e5edf1a1ebea2fe43255,0x46ddcb98b7a1cff9bab7dec876935e6abb5f831ea98cef271ec53e1ea0c203b5,0xcb3702bc25b0f284b032e5edf1a1ebea2fe43255,0xcb3702bc25b0f284b032e5edf1a1ebea2fe43255,6,20519882806,2.2329444668657482e+22,0.0,0.0,1.2891537811394589e+19,0,4.31,3,6,15101.17715307507,22453.889882711483,23.132896937413072
WETH_DAI,18641990,1700834039,0x6b75d8af000000e20b7a7ddf000ba900b4009a80,0xe1296a0ec5855c13bd06a0d18f4d9c32aec30ea0183509f858ed908f51edba2b,0x6b75d8af000000e20b7a7ddf000ba900b4009a80,0x6b75d8af000000e20b7a7ddf000ba900b4009a80,2,7444984826313,2.6472013481185783e+23,0.0,0.0,1.3240012587358434e+20,0xa69babef1ca67a37ffaf7a485dfff3382056e78c,0x8a0a855044aec8cffb9294d03013298872b25a7f1b2699ec54fb78adfe95cae7,0xa69babef1ca67a37ffaf7a485dfff3382056e78c,0xa69babef1ca67a37ffaf7a485dfff3382056e78c,3,31703361851,1.8437715426586896e+22,0.0,0.0,8.789560912991169e+18,0,234.83,1,400,264720.13481185783,18437.715426586896,2197.312112731411
WETH_DAI,18778258,1702482743,0x3328f7f4a1d1c57c35df56bbf0c9dcafca309c49,0x4c0cfe2444b1e91db4b73e0672c7d31066ba609e780d0ccaedf3107868759ee8,0x3328f7f4a1d1c57c35df56bbf0c9dcafca309c49,0x3328f7f4a1d1c57c35df56bbf0c9dcafca309c49,7,209102826088,0.0,1.990049751243781e+18,4.4219555402508523e+21,0.0,0xc625e922681c7e708fd21ae72c2487aea5b4e8e0,0x8df6b23b5bd4c7f03c885842218d996cfbc038c86d47772e9d08e29095c86675,0xc625e922681c7e708fd21ae72c2487aea5b4e8e0,0xc625e922681c7e708fd21ae72c2487aea5b4e8e0,12,74102826088,0.0,2.930961875510231e+17,6.4843162840244e+20,0.0,1,2.82,5,1729,4421.955540250852,648.43162840244,68.03154356334515
WETH_DAI,18778258,1702482743,0x3328f7f4a1d1c57c35df56bbf0c9dcafca309c49,0x857dbe5549f97a99dc8cf8a0056a17b925fe0dcc0d9cdee828759adf4b6b9ab5,0x3328f7f4a1d1c57c35df56bbf0c9dcafca309c49,0x3328f7f4a1d1c57c35df56bbf0c9dcafca309c49,9,119102826088,0.0,4.975124378109452e+18,1.1027456929862506e+22,0.0,0xc625e922681c7e708fd21ae72c2487aea5b4e8e0,0x8df6b23b5bd4c7f03c885842218d996cfbc038c86d47772e9d08e29095c86675,0xc625e922681c7e708fd21ae72c2487aea5b4e8e0,0xc625e922681c7e708fd21ae72c2487aea5b4e8e0,12,74102826088,0.0,2.930961875510231e+17,6.4843162840244e+20,0.0,1,1.61,3,1729,11027.456929862507,648.43162840244,38.75006977721711
WETH_DAI,18778262,1702482791,0x3fc91a3afd70395cd496c647d5a6cc9d4b2b7fad,0xc1ec65ac8c6b2d82b76dad14d1d4d7da1ef8476c524aa062b48338502c104262,0x3fc91a3afd70395cd496c647d5a6cc9d4b2b7fad,0x3fc91a3afd70395cd496c647d5a6cc9d4b2b7fad,0,334313047328,0.0,5e+18,1.107760431950295e+22,0.0,0x3328f7f4a1d1c57c35df56bbf0c9dcafca309c49,0xf0ebc11ea3e7849ba09add2dca4e234f72b1b586e15f939d05391f15079ab298,0x3328f7f4a1d1c57c35df56bbf0c9dcafca309c49,0x3328f7f4a1d1c57c35df56bbf0c9dcafca309c49,3,97276243086,0.0,9.950248756218906e+17,2.2005624850993864e+21,0.0,1,3.44,3,30568,11077.60431950295,2200.5624850993863,108.76865257439353
WETH_DAI,18778262,1702482791,0x3fc91a3afd70395cd496c647d5a6cc9d4b2b7fad,0xc1ec65ac8c6b2d82b76dad14d1d4d7da1ef8476c524aa062b48338502c104262,0x3fc91a3afd70395cd496c647d5a6cc9d4b2b7fad,0x3fc91a3afd70395cd496c647d5a6cc9d4b2b7fad,0,334313047328,0.0,5e+18,1.107760431950295e+22,0.0,0x3328f7f4a1d1c57c35df56bbf0c9dcafca309c49,0x89c57377da717c387d48fa4a3c2b61050759541f0e2f73d63546a632489c3812,0x3328f7f4a1d1c57c35df56bbf0c9dcafca309c49,0x3328f7f4a1d1c57c35df56bbf0c9dcafca309c49,4,92276243086,0.0,4.975124378109453e+17,1.0996958712815953e+21,0.0,1,3.62,4,30568,11077.60431950295,1099.6958712815954,108.76865257439353
WETH_DAI,18778276,1702482959,0x3328f7f4a1d1c57c35df56bbf0c9dcafca309c49,0xb96083ac974db987b7f509d87e2fc695c6452fbe30e68b59c5cd41cc81841467,0x3328f7f4a1d1c57c35df56bbf0c9dcafca309c49,0x3328f7f4a1d1c57c35df56bbf0c9dcafca309c49,8,114381874603,0.0,1.990049751243781e+18,4.4598100773412526e+21,0.0,0xa69babef1ca67a37ffaf7a485dfff3382056e78c,0x269e8f04b352628d34d3321f565a48919a40f538e9e6f19342914cc4258cb640,0xa69babef1ca67a37ffaf7a485dfff3382056e78c,0xa69babef1ca67a37ffaf7a485dfff3382056e78c,11,64381874603,0.0,2.2604203863836e+19,5.046371994100332e+22,0.0,1,1.78,3,1729,4459.8100773412525,50463.71994100331,37.21410958662144
WETH_DAI,18778286,1702483079,0x3328f7f4a1d1c57c35df56bbf0c9dcafca309c49,0x3605eb73255c9848670b21fd23a9cccef69016c558eb2197b6b183d1cdad1a52,0x3328f7f4a1d1c57c35df56bbf0c9dcafca309c49,0x3328f7f4a1d1c57c35df56bbf0c9dcafca309c49,3,135619575666,0.0,4.975124378109452e+18,1.090372309674578e+22,0.0,0x3fc91a3afd70395cd496c647d5a6cc9d4b2b7fad,0x3e182632ce13006152aa0454996acafeabfa8567768bdef45b591668130c013a,0x3fc91a3afd70395cd496c647d5a6cc9d4b2b7fad,0x3fc91a3afd70395cd496c647d5a6cc9d4b2b7fad,6,66719575666,0.0,7.371047265310419e+17,1.6099292785309047e+21,0.0,1,2.03,3,1729,10903.723096745782,1609.9292785309046,44.123789441664314
WETH_DAI,18778286,1702483079,0x3328f7f4a1d1c57c35df56bbf0c9dcafca309c49,0x5d26d438be3728047361ee10499a6206071ae8a8b92642abd7525ed517aa80cb,0x3328f7f4a1d1c57c35df56bbf0c9dcafca309c49,0x3328f7f4a1d1c57c35df56bbf0c9dcafca309c49,4,121619575666,0.0,1.990049751243781e+18,4.350722750863678e+21,0.0,0x3fc91a3afd70395cd496c647d5a6cc9d4b2b7fad,0x3e182632ce13006152aa0454996acafeabfa8567768bdef45b591668130c013a,0x3fc91a3afd70395cd496c647d5a6cc9d4b2b7fad,0x3fc91a3afd70395cd496c647d5a6cc9d4b2b7fad,6,66719575666,0.0,7.371047265310419e+17,1.6099292785309047e+21,0.0,1,1.82,2,1729,4350.722750863678,1609.9292785309046,39.568893519377724
WETH_DAI,19009532,1705288475,0x0000e0ca771e21bd00057f54a68c30d400000000,0x7835f941bec18ce0a27bebe35cbf3a90171e4016403f5afcb73513a1460e8762,0x0000e0ca771e21bd00057f54a68c30d400000000,0xae750560b09ad1f5246f3b279b3767afd1d79160,1,1005503096534,0.0,5.963717601366318e+18,1.4950609437423993e+22,0.0,0x3328f7f4a1d1c57c35df56bbf0c9dcafca309c49,0x860af47d5196e8335b7fb7e752346fc9cfc968a4133785a2e98a406f8cb4f81b,0x3328f7f4a1d1c57c35df56bbf0c9dcafca309c49,0x3328f7f4a1d1c57c35df56bbf0c9dcafca309c49,4,279627932062,0.0,9.950248756218906e+17,2.4878648844602436e+21,0.0,1,3.6,3,227,15261.330604115574,2546.2982322814205,385.96684665664634
WETH_DAI,19009556,1705288763,0x628c171ed21ec016b3696288570209ab07917bb4,0x3d289a08674a14fe99d3b5078a25cc7d16322ab806bb915d649a58057f3199cb,0x628c171ed21ec016b3696288570209ab07917bb4,0x628c171ed21ec016b3696288570209ab07917bb4,3,189194629624,1.349025230896276e+22,0.0,0.0,5.328309202669125e+18,0x3328f7f4a1d1c57c35df56bbf0c9dcafca309c49,0x1632347002ec1550ff2ec06237b17715a46845055a4f0fae7efb0361edfd39f8,0x3328f7f4a1d1c57c35df56bbf0c9dcafca309c49,0x3328f7f4a1d1c57c35df56bbf0c9dcafca309c49,6,28194629624,2.8925967083931655e+21,0.0,0.0,1.1396821378381686e+18,0,6.71,3,2,13635.301625324244,2916.480466004739,72.62320210853593
WETH_DAI,19106765,1706465819,0x3328f7f4a1d1c57c35df56bbf0c9dcafca309c49,0x5b9a1700b0914c5f11054b97a1718d8e6bbfbd138c6dedc6f609db0f26159428,0x3328f7f4a1d1c57c35df56bbf0c9dcafca309c49,0x3328f7f4a1d1c57c35df56bbf0c9dcafca309c49,4,27359220342,0.0,4.975124378109453e+16,1.1293460549414874e+20,0.0,0xa69babef1ca67a37ffaf7a485dfff3382056e78c,0xaadaad6e59b9592d4b222e864a7d9841c3682264b996bcf4d86b0259382db98a,0xa69babef1ca67a37ffaf7a485dfff3382056e78c,0xa69babef1ca67a37ffaf7a485dfff3382056e78c,7,12359220342,0.0,2.4237152335044214e+18,5.496869487400796e+21,0.0,1,2.21,3,1729,112.93460549414874,5497.886535070118,9.309131311033441
WETH_DAI,19458086,1710721259,0x429cf888dae41d589d57f6dc685707bec755fe63,0x84d65fcb48553a10a40aadc6477d112b3ac57af6382eff601204a0d4bcbe371f,0x429cf888dae41d589d57f6dc685707bec755fe63,0x429cf888dae41d589d57f6dc685707bec755fe63,3,244209958270,0.0,5.332787624148992e+18,1.9526395839779057e+22,0.0,0xa69babef1ca67a37ffaf7a485dfff3382056e78c,0x2da49802b71c687c4cd1f4a1c17b2f7f191538b6782f1ee4b819c91baa28c14e,0xa69babef1ca67a37ffaf7a485dfff3382056e78c,0xa69babef1ca67a37ffaf7a485dfff3382056e78c,4,25739172542,0.0,9.144282217934548e+18,3.3257121310177654e+22,0.0,1,9.49,1,7,19526.395839779056,33392.18651356231,133.7672703117267
WETH_DAI,19513506,1711394267,0x93ffb15d1fa91e0c320d058f00ee97f9e3c50096,0x5904d2bee83093b25df1a70d1cb060ac90bdcd41f32f03c44e9f28ef0bb37314,0x93ffb15d1fa91e0c320d058f00ee97f9e3c50096,0x93ffb15d1fa91e0c320d058f00ee97f9e3c50096,5,93235102039,2.591792284006645e+22,0.0,0.0,7.183763294144954e+18,0x1111111254eeb25477b68fb85ed929f73a960582,0x35a8f88a5a4fe542617a3e215ea72153fed47ae420c5f4821ff8f8db54638c29,0x1111111254eeb25477b68fb85ed929f73a960582,0x60e5d1afef2d253366e87d8298090b7d0ea5d827,9,35544784046,1.70000000037011e+21,0.0,0.0,4.680952434355353e+17,0,2.62,4,10,25917.922840066447,1700.00000037011,47.60423308845604
WETH_DAI,19513506,1711394267,0x93ffb15d1fa91e0c320d058f00ee97f9e3c50096,0x5904d2bee83093b25df1a70d1cb060ac90bdcd41f32f03c44e9f28ef0bb37314,0x93ffb15d1fa91e0c320d058f00ee97f9e3c50096,0x93ffb15d1fa91e0c320d058f00ee97f9e3c50096,5,93235102039,1.1894132267493358e+22,0.0,0.0,3.28076709325072e+18,0x1111111254eeb25477b68fb85ed929f73a960582,0x35a8f88a5a4fe542617a3e215ea72153fed47ae420c5f4821ff8f8db54638c29,0x1111111254eeb25477b68fb85ed929f73a960582,0x60e5d1afef2d253366e87d8298090b7d0ea5d827,9,35544784046,1.70000000037011e+21,0.0,0.0,4.680952434355353e+17,0,2.62,4,10,11894.132267493358,1700.00000037011,47.60423308845604
WETH_DAI,19575975,1712156147,0x6b75d8af000000e20b7a7ddf000ba900b4009a80,0xc13d5ee428f031a8b5c3926d320b1955c37df1c27839b7c696c96a4fa75fb825,0x6b75d8af000000e20b7a7ddf000ba900b4009a80,0x6b75d8af000000e20b7a7ddf000ba900b4009a80,2,1281019217335,3.192864448291211e+22,0.0,0.0,9.732918567287914e+18,0xa69babef1ca67a37ffaf7a485dfff3382056e78c,0xf64aa81d53038f38d44e71d4b57e12b7dc81b92bc243f487d19f6f5cbd68e34d,0xa69babef1ca67a37ffaf7a485dfff3382056e78c,0xa69babef1ca67a37ffaf7a485dfff3382056e78c,6,38545461086,6.81244556768315e+22,0.0,0.0,2.0489804492461355e+19,0,33.23,4,400,32534.0394591443,68490.87488601511,642.3057402037674
WETH_DAI,19706765,1713738503,0x6b75d8af000000e20b7a7ddf000ba900b4009a80,0x410372fd106ada92c17851f3cc6c0c070dd4c5e6c50fa95eb0d0b2a0687e6982,0x6b75d8af000000e20b7a7ddf000ba900b4009a80,0x6b75d8af000000e20b7a7ddf000ba900b4009a80,4,119509502627,0.0,2.9558644094250516e+18,9.351228948800847e+21,0.0,0x51c72848c68a965f66fa7a88855f9f7784502a7f,0x9254eb92983fe05a97f009f1b919bb38499d9396ae55e540d127d6e1206a0819,0x51c72848c68a965f66fa7a88855f9f7784502a7f,0x51c72848c68a965f66fa7a88855f9f7784502a7f,5,12978474663,0.0,1.643023754963615e+18,5.187539642013008e+21,0.0,1,9.21,1,400,9351.228948800848,5187.539642013007,56.432102624958304
WETH_DAI,19902296,1716101315,0x3328f7f4a1d1c57c35df56bbf0c9dcafca309c49,0xe1381a49bdff807cffe10e0ee18903f03b7d0e98396ec1de8935c337ec36d0af,0x3328f7f4a1d1c57c35df56bbf0c9dcafca309c49,0x3328f7f4a1d1c57c35df56bbf0c9dcafca309c49,0,58196890581,6.110971279174677e+21,0.0,0.0,1.9521765297074683e+18,0x7a250d5630b4cf539739df2c5dacb4c659f2488d,0xd563a80cb1a83d5aa01b125130dee5c71e2674c22a3feab10bff5d9a1b23667b,0x7a250d5630b4cf539739df2c5dacb4c659f2488d,0x7a250d5630b4cf539739df2c5dacb4c659f2488d,2,3496890581,1.743897693950638e+21,0.0,0.0,5.5661372445916275e+17,0,16.64,2,1729,6110.971279174677,1743.897693950638,27.21320475990856
WETH_DAI,19902296,1716101315,0x80a64c6d7f12c47b7c66c5b4e20e72bc1fcd5d9e,0xd74580702fdd0313c2c6c120d075d61caf7f2fca02bc8c0db3e32e65f390ddb8,0x80a64c6d7f12c47b7c66c5b4e20e72bc1fcd5d9e,0x0a09cdb390d3b6ba9119843a92c14b2428e101bf,1,11196890581,0.0,2.5e+17,7.784669853864473e+20,0.0,0xa69babef1ca67a37ffaf7a485dfff3382056e78c,0xcd1df0259d59413e1e3e3774b2f4ab9e87bbc93f49e4373aa85d92c3613ef0b6,0xa69babef1ca67a37ffaf7a485dfff3382056e78c,0xa69babef1ca67a37ffaf7a485dfff3382056e78c,3,3196890581,0.0,3.325067370693827e+18,1.0342934815168195e+22,0.0,1,3.5,2,344,779.3430338582691,10365.47236983866,5.23573120510537
WETH_DAI,19902297,1716101327,0x3328f7f4a1d1c57c35df56bbf0c9dcafca309c49,0x3937b48b6ceb23ba764113882b09662ab1df4ddad740db388cc21822fc1e1c03,0x3328f7f4a1d1c57c35df56bbf0c9dcafca309c49,0x3328f7f4a1d1c57c35df56bbf0c9dcafca309c49,4,58103660940,6.017004207851931e+21,0.0,0.0,1.9258232098789043e+18,0x5c9321e92ba4eb43f2901c4952358e132163a85a,0x63a16df367341bffd26f05516a82370ca79ad04b693b37b63fe053937994204a,0x5c9321e92ba4eb43f2901c4952358e132163a85a,0x5c9321e92ba4eb43f2901c4952358e132163a85a,7,6563550965,2.2956425523071536e+21,0.0,0.0,7.339113010709435e+17,0,8.85,3,1729,6017.004207851931,2295.6425523071534,27.169610037151084
WETH_DAI,19902298,1716101339,0x6b75d8af000000e20b7a7ddf000ba900b4009a80,0x525c2c63ec24b4cc3972adba9a5e60fcb732622b9d840618afd9a2dfc61bdee4,0x6b75d8af000000e20b7a7ddf000ba900b4009a80,0x48da0965ab2d2cbf1c17c09cfb5cbe67ad5b1406,2,45133443985,0.0,1.0851766590295245e+18,3.373548682888199e+21,0.0,0x80a64c6d7f12c47b7c66c5b4e20e72bc1fcd5d9e,0xe77b0d07536ed024a9f4ec2587f8bef45ef95ced9c87bb4b6e193adde1d0ec1b,0x80a64c6d7f12c47b7c66c5b4e20e72bc1fcd5d9e,0x0a09cdb390d3b6ba9119843a92c14b2428e101bf,5,5966091764,0.0,5e+16,1.5536204856867825e+20,0.0,1,7.56,3,400,3382.899478881,155.86860677165384,21.104661098245288
WETH_DAI,19902303,1716101399,0x80a64c6d7f12c47b7c66c5b4e20e72bc1fcd5d9e,0x0cad1790e2333b510539b2065137dfd77c1d94253745021df3566b37596ef8b3,0x80a64c6d7f12c47b7c66c5b4e20e72bc1fcd5d9e,0x0a09cdb390d3b6ba9119843a92c14b2428e101bf,6,52787108565,0.0,2.5e+18,7.723568196833125e+21,0.0,0x3328f7f4a1d1c57c35df56bbf0c9dcafca309c49,0x323d9f1deb0921b6c3da965418402f85d4f02f4e1a238f8be11f36a78f9991ab,0x3328f7f4a1d1c57c35df56bbf0c9dcafca309c49,0x0a09cdb390d3b6ba9119843a92c14b2428e101bf,9,7787108565,0.0,7.960199004975124e+17,2.4557822553923057e+21,0.0,1,6.78,3,344,7793.430338582692,2481.4902570611557,24.683559202591752
WETH_DAI,19902303,1716101399,0x80a64c6d7f12c47b7c66c5b4e20e72bc1fcd5d9e,0x0cad1790e2333b510539b2065137dfd77c1d94253745021df3566b37596ef8b3,0x80a64c6d7f12c47b7c66c5b4e20e72bc1fcd5d9e,0x0a09cdb390d3b6ba9119843a92c14b2428e101bf,6,52787108565,0.0,2.5e+18,7.723568196833125e+21,0.0,0x5c9321e92ba4eb43f2901c4952358e132163a85a,0x950167bd58a4771df0dff303931850f64f69cf3dd369e8ce4a550d493ec2b546,0x5c9321e92ba4eb43f2901c4952358e132163a85a,0x0a09cdb390d3b6ba9119843a92c14b2428e101bf,11,6127194828,0.0,1.34055e+18,4.1319303222135614e+21,0.0,1,8.62,5,344,7793.430338582692,4178.99321615481,24.683559202591752
WETH_DAI,19903750,1716118907,0x6b75d8af000000e20b7a7ddf000ba900b4009a80,0x9e1dc0663b13f5a653414b9951ca41c4b8191b8ec571628250addbfc6342b70c,0x6b75d8af000000e20b7a7ddf000ba900b4009a80,0x6b75d8af000000e20b7a7ddf000ba900b4009a80,2,19122648391826,2.992479124743167e+23,0.0,0.0,1.0284805157615881e+20,0xa69babef1ca67a37ffaf7a485dfff3382056e78c,0x4a66b16ed55958207fbbcd491f9b13354b7ede33be84c5235b443dcf090a8974,0xa69babef1ca67a37ffaf7a485dfff3382056e78c,0xa69babef1ca67a37ffaf7a485dfff3382056e78c,3,2930794133,7.027243356156649e+22,0.0,0.0,2.2917956529780978e+19,0,6524.73,1,400,320615.65016710135,71443.79908700574,8941.861687854374
WETH_DAI,19904775,1716131279,0x3328f7f4a1d1c57c35df56bbf0c9dcafca309c49,0xd8f8c014e3ce84556e7b4ca506658e73c2423063e600a1ef2221bd46fc505628,0x3328f7f4a1d1c57c35df56bbf0c9dcafca309c49,0x3328f7f4a1d1c57c35df56bbf0c9dcafca309c49,3,34931005569,7.036304043723441e+21,0.0,0.0,2.284382887978841e+18,0xe76014c179f19da26bb30a0f085ff0a466b92829,0x960d2fbe4b2afa1aa39692d6ae73669d15c0be651f17827973f620d7f16ffbea,0xe76014c179f19da26bb30a0f085ff0a466b92829,0xe76014c179f19da26bb30a0f085ff0a466b92829,6,9931005569,1.4160730068917386e+21,0.0,0.0,4.591992504948492e+17,0,3.52,3,1729,7121.271561645378,1431.4949481043964,16.333941513518734
WETH_DAI,19928292,1716415547,0x6b75d8af000000e20b7a7ddf000ba900b4009a80,0xad919e47cb51b5a4eca473db14d254924b46d0f11e8f8a4ccf8fee0690cb8491,0x6b75d8af000000e20b7a7ddf000ba900b4009a80,0x6b75d8af000000e20b7a7ddf000ba900b4009a80,2,3350008006782,3.019554107051473e+23,0.0,0.0,8.37910026864558e+19,0xa69babef1ca67a37ffaf7a485dfff3382056e78c,0x751128c2afde9286068f80828c08c471ad6e66b976af0d45948c448b318b1af6,0xa69babef1ca67a37ffaf7a485dfff3382056e78c,0xa69babef1ca67a37ffaf7a485dfff3382056e78c,5,7233753500,2.3210367539020854e+22,0.0,0.0,6.178405089609366e+18,0,463.11,3,400,313355.889289086,23210.367539020855,1879.219792879532
WETH_DAI,20026658,1717602923,0x6b75d8af000000e20b7a7ddf000ba900b4009a80,0x292025fb10b5172afe82849aefc526e02df867fdfa69bba611a4d3741a8a441f,0x6b75d8af000000e20b7a7ddf000ba900b4009a80,0x6b75d8af000000e20b7a7ddf000ba900b4009a80,2,303472020051,0.0,4.1859132193169736e+18,1.6200020098279327e+22,0.0,0xa69babef1ca67a37ffaf7a485dfff3382056e78c,0x9ea25c8dd0b31b3e3c784fc06969857f9e4063506635f7992c8f0136a14aea4d,0xa69babef1ca67a37ffaf7a485dfff3382056e78c,0xa69babef1ca67a37ffaf7a485dfff3382056e78c,3,21865858554,0.0,1.4131016336605671e+19,5.421369924368175e+22,0.0,1,13.88,1,400,16200.020098279327,54213.699243681745,173.19757029999118
WETH_DAI,20026667,1717603031,0x429cf888dae41d589d57f6dc685707bec755fe63,0xa7eb0a6234d7758197897322676304d0b7543b8eb6f630da5dbbcecea884620e,0x429cf888dae41d589d57f6dc685707bec755fe63,0x429cf888dae41d589d57f6dc685707bec755fe63,4,199021361216,0.0,4.20088988137685e+18,1.6141817457959586e+22,0.0,0x4b08528d3c0bc46fab2701acef64cd53d6b3f9cd,0x25a58c3345fcb910ac793854fe65afb4f79d1c8ee801c37c40ca01e8d528839f,0x4b08528d3c0bc46fab2701acef64cd53d6b3f9cd,0x48da0965ab2d2cbf1c17c09cfb5cbe67ad5b1406,6,73607439235,0.0,5.805394173504007e+18,2.2201116899413825e+22,0.0,1,2.7,2,7,16141.817457959585,22201.116899413824,113.5854837444824
WETH_DAI,20027762,1717616231,0x00000000009e50a7ddb7a7b0e2ee6604fd120e49,0xcb6f6b1657e24904fbf3561ca5e44a5af41e8360ca91e3d4a1149ade4eb81fae,0x00000000009e50a7ddb7a7b0e2ee6604fd120e49,0x00000000009e50a7ddb7a7b0e2ee6604fd120e49,4,83666565504,1.3473262797587355e+21,0.0,0.0,3.501251885090734e+17,0x3fc91a3afd70395cd496c647d5a6cc9d4b2b7fad,0xbf5415ab0a5c835e7a1df19081d1fe06a010cb65d6a9d49ea0ca26846be67bc1,0x3fc91a3afd70395cd496c647d5a6cc9d4b2b7fad,0xe3cc21af229934034b320502fa55cfa1ab7b1493,6,38934680000,1.5368202949911927e+20,0.0,0.0,3.992940048695925e+16,0,2.15,2,659,1347.3262797587354,153.68202949911927,47.750187507245634
WETH_DAI,20202038,1719720803,0x3face0004bc1003b9d0672e7b23134cb80115fb6,0x17a875d733a0be16de782c3912a3848967da835f21e8feebd34c3b500e785728,0x3face0004bc1003b9d0672e7b23134cb80115fb6,0x3face0004bc1003b9d0672e7b23134cb80115fb6,103,6464290286,8.533015271331314e+21,0.0,0.0,2.5437886544409487e+18,0x63df7c7e3a6e7c2047aad84fd5ae81647ae1cfeb,0x7e1eda4677416dfd2cfd4a69d87dc0148e8a88157b97afc196349ddf06993fe4,0x63df7c7e3a6e7c2047aad84fd5ae81647ae1cfeb,0x63df7c7e3a6e7c2047aad84fd5ae81647ae1cfeb,105,1467689225,6.321359785803063e+21,0.0,0.0,1.8806741709942845e+18,0,4.4,2,22,8591.812926222585,6352.100291096229,3.2750346264703327
WETH_DAI,20216592,1719896243,0xe37e799d5077682fa0a244d46e5649f71457bd09,0x6ff51f31a350a8f1662a02373e1644b1bdc07a635a91e0b32099e0d410c3a796,0xe37e799d5077682fa0a244d46e5649f71457bd09,0xe37e799d5077682fa0a244d46e5649f71457bd09,23,6250000000,2.0709122423892496e+20,0.0,0.0,5.9868709215696216e+16,0x00000000009e50a7ddb7a7b0e2ee6604fd120e49,0xfe94837f6d6a31e3f893f83b19404214a8b9e5d28f6f0135026bca6e035894c0,0x00000000009e50a7ddb7a7b0e2ee6604fd120e49,0x00000000009e50a7ddb7a7b0e2ee6604fd120e49,24,1764867648,1.8457842324177997e+20,0.0,0.0,5.335761331997901e+16,0,3.54,1,1407,207.09122423892495,184.57842324177997,3.1664677033100026
WETH_DAI,20257813,1720393667,0x3fc91a3afd70395cd496c647d5a6cc9d4b2b7fad,0xcc1d04dec0bb92eaf932cceb9a36db6db785e6945dba56a7330e8584f35c34da,0x3fc91a3afd70395cd496c647d5a6cc9d4b2b7fad,0x3fc91a3afd70395cd496c647d5a6cc9d4b2b7fad,9,2316924010,0.0,2.992954199113894e+17,8.756069642970175e+20,0.0,0x64545160d28fd0e309277c02d6d73b3923cc4bfa,0x120d568b75680cc985ff7b9222f03782ffb93244b396d62d6b60f1d4c48044b2,0x64545160d28fd0e309277c02d6d73b3923cc4bfa,0x64545160d28fd0e309277c02d6d73b3923cc4bfa,10,1508941167,0.0,5.9142398940255784e+16,1.729983047734548e+20,0.0,1,1.54,1,30568,914.5512036481271,180.72028016152862,1.0619669569621657
WETH_DAI,20259216,1720410599,0x3fc91a3afd70395cd496c647d5a6cc9d4b2b7fad,0x97db2b43088eb31081a6426ab117be60cb06ad1ebd59960d632e8ff150467b16,0x3fc91a3afd70395cd496c647d5a6cc9d4b2b7fad,0x3fc91a3afd70395cd496c647d5a6cc9d4b2b7fad,13,3412919615,0.0,1.84876143661281e+16,5.309465094789236e+19,0.0,0x64545160d28fd0e309277c02d6d73b3923cc4bfa,0xc5ea924e633f928c82904531e3b97c0b1d6ab1364dc2073156a51e1cfb5c6206,0x64545160d28fd0e309277c02d6d73b3923cc4bfa,0x64545160d28fd0e309277c02d6d73b3923cc4bfa,14,1412919615,0.0,986151186801162.0,2.832108140445918e+18,0.0,1,2.42,1,30568,56.49224427199946,3.013363034873864,1.5643188305938598
WETH_DAI,20458455,1722813815,0x7d0ccaa3fac1e5a943c5168b6ced828691b46b36,0xf5a6950d4e825e04384496bf5c3de22cdb1250e9e3d55a2b723ee2198525420d,0x7d0ccaa3fac1e5a943c5168b6ced828691b46b36,0xd9da734b57ff3120bebaf1d7105df0780d436199,16,2473810034,4.985e+19,0.0,0.0,1.835626057629231e+16,0x507888e987257a8dde6f8afa46375cefe2cbf504,0x99950297ff810d268fcac67a91875792307e27e7581a4875dc231219ed84498b,0x507888e987257a8dde6f8afa46375cefe2cbf504,0x507888e987257a8dde6f8afa46375cefe2cbf504,17,1195005896,4.012004327368209e+18,0.0,0.0,1477327973770821.0,0,2.07,1,97,53.43357327440426,4.300380908667337,1.0801588033355984
WETH_DAI,20526131,1723629575,0x3fc91a3afd70395cd496c647d5a6cc9d4b2b7fad,0xd097d2263315a4ede210027a7f6fb0a82f6b1a1516157f536c8d8ccf14a5f13d,0x3fc91a3afd70395cd496c647d5a6cc9d4b2b7fad,0xb5f8f75a0c569ec2cae491a49ab5329be6ecd203,20,3457893675,0.0,4.49e+17,1.2212638337464997e+21,0.0,0x00000000009e50a7ddb7a7b0e2ee6604fd120e49,0xef6da1fdce3fa36b338c1712fd1c801f247ea82060e57db770e358fe6d3f5f1a,0x00000000009e50a7ddb7a7b0e2ee6604fd120e49,0x3bb1be14b122edec3f10356298e9b3276d93caf6,21,1552214621,0.0,4.409999999002214e+16,1.199263291884815e+20,0.0,1,2.23,1,30568,1223.751305018171,120.19472725855441,1.413675466835856
WETH_DAI,20658922,1725232379,0x3fc91a3afd70395cd496c647d5a6cc9d4b2b7fad,0x2fb7924c77e3d5c8abfb9b277bc905bba707d25dceca118c529bdaf8e2986e19,0x3fc91a3afd70395cd496c647d5a6cc9d4b2b7fad,0x1112956589a2bea1b038732db4ea6b0c416ef130,19,1592511068,3e+20,0.0,0.0,1.2388080594942683e+17,0x3face0004bc1003b9d0672e7b23134cb80115fb6,0xbd4a691b4a3d517883fcbb6afdc0a9ab841bcdb36b3f9f5a5a2ab3732317df6a,0x3face0004bc1003b9d0672e7b23134cb80115fb6,0x3face0004bc1003b9d0672e7b23134cb80115fb6,20,717105706,1.1401062723512818e+19,0.0,0.0,4707677210613988.0,0,2.22,1,30568,309.90903429454465,11.777060109759216,0.5975908415409419
WETH_DAI,21231816,1732140311,0x68d3a973e7272eb388022a5c6518d9b2a2e66fbf,0xce08869b30f46d22fd0ebf059eb80a4bf9c0fcf5949d330d8d704ddf3a7fd000,0x68d3a973e7272eb388022a5c6518d9b2a2e66fbf,0x68d3a973e7272eb388022a5c6518d9b2a2e66fbf,6,28089897243,6.848609341340825e+21,0.0,0.0,2.2201388472265887e+18,0x031f1ad10547b8deb43a36e5491c06a93812023a,0xae164e269c4b78ce14159a55115aa3f47e6276d46db9d95ec649ffc2c5592d51,0x031f1ad10547b8deb43a36e5491c06a93812023a,0x7d0ccaa3fac1e5a943c5168b6ced828691b46b36,9,16239651195,3.5914948333745555e+21,0.0,0.0,1.1625118680294346e+18,0,1.73,3,6885,6848.609341340824,3591.4948333745556,12.996776087247845
WETH_DAI,21577045,1736306627,0x3328f7f4a1d1c57c35df56bbf0c9dcafca309c49,0x5da227e8f40e6564b9cb93a2b447168dbf81b84b978544fa78ea4af8cd9e89fc,0x3328f7f4a1d1c57c35df56bbf0c9dcafca309c49,0x0a09cdb390d3b6ba9119843a92c14b2428e101bf,6,40953164261,0.0,9.950248756218906e+17,3.33876740726187e+21,0.0,0x80a64c6d7f12c47b7c66c5b4e20e72bc1fcd5d9e,0x93dbf25cdf6680ba860b2b6b8bc837e678b66feb4b097d8fc1736a894f14be0b,0x80a64c6d7f12c47b7c66c5b4e20e72bc1fcd5d9e,0x0a09cdb390d3b6ba9119843a92c14b2428e101bf,7,7953164261,0.0,4e+17,1.3411941736147352e+21,0.0,1,5.15,1,1729,3418.2025346790647,1374.117418940984,21.102921139421802
WETH_DAI,21577165,1736308067,0x68d3a973e7272eb388022a5c6518d9b2a2e66fbf,0x93f83417d086cf283a074e2cb5118237c5ad2799fd605a0acc190bd67f0956da,0x68d3a973e7272eb388022a5c6518d9b2a2e66fbf,0x68d3a973e7272eb388022a5c6518d9b2a2e66fbf,3,26712441369,0.0,2.0010265016503398e+18,6.714113947073895e+21,0.0,0x1bc5cf80f308518f000dde4c8f8139268aa014db,0x037eb79f669c685bc406fd263af15bb2ff93ed5ed8a09b02e6ce93005f406f72,0x1bc5cf80f308518f000dde4c8f8139268aa014db,0x0a09cdb390d3b6ba9119843a92c14b2428e101bf,5,11053269738,0.0,1.0923000000000001e+18,3.659042370287123e+21,0.0,1,2.42,2,6885,6874.113429200679,3752.371141773092,13.76476162034349
WETH_DAI,21588356,1736443055,0x6d45f93e64216f26b288bcf1e0963b606024023b,0xc4d9bdb55a7422e018d35912d1687e346f6a9a3439c97f4a90056ef9bd2fdc15,0x6d45f93e64216f26b288bcf1e0963b606024023b,0x6d45f93e64216f26b288bcf1e0963b606024023b,6,16208110161,0.0,5.960887659908923e+18,1.9945039278182293e+22,0.0,0x9c434a2d262d17c57b3d5361781ea090e251f77e,0xc61ec698bc283d315a6f85b60a60388683989a2b0f359f08f4dba76f73db0426,0x9c434a2d262d17c57b3d5361781ea090e251f77e,0x9c434a2d262d17c57b3d5361781ea090e251f77e,8,10758110161,0.0,3.7545112131214766e+18,1.2498330754340356e+22,0.0,1,1.51,2,13,20477.39891457803,12897.848143898664,8.35194243762917
WETH_DAI,21588356,1736443055,0x6d45f93e64216f26b288bcf1e0963b606024023b,0xc4d9bdb55a7422e018d35912d1687e346f6a9a3439c97f4a90056ef9bd2fdc15,0x6d45f93e64216f26b288bcf1e0963b606024023b,0x6d45f93e64216f26b288bcf1e0963b606024023b,6,16208110161,0.0,5.960887659908923e+18,1.9945039278182293e+22,0.0,0x9c434a2d262d17c57b3d5361781ea090e251f77e,0xc61ec698bc283d315a6f85b60a60388683989a2b0f359f08f4dba76f73db0426,0x9c434a2d262d17c57b3d5361781ea090e251f77e,0x9c434a2d262d17c57b3d5361781ea090e251f77e,8,10758110161,0.0,1.375e+18,4.5648680577637763e+21,0.0,1,1.51,2,13,20477.39891457803,4723.528627609632,8.35194243762917
WETH_DAI,21640653,1737073943,0xdef1c0ded9bec7f1a1670819833240f027b25eff,0x4bc133e31e42a5fcb45074bae9267ea63938490bce584fa064ac8d0629d07b4b,0xdef1c0ded9bec7f1a1670819833240f027b25eff,0xdef1c0ded9bec7f1a1670819833240f027b25eff,57,4797843634,7.730053655075409e+19,0.0,0.0,2.3317882646789172e+16,0x9d6b911199b891c55a93e4bc635bf59e33d002d8,0x1fe80dba92e1cbc14e2a74457606c833401c5d3e7f6c8ad3ec6ba3bf2d85c49b,0x9d6b911199b891c55a93e4bc635bf59e33d002d8,0x9d6b911199b891c55a93e4bc635bf59e33d002d8,59,2797843634,6.185992350737351e+18,0.0,0.0,1865993970695166.0,0,1.71,2,11125,77.30053655075409,6.185992350737351,2.3248439322738688
WETH_DAI,21804876,1739054915,0x291d6a9eefaa53581f33e8f0824ac8b05f22ead9,0x57dc60ac0064b01a41cce33cd6371219105b1a38fa0b31b1aac0ad8c7f662e7b,0x291d6a9eefaa53581f33e8f0824ac8b05f22ead9,0x291d6a9eefaa53581f33e8f0824ac8b05f22ead9,1,13298584056,2.591338579781764e+22,0.0,0.0,9.915885799168369e+18,0xa69babef1ca67a37ffaf7a485dfff3382056e78c,0x68619431881dc3a674c5dc1b9a4aed69205cc7f15e9ba69b7dd57c45122a872b,0xa69babef1ca67a37ffaf7a485dfff3382056e78c,0xa69babef1ca67a37ffaf7a485dfff3382056e78c,2,996212956,3.4896544501320107e+21,0.0,0.0,1.3284178128477135e+18,0,13.35,1,11,26009.39744518189,3489.654450132011,5.2323337295747026
WETH_DAI,21907836,1740299339,0x00000000009e50a7ddb7a7b0e2ee6604fd120e49,0xba8373478fd32d3417b3d0ea05dc1fad853673c538c9be3a93d76e51c9aa586f,0x00000000009e50a7ddb7a7b0e2ee6604fd120e49,0x48da0965ab2d2cbf1c17c09cfb5cbe67ad5b1406,0,6747950907,0.0,7.119999987907297e+17,2.0032788563235502e+21,0.0,0x031f1ad10547b8deb43a36e5491c06a93812023a,0xb80521d3c49cbecaf11a92deb4a453e3146040aae89e1bcdfe172eeea5b9dce6,0x031f1ad10547b8deb43a36e5491c06a93812023a,0x4347b972898b2fd780adbdaa29b4a5160a9f4fe5,3,2649856100,0.0,7.273566822040783e+17,2.0436111599203236e+21,0.0,1,2.55,3,659,2003.2788563235501,2043.6111599203236,2.7635672094796697
WETH_DAI,21907836,1740299339,0x00000000009e50a7ddb7a7b0e2ee6604fd120e49,0xba8373478fd32d3417b3d0ea05dc1fad853673c538c9be3a93d76e51c9aa586f,0x00000000009e50a7ddb7a7b0e2ee6604fd120e49,0x48da0965ab2d2cbf1c17c09cfb5cbe67ad5b1406,0,6747950907,0.0,7.519999998809866e+17,2.1143433504905757e+21,0.0,0x031f1ad10547b8deb43a36e5491c06a93812023a,0xb80521d3c49cbecaf11a92deb4a453e3146040aae89e1bcdfe172eeea5b9dce6,0x031f1ad10547b8deb43a36e5491c06a93812023a,0x4347b972898b2fd780adbdaa29b4a5160a9f4fe5,3,2649856100,0.0,7.273566822040783e+17,2.0436111599203236e+21,0.0,1,2.55,3,659,2114.3433504905756,2043.6111599203236,2.7635672094796697
WETH_DAI,21932294,1740594443,0x00000000009e50a7ddb7a7b0e2ee6604fd120e49,0x6145ee4cb73187f1645eb6fcd8ba35878c33f7170e84eea02a1901f9ccc39b75,0x00000000009e50a7ddb7a7b0e2ee6604fd120e49,0x00000000009e50a7ddb7a7b0e2ee6604fd120e49,10,8728094404,4.682260341214675e+18,0.0,0.0,1996182469476352.0,0xcde51b16717139891d40a872215d96a5ef38eee0,0xe3e02e1174fcf04db8652d07b7c9a6304594b4ea4082a14376b0ccb0b9f5c9dd,0xcde51b16717139891d40a872215d96a5ef38eee0,0xcde51b16717139891d40a872215d96a5ef38eee0,14,1480121315,3.076835903156291e+21,0.0,0.0,1.3109942586055022e+18,0,5.9,4,659,4.836142989328244,3176.140352774342,3.171827716719641
WETH_DAI,22431864,1746622187,0x66a9893cc07d91d95644aedd05d03f95e1dba8af,0xa7cbe84efd729b3464e4d26b5d36c22fa0716d82688f5a8b62e1842575bcb4a8,0x66a9893cc07d91d95644aedd05d03f95e1dba8af,0x205dafc62e189edb386745360d6cddc9411aa35d,29,4092064686,1.539784270679345e+20,0.0,0.0,8.37410745233249e+16,0xa090fc409a9f25bf8e28257d42ef6904590c8984,0xce7e3a18644af96a294de46db2c6bdcada9d237a91c33f60f96b126028a4e3d1,0xa090fc409a9f25bf8e28257d42ef6904590c8984,0xa090fc409a9f25bf8e28257d42ef6904590c8984,32,2092064686,5.49642353092064e+18,0.0,0.0,2989126147496144.0,0,1.96,3,2790,153.97842706793452,5.496423530920641,1.0797692951795699
WETH_DAI,22438741,1746706367,0x0000e0ca771e21bd00057f54a68c30d400000000,0x3fafb920d439cae8ce5d500e65ac787c5d5ed9aa8590f48bc7955d51a41b210f,0x0000e0ca771e21bd00057f54a68c30d400000000,0x9896bd979f9da57857322cc15e154222c4658a5a,53,20771237086,1.6137813028030172e+20,0.0,0.0,8.232404515139891e+16,0xa69babef1ca67a37ffaf7a485dfff3382056e78c,0xa96d8c21b7cdedb42e281140364626476a41349ed3c1337addb49f0ab447de47,0xa69babef1ca67a37ffaf7a485dfff3382056e78c,0xa69babef1ca67a37ffaf7a485dfff3382056e78c,54,12244734923,5.259007814705919e+21,0.0,0.0,2.679828171984367e+18,0,1.7,1,227,161.37813028030172,5259.007814705919,5.480886972557003
WETH_DAI,22452803,1746877823,0x66a9893cc07d91d95644aedd05d03f95e1dba8af,0xa254ff62ccd384fcb688c56a8c7440925cb558790110d908d45671aa72c9e54e,0x66a9893cc07d91d95644aedd05d03f95e1dba8af,0x66a9893cc07d91d95644aedd05d03f95e1dba8af,35,5011852877,3.372342545077175e+20,0.0,0.0,1.4102945420071922e+17,0xa090fc409a9f25bf8e28257d42ef6904590c8984,0xa42a6317a9d673dae6c23811a91432f344cce2b30bb825d163b97522aba45bef,0xa090fc409a9f25bf8e28257d42ef6904590c8984,0xa090fc409a9f25bf8e28257d42ef6904590c8984,39,3011852877,7.120162267917101e+18,0.0,0.0,2977422178027534.0,0,1.66,4,2790,337.2342545077175,7.1201622679171015,1.7600300648216423
WETH_DAI,22454122,1746893819,0xfbd4cdb413e45a52e2c8312f670e9ce67e794c37,0x5b4b7f17689df5cadfa0299e717e1c351276384d7073dafab683ecece0246c45,0xfbd4cdb413e45a52e2c8312f670e9ce67e794c37,0xfbd4cdb413e45a52e2c8312f670e9ce67e794c37,205,8714590718,2.378952159752344e+21,0.0,0.0,9.688713039192445e+17,0xa69babef1ca67a37ffaf7a485dfff3382056e78c,0xea19532a0d1c99a4a1325a73e510cc7df9d254926afa01546ec6cf68fc70a79d,0xa69babef1ca67a37ffaf7a485dfff3382056e78c,0xa69babef1ca67a37ffaf7a485dfff3382056e78c,209,5690886955,3.7288962072936784e+21,0.0,0.0,1.5169746954477978e+18,0,1.53,4,11963,2378.952159752344,3728.8962072936783,3.0603335817544233
WETH_DAI,22512148,1747598783,0xfbd4cdb413e45a52e2c8312f670e9ce67e794c37,0x9188cb2e7f51521beeb22958bf277483d08b4eb147caa849966888878526c6b0,0xfbd4cdb413e45a52e2c8312f670e9ce67e794c37,0xfbd4cdb413e45a52e2c8312f670e9ce67e794c37,0,93065936153,5.852883751903709e+21,0.0,0.0,2.4679229942152863e+18,0x00c600b30fb0400701010f4b080409018b9006e0,0x32ebd6d6f513469c2bec6334db564b05cd95d7006e0c97eadc2f9366aa372ebc,0x00c600b30fb0400701010f4b080409018b9006e0,0x00c600b30fb0400701010f4b080409018b9006e0,4,10278961718,5.000533400102221e+21,0.0,0.0,2.104294808464098e+18,0,9.05,4,11963,6158.277842077425,5250.906175977939,34.83450823667898
WETH_DAI,22615392,1748847863,0xfbd4cdb413e45a52e2c8312f670e9ce67e794c37,0xae673eeb31b19a477715b54144b9e48060a23908b9d34d80878a0c1dd8778453,0xfbd4cdb413e45a52e2c8312f670e9ce67e794c37,0xfbd4cdb413e45a52e2c8312f670e9ce67e794c37,4,10635993215,2.183847000747153e+21,0.0,0.0,8.72547276159729e+17,0x111111125421ca6dc452d289314280a0f8842a65,0x9bbc2f04ca515b60871618715b3bffd1f6ad573ab655a910f94a2c2ef03f6dce,0x111111125421ca6dc452d289314280a0f8842a65,0x9008d19f58aabd9ed0d60971565aa8510560ab41,6,1524836284,1.2511755302689348e+21,0.0,0.0,4.995936105387933e+17,0,6.98,2,11963,2204.0037145442284,1261.9444280844832,4.029885118127847
WETH_DAI,22651053,1749279323,0x51c72848c68a965f66fa7a88855f9f7784502a7f,0x1b93fb9d33d7c0d0e8bc0b85e4cc8269787028b536f04b0ffb379c30a2d547df,0x51c72848c68a965f66fa7a88855f9f7784502a7f,0x51c72848c68a965f66fa7a88855f9f7784502a7f,2,6609984722,3.353706013170071e+21,0.0,0.0,1.3433407065761106e+18,0x6e4141d33021b52c91c28608403db4a0ffb50ec6,0x0a8b0d904a6a5dd9e52f629fa05d77188a4c1646c657dff8d9d13ad3014a2bd9,0x6e4141d33021b52c91c28608403db4a0ffb50ec6,0x6e4141d33021b52c91c28608403db4a0ffb50ec6,6,2089787411,3.2566553e+21,0.0,0.0,1.302924055598361e+18,0,3.16,4,17128,3353.706013170071,3256.6553,2.4567622729666736
WETH_DAI,22751329,1750490699,0xc46fcd651bd6ac11255886feabdcebd58b870c86,0xb3bd00eb75be490ab3610e3aba1060e3c3c98f62c7eaa6895d4fb34900b34adc,0xc46fcd651bd6ac11255886feabdcebd58b870c86,0xc46fcd651bd6ac11255886feabdcebd58b870c86,0,4495654752,3.1569046635243102e+19,0.0,0.0,1.297905283913022e+16,0x81463b0f960f247f704377661ec81c1fd65b5128,0x16faa881b67c1f13886a610e96f232f8ea6ee7413506634e078436b0959c85a4,0x81463b0f960f247f704377661ec81c1fd65b5128,0x81463b0f960f247f704377661ec81c1fd65b5128,1,211016963,2.9391723071471722e+19,0.0,0.0,1.208375073308672e+16,0,21.3,1,143,31.5690466352431,29.391723071471723,1.6258290220193874
WETH_DAI,22986808,1753333439,0xfbd4cdb413e45a52e2c8312f670e9ce67e794c37,0x8dd4769b4d76ca55464726e34d7d36260775ac193b65e390fd7f92ff64a1b32f,0xfbd4cdb413e45a52e2c8312f670e9ce67e794c37,0xfbd4cdb413e45a52e2c8312f670e9ce67e794c37,0,18179248128,0.0,9.504697210027747e+17,3.427205111170506e+21,0.0,0x5141b82f5ffda4c6fe1e372978f1c5427640a190,0xdb14d7aaffa639f2676b44a911bdc8b1e41101a90de763d3c09f1fa4a665be34,0x5141b82f5ffda4c6fe1e372978f1c5427640a190,0x5141b82f5ffda4c6fe1e372978f1c5427640a190,3,4689645855,0.0,5.2942588772817e+17,1.9074910385566604e+21,0.0,1,3.88,3,11963,3524.8128171256067,1963.3735968080443,10.112649365569958
WETH_DAI,23055268,1754160515,0x5141b82f5ffda4c6fe1e372978f1c5427640a190,0xe2911460e4ece5a1e0c03569b838908e2f41a0f57e031015a89195083be987f2,0x5141b82f5ffda4c6fe1e372978f1c5427640a190,0x5141b82f5ffda4c6fe1e372978f1c5427640a190,16,1511502999,1.8404686037709978e+21,0.0,0.0,5.447145624592512e+17,0x0d29d370bb40e9b25a1b14b05b52c568d138ed6f,0xe09998b25d91180e8e5bbc3847f1514620830e088792d90b99c574d0632decc9,0x0d29d370bb40e9b25a1b14b05b52c568d138ed6f,0x0d29d370bb40e9b25a1b14b05b52c568d138ed6f,17,511503000,2.689087405649882e+20,0.0,0.0,7.956181442567482e+16,0,2.96,1,938,1913.8963282923964,279.54652766047764,0.7966172302045221
WETH_DAI,23089793,1754577095,0x223f7ea824a95d697f65cef8377420f7e8d4cec7,0xd9ababb5ae5b245f7a244e1f27c707d00a5d2eb15a608d05784a958b8e94af52,0x7a250d5630b4cf539739df2c5dacb4c659f2488d,0x223f7ea824a95d697f65cef8377420f7e8d4cec7,102,3140775719,0.0,2.983987223197678e+16,1.1416501583888083e+20,0.0,0x51c72848c68a965f66fa7a88855f9f7784502a7f,0x3747381a423784caa3ba84c2d57969e8d3424362ff32cc7533ed8ec629a1b88f,0x51c72848c68a965f66fa7a88855f9f7784502a7f,0x51c72848c68a965f66fa7a88855f9f7784502a7f,103,1838261146,0.0,4.3094171626907104e+17,1.648322531808442e+21,0.0,1,1.71,1,1,114.16501583888082,1648.3225318084421,1.6824917634782344
WETH_DAI,23160874,1755434843,0x42e213a3ad048e899b89ea8cb11d21bc97b84748,0x4b7f57c8e9319008f689cf7ec4bd5ddb7aa4006bbb4f42740921ead5f009eac4,0x42e213a3ad048e899b89ea8cb11d21bc97b84748,0x42e213a3ad048e899b89ea8cb11d21bc97b84748,1,6389113716632,0.0,1.7004764441083904e+19,8.04439962908839e+22,0.0,0xbd32122bad41a09f2405bb374a83877d8245079c,0x553a71241fccb2a4ff6bc8dc61a4921fce5599a929f56120c4e679ccec7c739f,0xbd32122bad41a09f2405bb374a83877d8245079c,0xbd32122bad41a09f2405bb374a83877d8245079c,2,164987011,0.0,3.860366135498084e+18,1.7662132891369253e+22,0.0,1,38724.95,1,23,80443.99629088391,17662.132891369252,4263.813456973324
WETH_DAI,23160874,1755434843,0x42e213a3ad048e899b89ea8cb11d21bc97b84748,0x4b7f57c8e9319008f689cf7ec4bd5ddb7aa4006bbb4f42740921ead5f009eac4,0x42e213a3ad048e899b89ea8cb11d21bc97b84748,0x42e213a3ad048e899b89ea8cb11d21bc97b84748,1,6389113716632,0.0,1.7004764441083904e+19,8.04439962908839e+22,0.0,0x13b69707b5f9a12fd4f88ee3027f5da0d7cd150d,0x20935745243e83504ce888b04e2815b1ce19f3380fbff7b2a6a61d54947857b4,0x13b69707b5f9a12fd4f88ee3027f5da0d7cd150d,0x5777d92f208679db4b9778590fa3cab3ac9e2168,3,174987011,0.0,2.6117324595886423e+18,1.1902800892284025e+22,0.0,1,36511.93,2,23,80443.99629088391,11902.800892284025,4263.813456973324
WETH_DAI,23160874,1755434843,0x42e213a3ad048e899b89ea8cb11d21bc97b84748,0x4b7f57c8e9319008f689cf7ec4bd5ddb7aa4006bbb4f42740921ead5f009eac4,0x42e213a3ad048e899b89ea8cb11d21bc97b84748,0x42e213a3ad048e899b89ea8cb11d21bc97b84748,1,6389113716632,0.0,1.7004764441083904e+19,8.04439962908839e+22,0.0,0x13b69707b5f9a12fd4f88ee3027f5da0d7cd150d,0x20935745243e83504ce888b04e2815b1ce19f3380fbff7b2a6a61d54947857b4,0x13b69707b5f9a12fd4f88ee3027f5da0d7cd150d,0x48da0965ab2d2cbf1c17c09cfb5cbe67ad5b1406,3,174987011,0.0,4.9948648188682694e+17,2.2721149104316523e+21,0.0,1,36511.93,2,23,80443.99629088391,2272.1149104316523,4263.813456973324
WETH_DAI,23160874,1755434843,0x42e213a3ad048e899b89ea8cb11d21bc97b84748,0x4b7f57c8e9319008f689cf7ec4bd5ddb7aa4006bbb4f42740921ead5f009eac4,0x42e213a3ad048e899b89ea8cb11d21bc97b84748,0x42e213a3ad048e899b89ea8cb11d21bc97b84748,1,6389113716632,0.0,1.7004764441083904e+19,7.879220035950411e+22,0.0,0xbd32122bad41a09f2405bb374a83877d8245079c,0x553a71241fccb2a4ff6bc8dc61a4921fce5599a929f56120c4e679ccec7c739f,0xbd32122bad41a09f2405bb374a83877d8245079c,0xbd32122bad41a09f2405bb374a83877d8245079c,2,164987011,0.0,3.860366135498084e+18,1.7662132891369253e+22,0.0,1,38724.95,1,23,78792.20035950412,17662.132891369252,4263.813456973324
WETH_DAI,23160874,1755434843,0x42e213a3ad048e899b89ea8cb11d21bc97b84748,0x4b7f57c8e9319008f689cf7ec4bd5ddb7aa4006bbb4f42740921ead5f009eac4,0x42e213a3ad048e899b89ea8cb11d21bc97b84748,0x42e213a3ad048e899b89ea8cb11d21bc97b84748,1,6389113716632,0.0,1.7004764441083904e+19,7.879220035950411e+22,0.0,0x13b69707b5f9a12fd4f88ee3027f5da0d7cd150d,0x20935745243e83504ce888b04e2815b1ce19f3380fbff7b2a6a61d54947857b4,0x13b69707b5f9a12fd4f88ee3027f5da0d7cd150d,0x5777d92f208679db4b9778590fa3cab3ac9e2168,3,174987011,0.0,2.6117324595886423e+18,1.1902800892284025e+22,0.0,1,36511.93,2,23,78792.20035950412,11902.800892284025,4263.813456973324
WETH_DAI,23160874,1755434843,0x42e213a3ad048e899b89ea8cb11d21bc97b84748,0x4b7f57c8e9319008f689cf7ec4bd5ddb7aa4006bbb4f42740921ead5f009eac4,0x42e213a3ad048e899b89ea8cb11d21bc97b84748,0x42e213a3ad048e899b89ea8cb11d21bc97b84748,1,6389113716632,0.0,1.7004764441083904e+19,7.879220035950411e+22,0.0,0x13b69707b5f9a12fd4f88ee3027f5da0d7cd150d,0x20935745243e83504ce888b04e2815b1ce19f3380fbff7b2a6a61d54947857b4,0x13b69707b5f9a12fd4f88ee3027f5da0d7cd150d,0x48da0965ab2d2cbf1c17c09cfb5cbe67ad5b1406,3,174987011,0.0,4.9948648188682694e+17,2.2721149104316523e+21,0.0,1,36511.93,2,23,78792.20035950412,2272.1149104316523,4263.813456973324
WETH_DAI,23227747,1756240979,0xae461ca67b15dc8dc81ce7615e0320da1a9ab8d5,0x72a8f0fe1766c893e8f2b93c0fdbee784589cbaa165e8037b8e375c4c1f1575a,0x7a250d5630b4cf539739df2c5dacb4c659f2488d,0xae461ca67b15dc8dc81ce7615e0320da1a9ab8d5,131,1546643363,0.0,7000000000000000.0,3.2072967641436946e+19,0.0,0x50d3865a63d52c0a54e4679949647ea752107390,0x1d57f693da1a75d24474fceb8eedf295c84ba192b21e4bde21fe0aebd3a0e339,0x50d3865a63d52c0a54e4679949647ea752107390,0x1577d3868c6608e40165cf992fc6305016ed3062,132,546643363,0.0,1.8524828589411004e+16,8.48767280598379e+19,0.0,1,2.83,1,1598,32.07296764143695,84.8767280598379,1.0343972802781327
WETH_DAI,23233071,1756305131,0xdf31a70a21a1931e02033dbba7deace6c45cfd0f,0x3c5df8028f957455fea02a9d7264a89699dd44428fbdb6979f2e9689d7cdef7d,0xdf31a70a21a1931e02033dbba7deace6c45cfd0f,0xdf31a70a21a1931e02033dbba7deace6c45cfd0f,38,2062880200,6.55362513367734e+21,0.0,0.0,1.404807156291168e+18,0x7a250d5630b4cf539739df2c5dacb4c659f2488d,0x33ae784daebb99b773608565cf36f8a9b0821405a01153fd3af633ac2f53cde8,0x7a250d5630b4cf539739df2c5dacb4c659f2488d,0x7a250d5630b4cf539739df2c5dacb4c659f2488d,41,1262880200,2.3148318311928324e+19,0.0,0.0,4957717558133744.0,0,1.63,3,564,6553.62513367734,23.148318311928325,1.379657210878039
WETH_DAI,23280804,1756881059,0xfbd4cdb413e45a52e2c8312f670e9ce67e794c37,0x32350bf9bb534c3c6cd155a9e49e04c62e45d664f4d66d3cea30000d6ee9c2fd,0xfbd4cdb413e45a52e2c8312f670e9ce67e794c37,0xfbd4cdb413e45a52e2c8312f670e9ce67e794c37,1,3338401587,9.677917113419078e+20,0.0,0.0,2.239903436638402e+17,0x7a250d5630b4cf539739df2c5dacb4c659f2488d,0xfc6b7434783908247cdc361e7ff0266252213a5127e6a9adfc1660d628f60ded,0x7a250d5630b4cf539739df2c5dacb4c659f2488d,0x7a250d5630b4cf539739df2c5dacb4c659f2488d,6,367230211,2.327286674582692e+18,0.0,0.0,538567335610625.0,0,9.09,5,11963,977.737238816952,2.3508930386178206,2.1858617851630493
WETH_DAI,23337209,1757562167,0x031f1ad10547b8deb43a36e5491c06a93812023a,0xa9e625c3ff46c828713849bd709aa53286c1058a06447453d5583d43ba9115e4,0x031f1ad10547b8deb43a36e5491c06a93812023a,0x2e1dee213ba8d7af0934c49a23187babeaca8764,3,225244903,1.734744105598057e+21,0.0,0.0,3.9441066096089574e+17,0x50bf20318ce9100ac4374ab4bed5fe4b1f8cc6b3,0x8876e3d69ad0e3c733dca8c2ca3b38cdb12ffb7a1bfd731963266923fe601de6,0x50bf20318ce9100ac4374ab4bed5fe4b1f8cc6b3,0x50bf20318ce9100ac4374ab4bed5fe4b1f8cc6b3,6,146244903,7.631798158985291e+20,0.0,0.0,1.734579262009305e+17,0,1.54,3,657,1734.7441055980569,763.1798158985291,0.14667842784443472
WETH_DAI,23338231,1757574515,0x51c72848c68a965f66fa7a88855f9f7784502a7f,0x446b8b45d0d759080b294eb4509636cc7f6f8801f07188a4f5d8719f5df7de12,0x51c72848c68a965f66fa7a88855f9f7784502a7f,0x51c72848c68a965f66fa7a88855f9f7784502a7f,38,6052854896,4.823325141644105e+21,0.0,0.0,1.0849771276980724e+18,0x7a250d5630b4cf539739df2c5dacb4c659f2488d,0xb28bd55c435db708049df40b166ef0b888a786162c0cc0a72a2aa689165655ec,0x7a250d5630b4cf539739df2c5dacb4c659f2488d,0x7a250d5630b4cf539739df2c5dacb4c659f2488d,40,194883675,4.6056780728371564e+18,0.0,0.0,1035354175704559.0,0,31.06,2,17128,4823.325141644105,4.605678072837156,3.941590812005053
WETH_DAI,23415108,1758502271,0xfbd4cdb413e45a52e2c8312f670e9ce67e794c37,0xdd2820d05a26624a10b073749048f25fa1dbd405b5cebaac540bcb6095ebc0cd,0xfbd4cdb413e45a52e2c8312f670e9ce67e794c37,0xfbd4cdb413e45a52e2c8312f670e9ce67e794c37,1,22816805756,0.0,6.43786679491196e+17,2.792272222001498e+21,0.0,0x031f1ad10547b8deb43a36e5491c06a93812023a,0xd34eafc3c0bd4440d1666c78033ebf858e66f2f61790f1cd1b4597985a1e2256,0x031f1ad10547b8deb43a36e5491c06a93812023a,0x1231deb6f5749ef6ce6943a275a1d3e7486f4eae,6,280099877,0.0,3.828720239045535e+17,1.659683361289532e+21,0.0,1,81.46,5,11963,2877.0981222029595,1711.0642641603486,15.295327882631737
WETH_DAI,23557168,1760218115,0x3488d35b470735a3a90e1c13cea5d1041c89c23f,0x38d2b68437b0c232f11e44059ef56523123d51fd9c2e66521a6e8b3fc9c18e60,0x3488d35b470735a3a90e1c13cea5d1041c89c23f,0x3488d35b470735a3a90e1c13cea5d1041c89c23f,1,4945033687,0.0,4.0228488330521715e+17,1.497015924914423e+21,0.0,0x50bf20318ce9100ac4374ab4bed5fe4b1f8cc6b3,0xf9cf05c679162d13e7ab777651408f49917c32abdd8ae133fb34772d933e0989,0x50bf20318ce9100ac4374ab4bed5fe4b1f8cc6b3,0xae750560b09ad1f5246f3b279b3767afd1d79160,5,1788691861,0.0,1.9455653956070934e+17,7.250674808381338e+20,0.0,1,2.76,4,150,1570.0552003321836,759.3238507651486,2.894954363796557
WETH_DAI,23557198,1760218475,0x207e1074858a7e78f17002075739ed2745dbaece,0xdbc97877dc70653839d89b1c98a96af7c0ee9d579f041ab633d25f77087c6908,0x207e1074858a7e78f17002075739ed2745dbaece,0x207e1074858a7e78f17002075739ed2745dbaece,24,2719807347,0.0,5.9996727e+17,2.2306944664070982e+21,0.0,0x06cff7088619c7178f5e14f0b119458d08d2f5ef,0xda98a5d9ba2d0b81239c4b294e366fa51c9fef57c01428eef1c43fc6477064e1,0x06cff7088619c7178f5e14f0b119458d08d2f5ef,0x06cff7088619c7178f5e14f0b119458d08d2f5ef,27,1219807347,0.0,1.2e+17,4.459892333842379e+20,0.0,1,2.23,3,312,2341.5787452741874,468.34129707259274,1.5922476258519342
WETH_DAI,23557199,1760218487,0x3488d35b470735a3a90e1c13cea5d1041c89c23f,0xe1c341c035e3952ea7dd3e58ac8c29dbe33d5e4271e64fb16f6cd0223b1a5004,0x3488d35b470735a3a90e1c13cea5d1041c89c23f,0x3488d35b470735a3a90e1c13cea5d1041c89c23f,1,6898297182,0.0,5.920223636684685e+17,2.199450012760809e+21,0.0,0x50bf20318ce9100ac4374ab4bed5fe4b1f8cc6b3,0x661cc114a5a94761878bedc742e6ca5ed2da89e038b8abc19c132c4377d15233,0x50bf20318ce9100ac4374ab4bed5fe4b1f8cc6b3,0xae750560b09ad1f5246f3b279b3767afd1d79160,5,1267875308,0.0,1.8790084011301373e+17,6.977844889646943e+20,0.0,1,5.44,4,150,2310.571014137273,733.3476931629893,4.038446812262615
WETH_DAI,23557199,1760218487,0x3488d35b470735a3a90e1c13cea5d1041c89c23f,0xe1c341c035e3952ea7dd3e58ac8c29dbe33d5e4271e64fb16f6cd0223b1a5004,0x3488d35b470735a3a90e1c13cea5d1041c89c23f,0x3488d35b470735a3a90e1c13cea5d1041c89c23f,1,6898297182,0.0,5.920223636684685e+17,2.199450012760809e+21,0.0,0x50bf20318ce9100ac4374ab4bed5fe4b1f8cc6b3,0x1d592141da9a8984e10c0ef2c070feb0719bd73daf39a0afc99ba05cce08bf83,0x50bf20318ce9100ac4374ab4bed5fe4b1f8cc6b3,0xae750560b09ad1f5246f3b279b3767afd1d79160,6,1267875304,0.0,8.226608060082619e+16,3.054568661653489e+20,0.0,1,5.44,5,150,2310.571014137273,321.0716907805783,4.038446812262615
WETH_DAI,23578550,1760476463,0xfbd4cdb413e45a52e2c8312f670e9ce67e794c37,0xaef8030a9800670a0bc7a640425f2c5ed6b7111f18a9b3ade4b02bafe049317b,0xfbd4cdb413e45a52e2c8312f670e9ce67e794c37,0xfbd4cdb413e45a52e2c8312f670e9ce67e794c37,1,2451973409,0.0,7.045523459726509e+17,2.8885088593932494e+21,0.0,0x031f1ad10547b8deb43a36e5491c06a93812023a,0x7a13c6134369213933384a350f5b92b4be650f3e529eadd6614d9cda1a12934a,0x031f1ad10547b8deb43a36e5491c06a93812023a,0x1231deb6f5749ef6ce6943a275a1d3e7486f4eae,2,318607417,0.0,1.4037414654521495e+18,5.748148933631448e+21,0.0,1,7.7,1,11963,2888.508859393249,5748.148933631448,1.4625837714852676
WETH_DAI,23581206,1760508527,0xfbd4cdb413e45a52e2c8312f670e9ce67e794c37,0x27ba4cc56b226639e2029bc09c3cdcc636b8295fd2d8ad28da54271e0fd3f767,0xfbd4cdb413e45a52e2c8312f670e9ce67e794c37,0xfbd4cdb413e45a52e2c8312f670e9ce67e794c37,5,3576588545,0.0,1.463886663900047e+17,6.003454469016586e+20,0.0,0x365084b05fa7d5028346bd21d842ed0601bab5b8,0x7a77574ba09b66961d3295e30a9ea8a9f47ca82ed93bc5101d49202a8b8d08cf,0x365084b05fa7d5028346bd21d842ed0601bab5b8,0x3058ef90929cb8180174d74c507176cca6835d73,6,1608861916,0.0,7.646990172115627e+16,3.135662407532917e+20,0.0,1,2.22,1,11963,600.3454469016585,313.5662407532917,2.1334082759610817
WETH_DAI,23625907,1761049319,0xfbd4cdb413e45a52e2c8312f670e9ce67e794c37,0x8575a3d0c2ee01661d0c78510a6fe4cb724f1d796f7bdcfa25021ae5925b3fae,0xfbd4cdb413e45a52e2c8312f670e9ce67e794c37,0xfbd4cdb413e45a52e2c8312f670e9ce67e794c37,1,32256313341,5.303364656900991e+21,0.0,0.0,1.355379968071016e+18,0x7a250d5630b4cf539739df2c5dacb4c659f2488d,0x0aff3834059f43ddd6c6a65d7285ac135d2bef9ed549d23ac4384ef1a737edcf,0x7a250d5630b4cf539739df2c5dacb4c659f2488d,0x7a250d5630b4cf539739df2c5dacb4c659f2488d,5,369471163,1.2548796999996749e+20,0.0,0.0,3.204624622885404e+16,0,87.3,4,11963,5303.364656900991,125.48796999996749,18.888833505663158
WETH_DAI,23626631,1761058091,0xfbd4cdb413e45a52e2c8312f670e9ce67e794c37,0xa645a49e77db911ced48e9f853fb853187f19d43c1047a53621df3d416b076e8,0xfbd4cdb413e45a52e2c8312f670e9ce67e794c37,0xfbd4cdb413e45a52e2c8312f670e9ce67e794c37,0,60595322705,6.4644603414483e+21,0.0,0.0,1.6395018815665024e+18,0x7a250d5630b4cf539739df2c5dacb4c659f2488d,0xee6217aaf5ac9333c152ed793f3174594db7a204e5e2eaf06db1ef8ca0992b1e,0x7a250d5630b4cf539739df2c5dacb4c659f2488d,0x7a250d5630b4cf539739df2c5dacb4c659f2488d,3,694143862,1.148968219999966e+20,0.0,0.0,2.911278996934314e+16,0,87.3,3,11963,6464.4603414483,114.8968219999966,35.580295981065106
WETH_DAI,23678665,1761687839,0xfbd4cdb413e45a52e2c8312f670e9ce67e794c37,0x2aab4f93b007a3cf77ef89b082740303c430fa1fdcea087b534f12b002983bc5,0xfbd4cdb413e45a52e2c8312f670e9ce67e794c37,0xfbd4cdb413e45a52e2c8312f670e9ce67e794c37,1,13129828987,1.731585578955864e+21,0.0,0.0,4.3458090455365037e+17,0xd2b37ade14708bf18904047b1e31f8166d39612b,0xab98d557743d8bd30ab4e322fabb9d13d10c88932c5bf79322ba798a5a078deb,0xd2b37ade14708bf18904047b1e31f8166d39612b,0xd2b37ade14708bf18904047b1e31f8166d39612b,3,200306516,3.505671376489634e+20,0.0,0.0,8.795710056200074e+16,0,65.55,2,11963,1784.9270735944572,361.26071915017513,8.089099285655001
WETH_DAI,23678665,1761687839,0xfbd4cdb413e45a52e2c8312f670e9ce67e794c37,0x2aab4f93b007a3cf77ef89b082740303c430fa1fdcea087b534f12b002983bc5,0xfbd4cdb413e45a52e2c8312f670e9ce67e794c37,0xfbd4cdb413e45a52e2c8312f670e9ce67e794c37,1,13129828987,1.731585578955864e+21,0.0,0.0,4.3458090455365037e+17,0x2cf73796be4613151a05a90bd4625225c8198c9c,0x1b8f79e274b1796220f5ee33feeb5078f586c578831ea81bebc9c6a4db400048,0x2cf73796be4613151a05a90bd4625225c8198c9c,0x2cf73796be4613151a05a90bd4625225c8198c9c,4,200296416,6.975259726455665e+21,0.0,0.0,1.7482947473173783e+18,0,65.55,3,11963,1784.9270735944572,7180.662091710759,8.089099285655001
WETH_DAI,23679839,1761702047,0xfbd4cdb413e45a52e2c8312f670e9ce67e794c37,0xaf34b8eb958eacd1084aed85b566260112be8b5bd223cfb1d1a4e500910dd9fa,0xfbd4cdb413e45a52e2c8312f670e9ce67e794c37,0xfbd4cdb413e45a52e2c8312f670e9ce67e794c37,0,28371498860,2.8545035297592233e+21,0.0,0.0,7.152421855859807e+17,0x7a250d5630b4cf539739df2c5dacb4c659f2488d,0xd383b669e681554c6d94b08e08944c3c32ce3a632c2dd31093610a1ac5bb0fc2,0x7a250d5630b4cf539739df2c5dacb4c659f2488d,0x7a250d5630b4cf539739df2c5dacb4c659f2488d,4,108404998,2.0744233890243904e+18,0.0,0.0,519572053554124.0,0,261.72,4,11963,2937.669667148665,2.134005924683547,17.479273445877954
WETH_DAI,23729299,1762299743,0xfbd4cdb413e45a52e2c8312f670e9ce67e794c37,0x28475421322aa949e516dd198c2b8fb33255e766b2ae2355e2157c906428bd20,0xfbd4cdb413e45a52e2c8312f670e9ce67e794c37,0xfbd4cdb413e45a52e2c8312f670e9ce67e794c37,0,9234463867,1.8689514435141868e+21,0.0,0.0,5.686399687525651e+17,0x7a250d5630b4cf539739df2c5dacb4c659f2488d,0x8c67515c2d68684eaa1a07e12d28aece85b5538bcfa29843a1092dab6046c779,0x7a250d5630b4cf539739df2c5dacb4c659f2488d,0x7a250d5630b4cf539739df2c5dacb4c659f2488d,2,916697353,8.715145899996173e+19,0.0,0.0,2.650835796458804e+16,0,10.07,2,11963,1994.54927442682,92.98014393976237,4.858590905784561
WETH_DAI,23753389,1762590971,0xfbd4cdb413e45a52e2c8312f670e9ce67e794c37,0x3a944aff1ed94dbecb0932fa45fdcbc085afe4ca674e6ebb4e7776791cf8f7b8,0xfbd4cdb413e45a52e2c8312f670e9ce67e794c37,0xfbd4cdb413e45a52e2c8312f670e9ce67e794c37,0,7247919041,2.4608269653818286e+21,0.0,0.0,7.116363797363821e+17,0x7a250d5630b4cf539739df2c5dacb4c659f2488d,0x22f0e187cebe8fb3e569b78f3b60b2c8ee903c12b437ae7f8595a3b737a9f3f6,0x7a250d5630b4cf539739df2c5dacb4c659f2488d,0x7a250d5630b4cf539739df2c5dacb4c659f2488d,5,169887829,5.142164868552437e+18,0.0,0.0,1486489672433254.0,0,42.66,5,11963,2460.8269653818284,5.142164868552436,3.7338092285804234
WETH_DAI,23803011,1763190635,0x782ffae1f86962c6c574a5f9216e7af24b8573d4,0xcc1060a892c3882094fb7a92e7a19d09b239b2b200bfb9dfdad75e57e53ff843,0x782ffae1f86962c6c574a5f9216e7af24b8573d4,0x782ffae1f86962c6c574a5f9216e7af24b8573d4,14,368753918,2.3500334120406818e+21,0.0,0.0,7.398267365327318e+17,0xfbd4cdb413e45a52e2c8312f670e9ce67e794c37,0xd78a9693a008e95cb5c730219719cff68a41f52732e2563749163ba460a7f8ae,0xfbd4cdb413e45a52e2c8312f670e9ce67e794c37,0xfbd4cdb413e45a52e2c8312f670e9ce67e794c37,17,68990556,9.14861136650337e+20,0.0,0.0,2.878651075181192e+17,0,5.34,3,33,2350.033412040682,914.861136650337,0.17179843502500897
WETH_DAI,23826153,1763470679,0xfbd4cdb413e45a52e2c8312f670e9ce67e794c37,0xed7086c3685ed16dde71d3cc8d916df20eeefa0902023945c9f23c13abce430e,0xfbd4cdb413e45a52e2c8312f670e9ce67e794c37,0xfbd4cdb413e45a52e2c8312f670e9ce67e794c37,3,3802071179,0.0,3.305505925221097e+17,1.004831088515584e+21,0.0,0x66a9893cc07d91d95644aedd05d03f95e1dba8af,0xb10e68de3494d796edfb72bd6f492d7b225dd7f91cd69fdf50e73d4114f47c1a,0x66a9893cc07d91d95644aedd05d03f95e1dba8af,0x66a9893cc07d91d95644aedd05d03f95e1dba8af,5,1283725890,0.0,2.4715119523917784e+16,7.511777859138185e+19,0.0,1,2.96,2,11963,1008.6606926204398,75.41710752046048,1.7402781157679388
WETH_DAI,23976889,1765303535,0x6745024462abf2c049f54b381c4ad4a8c8d999c4,0x33c1d0952e0e6db186fab6114c67641537f26cf03364e00488591a8b21f8de2f,0x6745024462abf2c049f54b381c4ad4a8c8d999c4,0x6745024462abf2c049f54b381c4ad4a8c8d999c4,3,2556915146,4.220506021979443e+22,0.0,0.0,1.2602437997561645e+19,0x0fac65e337581222fd17419103747aee312d589c,0xc519cb3f0c4b377f7b45c7ef74258ce60f7155caadb5d8fff77acba51138e0ea,0x0fac65e337581222fd17419103747aee312d589c,0x0fac65e337581222fd17419103747aee312d589c,8,213741793,3.1707633676528507e+21,0.0,0.0,9.395846389777701e+17,0,11.96,5,35,42495.17421765122,3170.763367652851,1.2932801725750718
WETH_DAI,23976889,1765303535,0x6745024462abf2c049f54b381c4ad4a8c8d999c4,0x33c1d0952e0e6db186fab6114c67641537f26cf03364e00488591a8b21f8de2f,0x6745024462abf2c049f54b381c4ad4a8c8d999c4,0x6745024462abf2c049f54b381c4ad4a8c8d999c4,3,2556915146,2.3503877076685354e+21,0.0,0.0,6.970690005824027e+17,0x0fac65e337581222fd17419103747aee312d589c,0xc519cb3f0c4b377f7b45c7ef74258ce60f7155caadb5d8fff77acba51138e0ea,0x0fac65e337581222fd17419103747aee312d589c,0x0fac65e337581222fd17419103747aee312d589c,8,213741793,3.1707633676528507e+21,0.0,0.0,9.395846389777701e+17,0,11.96,5,35,2350.5030238755853,3170.763367652851,1.2932801725750718
WETH_DAI,23976902,1765303691,0xebeca48463abeecce7aeb15aae073da8a01b170d,0xca43b9af4618e39ee6b50fb164ab16b241c3307a7e62ed511947765cb01c422a,0xebeca48463abeecce7aeb15aae073da8a01b170d,0xebeca48463abeecce7aeb15aae073da8a01b170d,116,532080762,4.195133684894319e+21,0.0,0.0,1.2449308883127724e+18,0x7cf772f60a51563898af5f9cdbc0bcc6c626baaa,0x67054964ef5cfdb4e5e5bf48f4ba2f53cea830a9d24a76d6911555b6c43cddb8,0x7cf772f60a51563898af5f9cdbc0bcc6c626baaa,0x7cf772f60a51563898af5f9cdbc0bcc6c626baaa,117,331339462,1.4992713240182407e+21,0.0,0.0,4.445325389491036e+17,0,1.61,1,4,4197.882584149391,1499.2713240182406,0.2691248869872491
WETH_DAI,23976916,1765303859,0x1f2f10d1c40777ae1da742455c65828ff36df387,0xd4a7689533e296111208d752ff08b3faac63e55c43063bc56a0a8227064144ca,0x1f2f10d1c40777ae1da742455c65828ff36df387,0x1f2f10d1c40777ae1da742455c65828ff36df387,2,3038557476690,4.191204160597413e+24,0.0,0.0,3.4585808689904233e+21,0xa69babef1ca67a37ffaf7a485dfff3382056e78c,0xc67df69294d07dad54570f8882ff73fe0bffc7cc3b408d47438a3c42b08af25e,0xa69babef1ca67a37ffaf7a485dfff3382056e78c,0xa69babef1ca67a37ffaf7a485dfff3382056e78c,4,208875867,6.120698921658682e+21,0.0,0.0,1.8152313448252006e+18,0,14547.19,2,124,11662266.983739205,6120.924559090328,1536.8934491160146
WETH_DAI,23976916,1765303859,0x1f2f10d1c40777ae1da742455c65828ff36df387,0xd4a7689533e296111208d752ff08b3faac63e55c43063bc56a0a8227064144ca,0x1f2f10d1c40777ae1da742455c65828ff36df387,0x1f2f10d1c40777ae1da742455c65828ff36df387,2,3038557476690,1.6465757246092137e+22,0.0,0.0,4.900080015653208e+18,0xa69babef1ca67a37ffaf7a485dfff3382056e78c,0xc67df69294d07dad54570f8882ff73fe0bffc7cc3b408d47438a3c42b08af25e,0xa69babef1ca67a37ffaf7a485dfff3382056e78c,0xa69babef1ca67a37ffaf7a485dfff3382056e78c,4,208875867,6.120698921658682e+21,0.0,0.0,1.8152313448252006e+18,0,14547.19,2,124,16522.973886949738,6120.924559090328,1536.8934491160146
WETH_DAI,23976967,1765304471,0x1f2f10d1c40777ae1da742455c65828ff36df387,0x0c76f36d6fd70ac98630e12bf09f65889fc8976a293e7fb30077c41ef2ae36ed,0x1f2f10d1c40777ae1da742455c65828ff36df387,0x1f2f10d1c40777ae1da742455c65828ff36df387,3,96578992860344,3.3187194268863234e+24,0.0,0.0,1.9996408428253382e+21,0xa3274568f95c628d2a2383fac9de1fac220fad48,0xcb47e5c80de39d4b42ba3fb8c90fa5dcc5a0c993104d8e30aa227b64383d8926,0xa3274568f95c628d2a2383fac9de1fac220fad48,0xa3274568f95c628d2a2383fac9de1fac220fad48,4,202236141,4.643025209438187e+21,0.0,0.0,1.3844102452072353e+18,0,477555.56,1,124,6742707.145036525,4668.174730233766,48849.06213706149
WETH_DAI,23976967,1765304471,0x1f2f10d1c40777ae1da742455c65828ff36df387,0x0c76f36d6fd70ac98630e12bf09f65889fc8976a293e7fb30077c41ef2ae36ed,0x1f2f10d1c40777ae1da742455c65828ff36df387,0x1f2f10d1c40777ae1da742455c65828ff36df387,3,96578992860344,3.3187194268863234e+24,0.0,0.0,1.9996408428253382e+21,0x247b69f78d2a590bec1ac0a4a4066debe3fca2b8,0x0f01d6d4d1c5cace7c2c6dfb4689d4eac573ad477fec46582c214f234f484c72,0x247b69f78d2a590bec1ac0a4a4066debe3fca2b8,0x247b69f78d2a590bec1ac0a4a4066debe3fca2b8,5,202236141,5.121843092620206e+21,0.0,0.0,1.5249179490024233e+18,0,477555.56,2,124,6742707.145036525,5141.960961252074,48849.06213706149
WETH_DAI,23976967,1765304471,0x1f2f10d1c40777ae1da742455c65828ff36df387,0x0c76f36d6fd70ac98630e12bf09f65889fc8976a293e7fb30077c41ef2ae36ed,0x1f2f10d1c40777ae1da742455c65828ff36df387,0x1f2f10d1c40777ae1da742455c65828ff36df387,3,96578992860344,3.3187194268863234e+24,0.0,0.0,1.9996408428253382e+21,0x36331e299247e5d0d3261e1d9852f6e0cffee95c,0xbfaa8f09a36fab383e10fe76936226afd8777ef26b453b88455dfea825bffec7,0x36331e299247e5d0d3261e1d9852f6e0cffee95c,0x36331e299247e5d0d3261e1d9852f6e0cffee95c,6,202236141,4.742007285017745e+21,0.0,0.0,1.4097195466038605e+18,0,477555.56,3,124,6742707.145036525,4753.5166594983175,48849.06213706149
WETH_DAI,23976967,1765304471,0xe7e97e37df4d8d40d930de4c773badd838385971,0x40e90b8408446762286b0ea756107dda4bb698f7b5d5cfca7606a7b206de396d,0xe7e97e37df4d8d40d930de4c773badd838385971,0xe7e97e37df4d8d40d930de4c773badd838385971,9,634863965,4.172120059874259e+21,0.0,0.0,1.2386270138247716e+18,0xd226997439ecfbeff8e110c8c78c8a7eefd19f89,0x3dc1cb5114ad51d2af2c74a24800fc413ee6d7bad5fcbfe3c20e581aaeec1273,0xd226997439ecfbeff8e110c8c78c8a7eefd19f89,0xd226997439ecfbeff8e110c8c78c8a7eefd19f89,10,202236141,2.709790065332906e+21,0.0,0.0,8.036492863574765e+17,0,3.14,1,1,4176.59963593824,2709.8725276934006,0.3211102990037514
WETH_DAI,23978487,1765323011,0x66a9893cc07d91d95644aedd05d03f95e1dba8af,0x1c48e68ef3fa3c9f7aa12e0e112b4cf7c3c7a5c65b31a17ab4e8c62dfdfcc621,0x66a9893cc07d91d95644aedd05d03f95e1dba8af,0x0a09cdb390d3b6ba9119843a92c14b2428e101bf,0,351849792,0.0,1.11e+16,3.6833829163440144e+19,0.0,0xf5e1ff97b8ed24032a861eaef122643452268a39,0xd64e4beec4040708748bfc560e8b3573e9c30e404ff8600d273ef85df453aa65,0xf5e1ff97b8ed24032a861eaef122643452268a39,0x8bd89a58f8354a1012a2ba83a4cadb457c61375a,1,194033194,0.0,2515611866801759.0,8.347655716242703e+18,0.0,1,1.81,1,2790,36.83382916344014,8.347655716242704,0.17507546561284293
WETH_DAI,24085194,1766612027,0xbf000000a1f768e94bf68257138c8fd34f7dfcdb,0xfe5806c8e62dd86c748713b80cbeccb16e724c32805cbaf5b99d09f9e97aa221,0xbf000000a1f768e94bf68257138c8fd34f7dfcdb,0xbf000000a1f768e94bf68257138c8fd34f7dfcdb,7,57362178,5.807919923706796e+21,0.0,0.0,1.9741181084301955e+18,0xfbd4cdb413e45a52e2c8312f670e9ce67e794c37,0x19738943d35cd3a26d0682e5bbe69b00a9ea8fe039d19f67821f3f6e5403be5c,0xfbd4cdb413e45a52e2c8312f670e9ce67e794c37,0xfbd4cdb413e45a52e2c8312f670e9ce67e794c37,8,27362178,1.0335571699438183e+21,0.0,0.0,3.509180545393078e+17,0,2.1,1,6,5807.919923706796,1033.5571699438183,0.025303903306231234
WETH_DAI,24117239,1766998487,0x990636ecb3ff04d33d92e970d3d588bf5cd8d086,0xa116c61569695fa3e04e02ef575dd00b29d1553497704bb7d3fdbaf58aa0b015,0x990636ecb3ff04d33d92e970d3d588bf5cd8d086,0x111111125421ca6dc452d289314280a0f8842a65,0,97988824,0.0,1.0951917603686554e+16,3.295804858594554e+19,0.0,0xd2b37ade14708bf18904047b1e31f8166d39612b,0x61cb5c43571a2b439d2e186ee38c2297f465c43aacccd59c0a224ed40a4ac581,0xd2b37ade14708bf18904047b1e31f8166d39612b,0xd2b37ade14708bf18904047b1e31f8166d39612b,2,47988826,0.0,1.6789003578517574e+16,5.052315089652709e+19,0.0,1,2.04,2,262,32.95804858594554,50.52315089652709,0.0430830007182374
WETH_DAI,24118372,1767012119,0xfbd4cdb413e45a52e2c8312f670e9ce67e794c37,0x2c5dc2123abc9fe5160fca8ee0181f7d21a4846f16b9eaa4a18a60e9715567e7,0xfbd4cdb413e45a52e2c8312f670e9ce67e794c37,0xfbd4cdb413e45a52e2c8312f670e9ce67e794c37,1,1051817789,9.608175132663731e+20,0.0,0.0,3.2750913649322566e+17,0x5a1b2acd0c9992e14f2b6d8a326023e35a097a3a,0xdb416a6242e3c37235d777aa7baf8b05d8f0422dc41bfb6fb38ea7fed2d49e97,0x5a1b2acd0c9992e14f2b6d8a326023e35a097a3a,0x5a1b2acd0c9992e14f2b6d8a326023e35a097a3a,4,559105689,1.81308127689936e+21,0.0,0.0,6.177377213045998e+17,0,1.88,3,11963,960.8175132663731,1813.08127689936,0.46245545878723754
WETH_DAI,24236557,1768437263,0xfbd4cdb413e45a52e2c8312f670e9ce67e794c37,0x902ba70333c03dcd65fa72a01b726649d5beed95cf492e872644d79bff3aceb4,0xfbd4cdb413e45a52e2c8312f670e9ce67e794c37,0xfbd4cdb413e45a52e2c8312f670e9ce67e794c37,2,862985109,0.0,2.7295685739178602e+17,9.105205125528443e+20,0.0,0x031f1ad10547b8deb43a36e5491c06a93812023a,0x432a2adbf0f440fe6468f8fbdfe7ac6a68f9ba5bf7718003f71d6506d8627c18,0x031f1ad10547b8deb43a36e5491c06a93812023a,0x5e1f62dac767b0491e3ce72469c217365d5b48cc,4,547490266,0.0,1.3964617158604707e+17,4.657294074313694e+20,0.0,1,1.58,2,11963,910.5205125528443,465.72940743136945,0.4127727691040119
WETH_DAI,24267587,1768810871,0xfbd4cdb413e45a52e2c8312f670e9ce67e794c37,0x96400aa78e0ec45923ed0405b87557627307d93347e8f8bdc85c0c93d0dd341d,0xfbd4cdb413e45a52e2c8312f670e9ce67e794c37,0xfbd4cdb413e45a52e2c8312f670e9ce67e794c37,1,19954576362,3.466628967885968e+21,0.0,0.0,1.0796511665573961e+18,0x031f1ad10547b8deb43a36e5491c06a93812023a,0x108bc63763873e0154b1afc575846b63fb01093a00a023c4a6a292709321a9f2,0x031f1ad10547b8deb43a36e5491c06a93812023a,0x5e1f62dac767b0491e3ce72469c217365d5b48cc,6,25849271,3.4330789568313406e+20,0.0,0.0,1.0685693406938627e+17,0,771.96,5,11963,3548.4096169256004,351.1987799689352,9.837484484508199
WETH_DAI,24315838,1769392379,0xfbd4cdb413e45a52e2c8312f670e9ce67e794c37,0x80b4c34d45ed0e16944d9298e51e7777b149f05742f03e9f69218add7db025af,0xfbd4cdb413e45a52e2c8312f670e9ce67e794c37,0xfbd4cdb413e45a52e2c8312f670e9ce67e794c37,0,2381113398,1.9825375197204935e+21,0.0,0.0,6.870523356062598e+17,0x031f1ad10547b8deb43a36e5491c06a93812023a,0x733731ff88cd0ac4f73f398a9d238715393ce3990a57cdeff013e8f785499f3a,0x031f1ad10547b8deb43a36e5491c06a93812023a,0x5e1f62dac767b0491e3ce72469c217365d5b48cc,3,546363082,8.15142418956e+19,0.0,0.0,2.8239364606503184e+16,0,4.36,3,11963,2032.1440017282182,83.52559539308366,1.0564184979250455
WETH_DAI,24353609,1769847491,0xbc1d9760bd6ca468ca9fb5ff2cfbeac35d86c973,0x7ee1a6e4dc8877a490c5a17cf785faf3b09aa2ae183f08e0e651302962292d78,0xbc1d9760bd6ca468ca9fb5ff2cfbeac35d86c973,0xbc1d9760bd6ca468ca9fb5ff2cfbeac35d86c973,28,1061934626,0.0,8.247901503146149e+17,2.189799885025376e+21,0.0,0x990636ecb3ff04d33d92e970d3d588bf5cd8d086,0xe3ba2816ec8fcdafb7309d788df50c5ce90403b7965e3f2d089782eaba5b4068,0x990636ecb3ff04d33d92e970d3d588bf5cd8d086,0x990636ecb3ff04d33d92e970d3d588bf5cd8d086,30,561934626,0.0,5.718683783259926e+17,1.5173377636053224e+21,0.0,1,1.89,2,14,2220.471231034749,1539.5640715726206,0.42883549567848117
WETH_DAI,24355951,1769875691,0x031f1ad10547b8deb43a36e5491c06a93812023a,0x4efd2aba968f8ac2feb1f8eb2d7778ae26e9cddf35c967472e8b5ca50901a322,0x031f1ad10547b8deb43a36e5491c06a93812023a,0x5e1f62dac767b0491e3ce72469c217365d5b48cc,2,2252172630,0.0,6345600000000000.0,1.5993206286129578e+19,0.0,0x63242a4ea82847b20e506b63b0e2e2eff0cc6cb0,0x4669a76fa67012b644f4977299faef858bd93290a18619d5dad40b1a9740f164,0x63242a4ea82847b20e506b63b0e2e2eff0cc6cb0,0x63242a4ea82847b20e506b63b0e2e2eff0cc6cb0,7,1118141059,0.0,1.1939938401242703e+18,3.0077054521256727e+21,0.0,1,2.01,5,657,17.08340265494127,3214.428507684456,0.9094830722089653
WETH_DAI,24356288,1769879759,0x01bd2da640345f1c29831b7cef9a434298408172,0xea21788afdf38fe46fd42a27182d65ff47d8ae2b6de0f557cc02b6f5308152c0,0x01bd2da640345f1c29831b7cef9a434298408172,0x48da0965ab2d2cbf1c17c09cfb5cbe67ad5b1406,11,101106088453,0.0,6.870556963015257e+18,1.634852940103406e+22,0.0,0xf157408213ea76701530b74f3620e239fef8e7d1,0x507a911391191de862fb06ddd651f8b2e90e8e9fb715a683a74c532dbd21bbbe,0xf157408213ea76701530b74f3620e239fef8e7d1,0xf157408213ea76701530b74f3620e239fef8e7d1,15,7707391215,0.0,7.349231493624878e+18,1.7484817930918663e+22,0.0,1,13.12,4,173,18496.67345292803,19785.344303134338,40.82914192295545
WETH_DAI,24356288,1769879759,0xf154940c312931efc88dd33dd37225a63ba3b472,0x7ee811eba0cce1a9d3f5a155e2250fe4f38c9f3933b8e4e1f43531d90f086012,0xf154940c312931efc88dd33dd37225a63ba3b472,0xf154940c312931efc88dd33dd37225a63ba3b472,12,90452935196,0.0,3.723890831736701e+18,8.872950228592752e+21,0.0,0xf157408213ea76701530b74f3620e239fef8e7d1,0x507a911391191de862fb06ddd651f8b2e90e8e9fb715a683a74c532dbd21bbbe,0xf157408213ea76701530b74f3620e239fef8e7d1,0xf157408213ea76701530b74f3620e239fef8e7d1,15,7707391215,0.0,7.349231493624878e+18,1.7484817930918663e+22,0.0,1,11.74,3,1,10025.328813918655,19785.344303134338,36.52713486371448
WETH_DAI,24356709,1769884847,0xacc14689d299d60ffd2c1c8d3670c22042965165,0x5625f19f2a70c789232581fe2cebba41953c97be517eaa305f1577b0506b7a18,0xacc14689d299d60ffd2c1c8d3670c22042965165,0xacc14689d299d60ffd2c1c8d3670c22042965165,13,124649829992,0.0,1.6519675396390208e+18,3.85377506460025e+21,0.0,0x6745024462abf2c049f54b381c4ad4a8c8d999c4,0x7278505fe358d76011164d1993315d4df47ccb5f443fafce21c19107542a85f8,0x6745024462abf2c049f54b381c4ad4a8c8d999c4,0x48da0965ab2d2cbf1c17c09cfb5cbe67ad5b1406,14,2818265285,0.0,1.6227212732980577e+18,3.780293824613441e+21,0.0,1,44.23,1,2,4447.369303540414,4368.633526930428,50.336687703841505
WETH_DAI,24356726,1769885063,0xfbd4cdb413e45a52e2c8312f670e9ce67e794c37,0x7821ff17b8b6364fe939874e46ab0075616cc3af58b1512bf66ca8b3936d700e,0xfbd4cdb413e45a52e2c8312f670e9ce67e794c37,0xfbd4cdb413e45a52e2c8312f670e9ce67e794c37,4,653149200064,1.5295215022231375e+22,0.0,0.0,6.676464591436367e+18,0x98ca924d9a32837cb5c123a9b9e88fb593f3e427,0x4832bec30e7bf542569e298fa73d1b980242fc5258768cb04ebc2b66d941b43c,0x98ca924d9a32837cb5c123a9b9e88fb593f3e427,0x98ca924d9a32837cb5c123a9b9e88fb593f3e427,7,5915962866,7.992440709415873e+20,0.0,0.0,3.478451928269883e+17,0,110.4,3,11963,17974.144750215175,936.4566771698705,263.7578190820278
WETH_DAI,24376733,1770126563,0x9a6fae683549309386b633275a4f6933a022a092,0xa847090159bc1413e11065a3e881d592b5b56c4fb2e44b20d73dd1ed571b6236,0x9a6fae683549309386b633275a4f6933a022a092,0x9a6fae683549309386b633275a4f6933a022a092,12,1151999594,1.208502213248773e+21,0.0,0.0,5.24791371362828e+17,0x782ffae1f86962c6c574a5f9216e7af24b8573d4,0xe0bd04a2e284b924da5a0cde4249f6fdddd54da5c89e83780d90d334701b3e50,0x782ffae1f86962c6c574a5f9216e7af24b8573d4,0x782ffae1f86962c6c574a5f9216e7af24b8573d4,14,152099594,8.022294372222578e+20,0.0,0.0,3.4780615053351763e+17,0,7.57,2,19,1210.2609153342698,802.2294372222578,0.3985069570061253
WETH_DAI,24376733,1770126563,0x9a6fae683549309386b633275a4f6933a022a092,0x727b3d8321587113ec8d84a94ff0a5fb13bfd1c4454a74976ae3fb2bca7378b9,0x9a6fae683549309386b633275a4f6933a022a092,0x9a6fae683549309386b633275a4f6933a022a092,13,1151999594,3.4117231977724673e+21,0.0,0.0,1.4802902695697905e+18,0x782ffae1f86962c6c574a5f9216e7af24b8573d4,0xe0bd04a2e284b924da5a0cde4249f6fdddd54da5c89e83780d90d334701b3e50,0x782ffae1f86962c6c574a5f9216e7af24b8573d4,0x782ffae1f86962c6c574a5f9216e7af24b8573d4,14,152099594,8.022294372222578e+20,0.0,0.0,3.4780615053351763e+17,0,7.57,1,19,3413.8089045890997,802.2294372222578,0.3985069570061253
WETH_DAI,24377077,1770130703,0x51c72848c68a965f66fa7a88855f9f7784502a7f,0x6edd6f5ea932c26d06440c9e64e6a8d06c1d90a8e85d92f631f683cc63030e28,0x51c72848c68a965f66fa7a88855f9f7784502a7f,0x51c72848c68a965f66fa7a88855f9f7784502a7f,70,1087864214,0.0,7.451007809140172e+17,1.6817171909595892e+21,0.0,0xf48a3f7c0575c85cf4529aa220caf3c055773f1c,0x6661244151f6dd882a37cedf1eb7f2bb959646dc5edb60260e08ad738f3734c3,0xf48a3f7c0575c85cf4529aa220caf3c055773f1c,0xf48a3f7c0575c85cf4529aa220caf3c055773f1c,73,476613246,0.0,5.959066456638131e+17,1.3442315232939014e+21,0.0,1,2.28,3,17128,1718.333041154021,1374.26520668961,0.37632084231185964
WETH_DAI,24378734,1770150791,0xfeecbe8036d95acf84a2c9b8974fa0ced1c4cc17,0x29fb1a6912315c55d38b5fa1c336b1cf9600ddc93e057c3e18006051a087bbbb,0xfeecbe8036d95acf84a2c9b8974fa0ced1c4cc17,0xfeecbe8036d95acf84a2c9b8974fa0ced1c4cc17,559,2305611053,0.0,6.21169355229639e+16,1.4238626884961496e+20,0.0,0xf5e1ff97b8ed24032a861eaef122643452268a39,0x7f8512a81331f3892beef63c082582ece722694eec104df2ec44d9c5fa91339c,0xf5e1ff97b8ed24032a861eaef122643452268a39,0x896eebeb02f81445f5a88ff7884af8d937294ee8,560,1372639139,0.0,4.903352556718e+16,1.1239084896239308e+20,0.0,1,1.68,1,1,143.25254443218745,113.07990712746117,0.7975715005075933
WETH_DAI,24402383,1770436391,0xfbd4cdb413e45a52e2c8312f670e9ce67e794c37,0x7bbf50f1fe6ac3eccfe41c1f8528ecbf7bc27a8f19b94f36877ad8f14ba52438,0xfbd4cdb413e45a52e2c8312f670e9ce67e794c37,0xfbd4cdb413e45a52e2c8312f670e9ce67e794c37,1,18781930206,3.7483429522113797e+21,0.0,0.0,1.8006452450950746e+18,0xf48a3f7c0575c85cf4529aa220caf3c055773f1c,0x852b5d6bb50a53a2e3e0b1cf134d3076f846ce4268cd0c013c33131ef60a725c,0xf48a3f7c0575c85cf4529aa220caf3c055773f1c,0xf48a3f7c0575c85cf4529aa220caf3c055773f1c,2,5445845963,1.328375892596399e+21,0.0,0.0,6.375106567290931e+17,0,3.45,1,11963,3748.3429522113797,1328.3758925963991,5.768636385932759
WETH_DAI,24403314,1770447599,0xfbd4cdb413e45a52e2c8312f670e9ce67e794c37,0xe3e1574432aa88dbb19a96fcedd089a35a6f3dca7508cc19bb2581f56e8a8c97,0xfbd4cdb413e45a52e2c8312f670e9ce67e794c37,0xfbd4cdb413e45a52e2c8312f670e9ce67e794c37,40,1555598943,0.0,1.0773368570822515e+18,2.2058576884743083e+21,0.0,0x5f04539b9d86b1c565ae67564b5feb803622a6cb,0x32a0ca0106e915039850bd20f5e72165fd150ffbbde1cec8ad34833abd2f608f,0x5f04539b9d86b1c565ae67564b5feb803622a6cb,0x5f04539b9d86b1c565ae67564b5feb803622a6cb,45,173642855,0.0,10000000000000.0,2.0466367169176852e+16,0.0,1,8.96,5,11963,2205.9374890325075,0.020475837938069272,0.47778287780249784
WETH_DAI,24427167,1770736055,0xfbd4cdb413e45a52e2c8312f670e9ce67e794c37,0xa314147cb46720bdf712aa33a003b9354f5bd4a23a76d5c5aa7411e1d24d4f3f,0xfbd4cdb413e45a52e2c8312f670e9ce67e794c37,0xfbd4cdb413e45a52e2c8312f670e9ce67e794c37,1,278449491590,1.0627240703007184e+22,0.0,0.0,5.25601366326227e+18,0xffb4008dee363b9a837b513f419c3ac822acd05d,0x56744af69a9fc9b551265335e33800d73fd5e40d27d67e6c051835a0355e3833,0x7a250d5630b4cf539739df2c5dacb4c659f2488d,0xffb4008dee363b9a837b513f419c3ac822acd05d,5,187134875,7.019465519819256e+19,0.0,0.0,3.4644702293839216e+16,0,1487.96,4,11963,10627.240703007184,70.19465519819256,83.48195367227407
WETH_DAI,24453731,1771056479,0xf48a3f7c0575c85cf4529aa220caf3c055773f1c,0x48742e49f08a43b9e18a6d0477627c71af200ceb29c1bb55a577aced57a672ed,0xf48a3f7c0575c85cf4529aa220caf3c055773f1c,0xf48a3f7c0575c85cf4529aa220caf3c055773f1c,40,86088039,0.0,9080000000000000.0,1.8836033207189316e+19,0.0,0xbb12237fed66a7466d9f2d05376c11f87ec794e1,0xdb91d3d3193b254a499eedbc1fb9d8a0b9c3d61505ca256fd89e2ac5438fef3e,0xbb12237fed66a7466d9f2d05376c11f87ec794e1,0xbb12237fed66a7466d9f2d05376c11f87ec794e1,44,47635221,0.0,9524359611396786.0,1.9757690352234975e+19,0.0,1,1.81,4,102,18.836033207189317,19.757690352234974,0.02640730423163441
WETH_DAI,24456187,1771086035,0xfbd4cdb413e45a52e2c8312f670e9ce67e794c37,0x9b519105f38810d75756d56d18000a01e2fcb3906278c56c5afd31c5305d0d66,0xfbd4cdb413e45a52e2c8312f670e9ce67e794c37,0xfbd4cdb413e45a52e2c8312f670e9ce67e794c37,0,6014133050,0.0,7.119716359215649e+17,1.4743952933423355e+21,0.0,0x365084b05fa7d5028346bd21d842ed0601bab5b8,0x37b601abc972b98477ed87019a3f694a3a50d206061ae7e80c3c57fec40cebf4,0x365084b05fa7d5028346bd21d842ed0601bab5b8,0x365084b05fa7d5028346bd21d842ed0601bab5b8,2,1071363442,0.0,1.1404062351186323e+17,2.3608496475308032e+20,0.0,1,5.61,2,11963,1474.3952933423354,236.08496475308033,1.8448212200637695
WETH_DAI,24459601,1771127171,0xfbd4cdb413e45a52e2c8312f670e9ce67e794c37,0x17d99308420ce4d4a8ec169228e8950ea11c21f525294777843295f096c29fda,0xfbd4cdb413e45a52e2c8312f670e9ce67e794c37,0xfbd4cdb413e45a52e2c8312f670e9ce67e794c37,1,12444998386,2.402939717889691e+21,0.0,0.0,1.1728813132294085e+18,0xf10159bcf11a95d59d0dc46ccb68b309c655f3c5,0xb2cc0e0e22ec267068b020bb856629eba03737f9738a87748868af00713543d2,0xf10159bcf11a95d59d0dc46ccb68b309c655f3c5,0xf10159bcf11a95d59d0dc46ccb68b309c655f3c5,3,53249536,7.855458713045801e+19,0.0,0.0,3.832435463553781e+16,0,233.71,2,11963,2402.939717889691,78.55458713045802,3.817474092321945
WETH_DAI,24578984,1772565695,0xf48a3f7c0575c85cf4529aa220caf3c055773f1c,0xe53f96c8c6a58f5ea0133273922f7beb1b2fca62421f81272727ea7cbb7534d3,0xf48a3f7c0575c85cf4529aa220caf3c055773f1c,0xf48a3f7c0575c85cf4529aa220caf3c055773f1c,78,1179255489,8.697789803180929e+17,0.0,0.0,436526931476654.0,0xfbd4cdb413e45a52e2c8312f670e9ce67e794c37,0x8e54c0c57208140ebbfd1c8def3ce96ba4276daec7d39c60c16c1f0c41de83f8,0xfbd4cdb413e45a52e2c8312f670e9ce67e794c37,0xfbd4cdb413e45a52e2c8312f670e9ce67e794c37,79,179255489,4.873881178993981e+20,0.0,0.0,2.4458837071526346e+17,0,6.58,1,102,0.869778980318093,487.3881178993981,0.3476870924357726
WETH_DAI,24580582,1772584967,0xeff6cb8b614999d130e537751ee99724d01aa167,0xb7bf2321a8353ea13fc1dd0f8700941dbe825702853429678a5cbe2e6432acec,0xeff6cb8b614999d130e537751ee99724d01aa167,0xeff6cb8b614999d130e537751ee99724d01aa167,63,385985850,0.0,5.104536933400192e+17,1.0026057456844951e+21,0.0,0xfbd4cdb413e45a52e2c8312f670e9ce67e794c37,0x3a2b93f5987f364270f613f4bf7f1e74e62f98c8d09d95da060af5fa51e3bc83,0xfbd4cdb413e45a52e2c8312f670e9ce67e794c37,0xfbd4cdb413e45a52e2c8312f670e9ce67e794c37,64,82014103,0.0,8.583638062434961e+17,1.6850629967183785e+21,0.0,1,4.71,1,36,1003.3345169388355,1687.1775954051634,0.11380256370199542
WETH_DAI,24635044,1773241967,0xbdb3ba9ffe392549e1f8658dd2630c141fdf47b6,0x6197c070bee90b43f41eee1f92999e9963fb186ddbad28e7c7879d24ed03d9b5,0xbdb3ba9ffe392549e1f8658dd2630c141fdf47b6,0xbdb3ba9ffe392549e1f8658dd2630c141fdf47b6,1,12538531341,0.0,6.633966443181408e+17,1.3591324431380966e+21,0.0,0x031f1ad10547b8deb43a36e5491c06a93812023a,0xa812556aedd98fa7a0c971663744e98dfcf9b604dd4a7b39b287805dddb3e4f4,0x031f1ad10547b8deb43a36e5491c06a93812023a,0x5e1f62dac767b0491e3ce72469c217365d5b48cc,3,501764258,0.0,1.0121037e+18,2.072179412409482e+21,0.0,1,24.99,2,178,1359.1324431380967,2072.1794124094818,3.801918633173686
WETH_WBTC,10522133,1595592997,0x693c188e40f760ecf00d2946ef45260b84fbc43e,0x442ffcd752b1e7639eefbbbcfd5e8f882abfef2567d6825f24e96a125c513c40,0x693c188e40f760ecf00d2946ef45260b84fbc43e,0x693c188e40f760ecf00d2946ef45260b84fbc43e,0,3556648828057,0.0,4.315619108874726e+19,127993892.0,0.0,0x860bd2dba9cd475a61e6d1b45e16c365f6d78f66,0xcc31675371cdb521641bb6206ac73104bf15fa5f071222db04850d809fe71932,0x860bd2dba9cd475a61e6d1b45e16c365f6d78f66,0x860bd2dba9cd475a61e6d1b45e16c365f6d78f66,5,1448669095552,0.0,5.684157862685987e+19,164568961.0,0.0,1,2.46,5,795,10234.341498669615,13479.78383436272,126.51704580111624
WETH_WBTC,10563271,1596143690,0x693c188e40f760ecf00d2946ef45260b84fbc43e,0xb6695f25675f7f0f2d896d3e0c63c7ad120e57b35b8d1f1bc125a59ad910d769,0x693c188e40f760ecf00d2946ef45260b84fbc43e,0x693c188e40f760ecf00d2946ef45260b84fbc43e,4,670199664505,0.0,3.8473827157881e+18,11817090.0,0.0,0x96aea3a04627f96a038b348b4d34ac24df08820a,0x50c29681336b8378e038bf2a283c867b6d7c5ec0cf2c53c9b02f89bdd96fd42f,0xf164fc0ec4e93095b804a4795bbe1e041497b92a,0x96aea3a04627f96a038b348b4d34ac24df08820a,9,351100007000,0.0,3.4434564721156583e+19,104819711.0,0.0,1,1.91,5,795,1220.0571524729255,10919.666714709241,31.879408210762804
WETH_WBTC,10614387,1596825397,0x693c188e40f760ecf00d2946ef45260b84fbc43e,0x36ef15466cc4d5de84f4baf1806a440a81f09b480919d0d7a394adcc9d6cf5ee,0x693c188e40f760ecf00d2946ef45260b84fbc43e,0x693c188e40f760ecf00d2946ef45260b84fbc43e,0,521353106755,0.0,9.479399630499215e+18,31006614.0,0.0,0x96aea3a04627f96a038b348b4d34ac24df08820a,0x0dc269fb2b71a6383eef8d750e8c17f03956729c723adeec767d9c27a161a70a,0xf164fc0ec4e93095b804a4795bbe1e041497b92a,0x96aea3a04627f96a038b348b4d34ac24df08820a,4,258021579807,0.0,2.786097355083292e+19,90311054.0,0.0,1,2.02,4,795,3743.1133124645685,11001.412015673599,30.8798631314792
WETH_WBTC,11201279,1604632814,0xa57bd00134b2850b2a1c55860c9e9ea100fdd6cf,0xf715780da6d3d898ff7038cea1fd48f42361bb112230ac935fbb6f298ba66531,0xa57bd00134b2850b2a1c55860c9e9ea100fdd6cf,0x56178a0d5f301baf6cf3e1cd53d9863437345bf9,0,623196963736,0.0,1.1817425097799e+20,326691397.0,0.0,0x0f4ee9631f4be0a63756515141281a3e2b293bbe,0x9ba712e9a957097a1f0d07999bc7f2e06c1b4e1aab10be80c84610cb1037052b,0x7a250d5630b4cf539739df2c5dacb4c659f2488d,0x0f4ee9631f4be0a63756515141281a3e2b293bbe,2,352000004940,0.0,2.1706164305999997e+20,599734319.0,0.0,1,1.77,2,8400,48513.96398502636,89110.11194735476,38.37606941113229
WETH_WBTC,11201279,1604632814,0xa57bd00134b2850b2a1c55860c9e9ea100fdd6cf,0xf715780da6d3d898ff7038cea1fd48f42361bb112230ac935fbb6f298ba66531,0xa57bd00134b2850b2a1c55860c9e9ea100fdd6cf,0x56178a0d5f301baf6cf3e1cd53d9863437345bf9,0,623196963736,0.0,1.1817425097799e+20,326691397.0,0.0,0x0f4ee9631f4be0a63756515141281a3e2b293bbe,0x99992049f89163a8d0a300eaec2ca5d169c5d129e7741e1979dec6a275626ccc,0x7a250d5630b4cf539739df2c5dacb4c659f2488d,0x0f4ee9631f4be0a63756515141281a3e2b293bbe,3,352000004940,0.0,2.1707823833999996e+20,599521593.0,0.0,1,1.77,3,8400,48513.96398502636,89116.92479202758,38.37606941113229
WETH_WBTC,11201279,1604632814,0x96aea3a04627f96a038b348b4d34ac24df08820a,0x54923ca057051cd1f8b9fdc2f56edf98fd966ef5e7f6e923d9dde9df39142164,0xf164fc0ec4e93095b804a4795bbe1e041497b92a,0x96aea3a04627f96a038b348b4d34ac24df08820a,1,623196963735,0.0,1.094464585743708e+20,302495088.0,0.0,0x0f4ee9631f4be0a63756515141281a3e2b293bbe,0x9ba712e9a957097a1f0d07999bc7f2e06c1b4e1aab10be80c84610cb1037052b,0x7a250d5630b4cf539739df2c5dacb4c659f2488d,0x0f4ee9631f4be0a63756515141281a3e2b293bbe,2,352000004940,0.0,2.1706164305999997e+20,599734319.0,0.0,1,1.77,1,188,44930.95158736936,89110.11194735476,38.376069411070716
WETH_WBTC,11201279,1604632814,0x96aea3a04627f96a038b348b4d34ac24df08820a,0x54923ca057051cd1f8b9fdc2f56edf98fd966ef5e7f6e923d9dde9df39142164,0xf164fc0ec4e93095b804a4795bbe1e041497b92a,0x96aea3a04627f96a038b348b4d34ac24df08820a,1,623196963735,0.0,1.094464585743708e+20,302495088.0,0.0,0x0f4ee9631f4be0a63756515141281a3e2b293bbe,0x99992049f89163a8d0a300eaec2ca5d169c5d129e7741e1979dec6a275626ccc,0x7a250d5630b4cf539739df2c5dacb4c659f2488d,0x0f4ee9631f4be0a63756515141281a3e2b293bbe,3,352000004940,0.0,2.1707823833999996e+20,599521593.0,0.0,1,1.77,2,188,44930.95158736936,89116.92479202758,38.376069411070716
WETH_WBTC,11451103,1607948645,0x15dd3ed6af21d714ee15d3b7a4a9aec21b92fd95,0xcc6aec803cb16290c58c8845ddf07e9854049a187317f9f11c25ae145ab00af3,0x7a250d5630b4cf539739df2c5dacb4c659f2488d,0x15dd3ed6af21d714ee15d3b7a4a9aec21b92fd95,2,438920000000,0.0,5.762510599908806e+19,175000000.0,0.0,0x0f4ee9631f4be0a63756515141281a3e2b293bbe,0xac34f250ab4217694afe715530a480ebe746ef33093de6467f7e58bc0324db8a,0x7a250d5630b4cf539739df2c5dacb4c659f2488d,0x0f4ee9631f4be0a63756515141281a3e2b293bbe,6,216000000000,0.0,8.955049907307097e+19,271619094.0,0.0,1,2.03,4,209,33988.83915749999,52819.29562987059,38.83302518327511
WETH_WBTC,11626900,1610279031,0x0f4ee9631f4be0a63756515141281a3e2b293bbe,0x5bc2fa429ed2c8d0fdbbd03eb33dddc516523cd1ac39a801ef85de7e5b78dff9,0x7a250d5630b4cf539739df2c5dacb4c659f2488d,0x0f4ee9631f4be0a63756515141281a3e2b293bbe,26,408000000000,0.0,6.872515617825576e+19,223856077.0,0.0,0xe069cb01d06ba617bcdf789bf2ff0d5e5ca20c71,0x07b5527d36f9a82c477b17d0695e56dda3d279e24c56ff1eea464f2185fd2c4d,0xe069cb01d06ba617bcdf789bf2ff0d5e5ca20c71,0xe069cb01d06ba617bcdf789bf2ff0d5e5ca20c71,30,188000000000,0.0,3.7e+19,120400407.0,0.0,1,2.17,4,427,88256.15231639463,47515.026771809346,78.59242266039816
WETH_WBTC,11701535,1611268151,0x1872ab0b3327ef769ac0caecbeea11e497937cc1,0x5ea87b8e3cc3b38eb248e72f23926ae8c3cff99f248542df700021d26dffd3d0,0x1872ab0b3327ef769ac0caecbeea11e497937cc1,0x1872ab0b3327ef769ac0caecbeea11e497937cc1,4,807445380000,3748080.0,0.0,0.0,1.0019530846533683e+18,0x4f92e5038e400383d5827681ef9951e7f3beb33d,0xb12a6c8a7ab5043b1a8fd9f6922cc2ce84b12960857ee7076db737eda6d26b1d,0x7a250d5630b4cf539739df2c5dacb4c659f2488d,0x4f92e5038e400383d5827681ef9951e7f3beb33d,9,228377030011,100717411.0,0.0,0.0,2.707220433578341e+19,0,3.54,5,8,1249.4573171275306,33759.6283860121,151.03529601451004
WETH_WBTC,11751560,1611933741,0xa57bd00134b2850b2a1c55860c9e9ea100fdd6cf,0x5dab456c20993d44aa6aaac08833c26bea5e7e4a423fa24ce97722bb6e21d60a,0xa57bd00134b2850b2a1c55860c9e9ea100fdd6cf,0x56178a0d5f301baf6cf3e1cd53d9863437345bf9,1,608000000001,251673362.0,0.0,0.0,6.707907925990891e+19,0x0000000476fde29330084b2b0b08a9f7d2ac6f2b,0xf82d033a1fc83b712e49d81ee26cd95fff320649aa995fcd4a8d03e9b7277696,0x0000000476fde29330084b2b0b08a9f7d2ac6f2b,0x0000000476fde29330084b2b0b08a9f7d2ac6f2b,6,239195000000,268487759.0,0.0,0.0,7.141330000000001e+19,0,2.54,5,8400,87475.59009921608,93127.70281517474,118.93087837640753
WETH_WBTC,11751560,1611933741,0xa57bd00134b2850b2a1c55860c9e9ea100fdd6cf,0x5f63e440257221511ad5c4ee2159e96c45c652f68f2e91539025596a1aad1b98,0xa57bd00134b2850b2a1c55860c9e9ea100fdd6cf,0x56178a0d5f301baf6cf3e1cd53d9863437345bf9,2,608000000001,71873549.0,0.0,0.0,1.913736290942129e+19,0x0000000476fde29330084b2b0b08a9f7d2ac6f2b,0xf82d033a1fc83b712e49d81ee26cd95fff320649aa995fcd4a8d03e9b7277696,0x0000000476fde29330084b2b0b08a9f7d2ac6f2b,0x0000000476fde29330084b2b0b08a9f7d2ac6f2b,6,239195000000,268487759.0,0.0,0.0,7.141330000000001e+19,0,2.54,4,8400,24956.396717344436,93127.70281517474,118.93087837640753
WETH_WBTC,12251423,1618580666,0xa57bd00134b2850b2a1c55860c9e9ea100fdd6cf,0x9e2a911381de16bfb8195db61c43a08fa1fde755ce8b7f68c0b30b82c8d460ea,0xa57bd00134b2850b2a1c55860c9e9ea100fdd6cf,0x56178a0d5f301baf6cf3e1cd53d9863437345bf9,3,1323910694283,0.0,9.464617925012446e+19,368179165.0,0.0,0x96aea3a04627f96a038b348b4d34ac24df08820a,0x2abab982e815f635f81138b176960cc30476fe6af8655648dd8dd463be869e9c,0xf164fc0ec4e93095b804a4795bbe1e041497b92a,0x96aea3a04627f96a038b348b4d34ac24df08820a,8,784728035247,0.0,1.1764955512544292e+20,456326540.0,0.0,1,1.69,5,8400,235574.82128027958,292830.340769875,494.28306721059494
WETH_WBTC,12503642,1621947777,0x6de2b77d89759c1275b99175494e29299f845cbc,0x87917ac029d7d0f4f273fd008e2ad8d58df35474acf27663de272aa0f7544655,0x7a250d5630b4cf539739df2c5dacb4c659f2488d,0x6de2b77d89759c1275b99175494e29299f845cbc,18,341000000000,350000000.0,0.0,0.0,5.245051690242739e+19,0xa57bd00134b2850b2a1c55860c9e9ea100fdd6cf,0xb6fd23b8445f920e92c56c76b0d995078a4e9e3d95eca9c345fb48aa1ba22aef,0xa57bd00134b2850b2a1c55860c9e9ea100fdd6cf,0x56178a0d5f301baf6cf3e1cd53d9863437345bf9,22,80013797811,2375795.0,0.0,0.0,3.5547423304805485e+17,0,4.26,4,137,133324.20064383512,905.0027693389152,129.8958640558508
WETH_WBTC,12783636,1625705345,0x00000000003b3cc22af3ae1eac0440bcee416b40,0xfd5effd961a82abb0039cccd81269a76b6151f7cbbb80c239b74adb187e7528e,0x00000000003b3cc22af3ae1eac0440bcee416b40,0x00000000003b3cc22af3ae1eac0440bcee416b40,0,3231674583063,0.0,7.3654756583632626e+19,502148660.0,0.0,0x484a8e9d2d135c59d00a3d99a8bdec1dc04cb097,0xeb3f986bfa044e8cde874d70d9c1bd4173f02c1c4360ed4c636372027bab633c,0x7a250d5630b4cf539739df2c5dacb4c659f2488d,0x484a8e9d2d135c59d00a3d99a8bdec1dc04cb097,1,28000000000,0.0,1.3387062492385413e+20,906364412.0,0.0,1,115.42,1,59,172796.21351857865,311892.3755797595,1112.0633703921817
WETH_WBTC,13255737,1632049062,0x0000000061b4f7c843533200f852200dbfee086f,0xb4c4baae7171e10d27a8f995451c62da82f8297eaf40eef3d2c00bae4aae05fe,0x0000000061b4f7c843533200f852200dbfee086f,0x0de0fa91b6dbab8c8503aaa2d1dfa91a192cb149,2,91529563379,0.0,2.978372496696604e+18,21124247.0,0.0,0x16361f8ca082c8481e74e53110e4c09fb6631d55,0xad2ca847e5547a7ed4640981ae66958b515d7db431cdd6bb2dbafe890eb7cc7e,0x7a250d5630b4cf539739df2c5dacb4c659f2488d,0x16361f8ca082c8481e74e53110e4c09fb6631d55,3,33863892005,0.0,1.1e+17,780077.0,0.0,1,2.7,1,2,11130.02051042934,411.00982249043903,48.225431075432525
WETH_WBTC,13255737,1632049062,0x0000000061b4f7c843533200f852200dbfee086f,0xb4c4baae7171e10d27a8f995451c62da82f8297eaf40eef3d2c00bae4aae05fe,0x0000000061b4f7c843533200f852200dbfee086f,0x0de0fa91b6dbab8c8503aaa2d1dfa91a192cb149,2,91529563379,0.0,2.978372496696604e+18,21124247.0,0.0,0x16361f8ca082c8481e74e53110e4c09fb6631d55,0xad2ca847e5547a7ed4640981ae66958b515d7db431cdd6bb2dbafe890eb7cc7e,0x7a250d5630b4cf539739df2c5dacb4c659f2488d,0x16361f8ca082c8481e74e53110e4c09fb6631d55,3,33863892005,0.0,2.4e+17,1701960.0,0.0,1,2.7,1,2,11130.02051042934,896.7349088433931,48.225431075432525
WETH_WBTC,14029767,1642512654,0x7cf09d7a9a74f746edcb06949b9d64bcd9d1604f,0x7799f43d6f0c9db6e28230d71f951ec4bbd63fdb561756250fa28472e3a8f9d2,0x7cf09d7a9a74f746edcb06949b9d64bcd9d1604f,0x4585fe77225b41b697c938b018e2ac67ac5a20c0,2,1814563307904,0.0,1.3711755742710805e+20,1047449861.0,0.0,0xeef86c2e49e11345f1a693675df9a38f7d880c8f,0xee7ef347849d9fe77af0287f7868c277c769264894d1b0b4d5afc8fe79c8c3b6,0xeef86c2e49e11345f1a693675df9a38f7d880c8f,0x9a13867048e01c663ce8ce2fe0cdae69ff9f35e3,3,116817968250,0.0,9.324810928597008e+18,70227233.0,0.0,1,15.53,1,48,503994.0030096461,33790.73843799109,873.100526637009
WETH_WBTC,14984459,1655547701,0xa1006d0051a35b0000f961a8000000009ea8d2db,0x4b372941788edb35dbfdad0274b6fbef978d1752cca8df989672c2cc215fc9e9,0xa1006d0051a35b0000f961a8000000009ea8d2db,0xa1006d0051a35b0000f961a8000000009ea8d2db,1,3247018636022,0.0,4.788412704035492e+19,251274682.0,0.0,0x507888e987257a8dde6f8afa46375cefe2cbf504,0xa38dba52b770ec6cb3bb18daa2983b762336910d39fdd8eec408101592f148e9,0x507888e987257a8dde6f8afa46375cefe2cbf504,0x4585fe77225b41b697c938b018e2ac67ac5a20c0,4,224302531043,0.0,1.35696410408871e+19,70393481.0,0.0,1,14.48,3,132,52962.80788945053,15008.86276931864,538.7105337270785
WETH_WBTC,15119185,1657513408,0x00000000003b3cc22af3ae1eac0440bcee416b40,0x9c4d08b68a85cd613f45fb368d2f350901ed6b6567dd4d5e920c5fa2a9b2fb99,0x00000000003b3cc22af3ae1eac0440bcee416b40,0x4585fe77225b41b697c938b018e2ac67ac5a20c0,2,1581202987563,0.0,4.383202802825214e+19,247970293.0,0.0,0xa57bd00134b2850b2a1c55860c9e9ea100fdd6cf,0xfa78b0905cdfc1db87c822f0fcf424c06c61a3ae377245b76d5b2646f2bad1e4,0xa57bd00134b2850b2a1c55860c9e9ea100fdd6cf,0x56178a0d5f301baf6cf3e1cd53d9863437345bf9,6,236893948573,0.0,6.316523457224899e+18,35408946.0,0.0,1,6.67,4,59,55074.19685317681,7936.604167315437,298.01319441258516
WETH_WBTC,15259101,1659389551,0xf57113d8f6ff35747737f026fe0b37d4d7f42777,0x61497a1a8a8659a06358e130ea590e1eed8956edbd99dbb2048cfb46850a8f17,0xf57113d8f6ff35747737f026fe0b37d4d7f42777,0xf57113d8f6ff35747737f026fe0b37d4d7f42777,0,86247000005,10000000000.0,0.0,0.0,1.0841165335105352e+21,0x000000000000660def84e69995117c0176ba446e,0x40163166dfeaab8ee80e7b0acc62768cef84b7047b42b09827b29a8d77f383a9,0x000000000000660def84e69995117c0176ba446e,0x000000000000660def84e69995117c0176ba446e,1,22785434340,10000000000.0,0.0,0.0,6.761902381295516e+20,0,3.79,1,1,2543717.4402880594,2543717.4402880594,21.938799808524283
WETH_WBTC,15742323,1665701939,0x46c4128981525aa446e02ffb2ff762f1d6a49170,0xa553ef40075a93f8a6a59c914ab0385884d00d374ec3bdc650b91a99e6f80f8b,0x46c4128981525aa446e02ffb2ff762f1d6a49170,0x46c4128981525aa446e02ffb2ff762f1d6a49170,2,7133680472917,1016934240.0,0.0,0.0,1.6089074581810404e+20,0xb9aa14b6774dbc9f84b15e7ff659c0dba0d9ddf5,0x4b900bd87c6a6f5b78a9fd8d92dbebb5354fa0ec0f2dcc0f1be2a70c4fa913a1,0xb9aa14b6774dbc9f84b15e7ff659c0dba0d9ddf5,0xb9aa14b6774dbc9f84b15e7ff659c0dba0d9ddf5,4,67298753317,33923736.0,0.0,0.0,5.108321659680484e+18,0,106.0,2,3,206222.38328298525,6547.612554586504,1371.5436968333395
WETH_WBTC,15927876,1667941391,0xa1006d0051a35b0000f961a8000000009ea8d2db,0x95c8a768017a08ee3a06bd27e0d5a50cf8cb6dba9e3284c13c54f53ca3a52809,0xa1006d0051a35b0000f961a8000000009ea8d2db,0xa1006d0051a35b0000f961a8000000009ea8d2db,0,10264290804599,494293259.0,0.0,0.0,7.014538530875214e+19,0xa57bd00134b2850b2a1c55860c9e9ea100fdd6cf,0xc7e7c9306471a35fae2be7b5af5ffc578aa01da067dc8bffc0f01e5bc7a0c272,0xa57bd00134b2850b2a1c55860c9e9ea100fdd6cf,0x56178a0d5f301baf6cf3e1cd53d9863437345bf9,4,405822995547,5687439.0,0.0,0.0,7.890642474901864e+17,0,25.29,4,132,110165.43855519213,1267.585993299786,2287.6502508537646
WETH_WBTC,16210222,1671350219,0xb9aa14b6774dbc9f84b15e7ff659c0dba0d9ddf5,0x6c4a6830fd555f9ba5c3da727aec12b1781e69c9596a01662eb333401695c5d2,0xb9aa14b6774dbc9f84b15e7ff659c0dba0d9ddf5,0x4585fe77225b41b697c938b018e2ac67ac5a20c0,1,225496870870,0.0,9.905937536067121e+18,70574162.0,0.0,0xa57bd00134b2850b2a1c55860c9e9ea100fdd6cf,0x9da50a277bb28a134109cb8c6a679285bdf8c2ef4d8e7c383e63f6106b7fdc6c,0xa57bd00134b2850b2a1c55860c9e9ea100fdd6cf,0x56178a0d5f301baf6cf3e1cd53d9863437345bf9,5,27145053599,0.0,1.0387245394146122e+18,7375937.0,0.0,1,8.31,4,50,12670.253714625698,1324.2097465230283,40.48369098278615
WETH_WBTC,16389173,1673507795,0x000000000035b5e5ad9019092c665357240f594e,0x40d0ce40f15f170101648ab2f8c66c37824e5d74f1e0a35b278839a5619cec12,0x000000000035b5e5ad9019092c665357240f594e,0x000000000035b5e5ad9019092c665357240f594e,2,1490029376412,0.0,2.634042567365711e+19,205145673.0,0.0,0xa57bd00134b2850b2a1c55860c9e9ea100fdd6cf,0x67630df6491c5de5f4dd20af230f707fd92263b59adb8920ab4f1334c0bf91dd,0xa57bd00134b2850b2a1c55860c9e9ea100fdd6cf,0x56178a0d5f301baf6cf3e1cd53d9863437345bf9,3,82036429808,0.0,6.872538987009725e+17,5306804.0,0.0,1,18.16,1,60,40788.034823009926,1055.1239184600709,296.25470137213387
WETH_WBTC,16398884,1673625143,0xb9aa14b6774dbc9f84b15e7ff659c0dba0d9ddf5,0x6e1ef8b7f5b27105eb54929112a64187478e54e2252f50cfebcfc90b568b9a98,0xb9aa14b6774dbc9f84b15e7ff659c0dba0d9ddf5,0x4585fe77225b41b697c938b018e2ac67ac5a20c0,1,220330311218,0.0,9.41926851456587e+18,69931086.0,0.0,0xa57bd00134b2850b2a1c55860c9e9ea100fdd6cf,0xada6fb323cadc6841190712a7ee9dae67d1911297f01621a55c83ebbe08a9c81,0xa57bd00134b2850b2a1c55860c9e9ea100fdd6cf,0x56178a0d5f301baf6cf3e1cd53d9863437345bf9,3,79034544263,0.0,1.831984190274956e+18,13553840.0,0.0,1,2.79,2,50,14916.107224745558,2890.9965840805808,46.99584598170329
WETH_WBTC,16780456,1678241051,0xc11ce44147c9f6149fbe54adb0588523c38718d7,0x9777555ecf34e49d0fb78f5d6cf2004a54809ac8c0bcf78f1cadb8aa1cafe892,0xc11ce44147c9f6149fbe54adb0588523c38718d7,0xc11ce44147c9f6149fbe54adb0588523c38718d7,3,128228352400,45377936.0,0.0,0.0,6.454909747121525e+18,0xa57bd00134b2850b2a1c55860c9e9ea100fdd6cf,0x02fa274b1d8541d827dc97d153343dad4c23486c1b1a439d00e6fb0a98fa103b,0xa57bd00134b2850b2a1c55860c9e9ea100fdd6cf,0x56178a0d5f301baf6cf3e1cd53d9863437345bf9,4,30267332438,6919106.0,0.0,0.0,9.814461196807848e+17,0,4.24,1,37,10746.46644772234,1638.5923872173103,30.36721826028659
WETH_WBTC,16831821,1678865315,0xc11ce44147c9f6149fbe54adb0588523c38718d7,0x9ef36b5038ab6b5c2cba427672188c5262c03419f2c91eb7822031f9936c5687,0xc11ce44147c9f6149fbe54adb0588523c38718d7,0x4585fe77225b41b697c938b018e2ac67ac5a20c0,2,91959567749,0.0,5.419739607670984e+18,37331109.0,0.0,0xa69babef1ca67a37ffaf7a485dfff3382056e78c,0x30b4beda132273386618da309198f9f900bfed7cc0da4892804b0a00200847a9,0xa69babef1ca67a37ffaf7a485dfff3382056e78c,0xa69babef1ca67a37ffaf7a485dfff3382056e78c,5,21981994123,0.0,6.297273396418833e+17,4327537.0,0.0,1,4.18,3,37,9388.274071748045,1088.3176123064095,23.126600003956337
WETH_WBTC,16867342,1679296631,0x4870525eae23fceb31df613d179ef6275e1b93a9,0xf9b6884cb0f2c4f173323569b12e1dd2934541bdd8546bfc43ed1b1cb8a48954,0x4870525eae23fceb31df613d179ef6275e1b93a9,0x4585fe77225b41b697c938b018e2ac67ac5a20c0,6,39838639436,0.0,2.38101396580729e+18,15135940.0,0.0,0xa69babef1ca67a37ffaf7a485dfff3382056e78c,0xc8c6bec1521d9f1eecb8478f3665c121de005e7b5eb4ea656b2146c448e776d9,0xa69babef1ca67a37ffaf7a485dfff3382056e78c,0xa69babef1ca67a37ffaf7a485dfff3382056e78c,8,15424616292,0.0,1.3791901538172964e+18,8755333.0,0.0,1,2.58,2,34,4154.602366492961,2406.53215780293,10.427093754312406
WETH_WBTC,17312889,1684734875,0x006a3d00df1b5c6a006b11d8000000d557622100,0xa79a178583f4e122069eb1dff1f91be1e5705bf2711124f0c7bca9e3b91709ce,0x006a3d00df1b5c6a006b11d8000000d557622100,0x006a3d00df1b5c6a006b11d8000000d557622100,0,508868556402,76835897.0,0.0,0.0,1.1475154664767523e+19,0xdef1c0ded9bec7f1a1670819833240f027b25eff,0xead0d527156face74ce6b536ff5c0073ef344e72af185196dd2907d9cd607de1,0xdef1c0ded9bec7f1a1670819833240f027b25eff,0xd1742b3c4fbb096990c8950fa635aec75b30781a,3,40375593090,5554117.0,0.0,0.0,8.254869653404147e+17,0,12.6,3,1,20926.018326947513,1512.6465450388473,138.5887736467185
WETH_WBTC,18286368,1696533827,0x429cf888dae41d589d57f6dc685707bec755fe63,0x873b10036ca7a9e982e819a54d2eecd1c8c3249dcaf2c5df9cd5ae1be8ce2110,0x429cf888dae41d589d57f6dc685707bec755fe63,0x429cf888dae41d589d57f6dc685707bec755fe63,5,72797026544,57709291.0,0.0,0.0,9.921976135728497e+18,0xa69babef1ca67a37ffaf7a485dfff3382056e78c,0xea714dfeb157139714ffb84b5ebf2aaf3cb29339835c34e4ad72dcfec8a83c2e,0xa69babef1ca67a37ffaf7a485dfff3382056e78c,0xa69babef1ca67a37ffaf7a485dfff3382056e78c,6,16216366725,37309655.0,0.0,0.0,6.361762393679587e+18,0,4.49,1,10,16247.710470212478,10417.69018981848,17.88129190494835
WETH_WBTC,18625906,1700639459,0x000000000005af2ddc1a93a03e9b7014064d3b8d,0x006eb0e0b68a773eff35b2e46a1e7536f4be9cbee905a75a08e0757781a908f9,0x000000000005af2ddc1a93a03e9b7014064d3b8d,0x000000000005af2ddc1a93a03e9b7014064d3b8d,4,1219475866499,26221892.0,0.0,0.0,4.941344949693262e+18,0xa69babef1ca67a37ffaf7a485dfff3382056e78c,0x29c90e2b0f818354b2ee0eeba0576ddb499bffa82b93f159d5e94fc0b497f642,0xa69babef1ca67a37ffaf7a485dfff3382056e78c,0xa69babef1ca67a37ffaf7a485dfff3382056e78c,5,21889163310,153589576.0,0.0,0.0,2.846564210774604e+19,0,55.71,1,6,9722.587186272138,56008.97934133506,359.91599112081684
WETH_WBTC,18625910,1700639507,0x000000000005af2ddc1a93a03e9b7014064d3b8d,0xacf6f36507d9233eda6b1540be057232536319db1529af3dfe29f67bfb8f3d00,0x000000000005af2ddc1a93a03e9b7014064d3b8d,0x000000000005af2ddc1a93a03e9b7014064d3b8d,4,1082970238970,25699245.0,0.0,0.0,4.836464179516191e+18,0xa69babef1ca67a37ffaf7a485dfff3382056e78c,0xdb6116e4e72821306937f4107663d2e3bf52e2fe2c5f22eececa0b6d060370e0,0xa69babef1ca67a37ffaf7a485dfff3382056e78c,0xa69babef1ca67a37ffaf7a485dfff3382056e78c,5,24005718861,147355463.0,0.0,0.0,2.7291422342073565e+19,0,45.11,1,6,9516.223849449589,53698.58527578751,319.6277332098848
WETH_WBTC,18722531,1701808187,0x6b75d8af000000e20b7a7ddf000ba900b4009a80,0xfa691ddfae2dc9817055764e9f29e3ff6269fac153651b215a77fad643caa8a3,0x6b75d8af000000e20b7a7ddf000ba900b4009a80,0x6b75d8af000000e20b7a7ddf000ba900b4009a80,3,46333255448528,0.0,7.617758140276146e+18,46838641.0,0.0,0x51c72848c68a965f66fa7a88855f9f7784502a7f,0xb9801a12bb0d409864ee88b6ef8fd1fe0e712cdeae31d2cc048f9e39b8f807cc,0x51c72848c68a965f66fa7a88855f9f7784502a7f,0x51c72848c68a965f66fa7a88855f9f7784502a7f,4,69966312208,0.0,3.6201202094650967e+18,18854498.0,0.0,1,662.22,1,275,16006.147834653515,7606.460875353375,14603.054915504725
WETH_WBTC,18722531,1701808187,0x6b75d8af000000e20b7a7ddf000ba900b4009a80,0xfa691ddfae2dc9817055764e9f29e3ff6269fac153651b215a77fad643caa8a3,0x6b75d8af000000e20b7a7ddf000ba900b4009a80,0x6b75d8af000000e20b7a7ddf000ba900b4009a80,3,46333255448528,0.0,1.568580165688728e+20,886735159.0,0.0,0x51c72848c68a965f66fa7a88855f9f7784502a7f,0xb9801a12bb0d409864ee88b6ef8fd1fe0e712cdeae31d2cc048f9e39b8f807cc,0x51c72848c68a965f66fa7a88855f9f7784502a7f,0x51c72848c68a965f66fa7a88855f9f7784502a7f,4,69966312208,0.0,3.6201202094650967e+18,18854498.0,0.0,1,662.22,1,275,329584.1842204897,7606.460875353375,14603.054915504725
WETH_WBTC,18868890,1703581871,0x6b75d8af000000e20b7a7ddf000ba900b4009a80,0x1d912a3d99540421433c08af55e837a80131e85753f3e958230c756e2a8eb9f8,0x6b75d8af000000e20b7a7ddf000ba900b4009a80,0x6b75d8af000000e20b7a7ddf000ba900b4009a80,3,9745786972431,0.0,9.496609392563742e+19,526693175.0,0.0,0x525145f821d8d2abb494c454e9445e14c817f7cb,0x0e23822784e49abaa5c5153810c34048ef1d74e3856fd349d6e80fc6b826168b,0x525145f821d8d2abb494c454e9445e14c817f7cb,0x525145f821d8d2abb494c454e9445e14c817f7cb,5,13944467091,0.0,7.581246510757062e+18,39907059.0,0.0,1,698.9,2,275,217563.7039402907,17368.346987676112,3349.084010755613
WETH_WBTC,19238442,1708061951,0x429cf888dae41d589d57f6dc685707bec755fe63,0x8e6069c3e64f6fc3719a94bcba3b2106980a32c263f38fb25a1d386a0460cb59,0x429cf888dae41d589d57f6dc685707bec755fe63,0x429cf888dae41d589d57f6dc685707bec755fe63,5,723989394708,164747333.0,0.0,0.0,3.082551986872333e+19,0xa69babef1ca67a37ffaf7a485dfff3382056e78c,0x732afcf223323c548f23eb80c35b8972465a3662c7529c7691d915af17bed29d,0xa69babef1ca67a37ffaf7a485dfff3382056e78c,0xa69babef1ca67a37ffaf7a485dfff3382056e78c,6,18157188701,29899313.0,0.0,0.0,5.492047353308306e+18,0,39.87,1,10,81615.80783904096,14541.129665920815,287.5327629556647
WETH_WBTC,19610895,1712578643,0x6b75d8af000000e20b7a7ddf000ba900b4009a80,0x5ea7f7932c186ae8842a5d4fda193abae0e392a0e6aa7adbe8ea5c22a75cf54a,0x6b75d8af000000e20b7a7ddf000ba900b4009a80,0x6b75d8af000000e20b7a7ddf000ba900b4009a80,3,739738805381,0.0,4.867839591985866e+19,251710453.0,0.0,0xa69babef1ca67a37ffaf7a485dfff3382056e78c,0x5d2505beb88131b7042a0d6bd0006a44ea5730702eccb9c2fdba6ab48ce3e66d,0xa69babef1ca67a37ffaf7a485dfff3382056e78c,0xa69babef1ca67a37ffaf7a485dfff3382056e78c,5,21815840294,0.0,4.358975009895707e+18,21939238.0,0.0,1,33.91,2,275,163233.34103764166,14616.957706171868,372.08509365118675
WETH_WBTC,19774268,1714554275,0x6b75d8af000000e20b7a7ddf000ba900b4009a80,0xb60b7e37af1413df0fe7a5e352e157a5499169a91e2fed5956f928886a372647,0x6b75d8af000000e20b7a7ddf000ba900b4009a80,0x6b75d8af000000e20b7a7ddf000ba900b4009a80,4,3808139616848,0.0,3.126100403714366e+19,161043101.0,0.0,0xa69babef1ca67a37ffaf7a485dfff3382056e78c,0xe696f20d03d46c65f774e85e0765b38f89a3174db2a653036a163ce3db6180a5,0xa69babef1ca67a37ffaf7a485dfff3382056e78c,0xa69babef1ca67a37ffaf7a485dfff3382056e78c,5,17151851722,0.0,9.787612126855895e+18,49382559.0,0.0,1,222.02,1,275,89393.56168847429,27988.52869233999,1633.4559984983578
WETH_WBTC,19961324,1716814259,0x6b75d8af000000e20b7a7ddf000ba900b4009a80,0x7b825315e9deac9c3226cb991c6329449acfb9c4a91e1e75edecf02e78813f0d,0x6b75d8af000000e20b7a7ddf000ba900b4009a80,0x6b75d8af000000e20b7a7ddf000ba900b4009a80,6,482885303208,27947395.0,0.0,0.0,4.999705948202205e+18,0x8ce45e650ab17b6ca0dd6071f7c2b5c69b5b42b2,0xf467b31812dd3e7f4d1c69ba1f7e81ba8e3e6d72dfeafab6d0af79a4e7540fbe,0x8ce45e650ab17b6ca0dd6071f7c2b5c69b5b42b2,0x8ce45e650ab17b6ca0dd6071f7c2b5c69b5b42b2,7,14133163970,68374385.0,0.0,0.0,1.2120907942086756e+19,0,34.17,1,275,18770.485885421702,45505.74249816537,271.93574568328086
WETH_WBTC,20602589,1724552447,0x031f1ad10547b8deb43a36e5491c06a93812023a,0x851ba8c809d283b2c43a2e220a321961a438b04d1447ebdc5e89379e6e0f9e25,0x031f1ad10547b8deb43a36e5491c06a93812023a,0x50f9bde1c76bba997a5d6e7fefff695ec8536194,14,1317618603,10778.0,0.0,0.0,2500027074099027.0,0x00000000009e50a7ddb7a7b0e2ee6604fd120e49,0x6d6f4849f9ce9bb4f50276b1de027c08a88ec3f284d8f1b80e40570cab2ee770,0x00000000009e50a7ddb7a7b0e2ee6604fd120e49,0x00000000009e50a7ddb7a7b0e2ee6604fd120e49,15,860273799,32228.0,0.0,0.0,7475458710962176.0,0,1.53,1,576,7.02463033977089,21.004706152494034,0.5553410027498993
WETH_WBTC,20850026,1727537255,0x1f2f10d1c40777ae1da742455c65828ff36df387,0x5ca723600b6831e62fb5624b986c03c195be68545a19ad8b36e07244a422749d,0x1f2f10d1c40777ae1da742455c65828ff36df387,0x1f2f10d1c40777ae1da742455c65828ff36df387,98,331255824353,0.0,5.481987544130257e+18,22581750.0,0.0,0x63df7c7e3a6e7c2047aad84fd5ae81647ae1cfeb,0xad26ffa5a8cbc04b29af604938e5dbe662b2bca6a2304fcbfde769b600b5a4ac,0x63df7c7e3a6e7c2047aad84fd5ae81647ae1cfeb,0x63df7c7e3a6e7c2047aad84fd5ae81647ae1cfeb,99,7901113881,0.0,7.44010132350858e+18,30466088.0,0.0,1,41.93,1,107,14634.861066611707,19862.294161475893,132.64941577903272
WETH_WBTC,20945072,1728682283,0x1f2f10d1c40777ae1da742455c65828ff36df387,0x638a8ab9665c85da5c3f389dd9680ddba7525c2b40db6b657ffd207caebae3ab,0x1f2f10d1c40777ae1da742455c65828ff36df387,0x1f2f10d1c40777ae1da742455c65828ff36df387,3,132522407257,42876474.0,0.0,0.0,1.108294762954018e+19,0xa69babef1ca67a37ffaf7a485dfff3382056e78c,0xd35bba902ea0121049530472b475a0fc769607a1485a36cec9b204a777df5710,0xa69babef1ca67a37ffaf7a485dfff3382056e78c,0xa69babef1ca67a37ffaf7a485dfff3382056e78c,4,10689322206,19590854.0,0.0,0.0,5.027318356791148e+18,0,12.4,1,107,26977.63045412003,12237.280310089534,48.38704444033454
WETH_WBTC,21280331,1732725515,0x828ae1566824a9835acb6f565e1e9ea22bfb883a,0x7a9086d2c1db66c6f6fb200a7e0b7bb208596dabfae0008933924f59f51c1178,0x828ae1566824a9835acb6f565e1e9ea22bfb883a,0x56534741cd8b152df6d48adf7ac51f75169a83b2,4,219637325837,0.0,3.8959277617180406e+18,14365645.0,0.0,0x6aa7a8539543210563af6cf575cc5079b194d0c8,0xb353b772df6838edc48ed58c2e4ad6c60848b9808d3fbda28b867093ee84227e,0x6aa7a8539543210563af6cf575cc5079b194d0c8,0xad3b67bca8935cb510c8d18bd45f0b94f54a968f,9,52475273304,0.0,3.8148659999982945e+18,14017378.0,0.0,1,4.19,5,17,12929.98359707513,12660.952107403946,109.34136336984479
WETH_WBTC,21369116,1733797607,0x00000000009e50a7ddb7a7b0e2ee6604fd120e49,0xf2778acbfb5e5f2a9b948d809a625fe2c1d7d5b5c5baee232049f55122614d31,0x00000000009e50a7ddb7a7b0e2ee6604fd120e49,0x56534741cd8b152df6d48adf7ac51f75169a83b2,8,102102690711,0.0,9.67699996289794e+17,3707662.0,0.0,0xdb966ba2f88845684abe30b65975117f4454037f,0x1de5482028d05a5a1fb6282a0dcdd31c630eaeb9116ee7a6d57bc62ec1b7896c,0xdb966ba2f88845684abe30b65975117f4454037f,0xdb966ba2f88845684abe30b65975117f4454037f,10,23643609132,0.0,2.1521769592482106e+17,824128.0,0.0,1,4.32,2,505,3867.0813871063774,860.043762816715,61.20276165172361
WETH_WBTC,21779998,1738754939,0x51c72848c68a965f66fa7a88855f9f7784502a7f,0xc29ce2d734e89bb4feb9c66550111c2e329764840d367215faa726cee504f2a8,0x51c72848c68a965f66fa7a88855f9f7784502a7f,0x51c72848c68a965f66fa7a88855f9f7784502a7f,14,10842059196,0.0,4.775889387188024e+18,13630872.0,0.0,0x66a9893cc07d91d95644aedd05d03f95e1dba8af,0x4c83fa2861a271b59c1cb61f333adc2041496ea2909855e8261bd358142be633,0x66a9893cc07d91d95644aedd05d03f95e1dba8af,0x66a9893cc07d91d95644aedd05d03f95e1dba8af,18,3356645205,0.0,4.1275e+18,11775344.0,0.0,1,3.23,4,8692,13413.40586501061,11592.360756166661,4.567597633182784
WETH_WBTC,22329019,1745378867,0x00000000009e50a7ddb7a7b0e2ee6604fd120e49,0x313c3142e06940bd6cad6ba2be79c929722be407892d9e53996efcb373efb7a1,0x00000000009e50a7ddb7a7b0e2ee6604fd120e49,0x004375dff511095cc5a197a54140a24efef3a416,0,2973092664,0.0,3.279999994911785e+17,630710.0,0.0,0x01cd6ece857ccc90d66edfb3e57fdc5adaad1412,0xf69e41ae617c5773235bb0726c17b196069a15c24a8ce921dfd304877e0c9c9f,0x01cd6ece857ccc90d66edfb3e57fdc5adaad1412,0x004375dff511095cc5a197a54140a24efef3a416,2,636502213,0.0,1.822571081042744e+18,3502025.0,0.0,1,4.67,2,505,537.1156146263384,2984.5469143691007,0.7302871170926781
WETH_WBTC,22503994,1747499879,0xfbd4cdb413e45a52e2c8312f670e9ce67e794c37,0x083a8683725cdfe16b4ddb76b8cc416214550f5bdf162b658cbb2ab65fbff686,0xfbd4cdb413e45a52e2c8312f670e9ce67e794c37,0xfbd4cdb413e45a52e2c8312f670e9ce67e794c37,0,20509446466,0.0,4.354560178894882e+17,1041651.0,0.0,0x06cff7088619c7178f5e14f0b119458d08d2f5ef,0x3e96e463160dea9a3f0c8eab9aaad3ca7da79d7de3e4e299d58cbd9bf88a0633,0x06cff7088619c7178f5e14f0b119458d08d2f5ef,0x06cff7088619c7178f5e14f0b119458d08d2f5ef,5,738446115,0.0,2.3994140625000006e+17,573813.0,0.0,1,27.77,5,5187,1086.6056811552908,598.7325572839062,7.676670018932309
WETH_WBTC,22512718,1747605719,0xfbd4cdb413e45a52e2c8312f670e9ce67e794c37,0x6c43ad120cd97f0a44f4b12cc5c063e9cabb3648cfe16bcf228dec6d5895f3fb,0xfbd4cdb413e45a52e2c8312f670e9ce67e794c37,0xfbd4cdb413e45a52e2c8312f670e9ce67e794c37,0,33396590213,0.0,4.432334283629821e+17,1018887.0,0.0,0x00c600b30fb0400701010f4b080409018b9006e0,0x712cd00243f4927c9f3c9ea5ce494c07e5a402849cc7cb6e975589d69ede89d6,0x00c600b30fb0400701010f4b080409018b9006e0,0x00c600b30fb0400701010f4b080409018b9006e0,3,727925799,0.0,2.2415641756699978e+18,5147617.0,0.0,1,45.88,3,5187,1106.0128728302025,5593.438298917566,12.500317999694241
WETH_WBTC,22515845,1747643591,0xfbd4cdb413e45a52e2c8312f670e9ce67e794c37,0x5934125f57b79a5003dac108f3af9ee645a3d7ec2066daf9174e5d70dc760837,0xfbd4cdb413e45a52e2c8312f670e9ce67e794c37,0xfbd4cdb413e45a52e2c8312f670e9ce67e794c37,3,8615967317,0.0,5.31646306801659e+17,1238155.0,0.0,0x00c600b30fb0400701010f4b080409018b9006e0,0x87e9e5f348b52ff3b0de033133f42979affc5c489689bba5159efba58921d278,0x00c600b30fb0400701010f4b080409018b9006e0,0x00c600b30fb0400701010f4b080409018b9006e0,7,1213158118,0.0,4.2013442671031795e+17,978101.0,0.0,1,7.1,4,5187,1326.6320216121571,1048.3732826221046,3.2249499320307273
WETH_WBTC,22532703,1747847867,0xfbd4cdb413e45a52e2c8312f670e9ce67e794c37,0x6c0c23b00327aa6176a8fbcb85d5a6f071db35d2e46fed4200cfa3edcde8bdf5,0xfbd4cdb413e45a52e2c8312f670e9ce67e794c37,0xfbd4cdb413e45a52e2c8312f670e9ce67e794c37,0,97416030129,0.0,2.3352776626055654e+18,5492594.0,0.0,0x00c600b30fb0400701010f4b080409018b9006e0,0x04db17f1e5a2c23ab476272cf7f18d0835c8780350b3ef4fe9043022d00a29da,0x00c600b30fb0400701010f4b080409018b9006e0,0x6a000f20005980200259b80c5102003040001068,2,9881951441,0.0,1.5630923111846436e+18,3670951.0,0.0,1,9.86,2,5187,5781.370154677705,3869.6962599326826,36.17544959599802
WETH_WBTC,22693183,1749788051,0x00000000009e50a7ddb7a7b0e2ee6604fd120e49,0xc1fb4e3abf1242147e87d2522745be83a08df936fa814bf9b25a53a1e7af8bc2,0x00000000009e50a7ddb7a7b0e2ee6604fd120e49,0x9a772018fbd77fcd2d25657e5c547baff3fd7d16,2,707510286563,0.0,1.0963999999909691e+19,26638063.0,0.0,0x872fb7e39cd7308672534d05e4232ffbcbae37d5,0x796c7e053acea6afc80fd309a2a08efbb3d301062497d51e69fa3383ac9f9dae,0x872fb7e39cd7308672534d05e4232ffbcbae37d5,0x872fb7e39cd7308672534d05e4232ffbcbae37d5,4,1638490738,0.0,3.3953e+18,8203451.0,0.0,1,431.81,2,505,30279.178318676455,9376.768893309829,293.0887011489704
WETH_WBTC,22755500,1750541111,0x6d45f93e64216f26b288bcf1e0963b606024023b,0x0527122a7d719555ce916984a0928e849e9d9e0500fa0f10f253e9ccea0fd9e4,0x6d45f93e64216f26b288bcf1e0963b606024023b,0x6d45f93e64216f26b288bcf1e0963b606024023b,12,5985940840,0.0,5.155367024831555e+18,11883928.0,0.0,0xc9f47edc00e3fd9d9bbb60fa31901ea233d09edf,0xc631259a271739fdc5599421c99b35dd3e31d43954595544f2dbe76ace43e189,0xc9f47edc00e3fd9d9bbb60fa31901ea233d09edf,0xc9f47edc00e3fd9d9bbb60fa31901ea233d09edf,17,1136940842,0.0,1.6834504562562678e+18,3870619.0,0.0,1,5.26,5,7,12429.402449708523,4058.7378404233523,2.1647828578103208
WETH_WBTC,22780587,1750844051,0x3face0002c61054a67266aa0c8795e315e6d92f2,0x3f904a8239fbf4425a906ce63a966363c9acdf79441bc01c6025c1ac061b31cb,0x3face0002c61054a67266aa0c8795e315e6d92f2,0x56534741cd8b152df6d48adf7ac51f75169a83b2,1,97558448414,0.0,9.109017391783068e+18,20959583.0,0.0,0x13b69707b5f9a12fd4f88ee3027f5da0d7cd150d,0x7e70007ed54209d45c7f84688ce3f7406243f96974595d84ae3eddaea8f85f89,0x13b69707b5f9a12fd4f88ee3027f5da0d7cd150d,0x4585fe77225b41b697c938b018e2ac67ac5a20c0,6,5116947859,0.0,3.026675388086982e+18,6932537.0,0.0,1,19.07,5,2,22056.878459391573,7328.892711445188,35.43469202225122
WETH_WBTC,22829800,1751438315,0x6e4141d33021b52c91c28608403db4a0ffb50ec6,0x447a79f45481b50f3f106c374d08f9010019780e7c8d6742afc9af4482917e88,0x6e4141d33021b52c91c28608403db4a0ffb50ec6,0x6e4141d33021b52c91c28608403db4a0ffb50ec6,0,2352775104,467922.0,0.0,0.0,2.043245092350615e+17,0x5141b82f5ffda4c6fe1e372978f1c5427640a190,0x9f0b75e188da3b561404d82cbc72d1edf51dd9f4997cfc3fba18c2b80a175d60,0x5141b82f5ffda4c6fe1e372978f1c5427640a190,0x5141b82f5ffda4c6fe1e372978f1c5427640a190,4,1352775108,370433.0,0.0,0.0,1.6173237123998947e+17,0,1.74,4,91,495.1587832654182,391.9412529492181,0.8552551493860856
WETH_WBTC,22877816,1752018035,0x00000000009e50a7ddb7a7b0e2ee6604fd120e49,0xa00165228e631efded4167aa9e4c5b7a282d6fc6c4e78b1be4202a22e6f6ce02,0x00000000009e50a7ddb7a7b0e2ee6604fd120e49,0x00000000009e50a7ddb7a7b0e2ee6604fd120e49,8,1080171697,5219206.0,0.0,0.0,2.175247476242514e+18,0xa69babef1ca67a37ffaf7a485dfff3382056e78c,0x3ec350242e6566012cc0ad569406aa8537221fd64b52bf15e8e321e40cf68c02,0xa69babef1ca67a37ffaf7a485dfff3382056e78c,0xa69babef1ca67a37ffaf7a485dfff3382056e78c,9,540501154,1699632.0,0.0,0.0,7.075825225939555e+17,0,2.0,1,505,5582.357432702683,1815.8754796378425,0.4158081712908577
WETH_WBTC,23129141,1755052091,0xfbd4cdb413e45a52e2c8312f670e9ce67e794c37,0xb0b6c74807ede7c3ddc650b3980be180426337f75d84d2ecd8b14923e5084110,0xfbd4cdb413e45a52e2c8312f670e9ce67e794c37,0xfbd4cdb413e45a52e2c8312f670e9ce67e794c37,2,8515451667,2555278.0,0.0,0.0,6.621250195389005e+17,0xdf31a70a21a1931e02033dbba7deace6c45cfd0f,0x5cf0fe28e264edaa2052589676cc0d288ed07b54b573761ec1fb8e8a2df4ce2b,0xdf31a70a21a1931e02033dbba7deace6c45cfd0f,0xdf31a70a21a1931e02033dbba7deace6c45cfd0f,4,3543469079,1243235.0,0.0,0.0,3.2199319317725965e+17,0,2.4,2,5187,2919.1409400990956,1419.5861580514597,5.631369345146994
WETH_WBTC,23289194,1756982159,0xa9ae72d5966eff49bc1328fe145862f0f3160faa,0x70986a66bc706a8709bece515f55308e9178931fc3822b4f73cdcef2e0f1395e,0xa9ae72d5966eff49bc1328fe145862f0f3160faa,0xa9ae72d5966eff49bc1328fe145862f0f3160faa,8,5254431611,0.0,7.263293860379961e+18,29113307.0,0.0,0xebeca48463abeecce7aeb15aae073da8a01b170d,0xa50bb482c18465df121bdca7dfade489bc102e856cd4ac89455eb660fab4cfc2,0xebeca48463abeecce7aeb15aae073da8a01b170d,0x56534741cd8b152df6d48adf7ac51f75169a83b2,13,781842705,0.0,1.2825907349037197e+18,5133849.0,0.0,1,6.72,5,1,31704.90641517091,5598.619579596695,3.4404073212650363
WETH_WBTC,23354563,1757771519,0x782ffae1f86962c6c574a5f9216e7af24b8573d4,0x51aeed6c854f499dea2f2f6338900a02f445e9ff9fd202f40f9271efeb442a47,0x782ffae1f86962c6c574a5f9216e7af24b8573d4,0x4585fe77225b41b697c938b018e2ac67ac5a20c0,18,959515256,0.0,1.4567230334378952e+18,5895590.0,0.0,0xfb7dba245114aa6438e8cbcaa2ba2d5e734cb8de,0x3f68efc06627e559fb83a133eb3923aa3aa2c7dbd67359acbd0003ce4efff31d,0xfb7dba245114aa6438e8cbcaa2ba2d5e734cb8de,0x000000000004444c5dc75cb358380d2e3de08a90,22,419542209,0.0,2.5503935508750633e+18,10301268.0,0.0,1,2.29,4,18,6895.486934672657,12072.442739392,0.6812885592691322
WETH_WBTC,23362836,1757871167,0x72ed24bdd9253595bdd01469a15a8852bee7e0da,0xc158eff330ed1923fdb018c69e65977f0a88372b1ff3fb4bd5b86f0b0ff96543,0x7a250d5630b4cf539739df2c5dacb4c659f2488d,0x72ed24bdd9253595bdd01469a15a8852bee7e0da,20,559392485,79.0,0.0,0.0,19774054913972.0,0x00000000009e50a7ddb7a7b0e2ee6604fd120e49,0x091ccd6f189ed5cedfbfd7fe0fc706f2ebecd0532c549b827d0825173ba173f9,0x00000000009e50a7ddb7a7b0e2ee6604fd120e49,0x00000000009e50a7ddb7a7b0e2ee6604fd120e49,21,205482478,64328.0,0.0,0.0,1.6101458998984704e+16,0,2.72,1,618,0.09360168966574298,76.21723389286956,0.3971877443203776
WETH_WBTC,23412024,1758464963,0x66a9893cc07d91d95644aedd05d03f95e1dba8af,0x8e8cf50d699c05c49c9dcd592b95dd17c57970933a0a7b54f0ab73aec28fe2de,0x66a9893cc07d91d95644aedd05d03f95e1dba8af,0x6a8ccd7a9cef3ace10fcb5de44095ff9b3cb7344,2,1192476618,4251410.0,0.0,0.0,1.0967325422440279e+18,0x00000000009e50a7ddb7a7b0e2ee6604fd120e49,0xb14a45ecefb8323e8bb52e20ee917c04496c97903e5ac23bfb2ba66936587e80,0x00000000009e50a7ddb7a7b0e2ee6604fd120e49,0x00000000009e50a7ddb7a7b0e2ee6604fd120e49,3,313148669,66257.0,0.0,0.0,1.7082959320317952e+16,0,3.81,1,2152,4901.32405402203,76.34415521147554,0.7993809939800846
WETH_WBTC,23560713,1760260883,0xa5e269afac2859272a1c3512c8e88d9c82fb9796,0xd047540a8e6d8b000466f896f7a8aef1bc35109b454860777beb092ba1ec1662,0x7a250d5630b4cf539739df2c5dacb4c659f2488d,0xa5e269afac2859272a1c3512c8e88d9c82fb9796,3,1640827077,16936.0,0.0,0.0,4921409618060476.0,0x00000000009e50a7ddb7a7b0e2ee6604fd120e49,0x9501ded1f15e055fe4addcf2c006ffea1b7524462001b817f9906ad6731966de,0x00000000009e50a7ddb7a7b0e2ee6604fd120e49,0x00000000009e50a7ddb7a7b0e2ee6604fd120e49,4,230701735,117724.0,0.0,0.0,3.4208882322571264e+16,0,7.11,1,8,19.20749469956647,133.51193598630596,0.9605838518925137
WETH_WBTC,23646965,1761304559,0x51c72848c68a965f66fa7a88855f9f7784502a7f,0x9e2af0588cf42d14d2d3cb51efff8792a03a5ee8709549e84ccb377577dbc628,0x51c72848c68a965f66fa7a88855f9f7784502a7f,0x51c72848c68a965f66fa7a88855f9f7784502a7f,2,5620979728,4225747.0,0.0,0.0,1.1870710743584312e+18,0x207e1074858a7e78f17002075739ed2745dbaece,0xd9779f611eecc957b7eda829a035f8c61a1e262f2d24a13261477df39479e85b,0x207e1074858a7e78f17002075739ed2745dbaece,0x207e1074858a7e78f17002075739ed2745dbaece,3,3158553509,269220.0,0.0,0.0,7.558250099577726e+16,0,1.78,1,8692,4646.82072155478,295.86967402430673,3.3005207910099017
WETH_WBTC,23692705,1761857615,0xfbd4cdb413e45a52e2c8312f670e9ce67e794c37,0x59949264eb7597cce6f57a168efdd589ee27fd2085e82a818fc8a8fe6d56f94e,0xfbd4cdb413e45a52e2c8312f670e9ce67e794c37,0xfbd4cdb413e45a52e2c8312f670e9ce67e794c37,5,10105469515,1761808.0,0.0,0.0,5.0512061266524134e+17,0x031f1ad10547b8deb43a36e5491c06a93812023a,0xf5433ac0b04dee2cb3cc744e0b6b2170eb19affce8989e5628022b9b0ea222d5,0x031f1ad10547b8deb43a36e5491c06a93812023a,0x1d27ad3613e84e201bc87929590f95e75454cdc0,8,502777577,1841421.0,0.0,0.0,5.2768930857686874e+17,0,20.1,3,5187,2074.650421888251,2167.3454205094135,6.225834800737371
WETH_WBTC,23698064,1761922463,0xfbd4cdb413e45a52e2c8312f670e9ce67e794c37,0x825305b1ce52ea514a790c680a62cc09eeccf5b812294a38dd80c176eec1fefe,0xfbd4cdb413e45a52e2c8312f670e9ce67e794c37,0xfbd4cdb413e45a52e2c8312f670e9ce67e794c37,0,7632320850,0.0,4.432787099240172e+17,1549293.0,0.0,0x8c864d0c8e476bf9eb9d620c10e1296fb0e2f940,0x847b8a83c1f553627c169c17fcc4bbce0cbbd51436026efaf5b62da7a4a11a86,0x8c864d0c8e476bf9eb9d620c10e1296fb0e2f940,0x8c864d0c8e476bf9eb9d620c10e1296fb0e2f940,1,2440598180,0.0,3.07569101724e+17,1074597.0,0.0,1,3.13,1,5187,1820.651027693104,1263.259409044101,4.702163386648288
WETH_WBTC,23714857,1762125335,0x207e1074858a7e78f17002075739ed2745dbaece,0x059e9bc995f0ca7f7e71dca936d04948d430e5a0edf1efda5e645ab9866be559,0x207e1074858a7e78f17002075739ed2745dbaece,0x207e1074858a7e78f17002075739ed2745dbaece,12,1028206014,381597.0,0.0,0.0,1.0858178159562322e+17,0x51c72848c68a965f66fa7a88855f9f7784502a7f,0xd864094b961d60f1dcaf94ac77a3babe359cff0f79f909d4c8b711bb701dd2f1,0x51c72848c68a965f66fa7a88855f9f7784502a7f,0x51c72848c68a965f66fa7a88855f9f7784502a7f,13,169400853,926526.0,0.0,0.0,2.6359134263525552e+17,0,6.07,1,219,417.4614781931389,1013.4226010882054,0.5929674336483955
WETH_WBTC,23724072,1762236551,0x81463b0f960f247f704377661ec81c1fd65b5128,0x59277aa71ef15ef3c5ab7512d4773e99e1bc8894685528c6e90c3d919ea87a58,0x81463b0f960f247f704377661ec81c1fd65b5128,0x56534741cd8b152df6d48adf7ac51f75169a83b2,5,87413053346,0.0,1.7932766557167944e+18,5990548.0,0.0,0x031f1ad10547b8deb43a36e5491c06a93812023a,0x4d12f9fe85aef333219fbbc8ebce0f91293a82c29c0257c1685d1d1bf254aaa7,0x031f1ad10547b8deb43a36e5491c06a93812023a,0xbb0f086778a316ad7fa5b96c2a2c2a8130215ffb,6,2708839965,0.0,1.8581233555681372e+18,6196738.0,0.0,1,32.27,1,51,6260.092769479287,6486.464063372991,45.772119555418556
WETH_WBTC,23727313,1762275719,0xfbd4cdb413e45a52e2c8312f670e9ce67e794c37,0xdbb6abc05ffdfd5fa54c07b7110f973f89f5537212c59ea868752d6dffa76d5a,0xfbd4cdb413e45a52e2c8312f670e9ce67e794c37,0xfbd4cdb413e45a52e2c8312f670e9ce67e794c37,0,874138348534,0.0,2.0641714071352627e+18,6930059.0,0.0,0x8c864d0c8e476bf9eb9d620c10e1296fb0e2f940,0x0ccfd198311e48e2ede09d36a612e76bd3757a852edc2c508c163a2fbecd9bc0,0x8c864d0c8e476bf9eb9d620c10e1296fb0e2f940,0x8c864d0c8e476bf9eb9d620c10e1296fb0e2f940,3,5449215023,0.0,1.7130911832191485e+18,5741348.0,0.0,1,160.42,3,5187,7240.243051198032,6008.801639484335,459.91631910132503
WETH_WBTC,23729512,1762302311,0xfbd4cdb413e45a52e2c8312f670e9ce67e794c37,0x23e000109ac19a7fae1c9cc375916c11855b20c1401670cac9a84e36d3d83e00,0xfbd4cdb413e45a52e2c8312f670e9ce67e794c37,0xfbd4cdb413e45a52e2c8312f670e9ce67e794c37,2,3295479225,0.0,4.4758020172267085e+17,1445059.0,0.0,0x031f1ad10547b8deb43a36e5491c06a93812023a,0x52de143cbca8a2103c2583c6659ca1c26655da7856946648d0280464685ed519,0x031f1ad10547b8deb43a36e5491c06a93812023a,0xba1bf4f8be2822a171b879f05690d11afe63223e,5,677205842,0.0,1.7634158548832918e+17,569176.0,0.0,1,4.87,3,5187,1569.922649918786,618.5319371035424,1.7338727643956413
WETH_WBTC,23734987,1762368563,0x66a9893cc07d91d95644aedd05d03f95e1dba8af,0x41a97c9876d63137b90a54e8d86e0df0913427b9854452e1b8b0c79a3caac6d0,0x66a9893cc07d91d95644aedd05d03f95e1dba8af,0x66a9893cc07d91d95644aedd05d03f95e1dba8af,109,2076363047,2157779.0,0.0,0.0,6.475393649731653e+17,0x8c864d0c8e476bf9eb9d620c10e1296fb0e2f940,0x527e5bd1c6a05dc3951217f46af65c0ab5f857dd6209562efa6b83b1bc512790,0x8c864d0c8e476bf9eb9d620c10e1296fb0e2f940,0x8c864d0c8e476bf9eb9d620c10e1296fb0e2f940,114,998608271,1872748.0,0.0,0.0,5.6169017285012134e+17,0,2.08,5,2152,2271.295092751435,1970.172320402567,1.0924509275857588
WETH_WBTC,23826851,1763479223,0xfbd4cdb413e45a52e2c8312f670e9ce67e794c37,0x211ad34bdbc0171b8983adfac4e3deec64d3728ba1af96856b92d0b15e200711,0xfbd4cdb413e45a52e2c8312f670e9ce67e794c37,0xfbd4cdb413e45a52e2c8312f670e9ce67e794c37,0,93538141877,2399203.0,0.0,0.0,7.128995876862784e+17,0x031f1ad10547b8deb43a36e5491c06a93812023a,0xbc415d204a89b728587bfb2be64fd7846f87639ec093da2d7d759b6c4277bcf9,0x031f1ad10547b8deb43a36e5491c06a93812023a,0x1d27ad3613e84e201bc87929590f95e75454cdc0,3,747468703,1253060.0,0.0,0.0,3.721469468941406e+17,0,125.14,3,5187,2175.3819480337806,1135.5901508048828,42.814133043388686
WETH_WBTC,23927322,1764697187,0x00000000009e50a7ddb7a7b0e2ee6604fd120e49,0xdec56ee37f6481bcf4678f52f18d27fc03ab976c1b21077a5e9db566b269c626,0x00000000009e50a7ddb7a7b0e2ee6604fd120e49,0x00000000009e50a7ddb7a7b0e2ee6604fd120e49,28,7367175635,14094.0,0.0,0.0,4261058327871488.0,0x2d22414c5a37fff7d41e715a87bfa1afda77b8ca,0x4d0d461bc13bb05a370dab98bbdd60851701c5b9fe305b28c0ac55969eef6610,0x2d22414c5a37fff7d41e715a87bfa1afda77b8ca,0x2d22414c5a37fff7d41e715a87bfa1afda77b8ca,30,201547844,4946718.0,0.0,0.0,1.4945164044155402e+18,0,36.55,2,505,12.812591136507749,4493.866585052177,3.3228579138899677
WETH_WBTC,23968299,1765199495,0xfbd4cdb413e45a52e2c8312f670e9ce67e794c37,0x0e825d56eddb294afcd6c5827f2c606dc5daa459da0cbbe9cd2bfef30c8f047f,0xfbd4cdb413e45a52e2c8312f670e9ce67e794c37,0xfbd4cdb413e45a52e2c8312f670e9ce67e794c37,1,51326186261,985833.0,0.0,0.0,2.8726032607311536e+17,0x290909806740b70d97efb2c530870053ec5d6304,0xde4c6e60e4663e5fcc52012131cdb2b6e1f7fae55f80ff87cab165105690ed53,0x290909806740b70d97efb2c530870053ec5d6304,0x290909806740b70d97efb2c530870053ec5d6304,4,301382732,658452.0,0.0,0.0,1.918221319766818e+17,0,170.3,3,5187,870.1541352223521,581.057689547401,23.32119466203327
WETH_WBTC,23976478,1765298579,0x031f1ad10547b8deb43a36e5491c06a93812023a,0xd07b5c1023e90d0551b4f2072647dd75d38f4c414bdbfacca2be2aeb479c2154,0x031f1ad10547b8deb43a36e5491c06a93812023a,0xf6801d319497789f934ec7f83e142a9536312b08,25,1347559668,908230.0,0.0,0.0,2.5518902293141853e+17,0x3611b82c7b13e72b26eb0e9be0613bee7a45ac7c,0x87ce2aa1a0ae97face51e540fb85ec78422c727708ea275e87a19bf200276dbf,0x3611b82c7b13e72b26eb0e9be0613bee7a45ac7c,0x3611b82c7b13e72b26eb0e9be0613bee7a45ac7c,26,876459804,2268729.0,0.0,0.0,6.371821441060717e+17,0,1.54,1,576,850.4151977682134,2123.403949236348,0.673609629679096
WETH_WBTC,24028998,1765934291,0x51c72848c68a965f66fa7a88855f9f7784502a7f,0x51ae9773692959278f2fbdaf6b6233ef71d852f61331c692c4556ed32fd63170,0x51c72848c68a965f66fa7a88855f9f7784502a7f,0x51c72848c68a965f66fa7a88855f9f7784502a7f,137,83199500,596909.0,0.0,0.0,1.7640224678678298e+17,0x031f1ad10547b8deb43a36e5491c06a93812023a,0xc71923789f66422b5fc785ca49d3aea9c5fd80b823485f8bf700424e9d6f9691,0x031f1ad10547b8deb43a36e5491c06a93812023a,0xf6801d319497789f934ec7f83e142a9536312b08,141,32288600,276993.0,0.0,0.0,8.184887427729877e+16,0,2.58,4,8692,517.7703119243942,240.24023467479307,0.03663068230561332
WETH_WBTC,24029001,1765934327,0xfbd4cdb413e45a52e2c8312f670e9ce67e794c37,0x7ee9bde1a6e03bd8de9a25cd2772094589b12e063f55953786b195ef9bdc1cfe,0xfbd4cdb413e45a52e2c8312f670e9ce67e794c37,0xfbd4cdb413e45a52e2c8312f670e9ce67e794c37,3,2622201841,720334.0,0.0,0.0,2.127576538995213e+17,0x40753445cc591925b49a00d5d727a4fd7049d800,0xdf7696bc4f1e252edfcb7b817c0c77cb2d2acfdeab754a261064dde185961fde,0x40753445cc591925b49a00d5d727a4fd7049d800,0x40753445cc591925b49a00d5d727a4fd7049d800,7,28795913,722849.0,0.0,0.0,2.1345801930449075e+17,0,91.06,4,5187,624.4795564140808,626.5352468647268,1.1544906228867404
WETH_WBTC,24029001,1765934327,0xfbd4cdb413e45a52e2c8312f670e9ce67e794c37,0x7ee9bde1a6e03bd8de9a25cd2772094589b12e063f55953786b195ef9bdc1cfe,0xfbd4cdb413e45a52e2c8312f670e9ce67e794c37,0xfbd4cdb413e45a52e2c8312f670e9ce67e794c37,3,2622201841,720334.0,0.0,0.0,2.127576538995213e+17,0x40753445cc591925b49a00d5d727a4fd7049d800,0xdf7696bc4f1e252edfcb7b817c0c77cb2d2acfdeab754a261064dde185961fde,0x40753445cc591925b49a00d5d727a4fd7049d800,0x40753445cc591925b49a00d5d727a4fd7049d800,7,28795913,821123.0,0.0,0.0,2.4242684258586394e+17,0,91.06,4,5187,624.4795564140808,711.563623428483,1.1544906228867404
WETH_WBTC,24029001,1765934327,0xfbd4cdb413e45a52e2c8312f670e9ce67e794c37,0x7ee9bde1a6e03bd8de9a25cd2772094589b12e063f55953786b195ef9bdc1cfe,0xfbd4cdb413e45a52e2c8312f670e9ce67e794c37,0xfbd4cdb413e45a52e2c8312f670e9ce67e794c37,3,2622201841,720334.0,0.0,0.0,2.127576538995213e+17,0x365084b05fa7d5028346bd21d842ed0601bab5b8,0xb2b5800f1f88ec42ebee637ca8233534bcf065569029d2b3ae620884dd436db2,0x365084b05fa7d5028346bd21d842ed0601bab5b8,0x365084b05fa7d5028346bd21d842ed0601bab5b8,8,28795915,1002880.0,0.0,0.0,2.9601404378838675e+17,0,91.06,5,5187,624.4795564140808,868.851086525945,1.1544906228867404
WETH_WBTC,24361464,1769942267,0x63242a4ea82847b20e506b63b0e2e2eff0cc6cb0,0x9d7145ba43fd48b9c90048ec4ba10901e12fe2a6f5ac387476b08cebefb8b439,0x63242a4ea82847b20e506b63b0e2e2eff0cc6cb0,0x63242a4ea82847b20e506b63b0e2e2eff0cc6cb0,4,6343211176,0.0,6.274131350678508e+17,1918676.0,0.0,0x1f560aee3d0c615f51466dcd9a312cfa858271a5,0x3a6ef057175d069b267a068be553a028c9de5be55c799d4bb818c491e157ddfa,0x1f560aee3d0c615f51466dcd9a312cfa858271a5,0x1f560aee3d0c615f51466dcd9a312cfa858271a5,8,1210481752,0.0,2.6091516117024842e+17,797537.0,0.0,1,5.24,4,77,1689.0997253787111,702.4266825911265,2.5615457319622625
WETH_WBTC,24379136,1770155651,0xfbd4cdb413e45a52e2c8312f670e9ce67e794c37,0xeb7cf31b98dcf87c3e84f25c4f011e97d9178f13f72e40df520917a5c7c5ed4a,0xfbd4cdb413e45a52e2c8312f670e9ce67e794c37,0xfbd4cdb413e45a52e2c8312f670e9ce67e794c37,1,3526166986,0.0,3.8265044366706125e+17,1149421.0,0.0,0x63242a4ea82847b20e506b63b0e2e2eff0cc6cb0,0x14994f0e0cc6aec40c66b7705a56a7895591e1eba08a06e95c7cde5ad4b1e923,0x63242a4ea82847b20e506b63b0e2e2eff0cc6cb0,0x63242a4ea82847b20e506b63b0e2e2eff0cc6cb0,3,1384726919,0.0,5.35275e+17,1607138.0,0.0,1,2.55,2,5187,882.4590141467495,1234.4380010921757,1.219793898196739
WETH_WBTC,24444911,1770950111,0x4a4ef9ee3e64896d67e45d3599020707742d366a,0xccbb56f287bea8dcaa661b8ff8470c042e5851bb159f807e5bc935502bae3d84,0x4a4ef9ee3e64896d67e45d3599020707742d366a,0x43403583e889ada1c951a94e9996af3a5ccf7b46,68,1040832875,0.0,5.251804805496441e+16,153796.0,0.0,0xfbd4cdb413e45a52e2c8312f670e9ce67e794c37,0xd518068585a67b306c5870fe9a2ac103658852c198f7cec0bda6de6bd65f138c,0xfbd4cdb413e45a52e2c8312f670e9ce67e794c37,0xfbd4cdb413e45a52e2c8312f670e9ce67e794c37,69,40832875,0.0,8.352508442680589e+16,244582.0,0.0,1,25.49,1,103,104.96958783314835,166.94439360797898,0.31205214760912975
WETH_WBTC,24470304,1771256003,0x66a9893cc07d91d95644aedd05d03f95e1dba8af,0x1c5abf306c5b400deb7c34dada9028acca50f8976fb22e7c55e803eae5379676,0x66a9893cc07d91d95644aedd05d03f95e1dba8af,0x0de0fa91b6dbab8c8503aaa2d1dfa91a192cb149,27,667687645,0.0,255205006048354.0,735.0,0.0,0x8a6df6c629cf940b0cc4a32101caa4a022e80234,0x9b9d8f177cfdc46e20fef1819cb522fd9619f511ec758bfc827f21de367ef2fe,0x8a6df6c629cf940b0cc4a32101caa4a022e80234,0xf3f82bc165a83425e81b8f2858d786e41ab21671,28,64950738,0.0,3154481793149824.0,9085.0,0.0,1,10.28,1,2152,0.5218902505263621,6.450865987307021,0.20481162049955065
WETH_WBTC,24519634,1771850243,0xfbd4cdb413e45a52e2c8312f670e9ce67e794c37,0x2572490c57f0c9ad33e11e7a4b34217b43baf2a4229792b2cdb1914c2187a52b,0xfbd4cdb413e45a52e2c8312f670e9ce67e794c37,0xfbd4cdb413e45a52e2c8312f670e9ce67e794c37,1,2194880126,347718.0,0.0,0.0,1.1962537887601304e+17,0xba78505440e51afa382cb540f8edec426ab68d40,0x26a6d0311fd05fa94cb12d5b6ccf3b550d97848167989b83c7f7a073f6aa2c26,0xba78505440e51afa382cb540f8edec426ab68d40,0xba78505440e51afa382cb540f8edec426ab68d40,5,36994968,513884.0,0.0,0.0,1.7676547116378592e+17,0,59.33,4,5187,235.58982187774373,348.1213289094304,0.6483884391245495
WETH_WBTC,24587663,1772670311,0x66a9893cc07d91d95644aedd05d03f95e1dba8af,0x73b96e4b15012fca4e23cefedb14028fd9f0d494ba0618f88394b25579a2983b,0x66a9893cc07d91d95644aedd05d03f95e1dba8af,0x66a9893cc07d91d95644aedd05d03f95e1dba8af,14,196675364,0.0,9300000000000000.0,27283.0,0.0,0xfbd4cdb413e45a52e2c8312f670e9ce67e794c37,0xada9dad6ea96b2d0f0d7667bb98eb096d94fe4cbeb95579feca28564226315ec,0xfbd4cdb413e45a52e2c8312f670e9ce67e794c37,0xfbd4cdb413e45a52e2c8312f670e9ce67e794c37,15,86698155,0.0,8.176455368987336e+16,239860.0,0.0,1,2.27,1,2152,18.27983836589791,160.7142823129749,0.057986997814098974
WETH_WBTC,24603965,1772867087,0xfbd4cdb413e45a52e2c8312f670e9ce67e794c37,0x3c0d2d8ac4e0004fa25a1c691ee49f11b6a9f9a6951c9439cc02ca7be80ec995,0xfbd4cdb413e45a52e2c8312f670e9ce67e794c37,0xfbd4cdb413e45a52e2c8312f670e9ce67e794c37,1,4996538987,839556.0,0.0,0.0,2.8732875606912883e+17,0x53816c4b4678942935e9fe32ca37dd3a8b67089b,0x1c092dba187b1ea065f7a2bfe98a39269f740a2a9298530a80f0939bc9ac9329,0x53816c4b4678942935e9fe32ca37dd3a8b67089b,0x53816c4b4678942935e9fe32ca37dd3a8b67089b,6,39599380,1612.0,0.0,0.0,551606962552969.0,0,126.18,5,5187,568.5726291456814,1.0915323103906407,1.4830896221455787
USDC_USDT,10304015,1592674469,0x693c188e40f760ecf00d2946ef45260b84fbc43e,0xbebe2d0d3861a247dc615c59b4e895c44f26acc81433eecdef784c8df571af52,0x693c188e40f760ecf00d2946ef45260b84fbc43e,0x693c188e40f760ecf00d2946ef45260b84fbc43e,3,100000000000,0.0,1913901958.0,1933400726.0,0.0,0xa526ba5907889cc1f14c1b05d7e978905ca7ec01,0x2dc330dde6db519ac1b91c90c613f14d810ad5f1c219b05c14b0ce2a66e41ae7,0xa526ba5907889cc1f14c1b05d7e978905ca7ec01,0xa526ba5907889cc1f14c1b05d7e978905ca7ec01,7,52000000000,0.0,1000011312.0,1002833185.0,0.0,1,1.92,4,78,1933.400726,1002.833185,3.399422123669
USDC_USDT,10502825,1595335857,0x8a3960472b3d63894b68df3f10f58f11828d6fd9,0xb2da7a9ce11645624e7d5a2552e259cca1ae016189912c8abb1139fb1ef9de00,0x8a3960472b3d63894b68df3f10f58f11828d6fd9,0x8a3960472b3d63894b68df3f10f58f11828d6fd9,0,487098202248,0.0,1492466696.0,1525693079.0,0.0,0x693c188e40f760ecf00d2946ef45260b84fbc43e,0x0d0817ea2b6662e9a0ad5e2896d94abd92587058ba07df53678279e1578c05dd,0x693c188e40f760ecf00d2946ef45260b84fbc43e,0x693c188e40f760ecf00d2946ef45260b84fbc43e,3,270307633134,0.0,4867546151.0,4961280222.0,0.0,1,1.8,3,30,1525.693079,4961.280222,17.327048168856763
USDC_USDT,10502825,1595335857,0x693c188e40f760ecf00d2946ef45260b84fbc43e,0x0d0817ea2b6662e9a0ad5e2896d94abd92587058ba07df53678279e1578c05dd,0x693c188e40f760ecf00d2946ef45260b84fbc43e,0x693c188e40f760ecf00d2946ef45260b84fbc43e,3,270307633134,0.0,4867546151.0,4961280222.0,0.0,0x860bd2dba9cd475a61e6d1b45e16c365f6d78f66,0xbedbc2f4189ac3c5becb7c8dd27286b452e4dc30b625c502b0c2b6ae193ed940,0x860bd2dba9cd475a61e6d1b45e16c365f6d78f66,0x860bd2dba9cd475a61e6d1b45e16c365f6d78f66,8,150000000000,0.0,15322848580.0,15473160263.0,0.0,1,1.8,5,78,4961.280222,15473.160263,9.615378086199273
USDC_USDT,11928670,1614287198,0xbbc95e1eb6ee476e9cbb8112435e14b372563038,0x0d23385793a4b865e68ccd572ec63a4aace1edc61df43a17e2aa6190337f3b97,0x7a250d5630b4cf539739df2c5dacb4c659f2488d,0xbbc95e1eb6ee476e9cbb8112435e14b372563038,0,300000000000,0.0,10005949599.0,9953753564.0,0.0,0x6cdc900324c935a2807ecc308f8ead1fcd62fe35,0xd7e928a3cbb2292872c462a5ac83b1de921292aba852f4d00a478b31ea3aa58d,0x6cdc900324c935a2807ecc308f8ead1fcd62fe35,0xbbc95e1eb6ee476e9cbb8112435e14b372563038,4,159600000022,0.0,3514896136.0,3494414905.0,0.0,1,1.88,4,212,10005.949599,3514.896136,73.50099168910523
USDC_USDT,14153397,1644162382,0x00000000008c4fb1c916e0c88fd4cc402d935e7d,0xefba326a836474b58d3994e05d8da29459e2c6994d7e707e1e9b110c6905ab5a,0x00000000008c4fb1c916e0c88fd4cc402d935e7d,0x00000000008c4fb1c916e0c88fd4cc402d935e7d,2,10772052421036,264787948054.0,0.0,0.0,271698649856.0,0xa57bd00134b2850b2a1c55860c9e9ea100fdd6cf,0xe4a3e21e1d60cbe4cd882ba54f10ce554a800d8c62ae230fdb7abd4f358f226c,0xa57bd00134b2850b2a1c55860c9e9ea100fdd6cf,0x56178a0d5f301baf6cf3e1cd53d9863437345bf9,6,185793988064,207586902804.0,0.0,0.0,209128974106.0,0,57.98,4,94,271698.649856,209128.974106,4873.917027630688
USDC_USDT,14281515,1645875710,0x00000000008c4fb1c916e0c88fd4cc402d935e7d,0x69dd4a2e5e1d3f8d6d1431c3e00ef45e0ec8739eb817cc5c237f519f5c0ced3e,0x00000000008c4fb1c916e0c88fd4cc402d935e7d,0x00000000008c4fb1c916e0c88fd4cc402d935e7d,2,991829252179,0.0,292027465135.0,296594296576.0,0.0,0xa57bd00134b2850b2a1c55860c9e9ea100fdd6cf,0x04668631299fb14e70939e1e3ac61ca69e4fd7fb714f7d0213bc3e40659ac284,0xa57bd00134b2850b2a1c55860c9e9ea100fdd6cf,0x56178a0d5f301baf6cf3e1cd53d9863437345bf9,4,26482562416,0.0,63446100126.0,63618437684.0,0.0,1,37.45,2,94,296594.296576,63618.437684,391.5303501857769
USDC_USDT,14318219,1646367052,0x00000000008c4fb1c916e0c88fd4cc402d935e7d,0x58e59c908e6dab9eab5e86ad6f114168ed1222e38fbc93f22db5c47a1809ce73,0x00000000008c4fb1c916e0c88fd4cc402d935e7d,0x00000000008c4fb1c916e0c88fd4cc402d935e7d,2,1012793327408,0.0,291308072917.0,295418526976.0,0.0,0xa57bd00134b2850b2a1c55860c9e9ea100fdd6cf,0xd0df7e957093548b275a78a5cba307453f484f48149221fe918be9a1fa637236,0xa57bd00134b2850b2a1c55860c9e9ea100fdd6cf,0x56178a0d5f301baf6cf3e1cd53d9863437345bf9,4,37427620739,0.0,47873981389.0,47958432665.0,0.0,1,27.06,2,94,295418.526976,47958.432665,443.76412547077206
USDC_USDT,14413377,1647646468,0x00000000008c4fb1c916e0c88fd4cc402d935e7d,0xbf86863e4339b0f093ee5859e5cb4c4fc20e4da84bf2cee640ce40f217cae85f,0x00000000008c4fb1c916e0c88fd4cc402d935e7d,0x00000000008c4fb1c916e0c88fd4cc402d935e7d,2,10260906566006,0.0,248618544108.0,256000876544.0,0.0,0x0000000000005117dd3a72e64a705198753fdd54,0xfc6a1d74af91fcd1bdb7abb7ef679ded37d38ff1493b6505506b778b02c62894,0x7a250d5630b4cf539739df2c5dacb4c659f2488d,0x0000000000005117dd3a72e64a705198753fdd54,3,73329524307,0.0,189668228937.0,191690119673.0,0.0,1,139.93,1,94,256000.876544,191690.119673,4215.388521228345
USDC_USDT,14596347,1650112226,0x0000000099cb7fc48a935bceb9f05bbae54e8987,0x767033e150c1b7e71a4121c02638448a8b4adb177f159a914ae5d9fdf71e67a0,0x0000000099cb7fc48a935bceb9f05bbae54e8987,0x0000000099cb7fc48a935bceb9f05bbae54e8987,2,2334843410591,0.0,161334610424.0,164143382511.0,0.0,0x793ff66b5435a6de9d6d7e70c4c68522e8cd24e1,0x10d0ce8684526eaf9e501cac7bbb50e28379d3b8b9a1788f53337e5794519448,0x793ff66b5435a6de9d6d7e70c4c68522e8cd24e1,0x793ff66b5435a6de9d6d7e70c4c68522e8cd24e1,3,85353602954,0.0,49708195865.0,49935442711.0,0.0,1,27.35,1,26,164143.382511,49935.442711,1072.2915211458844
USDC_USDT,14954724,1655104520,0xb4e16d0168e52d35cacd2c6185b44281ec28c9dc,0x3549332a44588c148c2b5a0d2349750ef0ad9b9f2941240fba0d07f60428328c,0x7a250d5630b4cf539739df2c5dacb4c659f2488d,0xb4e16d0168e52d35cacd2c6185b44281ec28c9dc,5,54682720456,0.0,14989000000.0,14936865512.0,0.0,0x68b3465833fb72a70ecdf485e0e4c7bd8665fc45,0xc5b66391f90ee6646f4a0cfc9bb2ffa9bf51445b84c623cc42a4e64f576f5370,0x68b3465833fb72a70ecdf485e0e4c7bd8665fc45,0xb4e16d0168e52d35cacd2c6185b44281ec28c9dc,8,32637460550,0.0,5300229014.0,5270557744.0,0.0,1,1.68,3,9334,14989.0,5300.229014,11.918332317955972
USDC_USDT,15031931,1656294757,0x0000000099cb7fc48a935bceb9f05bbae54e8987,0xd313e882aa3d5d46f68f49ba305d74e6ebcf204db464659909b0aab790b4e355,0x0000000099cb7fc48a935bceb9f05bbae54e8987,0x0000000099cb7fc48a935bceb9f05bbae54e8987,2,1597165178418,26511717379.0,0.0,0.0,26900589305.0,0xbadc0defafcf6d4239bdf0b66da4d7bd36fcf05a,0xa55fc7c029e814dd7dc18ad002b5f83d52469457e9c84a31289be45b006f610a,0x7a250d5630b4cf539739df2c5dacb4c659f2488d,0xbadc0defafcf6d4239bdf0b66da4d7bd36fcf05a,3,22672230956,25111991766.0,0.0,0.0,25285835490.0,0,70.45,1,26,26900.589305,25285.83549,284.4886002747047
USDC_USDT,15356817,1660713515,0x0000000099cb7fc48a935bceb9f05bbae54e8987,0x67a1c2bb4b2297d1ec6b9de6c1542d7946af72532d28a289aa295dd5c9f190c9,0x0000000099cb7fc48a935bceb9f05bbae54e8987,0x0000000099cb7fc48a935bceb9f05bbae54e8987,2,430577500959,0.0,92974896705.0,94931996425.0,0.0,0x04eb85ad427e7e6b3ffb67e049872210fd3fbae9,0x803db15b58b8c05948694fe0a608f1ec5d480c5b44c1dcbf768e7e6144c96681,0x04eb85ad427e7e6b3ffb67e049872210fd3fbae9,0x04eb85ad427e7e6b3ffb67e049872210fd3fbae9,3,27891746601,0.0,12660402723.0,12689884249.0,0.0,1,15.44,1,26,94931.996425,12689.884249,121.88882471965023
USDC_USDT,15880091,1667365007,0xa57bd00134b2850b2a1c55860c9e9ea100fdd6cf,0xf6fa6a5802a4b76aafd38029485960e1d1d3b810b94b24bd8589972dd3cc939c,0xa57bd00134b2850b2a1c55860c9e9ea100fdd6cf,0x56178a0d5f301baf6cf3e1cd53d9863437345bf9,1,25173013800,8357661845.0,0.0,0.0,8371754680.0,0xd4a2269719276313aa6ab7b01f91d238eba96433,0x28ace9309825f01100bf50c9e983c8c6883c5fcf60b6c6bc107539d371777f17,0xd4a2269719276313aa6ab7b01f91d238eba96433,0xd4a2269719276313aa6ab7b01f91d238eba96433,6,15280000000,1963914420.0,0.0,0.0,1963553705.0,0,1.65,5,192,8371.75468,1963.91442,6.056578195809237
USDC_USDT,16384362,1673449643,0x00000000008c4fb1c916e0c88fd4cc402d935e7d,0x301c1cc25ba6ba46ea022698e7dd1b72bf58752a6e19523e71120f0bc5fdb1fa,0x00000000008c4fb1c916e0c88fd4cc402d935e7d,0x00000000008c4fb1c916e0c88fd4cc402d935e7d,2,545188000401,0.0,20206192838.0,20408082448.0,0.0,0x80d4230c0a68fc59cb264329d3a717fcaa472a13,0xe3d2e956067ff8399b4e13d7272bb90e1d3ca99c295174bcbdca44ceecbdbf77,0x80d4230c0a68fc59cb264329d3a717fcaa472a13,0x80d4230c0a68fc59cb264329d3a717fcaa472a13,3,26358657161,0.0,15498779771.0,15547444464.0,0.0,1,20.68,1,94,20408.082448,15547.444464,108.39686170442961
USDC_USDT,16753235,1677910415,0xc9001ac3bb95000000005aea00001b3d4ab86898,0x623d0999880c1ca1975689929fdb567e94815333835fc82d2606a8411b798797,0xc9001ac3bb95000000005aea00001b3d4ab86898,0x703b120f15ab77b986a24c6f9262364d02f9432f,1,54968423258,2331674026.0,0.0,0.0,2333577090.0,0x1111111254eeb25477b68fb85ed929f73a960582,0x3a41909918ca55b42365597cccb25498e8c34bd966e68ddff947bccaf3325a0c,0x1111111254eeb25477b68fb85ed929f73a960582,0x700fc86c46299cf2a8fd86edadae3f57014351b0,3,16733090153,3200000000.0,0.0,0.0,3200076909.0,0,3.29,2,1,2333.57709,3200.076909,12.963792987996799
USDC_USDT,16802617,1678510679,0x6b75d8af000000e20b7a7ddf000ba900b4009a80,0x5d8b006c14688a90e73027398908cc0892d9cf28ab6e849fead2ac61998c246f,0x6b75d8af000000e20b7a7ddf000ba900b4009a80,0x6b75d8af000000e20b7a7ddf000ba900b4009a80,17,519357203427,10308422912.0,0.0,0.0,9885318782.0,0xd8c07491caa1edf960db3ceff387426d53942ea0,0xd3982df7989b15f6e1c373ef28dc91c4c54d243949b477c831d23eac39c99763,0xd8c07491caa1edf960db3ceff387426d53942ea0,0xd8c07491caa1edf960db3ceff387426d53942ea0,20,106957919161,34224098665.0,0.0,0.0,32457072721.0,0,4.86,3,328,10308.422912,34224.098665,111.01636590254955
USDC_USDT,16802668,1678511303,0x00000000008c4fb1c916e0c88fd4cc402d935e7d,0x09241fa9820ccd349527e8b5a7a08fed3120f6c830f285988916c440cb59f4ed,0x00000000008c4fb1c916e0c88fd4cc402d935e7d,0x00000000008c4fb1c916e0c88fd4cc402d935e7d,2,69728323791773,926249482020.0,0.0,0.0,1068774356224.0,0xf8b721bff6bf7095a0e10791ce8f998baa254fd0,0xaa5b9700e16ded981d2edb62f55716ad21b2e6ba69db30d4e31852524249e69e,0xf8b721bff6bf7095a0e10791ce8f998baa254fd0,0xf8b721bff6bf7095a0e10791ce8f998baa254fd0,6,118003299597,17974524663.0,0.0,0.0,17146571586.0,0,590.9,4,94,1068774.356224,17974.524663,14904.934516667357
USDC_USDT,19131999,1706771291,0x6b75d8af000000e20b7a7ddf000ba900b4009a80,0x1600c1cf36b5951581139fd010930c7fc0ba0d28d37658040c9c68441c8219f3,0x6b75d8af000000e20b7a7ddf000ba900b4009a80,0x6b75d8af000000e20b7a7ddf000ba900b4009a80,6,143704940338,8060307713.0,0.0,0.0,8185043712.0,0xa69babef1ca67a37ffaf7a485dfff3382056e78c,0xea3e7545eb49b4b24912d8757b589980c6c09fae1c19a44d66ad4f72b5c0a238,0xa69babef1ca67a37ffaf7a485dfff3382056e78c,0xa69babef1ca67a37ffaf7a485dfff3382056e78c,7,18375184851,10992693945.0,0.0,0.0,11060982779.0,0,7.82,1,328,8185.043712,11060.982779,50.34378090965292
USDC_USDT,19638598,1712913683,0x111111125421ca6dc452d289314280a0f8842a65,0xe78dcaee600db78c47210020b4747e8a0ad96d9927afec347a411ad184320e1e,0x111111125421ca6dc452d289314280a0f8842a65,0x26f3a2633bfa020bbb6dd78a185fb0853048dbfd,2,70000000000,0.0,250000000.0,249244014.0,0.0,0x3b4837c9f4a606b71e61fd56db6241781194df92,0x05692824936105cdb5e04321177611808d36bb9f62846a8b44ec558f6871c443,0x7a250d5630b4cf539739df2c5dacb4c659f2488d,0x3b4837c9f4a606b71e61fd56db6241781194df92,5,27000000000,0.0,5036721971.0,5008867598.0,0.0,1,2.59,3,4112,250.0,5036.721971,36.800986752657046
USDC_USDT,19730777,1714028723,0x000000d40b595b94918a28b27d1e2c66f43a51d3,0x97be6587da190e0d0402a2474948a598511746a43edabb1d6bcde91c70f35da8,0x000000d40b595b94918a28b27d1e2c66f43a51d3,0x000000d40b595b94918a28b27d1e2c66f43a51d3,3,242097814754,7380570368.0,0.0,0.0,7528622336.0,0x525145f821d8d2abb494c454e9445e14c817f7cb,0x56070955fffbab9a2a1de58bbe21e8eea6a2fbc42dfdda34723a9316083e1753,0x525145f821d8d2abb494c454e9445e14c817f7cb,0x525145f821d8d2abb494c454e9445e14c817f7cb,4,5843925679,15308784750.0,0.0,0.0,15446773049.0,0,41.43,1,8,7528.622336,15446.773049,118.30143684255113
USDC_USDT,20494610,1723249523,0x3b3ae790df4f312e745d270119c6052904fb6790,0x4374242c51bdec7e89ab96c962c8e48fc482202f140fae5f3036ed7037b49c91,0x3b3ae790df4f312e745d270119c6052904fb6790,0x3af7a58d54cf014675af2b7ebc222c3166bf5692,15,4661038310,131268555.0,0.0,0.0,131139345.0,0x12eed6c1302453fe04a3f685879c8c9299bc7bc2,0x6838c4e438478753e91a71c4d45b4e0c1c3e373da0d09096639b346e38e48c28,0x12eed6c1302453fe04a3f685879c8c9299bc7bc2,0xb2d478b3fce5f5f23ea4ddedcdc7031c3a164094,16,2356317477,303674574.0,0.0,0.0,303319543.0,0,1.98,1,971,131.268555,303.674574,1.751445149097038
USDC_USDT,20589038,1724388707,0x1111111254eeb25477b68fb85ed929f73a960582,0x07f2865903510062b0e135e2f44220ef90f3da8376f21b52198a1b45b9a3a673,0x1111111254eeb25477b68fb85ed929f73a960582,0x74de5d4fcbf63e00296fd95d33236b9794016631,20,2807791759,19324783.0,0.0,0.0,19308300.0,0x0eae044f00b0af300500f090ea00027097d03000,0x23b8bb12349c93296b252d5f29dddb3e388d1d5f1dbf7cb4d3a149b1174a6780,0x0eae044f00b0af300500f090ea00027097d03000,0x8c56c772cbabdf7dcf4e03e5ae0eddc457bed08f,21,817791759,54041441.0,0.0,0.0,53993678.0,0,3.43,1,20062,19.324783,54.041441,1.0950275093896136
USDC_USDT,21343144,1733484359,0x1f2f10d1c40777ae1da742455c65828ff36df387,0x666debaaf317f1d7184c1b6885ecdaffa3ab97a8b2aed22bcaff9d0fe73b2a4f,0x1f2f10d1c40777ae1da742455c65828ff36df387,0x1f2f10d1c40777ae1da742455c65828ff36df387,2,716619254089,0.0,23953171969.0,24612856832.0,0.0,0xa69babef1ca67a37ffaf7a485dfff3382056e78c,0xc1d4e035f86d2fabd5d096a55792548f6d7452742a4c6b7c273b367f8ed182ca,0xa69babef1ca67a37ffaf7a485dfff3382056e78c,0xa69babef1ca67a37ffaf7a485dfff3382056e78c,3,13090974373,0.0,18908420920.0,19075328070.0,0.0,1,54.74,1,322,24612.856832,19075.32807,389.1050172311164
USDC_USDT,21387846,1734023615,0x42e213a3ad048e899b89ea8cb11d21bc97b84748,0x1e62c75e0c7fc3a1916606a9d379d9d3ff2dc10cbffe56d76f48c1b0bd9a7815,0x42e213a3ad048e899b89ea8cb11d21bc97b84748,0x42e213a3ad048e899b89ea8cb11d21bc97b84748,15,104701179692,10260737280.0,0.0,0.0,10355066880.0,0xd4bc53434c5e12cb41381a556c3c47e1a86e80e3,0x8d6abd6316aa4e72a2a1f3a53dd36ff9be46e7d772505bef6bd7d4f830141cbf,0xd4bc53434c5e12cb41381a556c3c47e1a86e80e3,0xd4bc53434c5e12cb41381a556c3c47e1a86e80e3,18,59653244830,5398484224.0,0.0,0.0,5407154688.0,0,1.76,3,48,10355.06688,5407.154688,57.312739274974255
USDC_USDT,21415481,1734356939,0x1f2f10d1c40777ae1da742455c65828ff36df387,0xac9cb9d140f93c72ddeaa4236d15315bd9c650b56f74e0d7f24e7aeda6a5b02e,0x1f2f10d1c40777ae1da742455c65828ff36df387,0x1f2f10d1c40777ae1da742455c65828ff36df387,2,67636499938,7327872769.0,0.0,0.0,7447996672.0,0xa69babef1ca67a37ffaf7a485dfff3382056e78c,0xe6a7da0885974852ad298e31af6b363b08eb196cd904870880ef1135ed3a4ff3,0xa69babef1ca67a37ffaf7a485dfff3382056e78c,0xa69babef1ca67a37ffaf7a485dfff3382056e78c,3,13870245146,14915116987.0,0.0,0.0,15016274620.0,0,4.88,1,322,7447.996672,15016.27462,39.588118146008924
USDC_USDT,21670308,1737431675,0x000000d40b595b94918a28b27d1e2c66f43a51d3,0x1073d215f882150ed8b3b24bca8b6988c095f987c91bbf152524ac8798e4f9cd,0x000000d40b595b94918a28b27d1e2c66f43a51d3,0x000000d40b595b94918a28b27d1e2c66f43a51d3,9,68934533953,0.0,4694460928.0,4726688000.0,0.0,0xa69babef1ca67a37ffaf7a485dfff3382056e78c,0x0528f992eac496c026bcced472748d61014ed752d7f279856bc8129b51965a05,0xa69babef1ca67a37ffaf7a485dfff3382056e78c,0xa69babef1ca67a37ffaf7a485dfff3382056e78c,10,8433564060,0.0,5485474191.0,5499263193.0,0.0,1,8.17,1,8,4726.688,5499.263193,34.31635810740619
USDC_USDT,21875616,1739910131,0x7d0ccaa3fac1e5a943c5168b6ced828691b46b36,0x8f9301cd0096786982cc947fca458864491ded680c785fa215f1b04b56a733f1,0x7d0ccaa3fac1e5a943c5168b6ced828691b46b36,0x0d4a11d5eeaac28ec3f61d100daf4d40471f1852,16,2955694966,800000000.0,0.0,0.0,800054215.0,0x9008d19f58aabd9ed0d60971565aa8510560ab41,0x016b1af5197cb0cb631e1955245766f79842af6b2238ea943e6503844e288c4c,0x7a250d5630b4cf539739df2c5dacb4c659f2488d,0x9008d19f58aabd9ed0d60971565aa8510560ab41,21,1073193780,829143547.0,0.0,0.0,828626927.0,0,2.75,5,501,800.054215,829.143547,1.162693130737147
USDC_USDT,21954841,1740866123,0xd4bc53434c5e12cb41381a556c3c47e1a86e80e3,0xc6921dc5b3477556934ec22faacaa74c67ab75610f8f2cbe8d10396499a39615,0xd4bc53434c5e12cb41381a556c3c47e1a86e80e3,0xd4bc53434c5e12cb41381a556c3c47e1a86e80e3,3,28760459547,5712389121.0,0.0,0.0,5731172096.0,0x00000000009e50a7ddb7a7b0e2ee6604fd120e49,0x74c93375455d14fd95dd58a1177571b004a78694a69f743bc5f87bbdd17c533e,0x00000000009e50a7ddb7a7b0e2ee6604fd120e49,0x00000000009e50a7ddb7a7b0e2ee6604fd120e49,8,2414386369,1539311381.0,0.0,0.0,1544500929.0,0,11.91,5,33,5731.172096,1544.500929,9.62487419497439
USDC_USDT,21954844,1740866159,0xa9ae72d5966eff49bc1328fe145862f0f3160faa,0xe15773a216514dd80372ad51d66a131135c796e4d50fd671e07ff54f69c5ad46,0xa9ae72d5966eff49bc1328fe145862f0f3160faa,0xa9ae72d5966eff49bc1328fe145862f0f3160faa,3,4964525817,6875598316.0,0.0,0.0,6917277475.0,0x9a6fae683549309386b633275a4f6933a022a092,0x5c5660114ace535a3f321e168323bb9fdbe9b052a20f277053e22b1687644ff1,0x9a6fae683549309386b633275a4f6933a022a092,0x9a6fae683549309386b633275a4f6933a022a092,4,1864985008,3402688962.0,0.0,0.0,3408385054.0,0,2.66,1,1,6917.277475,3408.385054,1.6614107416552628
USDC_USDT,21959347,1740920435,0x66a9893cc07d91d95644aedd05d03f95e1dba8af,0x51d6bd9eda7d3e7294f83c1b6f2ad21132c652e761161e4917a75b353e502298,0x66a9893cc07d91d95644aedd05d03f95e1dba8af,0x66a9893cc07d91d95644aedd05d03f95e1dba8af,266,2674939170,501535640.0,0.0,0.0,501607421.0,0x5141b82f5ffda4c6fe1e372978f1c5427640a190,0xa1f00e8e95208ab23cff619ab1e73081f6f2fa335419828e38b66cafdbaf8a69,0x5141b82f5ffda4c6fe1e372978f1c5427640a190,0x66a9893cc07d91d95644aedd05d03f95e1dba8af,268,932288004,310445484.0,0.0,0.0,310382992.0,0,2.87,2,4598,501.607421,310.445484,0.8951857305473679
USDC_USDT,21965090,1740989591,0x1f2f10d1c40777ae1da742455c65828ff36df387,0x842a4be752756a07ad11bd7b9ee89fcfd0b0b34309ca1bfd9669310276c5bf85,0x1f2f10d1c40777ae1da742455c65828ff36df387,0x1f2f10d1c40777ae1da742455c65828ff36df387,2,242582594743,0.0,14358359809.0,14582518784.0,0.0,0xa69babef1ca67a37ffaf7a485dfff3382056e78c,0xa4799a7c5502d2042ccd6d21716aa7ce439643bd60d33b68cef2654ddf68843d,0xa69babef1ca67a37ffaf7a485dfff3382056e78c,0xa69babef1ca67a37ffaf7a485dfff3382056e78c,3,711643319,0.0,11350049339.0,11401587496.0,0.0,1,340.88,1,322,14582.518784,11401.587496,81.18183760159621
USDC_USDT,21983937,1741216907,0x6ec94f50cadcc79984463688de42a0ca696ec2db,0xd763cb6a7b7c4a955540a8fc3332329089df527a4f0d21f9dff390f744029493,0x7a250d5630b4cf539739df2c5dacb4c659f2488d,0x6ec94f50cadcc79984463688de42a0ca696ec2db,0,2693701864,0.0,1000000000.0,994578189.0,0.0,0x9732f64a02ffcfc2c388b291abcc60c6acd273ba,0x41fbf91d21f9f20b438bb00706498e78237abb5e85fadfa89b88546c67247aa2,0x9732f64a02ffcfc2c388b291abcc60c6acd273ba,0x6ec94f50cadcc79984463688de42a0ca696ec2db,1,1693701864,0.0,3000000000.0,2978701915.0,0.0,1,1.59,1,472,1000.0,3000.0,0.8334349539151359
USDC_USDT,21984065,1741218443,0x6ec94f50cadcc79984463688de42a0ca696ec2db,0x3362eb77012c81718e697a15b5464ba63438e91b7d3c66f301b6dc79475c9ebd,0x7a250d5630b4cf539739df2c5dacb4c659f2488d,0x6ec94f50cadcc79984463688de42a0ca696ec2db,45,2694909041,0.0,1000000000.0,993952443.0,0.0,0x9732f64a02ffcfc2c388b291abcc60c6acd273ba,0x4a29d02dd610c02aa353bcbb714482dd4727d020a0b696c9ffcb1a27c0ec9add,0x9732f64a02ffcfc2c388b291abcc60c6acd273ba,0x6ec94f50cadcc79984463688de42a0ca696ec2db,46,1694909041,0.0,3000000000.0,2976829472.0,0.0,1,1.59,1,472,1000.0,3000.0,0.8338084560910108
USDC_USDT,21984158,1741219559,0x1f2f10d1c40777ae1da742455c65828ff36df387,0x669c8be83ac8693d8437f48d9b9262be8ebb4b39e1c5805945e2e798c8fe29c8,0x1f2f10d1c40777ae1da742455c65828ff36df387,0x1f2f10d1c40777ae1da742455c65828ff36df387,6,11724919147,5322626560.0,0.0,0.0,5337656064.0,0x3fc91a3afd70395cd496c647d5a6cc9d4b2b7fad,0xb3c24ef9ed83ec20c7b49b84d8805dce868811652867640cfb982d37def14344,0x3fc91a3afd70395cd496c647d5a6cc9d4b2b7fad,0xa1d2315cf10d507ef9a8202d57996f32eeeb2353,10,2832728465,24750000.0,0.0,0.0,24763551.0,0,4.14,4,322,5337.656064,24.763551,3.6277056416435842
USDC_USDT,21984334,1741221671,0x85cd07ea01423b1e937929b44e4ad8c40bbb5e71,0x2df6de82d2754c9a4ff5ffc48eb4bfc9ef919518c3a652f2795301ee59c0e3bf,0x85cd07ea01423b1e937929b44e4ad8c40bbb5e71,0x85cd07ea01423b1e937929b44e4ad8c40bbb5e71,4,6000000000,637560000.0,0.0,0.0,637934312.0,0x0eae044f00b0af300500f090ea00027097d03000,0xe2c3311c7973a7a4505e50f6dbe458a4a120ad17683ffd6a142af8a5387d2413,0x0eae044f00b0af300500f090ea00027097d03000,0xa1d2315cf10d507ef9a8202d57996f32eeeb2353,5,695296117,27218245.0,0.0,0.0,27221541.0,0,8.63,1,799,637.934312,27.221541,1.8564080124536066
USDC_USDT,22140024,1743099863,0x6ec94f50cadcc79984463688de42a0ca696ec2db,0x4c78919fac84abdd302b57868d0664115ffffc6af6084a7a4a88f95be0757b48,0x7a250d5630b4cf539739df2c5dacb4c659f2488d,0x6ec94f50cadcc79984463688de42a0ca696ec2db,3,2441141320,0.0,1000000000.0,995373613.0,0.0,0x9732f64a02ffcfc2c388b291abcc60c6acd273ba,0x5e74a3d2d0a1260b7e89c4030116b70fdb3dad6f9a4bb6ae646345dc5d759441,0x9732f64a02ffcfc2c388b291abcc60c6acd273ba,0x6ec94f50cadcc79984463688de42a0ca696ec2db,4,1441141320,0.0,1254587000.0,1247594653.0,0.0,1,1.69,1,472,1000.0,1254.587,0.7617996943634192
USDC_USDT,22177762,1743555155,0x1111111254eeb25477b68fb85ed929f73a960582,0x4ccb9c14f3366f91508459c56b8ca29c6169e4cab662507f3839da7251f696f5,0x1111111254eeb25477b68fb85ed929f73a960582,0x663dc15d3c1ac63ff12e45ab68fea3f0a883c251,37,1092971228,26064999.0,0.0,0.0,26063014.0,0xa69babef1ca67a37ffaf7a485dfff3382056e78c,0xe516caaa9d5f9c9995e8e04f672c36fc469369583b47e9bfa4d58e8900f57c83,0xa69babef1ca67a37ffaf7a485dfff3382056e78c,0xa69babef1ca67a37ffaf7a485dfff3382056e78c,39,592971228,315739275.0,0.0,0.0,315984310.0,0,1.84,2,20062,26.064999,315.98431,0.30645745231189925
USDC_USDT,22194294,1743754499,0x6ec94f50cadcc79984463688de42a0ca696ec2db,0x1661fd4cda2e0b9b4aef9b800532488364884814a564a28e7ff65fd9890684b1,0x7a250d5630b4cf539739df2c5dacb4c659f2488d,0x6ec94f50cadcc79984463688de42a0ca696ec2db,0,2524026085,0.0,500000000.0,496809720.0,0.0,0x9732f64a02ffcfc2c388b291abcc60c6acd273ba,0x153f103ff2018894da08408ce8a2024499cb1b54d87b6eccc9762bc70881de6f,0x9732f64a02ffcfc2c388b291abcc60c6acd273ba,0x6ec94f50cadcc79984463688de42a0ca696ec2db,1,1524026085,0.0,4683344000.0,4642847785.0,0.0,1,1.66,1,472,500.0,4683.344,0.7077099412701808
USDC_USDT,23197112,1755871655,0x69460570c93f9de5e2edbc3052bf10125f0ca22d,0x5b7bd56198a01ac246a2a3fa01515b889c9e6b3453e086c6c096d532e1f50b47,0x7a250d5630b4cf539739df2c5dacb4c659f2488d,0x69460570c93f9de5e2edbc3052bf10125f0ca22d,49,3413885758,9902971.0,0.0,0.0,9886420.0,0x0c0435519ac226010638a61fd1d1bc652b5434de,0xf7bb798e1b2d12a65a88284c622fa27260d6bc6a4b2d8c61bf0e10b556045b82,0x0c0435519ac226010638a61fd1d1bc652b5434de,0x0c0435519ac226010638a61fd1d1bc652b5434de,50,1448894046,319873624.0,0.0,0.0,319282267.0,0,2.36,1,476,9.902971,319.873624,2.201824530341035
USDC_USDT,23383159,1758116423,0x44487a445a7595446309464a82244b4bd4e325d5,0x1b6537f4e8511a4dfda859b06069fa083af6ffa2b82ea881c7f833766ff26b62,0x7a250d5630b4cf539739df2c5dacb4c659f2488d,0x44487a445a7595446309464a82244b4bd4e325d5,83,1677109352,0.0,439471455.0,439330859.0,0.0,0x111111125421ca6dc452d289314280a0f8842a65,0xe9d22554611f07a8b44bf6bc1879d6f93ba65f7bf025129f9abef489618ff19a,0x111111125421ca6dc452d289314280a0f8842a65,0x88649f4743a758171077b98ee2003f1989b1615a,84,751239634,0.0,3145927.0,3144167.0,0.0,1,2.23,1,36,439.471455,3.145927,1.118196063709379
USDC_USDT,23549309,1760123255,0x6e4141d33021b52c91c28608403db4a0ffb50ec6,0x2f73ad5021b3d81efacb9d78a87e49fecd62d36cc713f70a0bdef7e5a9e66227,0x6e4141d33021b52c91c28608403db4a0ffb50ec6,0x6e4141d33021b52c91c28608403db4a0ffb50ec6,5,16118859708,45097714.0,0.0,0.0,45354972.0,0xeff6cb8b614999d130e537751ee99724d01aa167,0xf38915b17066ab877006e037893238d78f765074e32e9df44312a36024b9a4b0,0xeff6cb8b614999d130e537751ee99724d01aa167,0xeff6cb8b614999d130e537751ee99724d01aa167,6,1118859708,4300000000.0,0.0,0.0,4314356148.0,0,14.41,1,16,45.354972,4314.356148,9.799883220928802
USDC_USDT,23867334,1763970527,0x29eba991f9d9e71c6bbd69cb71c074193fd877fd,0x6bdd0f47cdb4db8bd8e56d61977f201b306a1125a2d191f2cbeb0b61183696b4,0x7a250d5630b4cf539739df2c5dacb4c659f2488d,0x29eba991f9d9e71c6bbd69cb71c074193fd877fd,2,2083774660,0.0,500000000.0,498541116.0,0.0,0x9732f64a02ffcfc2c388b291abcc60c6acd273ba,0xa2b6937980d20f77a0533b56e9addac70b5e0d3cb98d41ddaf32404f7dd01516,0x9732f64a02ffcfc2c388b291abcc60c6acd273ba,0x29eba991f9d9e71c6bbd69cb71c074193fd877fd,4,1083774660,0.0,401916930.0,400539006.0,0.0,1,1.92,2,120,500.0,401.91693,0.8645651649754958
USDC_USDT,23983225,1765380767,0x031f1ad10547b8deb43a36e5491c06a93812023a,0xe3f89d5b4d1468b2ef74c5aee8b4a06f58e121fa61af4b6235b74a82d1883511,0x031f1ad10547b8deb43a36e5491c06a93812023a,0x74de5d4fcbf63e00296fd95d33236b9794016631,2,2160007638,32955.0,0.0,0.0,32958.0,0x00000000009e50a7ddb7a7b0e2ee6604fd120e49,0x1c03a6a48e1ab4d93e9700f60ccbaca989eb9cdc7f67910a30aa8c7435d770c7,0x00000000009e50a7ddb7a7b0e2ee6604fd120e49,0xc7bbec68d12a0d1830360f8ec58fa599ba1b0e9b,3,260212154,644847382.0,0.0,0.0,644684984.0,0,8.3,1,164,0.032958,644.847382,1.0747891615924192
USDC_USDT,24034395,1765999403,0x111111125421ca6dc452d289314280a0f8842a65,0x96c9a85b43ef8479b7f411577051e60a244b872b65529ce3df523ee6814e129b,0x111111125421ca6dc452d289314280a0f8842a65,0x74de5d4fcbf63e00296fd95d33236b9794016631,46,2146330152,0.0,11256882.0,11255996.0,0.0,0x06cff7088619c7178f5e14f0b119458d08d2f5ef,0x9a99c060eb657bd295dfcdb683ac5ce08cb25ee4590ad8b5a2ae07180e611596,0x06cff7088619c7178f5e14f0b119458d08d2f5ef,0x06cff7088619c7178f5e14f0b119458d08d2f5ef,47,146330152,0.0,464541750.0,464379747.0,0.0,1,14.67,1,4112,11.256882,464.54175,0.9449760866456016
USDC_USDT,24126612,1767111755,0xfbd4cdb413e45a52e2c8312f670e9ce67e794c37,0xcb246e00bc8629dda51bb8b8ef104a93342692aa514abeb54ed539f79f690c7f,0xfbd4cdb413e45a52e2c8312f670e9ce67e794c37,0xfbd4cdb413e45a52e2c8312f670e9ce67e794c37,1,1980599815,1572862446.0,0.0,0.0,1575524416.0,0x5a1b2acd0c9992e14f2b6d8a326023e35a097a3a,0xeea05e2a7287bc7cefd42a242cfc5f0494257b853d1da51adaa2f8a582bf2404,0x5a1b2acd0c9992e14f2b6d8a326023e35a097a3a,0x5a1b2acd0c9992e14f2b6d8a326023e35a097a3a,6,521671432,997841738.0,0.0,0.0,998071356.0,0,3.8,5,28,1575.524416,998.071356,0.8868410296721662
USDC_USDT,24244464,1768532507,0xd2b37ade14708bf18904047b1e31f8166d39612b,0x72c5ee307f77fab194e55faf087133085a06147b4ab6a195b209354ed51bab0e,0xd2b37ade14708bf18904047b1e31f8166d39612b,0xd2b37ade14708bf18904047b1e31f8166d39612b,22,545383235,1000000.0,0.0,0.0,999802.0,0x66a9893cc07d91d95644aedd05d03f95e1dba8af,0x30b2d5d3912c55ba20fe59e9bc76f14146be45386863a257f06ca2efedd9250f,0x66a9893cc07d91d95644aedd05d03f95e1dba8af,0x66a9893cc07d91d95644aedd05d03f95e1dba8af,23,195851145,108052390.0,0.0,0.0,108024298.0,0,2.78,1,1867,1.0,108.05239,0.2608612197199037
USDC_USDT,24276730,1768921031,0x990636ecb3ff04d33d92e970d3d588bf5cd8d086,0x5d5edf1017dd8759b54188c3768f214df25adaa4200ae5c72eb55339ba3b5881,0x990636ecb3ff04d33d92e970d3d588bf5cd8d086,0x111111125421ca6dc452d289314280a0f8842a65,19,2574704920,104089518.0,0.0,0.0,104156535.0,0x00000047bb99ea4d791bb749d970de71ee0b1a34,0xddc571947ee3868cbf2b61070ab0e7a402fb9ff880c570b1e6913f84b322dae5,0x00000047bb99ea4d791bb749d970de71ee0b1a34,0x57417130157e723b92f26de3b989b9b9d594513b,23,801584650,62920505.0,0.0,0.0,62955016.0,0,3.21,4,143,104.156535,62.955016,1.1751004082909609
USDC_USDT,24386435,1770243803,0xf48a3f7c0575c85cf4529aa220caf3c055773f1c,0x3122e1d6715125c034a1a4857fc5d84521b860e8ed73c001456c00908560ec43,0xf48a3f7c0575c85cf4529aa220caf3c055773f1c,0xf48a3f7c0575c85cf4529aa220caf3c055773f1c,26,2562158847,0.0,16218932.0,16177478.0,0.0,0x36331e299247e5d0d3261e1d9852f6e0cffee95c,0x70e461807dca70e24113ec2f76d49676d0f1738908f0bfe7dd2d604b596ce07e,0x36331e299247e5d0d3261e1d9852f6e0cffee95c,0x9a772018fbd77fcd2d25657e5c547baff3fd7d16,27,562158847,0.0,471302081.0,469897937.0,0.0,1,4.56,1,191,16.218932,471.302081,0.8863181296262614
USDC_USDT,24405582,1770474983,0xe2228e892aae78fffd5f27d158074e888b72b5b9,0x660d6c740a930f40b55bba3dc0fd115beae8deb5a18b048cfc75ff0dffa13fb1,0xe2228e892aae78fffd5f27d158074e888b72b5b9,0x000000000004444c5dc75cb358380d2e3de08a90,1,1983033027,762870000.0,0.0,0.0,763879091.0,0x3d810cfbdf51a2176b4eadba019bb42e3ea86358,0xac5f4a678772b2358b6bcab44e5287be4732cd56ec8df88123a0f8cd3587844a,0x3d810cfbdf51a2176b4eadba019bb42e3ea86358,0x700b42a39f2161c8ff7de8f39b34670d96353c27,2,167530919,7276570.0,0.0,0.0,7283015.0,0,11.84,1,1,763.879091,7.283015,0.6090639433003641
USDC_USDT,24413356,1770569387,0x66a9893cc07d91d95644aedd05d03f95e1dba8af,0xf03a1c59d5f8132c1ebc205bfd7aac5fbc8f3c5b9b6beefb383ade6ec4b9f072,0x66a9893cc07d91d95644aedd05d03f95e1dba8af,0xb4e16d0168e52d35cacd2c6185b44281ec28c9dc,37,3395006156,0.0,7302370.0,7295833.0,0.0,0x06cff7088619c7178f5e14f0b119458d08d2f5ef,0xd339eb115f5c56422160b583212cb616e105f7d1565690f1c189c3bb0998c054,0x06cff7088619c7178f5e14f0b119458d08d2f5ef,0xe0554a476a092703abdb3ef35c80e0d76d32939f,38,71665145,0.0,30864511.0,30836217.0,0.0,1,47.37,1,4598,7.30237,30.864511,1.0427339377350526
USDC_USDT,24603138,1772857079,0x392ff061b956d2af15f0dfc13f06bfb8302cd67f,0x91f48a9a8e782cc4a1a1f0262cf3791311adc360fe4323586da69161f11880f4,0x392ff061b956d2af15f0dfc13f06bfb8302cd67f,0x17d623820535fd2aa474e4095b8fb073541550fb,11,5688796240,1834279364.0,0.0,0.0,1836202891.0,0x66a9893cc07d91d95644aedd05d03f95e1dba8af,0xe5036666363be071a19227a2cc0b98a009da40b2ad47387c5f972fff3abcb316,0x66a9893cc07d91d95644aedd05d03f95e1dba8af,0x0d4a11d5eeaac28ec3f61d100daf4d40471f1852,15,1031615765,39846094.0,0.0,0.0,39845554.0,0,5.51,4,8,1836.202891,39.846094,1.6885677642056172
