sandwich_id,pair,block_number,timestamp,attacker,front_tx,front_sender,front_to,front_tx_index,front_direction,front_amount0_in,front_amount1_in,front_amount0_out,front_amount1_out,front_gas_price,back_tx,back_sender,back_to,back_tx_index,back_amount0_in,back_amount1_in,back_amount0_out,back_amount1_out,back_gas_price,num_victims,victim_txs,victim_total_amount0_in,victim_total_amount1_in,victim_total_amount0_out,victim_total_amount1_out,net_token0,net_token1,profit_usd,gas_cost_eth,gas_cost_usd,net_profit_usd
1,WETH_USDC,10498510,1595276813,0x9021c84f3900b610ab8625d26d739e3b7bff86ab,0x876f3f08a389a916a35cb98a77dd71c37f79a9f8376379d9f11e5042b9b36c6b,0x9021c84f3900b610ab8625d26d739e3b7bff86ab,0x9021c84f3900b610ab8625d26d739e3b7bff86ab,120,0,161819360.0,0.0,0.0,6.81655298771134e+17,62000000000.0,0x82b552b7d8a28a8adc9b6b301e4ea732eb9f4fefcac20c132ceb230d9ccf879a,0x9021c84f3900b610ab8625d26d739e3b7bff86ab,0x9021c84f3900b610ab8625d26d739e3b7bff86ab,181,0.0,3.3039054172221616e+19,7794971079.0,0.0,62000000000.0,1,0x0c53b4d11c2b8c1b9dfa590e72ff053429ac875bc95df1db866c980cce4d789e,10000000000.0,0.0,0.0,4.203256382082571e+19,7633.151719,-32.357398873450485,-11.058335688132502,0.0186,4.394120416578386,-15.452456104710887
2,WETH_USDC,12273361,1618873553,0xdef1c0ded9bec7f1a1670819833240f027b25eff,0x176de02061cd4e4a26dcf35f7b36fd24c764527e5427047dfd9812ccd19c4cdf,0xdef1c0ded9bec7f1a1670819833240f027b25eff,0x1be574041828303f0bfb5d06a2414f3bd6da1b2a,173,0,300000000.0,0.0,0.0,1.3667933495759568e+17,223000000000.0,0xc4778a798797b6ce1a1206dc12c13dc8278c1293386428c61fe35d484095160e,0xdef1c0ded9bec7f1a1670819833240f027b25eff,0x13c38900ed3b6d365dff183fc5d6a665a94ddd0c,226,0.0,1.3309180436490345e+18,2903889001.0,0.0,219000000000.0,1,0xf70d1ec835a74b95c4ee68e17e1406693249d9500182fba3af2657b4069aa23b,10000000000.0,0.0,0.0,4.555978081715291e+18,2603.889001,-1.1942387086914388,-9.574697937684505,0.0663,145.09045970334375,-154.66515764102826
3,WETH_USDC,12573817,1622887121,0x1d6e8bac6ea3730825bde4b005ed7b2b39a2932d,0xe8a6be083f96c8a33bde63f03a2a4a6685767cc15711361e7940b100deac79e3,0x1d6e8bac6ea3730825bde4b005ed7b2b39a2932d,0x1d6e8bac6ea3730825bde4b005ed7b2b39a2932d,0,1,0.0,1.173346936603342e+20,315851415762.0,0.0,0.0,0xa1ba431645f3df570eb8aa720cf6f02907f6705b7da2be261ce2a1f36e229684,0x1d6e8bac6ea3730825bde4b005ed7b2b39a2932d,0x1d6e8bac6ea3730825bde4b005ed7b2b39a2932d,2,315851415762.0,0.0,0.0,1.1824856806812221e+20,0.0,1,0x4e5b8585c65be13f31f7901b3d9e4ec631a119bcbca0da5e55ee4c92486fc41c,0.0,3.5e+20,933534538229.0,0.0,0.0,0.9138744077880198,2478.154188819569,0.0,0.0,2478.154188819569
4,WETH_USDC,12723529,1624897197,0x00000000003b3cc22af3ae1eac0440bcee416b40,0xaff6f139cfba140d6c989d50d7dce5013a2d743d6db7eab670ddfedf66d55d00,0x00000000003b3cc22af3ae1eac0440bcee416b40,0x00000000003b3cc22af3ae1eac0440bcee416b40,0,1,0.0,1.6084979809213166e+20,338483591958.0,0.0,0.0,0xd20eb404773078cf8ba00e397984b998edc106592570ca6569a25245e5049792,0x00000000003b3cc22af3ae1eac0440bcee416b40,0x00000000003b3cc22af3ae1eac0440bcee416b40,2,338483591958.0,0.0,0.0,1.623128188884802e+20,0.0,1,0x68e408b8c865bec210f19a721b269bd0f928ce36ecc03b8e135dfe187ae74dac,0.0,5e+20,1041743553398.0,0.0,0.0,1.4630207963485307,3076.4944689851604,0.0,0.0,3076.4944689851604
5,WETH_USDC,12998450,1628611942,0x83f893cc6610bfc695f8e2d4cd0e6d3033dec77e,0x3fe93dce3ecd5403147e2c41b5b5d4932cf74408c2250d9b14749b450be58662,0x83f893cc6610bfc695f8e2d4cd0e6d3033dec77e,0x83f893cc6610bfc695f8e2d4cd0e6d3033dec77e,0,1,0.0,1.210123681836992e+20,375792481590.0,0.0,60175633644.0,0x3b68007de77704f897af0003a63117ce646c902ca2f4591e0a7aaecf04cbd324,0x83f893cc6610bfc695f8e2d4cd0e6d3033dec77e,0x83f893cc6610bfc695f8e2d4cd0e6d3033dec77e,2,375792481590.0,0.0,0.0,1.215718362453196e+20,60175633644.0,1,0x02c0b1901c22e16406508c94f1f1713e90798532aa080026d37dcb748fc5bf1b,0.0,2.596300412836087e+20,800000000000.0,0.0,0.0,0.5594680616204042,1737.8658679757655,0.0180526900932,56.07675592284841,1681.789112052917
6,WETH_USDC,13198724,1631286395,0x000000000035b5e5ad9019092c665357240f594e,0x248ef26cd6ae1078284858461c79ea465d57668eda7750c1cd53c49713c324ba,0x000000000035b5e5ad9019092c665357240f594e,0x3155acd9f75915fcc21d34035f440da7040bd3ba,0,1,0.0,3.412340536704614e+18,11063998389.0,0.0,120746371102.0,0x9e6d4525891a6aeb3014af8d2a245d8a6093e062aaffb200955d9553c18bb0fb,0x000000000035b5e5ad9019092c665357240f594e,0x000000000035b5e5ad9019092c665357240f594e,2,11558794225.0,0.0,0.0,3.5445854679339996e+18,120746371102.0,1,0x0c38bffca1745707829742a0126a0002cb764254d65f6d154d2b6c90b23b0a98,0.0,4.5e+18,14586903549.0,0.0,-494.795836,0.13224493122938571,-65.05011525813859,0.0362239113306,117.71393230834748,-182.76404756648606
7,WETH_USDC,13223433,1631617102,0xdef1c0ded9bec7f1a1670819833240f027b25eff,0x6ce713c0878daf04322820b33ca7650c72c3b6d65a85b6556de67d2b8b4b35c2,0xdef1c0ded9bec7f1a1670819833240f027b25eff,0x684b00a5773679f88598a19976fbeb25a68e9a5f,141,1,0.0,2.478125e+17,823794574.0,0.0,37401766675.0,0x956b3ac46b4d6917d9354c50e4b98cab3634e128c406871c6d5f27ade305fa76,0xdef1c0ded9bec7f1a1670819833240f027b25eff,0xdef1c0ded9bec7f1a1670819833240f027b25eff,299,411186810.0,0.0,0.0,1.2295379618428672e+17,36401766675.0,1,0xa3804be37d2458dfb46ebc52e622a7d1a388a82b410e620254b36bcea3ccf5df,0.0,2.3e+17,764569347.0,0.0,412.607764,-0.12485870381571328,-3.698492574634713,0.0110705300025,36.911570942144884,-40.6100635167796
8,WETH_USDC,13599139,1636690396,0x000000000035b5e5ad9019092c665357240f594e,0x98dc889f078635249e54adae8f4ffcdea71172e8ef499b1afc8ae8107c96dfef,0x000000000035b5e5ad9019092c665357240f594e,0x000000000035b5e5ad9019092c665357240f594e,0,1,0.0,2.039221386066727e+20,964911557922.0,0.0,118080871963.0,0xb14d73dba3f65084e22364d8e9d50be2ccdebe305bb5c7836792f0c8f1978bd2,0x000000000035b5e5ad9019092c665357240f594e,0x000000000035b5e5ad9019092c665357240f594e,2,964911557921.0,0.0,0.0,2.0422591319230847e+20,3002130087873.0,1,0x8a660c56e1cf2b7c68fc7714feb3ba1a290dd8cb103e6c774c68d0eed57a9d6e,0.0,1.1642481734610064e+20,545231955375.0,0.0,1e-06,0.30377458563576626,1440.4239826459552,0.4680316439754,2219.2903423451235,-778.8663596991682
9,WETH_USDC,13623552,1637023292,0x7cf09d7a9a74f746edcb06949b9d64bcd9d1604f,0x413fc86fb9cb659493bb37fda96cfa6fea0a1f7bff36e08cb88c6eb4c74682de,0x7cf09d7a9a74f746edcb06949b9d64bcd9d1604f,0xc4fa9fd2e51e41c2be2c3a77c53710b224e1b31d,0,1,0.0,8.682893584388384e+18,38707135099.0,0.0,139192397527.0,0xa71c0c129ca16b4d8765ed2b10ac4d04b78681741ff866c2858939a58e43f65f,0x7cf09d7a9a74f746edcb06949b9d64bcd9d1604f,0x7cf09d7a9a74f746edcb06949b9d64bcd9d1604f,2,42350747214.0,0.0,0.0,9.446031739716645e+18,4682282936439.0,1,0xff040e1c6cf569c5b4f50458107f51bd238020a843036d467488adb8d748b8f1,0.0,5e+18,22279833734.0,0.0,-3643.612115,0.7631381553282611,-231.38473582527558,0.7232213000948999,3233.746739244932,-3465.1314750702077
10,WETH_USDC,13698659,1638051441,0x00000000a1f2d3063ed639d19a6a56be87e25b1a,0xa5630610c797d6cc9269ba9acb89f2a059991a453c37789b9a8a70ac6790f004,0x00000000a1f2d3063ed639d19a6a56be87e25b1a,0xb8b7c440c36e31686bf1e1bdca76a52e730190fc,4,1,0.0,2.2320518658348652e+18,9087156342.0,0.0,128461678681.0,0x001640a03f5502df630fdf4affd68c1eb36faa1796e172f98998e7b8a5b0f738,0x00000000a1f2d3063ed639d19a6a56be87e25b1a,0x00000000a1f2d3063ed639d19a6a56be87e25b1a,6,9395218316.0,0.0,0.0,2.294393684519663e+18,305366921676.0,1,0xfbac89185d9c49ae94926fc02f8d452c4da8754a53c4f05ac5ad9144fd188228,0.0,3.1403934347419064e+18,12782805652.0,0.0,-308.061974,0.062341818684797955,-53.5263498865676,0.06507429005355,265.69204078349964,-319.21839067006727
11,WETH_USDC,13724034,1638402451,0x000000000035b5e5ad9019092c665357240f594e,0x6a0cd35d723727faba06772ebe5c83d926bda5e80217e392173ba579f75c9663,0x000000000035b5e5ad9019092c665357240f594e,0xb8b7c440c36e31686bf1e1bdca76a52e730190fc,0,1,0.0,3.552508100875336e+18,16200356112.0,0.0,105483293029.0,0xe90244db48cb7d66d2ee7a718a89c5009960e61a91446d74e3f23efa211e6c02,0x000000000035b5e5ad9019092c665357240f594e,0x000000000035b5e5ad9019092c665357240f594e,2,19139222291.0,0.0,0.0,4.175224221563716e+18,4475564335820.0,1,0x83c2559e04a91c1e3c5b4263837f2042f6461f66adde2505c7310df89014b3be,0.0,1.3e+19,59251818226.0,0.0,-2938.866179,0.6227161206883799,-92.51580517273351,0.68715714432735,3140.901495326789,-3233.4173004995223
12,WETH_USDC,13823726,1639759116,0x00000000003b3cc22af3ae1eac0440bcee416b40,0x71bdf1745d54b194b1cbd3d61bd5c21f19b08d7d2d29aa46a67125ec1e2f213e,0x00000000003b3cc22af3ae1eac0440bcee416b40,0x00000000003b3cc22af3ae1eac0440bcee416b40,0,0,258981782393.0,0.0,0.0,6.593073715077685e+19,108252367282.0,0x49579a1c69f2cbaf1004da870ff43a613b62f6808125b524f8fd03db20aac997,0x00000000003b3cc22af3ae1eac0440bcee416b40,0x88e6a0c2ddd26feeb64f039a2c41296fcb3f5640,2,0.0,2.045836714530244e+20,806330588464.0,0.0,7891654389492.0,1,0x1c79a43f5aeae4308189ccf6550f3d9dea1f7e65faca56ea92a70df23aad9f79,776354019393.0,0.0,0.0,1.957428843121734e+20,547348.806071,-138.65293430224753,3360.7544743450126,1.1999860135161,4708.0002794090115,-1347.245805063999
13,WETH_USDC,13924341,1641103738,0x000000000035b5e5ad9019092c665357240f594e,0xd1c345b4ee3f68ce4677f62192782021a01509181d4829741ff85b2c7c034f71,0x000000000035b5e5ad9019092c665357240f594e,0xf6dcdce0ac3001b2f67f750bc64ea5beb37b5824,0,1,0.0,6.77439450966353e+18,25212955687.0,0.0,52777119764.0,0xca37a0624c6f974329ac3ecf61d7808951388e9ac00e10e0c3d975209b43c6ff,0x000000000035b5e5ad9019092c665357240f594e,0x000000000035b5e5ad9019092c665357240f594e,2,25495035577.0,0.0,0.0,6.821815916218484e+18,289242459073.0,1,0x7a29cbb3a0962131bf43859d07e1b6eee392f135af8965a958b3ab66adabf113,0.0,2.5878061563549577e+19,96200130025.0,0.0,-282.07989,0.04742140655495373,-105.34098623321572,0.05130293682555,191.2053115517957,-296.5462977850114
14,WETH_USDC,13948379,1641424661,0x68b3465833fb72a70ecdf485e0e4c7bd8665fc45,0x503235db7151462f6267a373ce627eafd760282eadac12f212255d6dd97d048a,0x68b3465833fb72a70ecdf485e0e4c7bd8665fc45,0x6df34a62f71cf668ae6029afc3a99d2e4c6daccc,26,1,0.0,5.430387955149414e+17,1914457426.0,0.0,158661141571.0,0x1b5de03b41973616dcc48094a4eae121acfb8edc4248d6fe2b2e66142476abd5,0x68b3465833fb72a70ecdf485e0e4c7bd8665fc45,0x68b3465833fb72a70ecdf485e0e4c7bd8665fc45,185,214099090.0,0.0,0.0,6.036318761910784e+16,158661141571.0,1,0x6775f38fc61b3c69bdf2e62b797e19f50e8119de6530f8aa2754f974214aa486,0.0,7.698905293119486e+18,27134519222.0,0.0,1700.358336,-0.4826756078958335,-6.706876058723765,0.0475983424713,168.3397156500787,-175.04659170880245
15,WETH_USDC,13973529,1641760340,0x68b3465833fb72a70ecdf485e0e4c7bd8665fc45,0x683c584b1bc2cb1ea51be99bcfdd498f364b9ca33c563977b76f1ab0285bfd3e,0x68b3465833fb72a70ecdf485e0e4c7bd8665fc45,0x30b483c5d6ebefe763cb6a34bf60ba3e7c033f37,156,0,6000000000.0,0.0,0.0,1.868948145353056e+18,158601148201.0,0xffa3ee3c8d9df6409b1edea94664ce0a0b3570e0fba5d2375c8054ccc7d4796b,0x68b3465833fb72a70ecdf485e0e4c7bd8665fc45,0xc88ac988a655b91b70def427c8778b4d43f2048d,167,0.0,2.7e+17,862565039.0,0.0,158400000000.0,1,0xc74e85cff8bee739a0b9fa2833be523694072fc616d76da0168c739211a0a9c3,50000000000.0,0.0,0.0,1.556534140326952e+19,-5137.434961,1.598948145353056,-13.97527287887442,0.04755017223015,152.36353429747857,-166.338807176353
16,WETH_USDC,14023429,1642427590,0x68b3465833fb72a70ecdf485e0e4c7bd8665fc45,0x827937476ecb4ae9f70749c45e8a9902257c867593af6f523d9dedf905e729a8,0x68b3465833fb72a70ecdf485e0e4c7bd8665fc45,0xcb5cea9e0000e02552f520f401d1f6793814c1e2,180,1,0.0,4.084801128115271e+18,13279288015.0,0.0,100318085654.0,0x8da161ae5ed61cc080eb25f983df032c3f03fe4c94b19203ef281c52dcfd23aa,0x68b3465833fb72a70ecdf485e0e4c7bd8665fc45,0xdc00ba87cc2d99468f7f34bc04cbf72e111a32f7,210,5000000000.0,0.0,0.0,1.5289607051157048e+18,100318085654.0,1,0x27d2e9278d50f1379480816a1ebea22851891f2aed7e6dffea9070d614b24cbc,0.0,2.984560307193481e+17,970127439.0,0.0,8279.288015,-2.5558404229995664,-54.10710966380975,0.0300954256962,98.12704717967345,-152.23415684348322
17,WETH_USDC,14024133,1642437351,0x68b3465833fb72a70ecdf485e0e4c7bd8665fc45,0xd8e27caeda2fab575a73fb038e02673dcbc34738e0eb66bd1cb2a9606ca900b4,0x68b3465833fb72a70ecdf485e0e4c7bd8665fc45,0x819de42d3ab832eaf7111a222a8a5a7419f13b48,2,1,0.0,8.75e+17,2814935567.0,0.0,128022504146.0,0xd353093eb20f7144462f5212555c0aac73a3522f5606b4ff5d78bee7786a0c01,0x68b3465833fb72a70ecdf485e0e4c7bd8665fc45,0x68b3465833fb72a70ecdf485e0e4c7bd8665fc45,161,290358826.0,0.0,0.0,8.971805518112835e+16,128022504146.0,1,0xa96643c448390d6d67078584428de2ccfe8d0a0230a971207c9bd90cd620b81a,0.0,2e+17,643393814.0,0.0,2524.576741,-0.7852819448188717,-9.250984446577604,0.0384067512438,123.92503328001077,-133.17601772658838
18,WETH_USDC,14048657,1642764662,0xdd28d64e40e00af54a0b5147539a515c4a0bc1c5,0x88eb8d02b3adfc24e97b01fd5d1f9f2ff992ee12043a3e1b033e6463943315a7,0xdd28d64e40e00af54a0b5147539a515c4a0bc1c5,0xdd28d64e40e00af54a0b5147539a515c4a0bc1c5,5,1,0.0,9.65164e+19,273537910730.0,0.0,89100000000.0,0xa6440b6081844c98607e7519ceb1fcd0b6a415f393e36d21b5b74c4dd92f17b4,0xdd28d64e40e00af54a0b5147539a515c4a0bc1c5,0xdd28d64e40e00af54a0b5147539a515c4a0bc1c5,7,273537910730.0,0.0,0.0,9.594138502095358e+19,89100000000.0,1,0x8708a367def7d152beda9fae7a18f0fca4c5c6d652184ab2d3fc1154c0a59c2d,0.0,3.229620324735065e+17,912879506.0,0.0,0.0,-0.5750149790464246,-1638.8266226326002,0.02673,76.1820773706013,-1715.0087000032015
19,WETH_USDC,14073532,1643097424,0x7cf09d7a9a74f746edcb06949b9d64bcd9d1604f,0xa7202d8ec746e3b9975f242fb979f69d82a1e8a110287fa8dcaca677cfd55842,0x7cf09d7a9a74f746edcb06949b9d64bcd9d1604f,0x3f61171b1297f6e512c750c172ba86026ab0e820,0,1,0.0,2.1431594835163215e+18,5080304699.0,0.0,65128332366.0,0x3b91956024f396979a8b8df9c5d336a46a1f02558f52ff09bb183c5ecca6d9b0,0x7cf09d7a9a74f746edcb06949b9d64bcd9d1604f,0x7cf09d7a9a74f746edcb06949b9d64bcd9d1604f,2,6571564890.0,0.0,0.0,2.7566337241371433e+18,65128332366.0,1,0xdc85bc1a9e305aae1e44ef48c73232ebbe8d21646eef4954414eef5f08b14228,0.0,7.580949966318982e+18,17966158815.0,0.0,-1491.260191,0.6134742406208218,-32.451431977187895,0.0195384997098,46.46150176733843,-78.91293374452633
20,WETH_USDC,14073978,1643103123,0x68b3465833fb72a70ecdf485e0e4c7bd8665fc45,0xbceabc6ef0899ddbae1f7a91766eb9e3b3089600938900021c5633d3d28b9bb1,0x68b3465833fb72a70ecdf485e0e4c7bd8665fc45,0xf91c12dae1313d0be5d7a27aa559b1171cc1eac5,2,0,6214322212.0,0.0,0.0,2.571453301891552e+18,80186134087.0,0xcd43a4f33dc82a85ed4d80cfc2ccea11b0960c76a564914a986d5dbe2a07a104,0x68b3465833fb72a70ecdf485e0e4c7bd8665fc45,0x8633d4566dae339ad24d532d9cb44696cb30f423,64,0.0,5.4612086670718746e+17,1312032769.0,0.0,80686134087.0,1,0xf5e59c10d89c27492e39dae1a8e45aa1bdd89a627ef10974409519423456dae2,3205626821.0,0.0,0.0,1.32634291732704e+18,-4902.289443,2.0253324351843647,-21.93689677921975,0.0241308402261,58.1470012004097,-80.08389797962946
21,WETH_USDC,14074243,1643106758,0x68b3465833fb72a70ecdf485e0e4c7bd8665fc45,0x50b29702ff6480a9530484e5d56f513ee194bfe23726671117202695940b3d9a,0x68b3465833fb72a70ecdf485e0e4c7bd8665fc45,0x68b3465833fb72a70ecdf485e0e4c7bd8665fc45,0,0,16156005693.0,0.0,0.0,6.612156884170501e+18,85906225938.0,0xc73f25789775d451bc57c248339ae1df418f3d27bd3bf7568c116e4f8b59827f,0x68b3465833fb72a70ecdf485e0e4c7bd8665fc45,0x26cb22d3ac61bd51fa228c91281d6075a7143986,60,0.0,2.7199691894636467e+17,660822643.0,0.0,94600000000.0,1,0x7f23d34bc1237324e4f6f1880ef3234a191a848a34b3f3acf93baf4e21d4caf6,8004000000.0,0.0,0.0,3.2749831268405924e+18,-15495.18305,6.340159965224137,-45.06110496702058,0.0270759338907,65.98042993891205,-111.04153490593264
22,WETH_USDC,14173686,1644433944,0x68b3465833fb72a70ecdf485e0e4c7bd8665fc45,0x01ef72f73e6cb530defd1901270e30fdaa52356d9dd8f7630fc5502f40d622eb,0x68b3465833fb72a70ecdf485e0e4c7bd8665fc45,0x9db640e18390d2408c71e9927d8518c79d5569c6,75,0,1000000000.0,0.0,0.0,3.0860792687191475e+17,82915571571.0,0x9cd60e1a496d65b6297176c2bca6fb617e9d24f38aca3aa16ba23e75f68955dc,0x68b3465833fb72a70ecdf485e0e4c7bd8665fc45,0xd14782a6f2512495584a252ffca49b17486a08d3,92,0.0,5e+17,1610526625.0,0.0,82915571571.0,1,0x77978d6c6b77d988f306a8bd16ab6f77d19a8a33417695406a18e9be4dcb81f6,2348695971.0,0.0,0.0,7.248061473127284e+17,610.526625,-0.19139207312808526,-7.804184478005709,0.0248746714713,80.36265815489188,-88.16684263289758
23,WETH_USDC,14223692,1645101518,0x68b3465833fb72a70ecdf485e0e4c7bd8665fc45,0x6b61040acf24cbf660968af95ed5e6468bec260a94ebe53c62e82c7ab590ba30,0x68b3465833fb72a70ecdf485e0e4c7bd8665fc45,0x9e11c84ca4d99fb0c705576fc1e455398ec35903,123,1,0.0,2.1177131849527524e+18,6500000000.0,0.0,49674874857.0,0xb3a971a6e9549c69845edf49b50e60a36b338654cff74eef66ba6498b2c495ae,0x68b3465833fb72a70ecdf485e0e4c7bd8665fc45,0x68b3465833fb72a70ecdf485e0e4c7bd8665fc45,240,9136466595.0,0.0,0.0,2.959279125138145e+18,49174874857.0,1,0xc5bd77b4afc1f8af5ed705e48e3b352ed3925dbbf5038574577e8378d2f7c604,0.0,3.020384991386926e+18,9269298347.0,0.0,-2636.466595,0.8415659401853924,-45.796607058322934,0.0148274624571,45.644744102260994,-91.44135116058393
24,WETH_USDC,14298656,1646104895,0x68b3465833fb72a70ecdf485e0e4c7bd8665fc45,0xc61ab37e75b5f2fe6e741cc2e5d015db12449ffd0080cc712665a729b72883c5,0x68b3465833fb72a70ecdf485e0e4c7bd8665fc45,0xbe9a0af4754700ba746c56df86ee570abf5ad2b5,196,1,0.0,1.5853386282959578e+17,459501943.0,0.0,68723344495.0,0x35ec9b22d52f2a3ac5d048be101a3a76026de0f7005e669d9d6ac06192b4fdd7,0x68b3465833fb72a70ecdf485e0e4c7bd8665fc45,0x9ccd72368c13a92ea738bd885317c2ba5b667fad,374,1000000000.0,0.0,0.0,3.429521751308417e+17,68223344495.0,1,0x391c375c88296c381a69ec53bd3a2fd985bc744766095b0fbc29663dbd068320,0.0,4.460625e+17,1292866606.0,0.0,-540.498057,0.18441831230124595,-4.36843099656312,0.0205420033485,59.71845439406641,-64.08688539062953
25,WETH_USDC,14299356,1646114776,0xdef1c0ded9bec7f1a1670819833240f027b25eff,0x46497ca5e3e1987c3c96cbd41278a1c79dbfc6f56641c191faaaa40f0f7f2c15,0xdef1c0ded9bec7f1a1670819833240f027b25eff,0x3c70f4faea49e50adc8305f2e1aa0ea326a54ffc,0,0,2852216517.0,0.0,0.0,9.760111332773432e+17,50297130728.0,0x608438fed6feddd51e07481051d299efea5ef198e6be897fc1712eccb2850b46,0xdef1c0ded9bec7f1a1670819833240f027b25eff,0x74de5d4fcbf63e00296fd95d33236b9794016631,160,0.0,6.93875e+17,2015594540.0,0.0,49297130728.0,1,0x139582ac3ba2048763414284dd5086ac26361584d27da0d332f5b74d6006ff38,49990000.0,0.0,0.0,1.7105798022071024e+16,-836.621977,0.2821361332773432,-14.612034204817292,0.0149391392184,43.52551667763429,-58.137550882451585
26,WETH_USDC,14299433,1646115707,0x68b3465833fb72a70ecdf485e0e4c7bd8665fc45,0x8340ef0c78b06912ae972f9878e2cff1da37e3a5c7276b348a219142558e7f12,0x68b3465833fb72a70ecdf485e0e4c7bd8665fc45,0x68b3465833fb72a70ecdf485e0e4c7bd8665fc45,7,0,3500000000.0,0.0,0.0,1.2050878820180664e+18,100000000000.0,0x5fb4fd5e62a2050ec77dff57fb9f656ae9cca3b4386907430dddc04938e8942b,0x68b3465833fb72a70ecdf485e0e4c7bd8665fc45,0xb3abdaa3fa4806ee728b2eea61b5776b3081d1a0,164,0.0,2.6547334128684768e+17,766429615.0,0.0,49725894627.0,1,0x525f7eec53ddb73dcbd1ab54d638067fa6b44101ae79e9424ee17e4632951b83,37000000.0,0.0,0.0,1.2739067342646096e+16,-2733.570385,0.9396145407312186,-12.732140235181305,0.02245888419405,65.03410537086961,-77.76624560605092
27,WETH_USDC,14323321,1646434624,0x68b3465833fb72a70ecdf485e0e4c7bd8665fc45,0x3ac4300acefdc47cf390f52b624a1fb67b7e2f01cc9761bca4c97e74b2cb3cda,0x68b3465833fb72a70ecdf485e0e4c7bd8665fc45,0xbc562bf2c1445707e5f8df66dbf8eee60cc49a59,257,0,1000000000.0,0.0,0.0,3.8201258851108326e+17,59913642386.0,0xfd550f2f9f4509f78cf8188fed8810bb7fc13f0a9293a24a7d945079597dd467,0x68b3465833fb72a70ecdf485e0e4c7bd8665fc45,0x9b1f139298b71fa95e42fa37c82542599aeba24c,289,0.0,3.3080078642609754e+17,860780600.0,0.0,59913642386.0,1,0x8e7a72bd97df9e9536201a681a91179e5ec40ed0805f96680f6a7c087fe03d62,1500000000.0,0.0,0.0,5.7300491788209894e+17,-139.2194,0.05121180208498573,-5.5586321749375145,0.0179740927158,46.91166753643757,-52.470299711375084
28,WETH_USDC,14324002,1646444007,0x68b3465833fb72a70ecdf485e0e4c7bd8665fc45,0x73de5828a26081204f49182b5fb9becc70ee0b2ecf2ec63cf453102589812c22,0x68b3465833fb72a70ecdf485e0e4c7bd8665fc45,0xd5a2e90ab922581432702cf2c9943736cdf67a6d,5,1,0.0,5.170450594129034e+18,13459454433.0,0.0,42425762137.0,0x28f99d44ff4cdec804777bbd7f805f38c2d5fb5693ea8cdc9428e0e73105bef9,0x68b3465833fb72a70ecdf485e0e4c7bd8665fc45,0xc0bf97bffa94a50502265c579a3b7086d081664b,338,6850000000.0,0.0,0.0,2.615906014358432e+18,42425762137.0,1,0x2bc8321f0abe3ad8b56103af212734e7107bbd715870a1e7bc5503c63d539aa6,0.0,5.4409007604431846e+17,1416141400.0,0.0,6609.454433,-2.5545445797706026,-60.242906919108464,0.0127277286411,33.231010542153086,-93.47391746126155
29,WETH_USDC,14523246,1649125419,0x68b3465833fb72a70ecdf485e0e4c7bd8665fc45,0x962863d21114eaec9df46d74c36de56221934f42f36b7515c340711bd29cde05,0x68b3465833fb72a70ecdf485e0e4c7bd8665fc45,0xc0bf97bffa94a50502265c579a3b7086d081664b,4,0,10790756342.0,0.0,0.0,3.0585397214929347e+18,85897526825.0,0xa48ce009b32f00091ba2712f6fdca15cdb54d85910db1c75c2281f3361cd5311,0x68b3465833fb72a70ecdf485e0e4c7bd8665fc45,0xb20c3edef76b1989dca353bfac95db6a0834830d,85,0.0,2.744859640060775e+17,962705371.0,0.0,86397526825.0,1,0xb3b86aa6b2b6788d902839f9886109e62b299dae650a5397eb161e59f7d22b0f,625000000.0,0.0,0.0,1.7713146031814067e+17,-9828.050971,2.7840537574868574,-34.23872727980415,0.0258442580475,90.915561603219,-125.15428888302316
30,WETH_USDC,14523679,1649131508,0x68b3465833fb72a70ecdf485e0e4c7bd8665fc45,0xca47eda28e4ba6643d2128ac483e2ffbc4c988ca1428cac77d1e45c95d013bc1,0x68b3465833fb72a70ecdf485e0e4c7bd8665fc45,0x9c84f58bb51fabd18698efe95f5bab4f33e96e8f,63,0,5000000000.0,0.0,0.0,1.414887780867055e+18,70951289927.0,0x6d1051abe93e015201e8c5125173a0573b0463f7605bbf5fb8e73abe745f0896,0x68b3465833fb72a70ecdf485e0e4c7bd8665fc45,0xe86c010467d1113092d183fb9f6adf1388821bbe,288,0.0,2.848629348257132e+17,1000685105.0,0.0,67011342395.0,1,0x46d7549d20302ab4ae3d3a786e525d6dcd87ef6a9050158581be45c0a95525bd,843947729.0,0.0,0.0,2.388051757901917e+17,-3999.314895,1.130024846041342,-17.782667154556748,0.0206943948483,72.9146799850547,-90.69734713961145
31,WETH_USDC,14523785,1649132953,0x68b3465833fb72a70ecdf485e0e4c7bd8665fc45,0xc40c10590c9679548397d3e1376991f06dedd345237bf4483af06fcbe756840e,0x68b3465833fb72a70ecdf485e0e4c7bd8665fc45,0x4177d19e4125213bdd8d82dbc1ca775799d18218,1,1,0.0,1.8269788503238948e+18,6409601825.0,0.0,58918094349.0,0x815edc0d7987e314b93596a54723d462274d197905376e6677431a7e6e30d379,0x68b3465833fb72a70ecdf485e0e4c7bd8665fc45,0x2823f9f6ebe1407bef214360f81eaf6f3560fd41,223,365914499.0,0.0,0.0,1.0371658868270386e+17,58918094349.0,1,0x0b3f7e7ccad5c4e5899c9fe65666b725aebbdce53aa925fd6c5bb9d758a619eb,0.0,4.225051127418483e+18,14819817192.0,0.0,6043.687326,-1.723262261641191,-17.803083176016116,0.0176754283047,62.17245136267331,-79.97553453868943
32,WETH_USDC,14573239,1649799335,0x68b3465833fb72a70ecdf485e0e4c7bd8665fc45,0x7f9bae312438520050b94ba389f366d67367afa76a5e15b75df9b30756d32b6f,0x68b3465833fb72a70ecdf485e0e4c7bd8665fc45,0xecba967d84fcf0405f6b32bc45f4d36bfdbb2e81,261,0,1229317601.0,0.0,0.0,4.089446469727648e+17,61217493034.0,0x985f70d7a8313d28c7571d30e9695314b8d17d0749868f64f660ac3ac1ccf042,0x68b3465833fb72a70ecdf485e0e4c7bd8665fc45,0x0c2ccccc447e7b86524f73c20ebac195e721c584,322,0.0,1.0361727169632029e+17,309760940.0,0.0,61217493034.0,1,0x0e59075513ceed9b8a93f3d5d261d35e4dec85b31b358f2812d03724add0d306,13750000000.0,0.0,0.0,4.572517649090148e+18,-919.556661,0.30532737527644455,-4.045227233265791,0.0183652479102,55.06743190166171,-59.112659134927505
33,WETH_USDC,14623500,1650478974,0x68b3465833fb72a70ecdf485e0e4c7bd8665fc45,0x39e4d02adbf1121fa0c8fe70642635b51b0e0fb9289dde8242b8ba4fa4499a5a,0x68b3465833fb72a70ecdf485e0e4c7bd8665fc45,0x9cbfb60a09a9a33a10312da0f39977cbdb7fde23,171,0,2580000000.0,0.0,0.0,8.366862654942682e+17,77996597158.0,0x0e71dd4ff42cd97688088f9526c9fff4faff1620b709a3745e1cca2b644e6aa1,0x68b3465833fb72a70ecdf485e0e4c7bd8665fc45,0xdd0c246165c8b4a90bc5a446da9ee0908a45966f,248,0.0,1.5330223239903007e+18,4699000000.0,0.0,77496597158.0,1,0xc534d905de22da8afda2faea41afa6b0073f35a158f2db97501d419b9eba0c41,2003801753.0,0.0,0.0,6.498e+17,2119.0,-0.6963360584960325,-21.750285948102828,0.0233239791474,71.70505450642067,-93.4553404545235
34,WETH_USDC,14624073,1650486776,0x68b3465833fb72a70ecdf485e0e4c7bd8665fc45,0x60dabac5d1bd4fb3104c40f5b2627995e2975e18c124d8a5c4b33078edd5bcae,0x68b3465833fb72a70ecdf485e0e4c7bd8665fc45,0x68b3465833fb72a70ecdf485e0e4c7bd8665fc45,53,0,1327775198.0,0.0,0.0,4.315037267030595e+17,64350248229.0,0x7e59cca92b998d1cbdeb9ed092fc5541c3d511e3e2619a06192876de262e831f,0x68b3465833fb72a70ecdf485e0e4c7bd8665fc45,0x841bb1966c1d1b80634111691471c667e4c2bfe4,176,0.0,3.105409718219789e+17,949877879.0,0.0,64350248229.0,1,0xd556acccb3efa37896efe3e96d9b80004c79cc8ab023157c1d24ac81554b810a,2688499055.0,0.0,0.0,8.736887841736319e+17,-377.897319,0.12096275488108064,-6.787533518581483,0.0193050744687,59.22733862853358,-66.01487214711506
35,WETH_USDC,14648296,1650815006,0x68b3465833fb72a70ecdf485e0e4c7bd8665fc45,0xba36f259bac6075a08f04f964cfb8076958d53e4a8a1a037b2460531b9c4dd79,0x68b3465833fb72a70ecdf485e0e4c7bd8665fc45,0x68b3465833fb72a70ecdf485e0e4c7bd8665fc45,153,0,1947968558.0,0.0,0.0,6.592780711640526e+17,46205728559.0,0x4dde600c204ec57941a9ae8df97729840fc6161aa1bc51bc4dc48f9ada98404a,0x68b3465833fb72a70ecdf485e0e4c7bd8665fc45,0xfb1f9d4ad2a10e748ae23af93c865d7edb6afeb7,176,0.0,6.307030811104591e+17,1852418837.0,0.0,45705728559.0,1,0xeea0c2de33ec4126a2e2f94f54039302778f28410b1d347cda2d52a2abf932df,1630000000.0,0.0,0.0,5.5164918489635456e+17,-95.549721,0.02857499005359347,-11.371589053201504,0.0137867185677,40.61384492273105,-51.98543397593255
36,WETH_USDC,14698324,1651495168,0x68b3465833fb72a70ecdf485e0e4c7bd8665fc45,0x5e5f23867730a89d56a72ab0d0c338848364d6cf16f82f1b17bc386a70e54f38,0x68b3465833fb72a70ecdf485e0e4c7bd8665fc45,0x87c9524237a19338be7dbcac01d6d208ff31136f,7,0,1251712140.0,0.0,0.0,4.461914350937488e+17,46320365525.0,0x137fa527a027bcfd313dbf3fbec39577d39b5f6b63792899c6c4e92842432c72,0x68b3465833fb72a70ecdf485e0e4c7bd8665fc45,0x67248ec1550c23bc9b03f519c80871ae16f29d87,267,0.0,9.970676863716733e+17,2780788592.0,0.0,46320365525.0,1,0x47daa2a75e118950dc1c50ff1557e8860379576c6fc44e484ff7283e9eec5166,8697143727.0,0.0,0.0,3.1e+18,1529.076452,-0.5508762512779245,-11.890440751567894,0.0138961096575,38.87160659145834,-50.76204734302623
37,WETH_USDC,14748890,1652190018,0x68b3465833fb72a70ecdf485e0e4c7bd8665fc45,0x2b694f42b2ea23653403c03192bf28a74a447a8a2fd2e6dd8c741f737a151ea7,0x68b3465833fb72a70ecdf485e0e4c7bd8665fc45,0x7a809081f991ecfe0ab2727c7e90d2ad7c2e411e,125,1,0.0,2e+18,4830157748.0,0.0,42000000000.0,0xe6318b5fd2ecaed5f6e54d0e37bea506f27b59f6d1125a6c1ba8e6d41e303f7e,0x68b3465833fb72a70ecdf485e0e4c7bd8665fc45,0x6d7b6dad6abed1dfa5eba37a6667ba9dcfd49077,355,2583201719.0,0.0,0.0,1.0631191163020612e+18,41080036488.0,1,0x3dc96288d72cccdc5e0690ad76090aa9a0e422d93c81232964a19c1bc93a55e0,0.0,2.1196352985913328e+17,511885573.0,0.0,2246.956029,-0.9368808836979389,-22.848325034155096,0.0124620054732,30.192007089971387,-53.04033212412648
38,WETH_USDC,14773375,1652527955,0x68b3465833fb72a70ecdf485e0e4c7bd8665fc45,0xeee87d9a03af14eeac22d804d2f96da1783c92e8f93f70cbf49974f13341dcb8,0x68b3465833fb72a70ecdf485e0e4c7bd8665fc45,0x854373387e41371ac6e307a1f29603c6fa10d872,72,0,1196526202.0,0.0,0.0,6.03878320028261e+17,42312748991.0,0x2f3ee670be39232a0316dbeab7198f7f0c79607df743a9d1718ce2bbbbf3bc6a,0x68b3465833fb72a70ecdf485e0e4c7bd8665fc45,0xbbf4fac1d36a32460f45b1a194bf9e71be69d9f2,256,0.0,1.008935659934024e+17,198727267.0,0.0,41268870958.0,1,0x1ea743c4ac153d1e4e0af98ec110cdeb99a7d42ecfdbd6e853ab8457bb2b6d90,2990564809.0,0.0,0.0,1.509252564502916e+18,-997.798935,0.5029847540348586,-4.104705591916741,0.01253724299235,24.76851617121128,-28.873221763128022
39,WETH_USDC,14774009,1652537039,0x68b3465833fb72a70ecdf485e0e4c7bd8665fc45,0x33c3e36f5a9d71ae36417c3c473d2f7ad20175d1e105daab89824167f8ea4cba,0x68b3465833fb72a70ecdf485e0e4c7bd8665fc45,0x11181bd3baf5ce2a478e98361985d42625de35d1,115,1,0.0,3.313022827015265e+17,646100849.0,0.0,38539434847.0,0xe809faba1b8929858ef2f0bbc9248b9e6ff8bbf49bcbfeb009736238f276c2d1,0x68b3465833fb72a70ecdf485e0e4c7bd8665fc45,0x93361cc247fd5cb52de3600bfbc268df10da9c93,313,390000000.0,0.0,0.0,1.9880338952468493e+17,38039434847.0,1,0x5599581ffe8ff3e3d5d2fe37420e91ed877626ca51ac8d5a601cde5dc1481ccb,0.0,2.505092538996961e+18,4885117430.0,0.0,256.100849,-0.1324988931768416,-3.0484082808590642,0.0114868304541,22.466629790772163,-25.515038071631228
40,WETH_USDC,14799039,1652879486,0x68b3465833fb72a70ecdf485e0e4c7bd8665fc45,0x1d842ee1145689c4ea6dbd88c56f8bfd864d59410a1080d050f1213c88fda7ac,0x68b3465833fb72a70ecdf485e0e4c7bd8665fc45,0xf91c12dae1313d0be5d7a27aa559b1171cc1eac5,0,0,10566364554.0,0.0,0.0,5.284178032464888e+18,26563317242.0,0x44d06b121c453a79a68249927d547d0fe98b218e4748666136a7f44b56dd6dbc,0x68b3465833fb72a70ecdf485e0e4c7bd8665fc45,0x7a809081f991ecfe0ab2727c7e90d2ad7c2e411e,226,0.0,1.6621897537454938e+17,330425072.0,0.0,26563317242.0,1,0xb9afad6d927c981e55d1c9a6791705a4a41a13bed3d217755b90a9cdd412c6d6,1000000000.0,0.0,0.0,5.0003554199633024e+17,-10235.939482,5.117959057090339,-31.316048881373717,0.0079689951726,15.889262491082832,-47.20531137245655
41,WETH_USDC,14823440,1653223123,0x68b3465833fb72a70ecdf485e0e4c7bd8665fc45,0x79433f7eeefcf8c2c4912967b30b7057ee7f585628f9df0fca6950af83a8d7ea,0x68b3465833fb72a70ecdf485e0e4c7bd8665fc45,0x5f6f3cb540887454dc69849e4d615cd8b9a0c731,2,0,1003226655.0,0.0,0.0,4.944062676840603e+17,18891808477.0,0x9b33eb3f2480171de31351dbaa3da122fdd954b42a8da141a074af9367588ad2,0x68b3465833fb72a70ecdf485e0e4c7bd8665fc45,0xf3eab2365c8689d7d429e9cf03c78b29f07907b1,328,0.0,6.096303928619638e+16,122958457.0,0.0,18891808477.0,1,0xaf9953cbb90e963c0e476d7a4fb832916f408f1a4b7a59e07926b4158e8c8d70,64457603.0,0.0,0.0,3.17667190632792e+16,-880.268198,0.4334432283978639,-3.4123438265181676,0.0056675425431,11.465441220673108,-14.877785047191276
42,WETH_USDC,14848269,1653572680,0x68b3465833fb72a70ecdf485e0e4c7bd8665fc45,0x0082a555ecd381727d992a723106299a724d32bab1746c1e79c601c540825870,0x68b3465833fb72a70ecdf485e0e4c7bd8665fc45,0xd583d0824ed78767e0e35b9bf7a636c81c665aa8,2,0,1075315511.0,0.0,0.0,6.00478263520771e+17,73854308664.0,0xd87852c27fcf6b080446ee8ea158f2038728564216bed972e64362e0bf5ecdf0,0x68b3465833fb72a70ecdf485e0e4c7bd8665fc45,0x6318d072841d83e6774a033f41e18af8686f8002,122,0.0,2.4357034286773606e+17,433831089.0,0.0,73854308664.0,1,0x1c91f10fe5cd0ce143e22b17c89d21620b649f2be647caed47d56213966fbc55,23464269594.0,0.0,0.0,1.309877576156749e+19,-641.484422,0.3569079206530349,-3.874827680494718,0.0221562925992,39.581819058405486,-43.456646738900204
43,WETH_USDC,14848330,1653573564,0x68b3465833fb72a70ecdf485e0e4c7bd8665fc45,0x883ba3b3f0bb5caf1a5a57a822df484d3bff16150c5a9f79d442189c0ce9a552,0x68b3465833fb72a70ecdf485e0e4c7bd8665fc45,0x68b3465833fb72a70ecdf485e0e4c7bd8665fc45,0,1,0.0,2.872267109534528e+19,51767393427.0,0.0,69707782176.0,0x0dd0c85c57fc14bab4a6ad6cd5bfc6b1056602221b1cc9d87b48fc06b5a2abe3,0x68b3465833fb72a70ecdf485e0e4c7bd8665fc45,0x68b3465833fb72a70ecdf485e0e4c7bd8665fc45,323,3046465728.0,0.0,0.0,1.6812766036684964e+18,69307781814.0,1,0x48c0ae16bdbf5c717698266d382cba089061f0007bdf3090605279522f91440f,0.0,5.237565767560155e+17,943333444.0,0.0,48720.927699,-27.041394491676783,-132.87978199811187,0.0208523345985,37.672463242161236,-170.5522452402731
44,WETH_USDC,14848437,1653574937,0x68b3465833fb72a70ecdf485e0e4c7bd8665fc45,0xc306dc4581b469e6dc3212b543174d3a9126bb221b56936e0867fb871e9215ea,0x68b3465833fb72a70ecdf485e0e4c7bd8665fc45,0x68b3465833fb72a70ecdf485e0e4c7bd8665fc45,0,0,935110025193.0,0.0,0.0,5.0000000000000786e+20,164162873820.0,0x13be68f37c5275979a11297fd4b670753cc9963b7caa347d43ef7fad1e8b97fd,0x68b3465833fb72a70ecdf485e0e4c7bd8665fc45,0xf276fc600b33e94a11be32949cdd1a57bb963a8c,114,0.0,6.5e+16,120743884.0,0.0,75000000000.0,1,0x25075cdd485d195ea6b76e568d5f5186a47d7714323795dbfe332b8d1d89eaf0,324688310615.0,0.0,0.0,1.7446042102521463e+20,-934989.281309,499.9350000000079,-4174.542775204056,0.035874431073,66.79358152412344,-4241.336356728179
45,WETH_USDC,14848535,1653576247,0xdef171fe48cf0115b1d80b88dc8eab59176fee57,0x6601968ea6dbafe68438b8aa87c03aa7407776745b7e8358b9fb2ca7d0c8b08e,0xdef171fe48cf0115b1d80b88dc8eab59176fee57,0xdef171fe48cf0115b1d80b88dc8eab59176fee57,201,0,27998400000.0,0.0,0.0,1.5123980733866572e+19,38496493523.0,0x59ff33a8906696872c3e830457b020a38919fbe30a4e8a0aaa7924dc90837377,0xdef171fe48cf0115b1d80b88dc8eab59176fee57,0xdef171fe48cf0115b1d80b88dc8eab59176fee57,286,0.0,2.5280627899883282e+19,46510548047.0,0.0,38000000000.0,1,0xbc2b346c558787383576622da3899648fe828aa0456844a0f91a1895d46eb9b3,784934324.0,0.0,0.0,4.2384486531654515e+17,18512.148047,-10.156647166016711,-218.83537333364075,0.01147447402845,21.1613320095511,-239.99670534319185
46,WETH_USDC,14873542,1653927359,0x68b3465833fb72a70ecdf485e0e4c7bd8665fc45,0x328acce06ba2a148192d880271528c982c429a330ac446ff7a975f3f37b49251,0x68b3465833fb72a70ecdf485e0e4c7bd8665fc45,0x68b3465833fb72a70ecdf485e0e4c7bd8665fc45,107,0,595792273.0,0.0,0.0,3.114090861511009e+17,66197608509.0,0xb1bd62d84e40cb30ba931cf16f33c2e983b500abc79c40930ed016b8c922a800,0x68b3465833fb72a70ecdf485e0e4c7bd8665fc45,0xdd39323c337c33d0285c1d4228a1a46a8502c79f,359,0.0,2e+18,3803681699.0,0.0,64079408509.0,1,0xd85da8181a7defe8052b0a8fd9a8ad5faf976ba7de89050a6581bd97cb7baad3,2000000000.0,0.0,0.0,1.04528960755708e+18,3207.889426,-1.688590913848899,-13.055875413193917,0.0195415525527,37.27502698298326,-50.33090239617718
47,WETH_USDC,14873553,1653927473,0x68b3465833fb72a70ecdf485e0e4c7bd8665fc45,0x72028316db21ebe0fd51cacf1edc29a7cafc1bc15537d47227b8f40266a2bb3f,0x68b3465833fb72a70ecdf485e0e4c7bd8665fc45,0x7a809081f991ecfe0ab2727c7e90d2ad7c2e411e,63,1,0.0,6.009114332632274e+16,114272599.0,0.0,38124475490.0,0x3292d8b60222d94402fdcae06010fcd2a4ebf2b8eecacd55e59c4fd1d6e67be5,0x68b3465833fb72a70ecdf485e0e4c7bd8665fc45,0x68b3465833fb72a70ecdf485e0e4c7bd8665fc45,142,577942839.0,0.0,0.0,3.0211426011591904e+17,37124475490.0,1,0xc021faf92b74fcfa672eb625c5746b0389979a5aca392fb7a030076d5a0c7f4c,0.0,1.498800683669472e+18,2850098660.0,0.0,-463.67024,0.2420231167895963,-2.0671399947885902,0.011287342647,21.527994622124456,-23.595134616913047
48,WETH_USDC,14873927,1653932774,0x68b3465833fb72a70ecdf485e0e4c7bd8665fc45,0x826bc6331e9139a931bc4f74d93ee5e7c808f702eea59890ce36bf0fa303d067,0x68b3465833fb72a70ecdf485e0e4c7bd8665fc45,0x51b6dbf70d58201158b264ab6d549bd6b2f70754,129,1,0.0,4.8929344016710464e+17,940179455.0,0.0,18725390752.0,0x8d296ea3b46ec1baa10002bac1dad5c0a69a0dd70d5bde00eb58725fe745a47a,0x68b3465833fb72a70ecdf485e0e4c7bd8665fc45,0x68b3465833fb72a70ecdf485e0e4c7bd8665fc45,239,1065805180.0,0.0,0.0,5.514130723398086e+17,18725390752.0,1,0xc0229cbbf69e713b71ec7dab41f83b31354800e48ac278545409801c0cce4736,0.0,2.522111448826236e+18,4845909253.0,0.0,-125.625725,0.062119632172703936,-5.915735554693157,0.0056176172256,10.825641995347283,-16.74137755004044
49,WETH_USDC,14874020,1653933938,0x68b3465833fb72a70ecdf485e0e4c7bd8665fc45,0xfa350ae053e825369c6eefb5a0b6b09a567a25a8aadb5a0e016a067c7d0d0eaa,0x68b3465833fb72a70ecdf485e0e4c7bd8665fc45,0x25647e01bd0967c1b9599fa3521939871d1d0888,5,0,29002048566.0,0.0,0.0,1.5014375120724165e+19,26490675894.0,0x66058561939e014e11f9e97b20dfa2a361423290323ea3d1945cf95c03db2fcf,0x68b3465833fb72a70ecdf485e0e4c7bd8665fc45,0x7a809081f991ecfe0ab2727c7e90d2ad7c2e411e,342,0.0,1.75e+17,336124991.0,0.0,26490675894.0,1,0x580413d8cd9ac6b674b31033cb31f510ea9bd63137629840255f8088aa9401a1,60645921.0,0.0,0.0,3.1385403157978264e+16,-28665.923575,14.839375120724165,-78.07701513203574,0.0079472027682,15.310173876538034,-93.38718900857377
50,WETH_USDC,14898696,1654281573,0x68b3465833fb72a70ecdf485e0e4c7bd8665fc45,0x00deb9a3d565e0362eac57637730dde1ed9ca24a316ad102df55af01d5b4c337,0x68b3465833fb72a70ecdf485e0e4c7bd8665fc45,0x68b3465833fb72a70ecdf485e0e4c7bd8665fc45,297,0,274246177.0,0.0,0.0,1.565923677750331e+17,48183167826.0,0xb2b9787fad57a08d818c43a6ec40351dc0dfd697bf38132e6f8423f16cc60171,0x68b3465833fb72a70ecdf485e0e4c7bd8665fc45,0x7a809081f991ecfe0ab2727c7e90d2ad7c2e411e,431,0.0,8e+16,139271439.0,0.0,47733167826.0,1,0xbb2850121ca79e65a92f0753dc98c71989bda79cdde9b93619efde3906f4d4a2,1000000000.0,0.0,0.0,5.7098275436383046e+17,-134.974738,0.07659236777503309,-1.2346382428470974,0.0143874503478,25.122333995699808,-26.356972238546906
51,WETH_USDC,14898770,1654282552,0x68b3465833fb72a70ecdf485e0e4c7bd8665fc45,0xf5246df0264129113988591b58d550672f95fbc78d6e55d4136be46d1ea51ff5,0x68b3465833fb72a70ecdf485e0e4c7bd8665fc45,0x68b3465833fb72a70ecdf485e0e4c7bd8665fc45,74,0,1751603002.0,0.0,0.0,1.0000000003590884e+18,34592880778.0,0xf739d918d8823355c2b91c2b8060e8a96a0ccc9074e7d77c877d1bacc0437261,0x68b3465833fb72a70ecdf485e0e4c7bd8665fc45,0x7a809081f991ecfe0ab2727c7e90d2ad7c2e411e,207,0.0,9000000000000000.0,15670347.0,0.0,33153692918.0,1,0x8fdc03810aa1558aa34d0f7fb1a6ec9dcde2bf3be7eedcda511709e29d004594,49562500.0,0.0,0.0,2.829486217133525e+16,-1735.932655,0.9910000003590884,-5.493669675380033,0.0101619860544,17.744396398069693,-23.238066073449726
52,WETH_USDC,14948312,1655009593,0x00000000008c4fb1c916e0c88fd4cc402d935e7d,0xa0c0c83aacf9ce9dff1db4d0ca32b8aa0ef81cc3ccaa643e0bd04c105111f2bb,0x00000000008c4fb1c916e0c88fd4cc402d935e7d,0x00000000008c4fb1c916e0c88fd4cc402d935e7d,4,0,1.0,0.0,0.0,683765452.0,20206158687.0,0x41332c9646d5600ace3e018e4616c36e0d513708f9866aafc95adaa96530b2b7,0x00000000008c4fb1c916e0c88fd4cc402d935e7d,0x00000000008c4fb1c916e0c88fd4cc402d935e7d,6,0.0,2.170847940396091e+16,31558353.0,0.0,115127997886.0,1,0xc31c0752d3f152097c88fa453a52f38dc439ecbd77a27c1a561b0a3a255c098a,150000000.0,0.0,0.0,1.0256458395463011e+17,31.558352,-0.02170847872019546,-0.09145534284610335,0.02030012348595,29.59650031895547,-29.687955661801574
53,WETH_USDC,14973395,1655383715,0x68b3465833fb72a70ecdf485e0e4c7bd8665fc45,0x562f611b31aaeb7018aaa6b2273175d8fd12c39fa0da99cda70e2a3081d51345,0x68b3465833fb72a70ecdf485e0e4c7bd8665fc45,0x069aeb8f3843be638902e23257f1d6a696e33cf0,320,1,0.0,4e+16,44716262.0,0.0,33994513818.0,0xa3667a0f83f1b11c6a369113dfb89541e6813b0053ded122ce8b77a9edf29e67,0x68b3465833fb72a70ecdf485e0e4c7bd8665fc45,0x55d5c232d921b9eaa6b37b5845e439acd04b4dba,361,334451366.0,0.0,0.0,2.9759891486250765e+17,33994513818.0,1,0xb8f7cafd42a6d1c80b03edf93496e3cbe853fffbceae2aded3762c0c10ab7dcb,0.0,1.7585505464219548e+19,19651867434.0,0.0,-289.735104,0.25759891486250763,-1.1037698796907307,0.0101983541454,11.426929202668823,-12.530699082359554
54,WETH_USDC,14973418,1655384081,0x68b3465833fb72a70ecdf485e0e4c7bd8665fc45,0x81c5dd2354378456d52313056df3f2cc6ddac37b220903c2028e82fa837506c1,0x68b3465833fb72a70ecdf485e0e4c7bd8665fc45,0xd417f1fcab7947cb4ee838fb73d35b9541ca8211,76,0,1000000000.0,0.0,0.0,8.896554887960076e+17,30571592533.0,0x86ec54aed31014cdaf349e91c0c364b978680a015a76077feb98f1fe3c7d5e39,0x68b3465833fb72a70ecdf485e0e4c7bd8665fc45,0x35ea6d20e3ba674587fe937b9cc11ee8cfe01e59,241,0.0,8.17932582732032e+16,91392965.0,0.0,30071592533.0,1,0x5fed2cd888437913b3eabc7b9b339026680c76b25e68dc3b6cadaee9e522501f,264229676.0,0.0,0.0,2.350604274265312e+17,-908.607035,0.8078622305228044,-3.2149822882199715,0.0090964777599,10.19465740606923,-13.4096396942892
55,WETH_USDC,14973425,1655384161,0x68b3465833fb72a70ecdf485e0e4c7bd8665fc45,0xcdf29ea4180879f988c37f85eb613ee5a772809fc88e360b290687cc02ddd802,0x68b3465833fb72a70ecdf485e0e4c7bd8665fc45,0x68b3465833fb72a70ecdf485e0e4c7bd8665fc45,90,0,233248091.0,0.0,0.0,2.0751585783259866e+17,37576497055.0,0x6b849d8fd8c3387249dd4c0d694b10b317a489327de393cc68ba06ef6867f109,0x68b3465833fb72a70ecdf485e0e4c7bd8665fc45,0x069aeb8f3843be638902e23257f1d6a696e33cf0,229,0.0,9e+16,100581746.0,0.0,34576497055.0,1,0xcbb567f4edbfe6dbb84729621b79c20bafc1da5e31f9114900350e2725c8481f,7465397388.0,0.0,0.0,6.640872078808833e+18,-132.666345,0.11751585783259866,-0.9386234155872444,0.0108229491165,12.131830156670967,-13.070453572258211
56,WETH_USDC,14973640,1655387470,0x68b3465833fb72a70ecdf485e0e4c7bd8665fc45,0xe279f2a5d9fa842e7a4efca87e443ca8c344a3500b116f8ba18889c3c21104bf,0x68b3465833fb72a70ecdf485e0e4c7bd8665fc45,0x069aeb8f3843be638902e23257f1d6a696e33cf0,18,1,0.0,2.5e+17,276027951.0,0.0,150000000000.0,0xd230d1554f63a90dbb0e8e207b53800ecfb3072f4da7fc3ac802ae5240ddd716,0x68b3465833fb72a70ecdf485e0e4c7bd8665fc45,0x68b3465833fb72a70ecdf485e0e4c7bd8665fc45,301,124828965.0,0.0,0.0,1.123814310104356e+17,31817446153.0,1,0x0b6bd5b25f096154c0eb7fc7c39712cacfc26eedf2103c935e3126a40b0187d5,0.0,4e+16,44164211.0,0.0,151.198986,-0.1376185689895644,-1.203565347665716,0.02727261692295,30.202438751563278,-31.406004099228994
57,WETH_USDC,15023444,1656156199,0x68b3465833fb72a70ecdf485e0e4c7bd8665fc45,0x5c2166d1c94584cf368c3667c97bac7658e9f70154e44c3934f7129c2f3581d1,0x68b3465833fb72a70ecdf485e0e4c7bd8665fc45,0xec7b81626a978896b969be4519a47fc958c459fe,81,0,100000000.0,0.0,0.0,8.13883228168371e+16,29465147803.0,0x64e7e965a410c5362d2965154c7d58bb1b133b39fae1731af709c1cee5406cb0,0x68b3465833fb72a70ecdf485e0e4c7bd8665fc45,0x841bb1966c1d1b80634111691471c667e4c2bfe4,100,0.0,1e+17,122132373.0,0.0,28965147803.0,1,0x468214f3d666f9e45ca2b70c420201e666ea6b360654ab9d25057c22aca4aa45,177500000.0,0.0,0.0,1.4446355835629517e+17,22.132373,-0.018611677183162895,-0.6668579630052278,0.0087645443409,10.736532164573093,-11.403390127578321
58,WETH_USDC,15049078,1656571523,0x68b3465833fb72a70ecdf485e0e4c7bd8665fc45,0x295f25a801ea96a298dbe14b133e688c90772f090924424280b3736eb6146476,0x68b3465833fb72a70ecdf485e0e4c7bd8665fc45,0x68b3465833fb72a70ecdf485e0e4c7bd8665fc45,46,0,282662462.0,0.0,0.0,2.6594604144119014e+17,52514679352.0,0x1937db0470e2ac0472c02a078b4f8e4b32c438c97bc02f62221d0b88934bcefe,0x68b3465833fb72a70ecdf485e0e4c7bd8665fc45,0x4ae2ee641c0f6b0fa6d0f3c2f01d21c13a54e479,156,0.0,6.167427333177348e+17,651577533.0,0.0,52014679352.0,1,0x05713a98d62f9a6bf27f2740bd20471a5c9f771022ca12be5e3ca6ada12cb28b,30000000.0,0.0,0.0,2.8225636953074536e+16,368.915071,-0.35079669187654466,-2.805276983475494,0.0156794038056,16.6146191619225,-19.419896145397995
59,WETH_USDC,15073269,1656900593,0x68b3465833fb72a70ecdf485e0e4c7bd8665fc45,0x77e9ac437179746f7bc4a4bc274c2a1ff6911cf409bda1845fc678068b42fb07,0x68b3465833fb72a70ecdf485e0e4c7bd8665fc45,0x67cea36eeb36ace126a3ca6e21405258130cf33c,60,1,0.0,1e+17,107085924.0,0.0,17076160776.0,0xa34e3aa3b65a1ae8e8ca13232ec664e402d8885b45f89436c3bb3a09f5fa7048,0x68b3465833fb72a70ecdf485e0e4c7bd8665fc45,0x24a7a219122b5718402e372713988233e89bdc2d,89,9582412.0,0.0,0.0,8894753047220094.0,17076160776.0,1,0xdbb2a84ca898f232aec9d7dfe40cefcf8e74b8c77e0996824031e2a042f970df,0.0,1e+16,10708564.0,0.0,97.503512,-0.0911052469527799,-0.350713399845219,0.0051228482328,5.502343305445747,-5.853056705290966
60,WETH_USDC,15123349,1657569134,0x68b3465833fb72a70ecdf485e0e4c7bd8665fc45,0x61bb3ad67a77a544b55092e686fc1aad33198560d33b2be3573c0d7e1e41e859,0x68b3465833fb72a70ecdf485e0e4c7bd8665fc45,0x6aa1fa515cc87fa1a5ec0f6e06ef3668cd086525,170,0,150000000.0,0.0,0.0,1.312634482907897e+17,20486701216.0,0xf4287725b2c5256d2f5ecc84a6e5a5b42b22794123bffdc41490f7362976d55f,0x68b3465833fb72a70ecdf485e0e4c7bd8665fc45,0x524847c615639e76fe7d0fe0b16be8c4eac9cf3c,272,0.0,9.25e+16,105070616.0,0.0,19986701216.0,1,0x8075d3c3de687e92207ba1ea0271ffb5b0fd65fe9dd13e6ee5bb613e579f3a42,81647058.0,0.0,0.0,7.144816997407756e+16,-44.929384,0.0387634482907897,-0.7656393372628898,0.0060710103648,6.916787938589132,-7.682427275852022
61,WETH_USDC,15123480,1657570918,0x68b3465833fb72a70ecdf485e0e4c7bd8665fc45,0xe071640ad35e86f82419a1f0ac8ceef67ebe8ddcf09c8f0c2fb076cdc0454c81,0x68b3465833fb72a70ecdf485e0e4c7bd8665fc45,0x88a84a18897d7977c73565731ecdfdba4ad5f990,202,0,3000000000.0,0.0,0.0,2.623295003183979e+18,55953476754.0,0xa940523fc87e48cefbd064fc8ccb562520450b30d9128de314d3e4bc9da6d35b,0x68b3465833fb72a70ecdf485e0e4c7bd8665fc45,0x7a809081f991ecfe0ab2727c7e90d2ad7c2e411e,389,0.0,4.8e+18,5456225968.0,0.0,55453476754.0,1,0x9fdd63b0f4a482036b745b66ec655da78c3d58e6f8d2ece3b70f3df7ffb02c9e,200000000.0,0.0,0.0,1.7487530994191805e+17,2456.225968,-2.176704996816021,-25.24214704461201,0.0167110430262,19.05077651740185,-44.29292356201386
62,WETH_USDC,15148369,1657902629,0x68b3465833fb72a70ecdf485e0e4c7bd8665fc45,0x1bf5af06b5983158d453467086580399d907c9a8173c0a73445b4de9904cf064,0x68b3465833fb72a70ecdf485e0e4c7bd8665fc45,0xf37386b278d8862aa00a5fd4e872ce90e004a6dd,278,0,300000000.0,0.0,0.0,2.4766886313920317e+17,44102129168.0,0x7b49c7d05d1d3f1022cd814cc04d20213dc7441968b26ab56262e5a6f69e70c5,0x68b3465833fb72a70ecdf485e0e4c7bd8665fc45,0xdd39323c337c33d0285c1d4228a1a46a8502c79f,349,0.0,8.5e+17,1023420446.0,0.0,44102129168.0,1,0xcf0e260d34a71de891c3421cf9a574cc155b8acbe6b073802860c966f66b54a2,132731236.0,0.0,0.0,1.0957742010920877e+17,723.420446,-0.6023311368607968,-3.9690041210948266,0.0132306387504,15.977634985900528,-19.946639106995356
63,WETH_USDC,15149039,1657911105,0x68b3465833fb72a70ecdf485e0e4c7bd8665fc45,0xd6a2a3bd9498bad7c9fe3e7bffcd1a5597c60dd50b99ccceefd56e2bc29f7f67,0x68b3465833fb72a70ecdf485e0e4c7bd8665fc45,0x26aad2da94c59524ac0d93f6d6cbf9071d7086f2,2,0,2130803972.0,0.0,0.0,1.7066733512864392e+18,44607870702.0,0x51e74dae44a36bf7d868bf92d4124b66d3ebaba1bdade21a14d4f1b32307be2f,0x68b3465833fb72a70ecdf485e0e4c7bd8665fc45,0xd1aadde532c93d39bd96629cb268bc159b1b8b80,393,0.0,9.995648321842575e+17,1243446395.0,0.0,44607870702.0,2,0xd9c0dbdde16f4fe8d778ed12d1c5492d50caa46bb134b873e08171ce7dd607f3;0x92711e5ec4bcefe59c6f04167634f272ee31894a6679e2f9d7645b578e374d5c,64362849545.0,0.0,0.0,5.148884205854151e+19,-887.357577,0.7071085191021816,-5.096610359678834,0.0133823612106,16.697203637971935,-21.79381399765077
64,WETH_USDC,15198259,1658570651,0x68b3465833fb72a70ecdf485e0e4c7bd8665fc45,0xad30b4cdbeca9a91e5fa7455512520504180856c4e0303c695d239ca8a512d70,0x68b3465833fb72a70ecdf485e0e4c7bd8665fc45,0x68b3465833fb72a70ecdf485e0e4c7bd8665fc45,17,0,91608668.0,0.0,0.0,5.8491669263866216e+16,10595974461.0,0x2d6fcb2c12fac3d81d4e32c950945dd17d6fd08b71e9511583c4f5d7bbf2d1dd,0x68b3465833fb72a70ecdf485e0e4c7bd8665fc45,0xc7ecb3612e11927ce579e47af82c5cc83d31dc30,64,0.0,1.5106950698816648e+18,2351771451.0,0.0,6987103996.0,2,0xeb4fc7c02a4497254259f5dc1723716b06070669802c8b1f361f80e6963c6d65;0x02c22d4c802bd6093690448ab2d03d051ed17fab190f2b590a312dd8e4d3b1a9,153130850.0,0.0,0.0,9.777285991441805e+16,2260.162783,-1.4522034006177986,-7.2626357437852676,0.00263746176855,4.118051130049056,-11.380686873834325
65,WETH_USDC,15198291,1658571113,0x68b3465833fb72a70ecdf485e0e4c7bd8665fc45,0x2afeba4c5996bb0f6c8dd4f9d097e10d5fb98df0b640a4332861097b5b13de28,0x68b3465833fb72a70ecdf485e0e4c7bd8665fc45,0x30bc873193466dc59fc08159460c49f26f609795,8,0,900000000.0,0.0,0.0,5.747669604881925e+17,7146700502.0,0xd6a45c3304ab5818bda9598bef67cf811fc0da316f1a8857964c96ddd0ba1aae,0x68b3465833fb72a70ecdf485e0e4c7bd8665fc45,0x11a708ded0fe503bbbf43d2baf403120dc5e145c,149,0.0,7e+16,108966652.0,0.0,7146700502.0,1,0x525d0b55c890bcff9a99f2336d726db0e6fadd89675874ea27349ca97f4c365f,3200000000.0,0.0,0.0,2.0434723876225715e+18,-791.033348,0.5047669604881925,-2.903163029482016,0.0021440101506,3.347602455867499,-6.250765485349515
66,WETH_USDC,15198370,1658572093,0xe8c060f8052e07423f71d445277c61ac5138a2e5,0x92e1718344fda0988c4fe1f3d162cb3350a1461c580a0a5067ccd79a861252c7,0xe8c060f8052e07423f71d445277c61ac5138a2e5,0xef6aca7e2312eb16ae328f479454396880cd3205,0,1,0.0,7.452694683005747e+16,116091425.0,0.0,5977398769.0,0x86fc62b13ec7cc2cd22b5ffdbc8dce5e56fcbcdf514b80cc0901f25d20562017,0xe8c060f8052e07423f71d445277c61ac5138a2e5,0xe8c060f8052e07423f71d445277c61ac5138a2e5,2,142339796.0,0.0,0.0,9.083045931803285e+16,72081825475.0,1,0x60f43c52f875d8ebb778b8f89e9d30d438b88566095c0d25587c79bfe966f66c,0.0,8e+16,124616344.0,0.0,-26.248371,0.016303512487975375,-0.7758324534568892,0.0117088836366,18.29390997739038,-19.06974243084727
67,WETH_USDC,15198414,1658572784,0x68b3465833fb72a70ecdf485e0e4c7bd8665fc45,0x2f4d3ede0312af6f4870c604174eedfa8aacf75f5dec8e8f4898075ebc2c0fd1,0x68b3465833fb72a70ecdf485e0e4c7bd8665fc45,0xef6aca7e2312eb16ae328f479454396880cd3205,155,1,0.0,1e+17,153905337.0,0.0,9728622193.0,0x145ce3ac750013a2e89aa1e1f8ca10a09486f649d7d341ed7dc2e4e010abd2c3,0x68b3465833fb72a70ecdf485e0e4c7bd8665fc45,0x68b3465833fb72a70ecdf485e0e4c7bd8665fc45,328,479790475.0,0.0,0.0,3.09876126517351e+17,8563982935.0,1,0x8be28d03ef2bdeab63b1cbb6db45a980b9a0003cf516008bf383d001a2a6b062,0.0,9.9125e+16,152557857.0,0.0,-325.885138,0.20987612651735096,-1.8998432900423268,0.0027438907692,4.235737881496018,-6.135581171538345
68,WETH_USDC,15198822,1658577941,0x68b3465833fb72a70ecdf485e0e4c7bd8665fc45,0x8ae2da2a24337d0d95e669e93c8e5f0a841b2d17b016393fc112bb71291754e1,0x68b3465833fb72a70ecdf485e0e4c7bd8665fc45,0x24c6bbb049784095b398f54b963cc5c9189436e3,64,1,0.0,2.95264776586718e+17,446614128.0,0.0,16592865331.0,0x9f277e0bb3d5c61c6cfc985cf082e46cebf0785e9d5aa59f95c9e168e46f0dbf,0x68b3465833fb72a70ecdf485e0e4c7bd8665fc45,0x68b3465833fb72a70ecdf485e0e4c7bd8665fc45,175,209423578.0,0.0,0.0,1.3768602068947469e+17,11223824127.0,1,0xa032b617eae856190612b37a92c281802d113af64a2df6124f70d53d29d5b9ba,0.0,8.424e+18,12739120620.0,0.0,237.19055,-0.15757875589724332,-1.7679741256988564,0.0041725034187,6.327345670200379,-8.095319795899236
69,WETH_USDC,15223846,1658915784,0x68b3465833fb72a70ecdf485e0e4c7bd8665fc45,0x918386d823a19c8b3b9579799ec236694ec17d1ec92376edf7fddab3c68d2849,0x68b3465833fb72a70ecdf485e0e4c7bd8665fc45,0x40fc4aae602852b6e228615e7a96bdc6ea8b2736,171,0,280000000.0,0.0,0.0,1.910942600953716e+17,6127397325.0,0x3eef012ad706052915c74196fe3af8a9f9eb085d0c949b834ec687c6a85c942e,0x68b3465833fb72a70ecdf485e0e4c7bd8665fc45,0xad342503e6f372549e3c33adcfab8173c86aceb0,305,0.0,8.616396848579418e+16,125496854.0,0.0,5627397325.0,1,0x942671ea4352127271077041a9e473c8b17acfe1486353adf6c651304eb27860,340006548.0,0.0,0.0,2.3204494234587283e+17,-154.503146,0.10493029160957741,-1.213826133683284,0.0017632191975,2.575830748337861,-3.789656882021145
70,WETH_USDC,15248611,1659248872,0x68b3465833fb72a70ecdf485e0e4c7bd8665fc45,0x90de1a4f89d09b5a2524eeac3966fe6681eca1f9ad5651d14cc921ce62f44847,0x68b3465833fb72a70ecdf485e0e4c7bd8665fc45,0x24872f258f7282ab6271812cfbf4d22c82cc447c,61,1,0.0,1.1886501053257238e+17,200875455.0,0.0,5794777664.0,0x5c6b80dea42f234296fb618ebff8c3dae665ccd99d8fe5ffde671b86faadc38d,0x68b3465833fb72a70ecdf485e0e4c7bd8665fc45,0x68b3465833fb72a70ecdf485e0e4c7bd8665fc45,95,667531496.0,0.0,0.0,3.926321948880377e+17,5294777664.0,1,0xe9c4419cfe17d0100aa89cb6c5ef48a17d4c7851b782981f90683c716613e8e9,0.0,819182209141505.0,1384369.0,0.0,-466.656041,0.2737671843554653,-2.603429930737377,0.0016634332992,2.819624154920772,-5.4230540856581495
71,WETH_USDC,15273348,1659581751,0x68b3465833fb72a70ecdf485e0e4c7bd8665fc45,0x5ca6e74fa03857cedc6e91d63b4aaceddf0caa246de1943e74d00d1b2b63786b,0x68b3465833fb72a70ecdf485e0e4c7bd8665fc45,0xf1f2e00a3420a4ae67fc20885767bbd9aded6380,36,1,0.0,1.5e+17,247259845.0,0.0,16952104622.0,0xa20f6f3a773dc8d78bd1f3339196d9f2a95a7dbdd261739e198e3b88844a8a83,0x68b3465833fb72a70ecdf485e0e4c7bd8665fc45,0x68b3465833fb72a70ecdf485e0e4c7bd8665fc45,58,527396391.0,0.0,0.0,3.180298561186858e+17,13952104622.0,1,0x059ad2163bacad90f17c52b7eb76ce88af6f3961b54a17efed2acd72c9c4e01d,0.0,2e+17,329676633.0,0.0,-280.136546,0.16802985611868582,-2.3302311171503334,0.0046356313866,7.664159825007488,-9.994390942157821
72,WETH_USDC,15273437,1659582842,0x68b3465833fb72a70ecdf485e0e4c7bd8665fc45,0x8b575732d6841322e613cdafa9def3d446e23f4512a5c2518179e5186bad4453,0x68b3465833fb72a70ecdf485e0e4c7bd8665fc45,0x68b3465833fb72a70ecdf485e0e4c7bd8665fc45,80,0,20599642.0,0.0,0.0,1.2423339824631532e+16,7000000000.0,0xc74646dcc104314ab0e12420e6b06da4de2e319470c12150531c70e15b0ad88c,0x68b3465833fb72a70ecdf485e0e4c7bd8665fc45,0xf1f2e00a3420a4ae67fc20885767bbd9aded6380,304,0.0,5e+16,82410735.0,0.0,5663425850.0,1,0xf9acf9fce234f132618af9fe461b1378b7f3ed4939221966e53586fcd884449f,115978739.0,0.0,0.0,6.994475533189919e+16,61.811093,-0.03757666017536846,-0.3103705323247823,0.0018995138775,3.140262639616136,-3.4506331719409182
73,WETH_USDC,15273437,1659582842,0x68b3465833fb72a70ecdf485e0e4c7bd8665fc45,0xf1fbc5519fbcf4e7d18f0b53cc93bc66cfb08412f41ae1ed456a47a654054cf9,0x68b3465833fb72a70ecdf485e0e4c7bd8665fc45,0x68b3465833fb72a70ecdf485e0e4c7bd8665fc45,271,0,114190532.0,0.0,0.0,6.88666581940162e+16,5663425850.0,0xd9568a2494be678f25ebafad42d1c6f392d22c2dbec23d4be4ca05c8b00d1f92,0x68b3465833fb72a70ecdf485e0e4c7bd8665fc45,0xf1f2e00a3420a4ae67fc20885767bbd9aded6380,331,0.0,3e+16,49447036.0,0.0,5163425850.0,1,0xf9acf9fce234f132618af9fe461b1378b7f3ed4939221966e53586fcd884449f,115978739.0,0.0,0.0,6.994475533189919e+16,-64.743496,0.0388666581940162,-0.4894170490030092,0.001624027755,2.6848309691942047,-3.174248018197214
74,WETH_USDC,15323533,1660259847,0x68b3465833fb72a70ecdf485e0e4c7bd8665fc45,0x8415b3c6a46b4223f29757d137e59c1bd5c44b6c61c429d0a4270aad5aaf3e23,0x68b3465833fb72a70ecdf485e0e4c7bd8665fc45,0x7e9aabb2eec2db6eaeeff39220975a8c3d1f0716,194,1,0.0,7.077614234209559e+16,132259624.0,0.0,20022334087.0,0x550bf39c109c127ff3923ad2cc380dc731ed690c6126a3b129b6fc40e0a1c1ed,0x68b3465833fb72a70ecdf485e0e4c7bd8665fc45,0x3ab1e247afecef38619dbeb4905b8c340fb8648d,291,2564580280.0,0.0,0.0,1.3641314337620872e+18,19522334087.0,1,0x9629c6de9ccf7e7d399c3f122f70c8acbc32c4bb6f410c5512e32874e89b3932,0.0,2.6516396474535507e+17,495507822.0,0.0,-2432.320656,1.2933552914199915,-7.994781169321868,0.0059317002261,11.118657367601454,-19.113438536923322
75,WETH_USDC,15348735,1660603917,0x68b3465833fb72a70ecdf485e0e4c7bd8665fc45,0x3bbcd21f2596788e2f510cd5c39e98d26c16821f1c4614184749923521e3c8ca,0x68b3465833fb72a70ecdf485e0e4c7bd8665fc45,0x5ad7452ceafdaeb0936507d5bb5890964ef56bd3,120,1,0.0,1.1513036101355488e+18,2189913065.0,0.0,22491901504.0,0x544255c757c6d2487d3332bd3be9dcc0f7ecaf1d4dffa4e2c9f2e0dfa37ffc1c,0x68b3465833fb72a70ecdf485e0e4c7bd8665fc45,0x68b3465833fb72a70ecdf485e0e4c7bd8665fc45,294,956762284.0,0.0,0.0,5.000000003829893e+17,21991901504.0,1,0x76ac0726396b13d4e26983215797354184076216a0c64bf872f7ef71a0169fc0,0.0,1.586e+17,301663718.0,0.0,1233.150781,-0.6513036097525595,-9.414569115997438,0.0066725704512,12.730015179892689,-22.144584295890127
76,WETH_USDC,15348834,1660605189,0x68b3465833fb72a70ecdf485e0e4c7bd8665fc45,0xf1980b6f520505ada709af9eab9b76f532a3c94dddf83ff43b72ce70fa644d6e,0x68b3465833fb72a70ecdf485e0e4c7bd8665fc45,0x8e149037b626497b73b1ed1924d10e4d35a345c4,45,0,296700000.0,0.0,0.0,1.570614533411962e+17,16805525928.0,0xd1c0f7f342d930a0d16c19dccbb14e1815921451c4ad6b5faae120aa817af463,0x68b3465833fb72a70ecdf485e0e4c7bd8665fc45,0x684753580008219f78a1b7a440e27c440fe720ef,131,0.0,2.6764059369595023e+18,5025408896.0,0.0,16805525928.0,1,0xeb212d8850d70705639f755304e4b5b3f848b362e19f6df0598cd944c404bc86,1000000000.0,0.0,0.0,5.29350280619007e+17,4728.708896,-2.519344483618306,-15.662281839570824,0.0050416577784,9.494333152097658,-25.156614991668484
77,WETH_USDC,15448266,1661971164,0x68b3465833fb72a70ecdf485e0e4c7bd8665fc45,0xebb4c39d45f79f3373c82809ae1d0e76bebd5e8ce78461710603f8e10dd510db,0x68b3465833fb72a70ecdf485e0e4c7bd8665fc45,0x5b93cf813af36191fd98901707515dda015726b0,185,1,0.0,7.130815530899538e+18,10972542373.0,0.0,19755983252.0,0xf5423b28954475f2994df09e28db3a4dafc7f2ff6e3fb1234ece247085aa2906,0x68b3465833fb72a70ecdf485e0e4c7bd8665fc45,0x68b3465833fb72a70ecdf485e0e4c7bd8665fc45,369,73055554.0,0.0,0.0,4.720279814151914e+16,19255983252.0,1,0xaf6b9e15771f8b10f5189def67f5914b64398283f9a9bb3c5444bdc0fec1f69c,0.0,1.534562714642599e+17,236081404.0,0.0,10899.486819,-7.083612732758019,-30.91313914931743,0.0058517949756,9.029638119628359,-39.94277726894579
78,WETH_USDC,15448294,1661971801,0x68b3465833fb72a70ecdf485e0e4c7bd8665fc45,0xce950abaa0f716cf1656e068f5b2e95a8c60dd20d48bdbcd3e832f6d00fe4c77,0x68b3465833fb72a70ecdf485e0e4c7bd8665fc45,0x61a7dc6828640f095c4eff5f3186a2c30d31c162,42,0,1500000000.0,0.0,0.0,9.68693062596898e+17,44893456786.0,0xe2cb095648c79092cf997a1126ca82b6273e3acdd42282bd4f7ca18ae7f9ba97,0x68b3465833fb72a70ecdf485e0e4c7bd8665fc45,0xe375f23b14c437980fc0c0a98cd6ee4c1021b302,50,0.0,3.3584744614795354e+17,516956696.0,0.0,44393456786.0,1,0x37fbe2cfd3a40136eba26bfe45b3b830bbfbf3b650ab844eb214a6ec2279eb80,543573148.0,0.0,0.0,3.510236774008421e+17,-983.043304,0.6328456164489445,-6.0073633832181486,0.0133930370358,20.677204989447745,-26.684568372665893
79,WETH_USDC,15448507,1661975029,0x68b3465833fb72a70ecdf485e0e4c7bd8665fc45,0x23b286dad683ce9a673cbb98ec73e764f0491072d85347811bc490c4a48b82be,0x68b3465833fb72a70ecdf485e0e4c7bd8665fc45,0x4d47dea22fe801ec90420e5acd9a4abcb66c55ec,50,0,2141642325.0,0.0,0.0,1.351665723739408e+18,17247051200.0,0x9f64361838298916a75acafa8bab7fd64b263a6de3de6970fa10f3220b6dacde,0x68b3465833fb72a70ecdf485e0e4c7bd8665fc45,0x67cea36eeb36ace126a3ca6e21405258130cf33c,163,0.0,2.7436932935033533e+17,432136520.0,0.0,16747051200.0,1,0x57bb4f3276c5c9f9788cd83ab3e9c694865c9bc994e771657a468185d0324022,118800000.0,0.0,0.0,7.497573492768435e+16,-1709.505805,1.0772963943890725,-7.653011328651019,0.00509911536,8.055298213069477,-15.708309541720496
80,WETH_USDC,15473853,1662325042,0x68b3465833fb72a70ecdf485e0e4c7bd8665fc45,0x605d0359fb05942cfc38c73f02208d6d0ad889dfad2975be759a3e6ded24fbe4,0x68b3465833fb72a70ecdf485e0e4c7bd8665fc45,0xf47a4b7499e71e5ad6d2aeb2e811d64e6c68e517,78,1,0.0,1.3401283503563998e+17,209625911.0,0.0,20547758744.0,0x9c15e37d31c87b612bfad57b07e143c26047c1b8fac20e4c15ece46a3b1c6cb4,0x68b3465833fb72a70ecdf485e0e4c7bd8665fc45,0x82aa60abea34bc221f372075e05d120b3815fa04,302,301000000.0,0.0,0.0,1.912722526538885e+17,7547758744.0,1,0x9da3412dc8c9fdcc2a57d22342cebbc58714ef86bef5200afc3b42e2de2c068e,0.0,3.148474421030537e+16,49249635.0,0.0,-91.374089,0.05725941761824853,-1.5363119669934235,0.0042143276232,6.612114497588267,-8.14842646458169
81,WETH_USDC,15498270,1662663267,0x68b3465833fb72a70ecdf485e0e4c7bd8665fc45,0x309b4cad2b81bf75c0d356844cc243ccb62e4e3809b7ffbe1c393ca13817e123,0x68b3465833fb72a70ecdf485e0e4c7bd8665fc45,0x46b2351bfd84f5446ae07ca432a6e64456f3e90d,107,1,0.0,2.936756032263442e+17,477825403.0,0.0,38267305584.0,0x3a34b7feb960179abfb2d9991df910cc30eeb319274ce6aadda8abc0c6d98ccf,0x68b3465833fb72a70ecdf485e0e4c7bd8665fc45,0x01962144d41415cca072900fe87bbe2992a99f10,230,1017695456.0,0.0,0.0,6.217781432927053e+17,37767305584.0,1,0xe1fbf6bc78d91cd6ec3a534aa86788ab9ce8fc2bac753109783634fbb1c02111,0.0,1.3041400660255537e+18,2121805305.0,0.0,-539.870053,0.3281025400663611,-4.449561827655657,0.0114051916752,18.611783156007323,-23.06134498366298
82,WETH_USDC,15498579,1662667852,0x68b3465833fb72a70ecdf485e0e4c7bd8665fc45,0x90ea56ab840771e8ec4c2ca7dab0c7b386431061987c4ff959d4083e271d46e8,0x68b3465833fb72a70ecdf485e0e4c7bd8665fc45,0x841bb1966c1d1b80634111691471c667e4c2bfe4,9,1,0.0,3.814779598274207e+18,6266716342.0,0.0,33968919738.0,0x2d11c2b7fa07ce938ef272ff576c5eb58a07dd45464dc5357afa389575a81817,0x68b3465833fb72a70ecdf485e0e4c7bd8665fc45,0x68b3465833fb72a70ecdf485e0e4c7bd8665fc45,280,58860896.0,0.0,0.0,3.562076661725329e+16,31195279972.0,1,0x0839ab17930ae12372de6bf2cf225e3f36a95d10729c3b7425cd2a4290c978f6,0.0,8.64621635713063e+16,142019280.0,0.0,6207.855446,-3.7791588316569538,-18.219759796958897,0.0097746299565,16.10347273795903,-34.32323253491793
83,WETH_USDC,15524252,1663033899,0x68b3465833fb72a70ecdf485e0e4c7bd8665fc45,0x6953a61a0a9ad1dc2996da250f2e8c51f9b167c9a3ad70d7cb260e1ec1864190,0x68b3465833fb72a70ecdf485e0e4c7bd8665fc45,0x8595df7b15232dd40a91fdb2515fbfa5d77ec812,2,0,1000000000.0,0.0,0.0,5.904980179133312e+17,17027579886.0,0x7e6fe1c46fcb4dc1db34fba952e4ee76814f791d6d773ff085b4e9c3aae65489,0x68b3465833fb72a70ecdf485e0e4c7bd8665fc45,0x67cea36eeb36ace126a3ca6e21405258130cf33c,145,0.0,4.5e+16,75752056.0,0.0,7527579886.0,1,0xd718f3431266d9a841234a1724ff7d5544545b53efac0a5a566918bcac3b9f8d,178425000.0,0.0,0.0,1.0535736765587952e+17,-924.247944,0.5454980179133312,-3.206147570460189,0.0036832739658,6.218994677890067,-9.425142248350255
84,WETH_USDC,15548354,1663357715,0x68b3465833fb72a70ecdf485e0e4c7bd8665fc45,0x980894a7e508057dee6adfa43c20ddc0203a9b96ae9165fe1f4baa95c8013f33,0x68b3465833fb72a70ecdf485e0e4c7bd8665fc45,0x711281c1b26aaed86e40e4caaf76c1962b45e161,0,1,0.0,3.686011777577327e+18,5261707900.0,0.0,52910477996.0,0x1565a3b6b9dc1e7815a87af664a99b0667ac59dda874d09f729fef5956ff5e98,0x68b3465833fb72a70ecdf485e0e4c7bd8665fc45,0x68b3465833fb72a70ecdf485e0e4c7bd8665fc45,157,621378751.0,0.0,0.0,4.32641401635574e+17,8910477996.0,1,0x7c2aee3db5ce1156d25debd294aca38708fb83e0a33f3c9fe1bd18bdd84b0178,0.0,7960000000000000.0,11361422.0,0.0,4640.329149,-3.2533703759417527,-18.345864216249538,0.0092731433988,13.27870990816885,-31.624574124418388
85,WETH_USDC,15549093,1663366691,0x68b3465833fb72a70ecdf485e0e4c7bd8665fc45,0x81b31ebfaa00008895d90350c5dc240373ad9bd739f854bf79bd8a614567fd3d,0x68b3465833fb72a70ecdf485e0e4c7bd8665fc45,0x835b94f20d5858a234f3bd1d36d1597fc09e12a6,60,0,420695703.0,0.0,0.0,2.916129533209475e+17,7748874495.0,0x7da7cb70d0a3ffd2d31b7c3e310d308846fdf78df924d0d7db3ad30639e7872c,0x68b3465833fb72a70ecdf485e0e4c7bd8665fc45,0x7b0eaf99d42aceacfb563f844bedef28a4dadb31,81,0.0,6.83404540744595e+16,98001438.0,0.0,7748874495.0,1,0xc3d773b25ab8890334fd7b002d4cd3b6e4bce0efc9243576a3e8764caec2a19b,11302660.0,0.0,0.0,7834578448528709.0,-322.694265,0.223272499246488,-1.5547037769995882,0.0023246623485,3.3436318808110554,-4.898335657810644
86,WETH_USDC,15574267,1663671743,0x00000000003b3cc22af3ae1eac0440bcee416b40,0x86588e4c59b386677ced9681beb666f121f3abb1d51ecfa42ea70fea73665d35,0x00000000003b3cc22af3ae1eac0440bcee416b40,0x5ad7452ceafdaeb0936507d5bb5890964ef56bd3,18,1,0.0,4.808907042062336e+17,651264510.0,0.0,5067639471.0,0xe4b4d3d88086a1a0475fb963c162b97ef3fdf78fb5b0d766c9700dbe45f0321c,0x00000000003b3cc22af3ae1eac0440bcee416b40,0x00000000003b3cc22af3ae1eac0440bcee416b40,20,669810728.0,0.0,0.0,4.9166260083307315e+17,43224589015.0,1,0x1d936f2969e65b5117d5c3133855b671e1c58318e4ebc827c6cf3529d7b895b0,0.0,1.5502277577761564e+18,2099341209.0,0.0,-18.546218,0.010771896626839552,-3.904803581645881,0.0072438342729,9.84598935930594,-13.750792940951822
87,WETH_USDC,15598261,1663962815,0x68b3465833fb72a70ecdf485e0e4c7bd8665fc45,0xb2dd9708c1ee7e7c2c3fafcfdbfe0e4687b5d60f5bf6b9a2ee26bac8e3d58045,0x68b3465833fb72a70ecdf485e0e4c7bd8665fc45,0x5ad7452ceafdaeb0936507d5bb5890964ef56bd3,68,1,0.0,6e+16,77109678.0,0.0,6878426939.0,0x42f1143c1aaeec64a85114bf2e7b4128c2e10c963535a3f7bd1462831f1ce3ae,0x68b3465833fb72a70ecdf485e0e4c7bd8665fc45,0x392df92fc35a8f19b2423e8e429565f01b970604,110,50000000.0,0.0,0.0,3.867261911788662e+16,6378426939.0,1,0x16da423311579fc94944e4cb7f4d5458e1ca7300a595a7ebdf7d5f190b6eff44,0.0,2.97375e+16,38217395.0,0.0,27.109678,-0.021327380882113375,-0.38164308346435405,0.0019885280817,2.5632431980125556,-2.9448862814769097
88,WETH_USDC,15598302,1663963307,0x68b3465833fb72a70ecdf485e0e4c7bd8665fc45,0x98cff449ec77c5b799eaa23c9f87a1a3c1bc4a79ff57896d0fca7fa924cc2b3f,0x68b3465833fb72a70ecdf485e0e4c7bd8665fc45,0x27dfe49902dbb4c42886d8e3eed5355ec3c552bc,41,1,0.0,5.803881446858017e+17,746367672.0,0.0,8046272227.0,0xc25760105fb22a1f6980291784f39cf5822c772c2f7bc6833cad3a8cd0f0ffc9,0x68b3465833fb72a70ecdf485e0e4c7bd8665fc45,0x75d308a90ef8c0de983bd6eddc4aae7d8fe226df,124,180091606.0,0.0,0.0,1.3923688097078774e+17,7046272227.0,1,0x9c745d00fc60ade158375b7a7d90d0b9f2dec160b3fdce43f972b97a25a943ad,0.0,4.4500000000000015e+18,5721869368.0,0.0,566.276066,-0.441151263715014,-2.6122746114602933,0.0022638816681,2.9193974752798195,-5.531672086740112
89,WETH_USDC,15598723,1663968371,0xdef1c0ded9bec7f1a1670819833240f027b25eff,0xc2ff0cbe815c9e7313aa175c50845d2f4e6df3d326d790a3267f0bf6a674d2ea,0xdef1c0ded9bec7f1a1670819833240f027b25eff,0x67cea36eeb36ace126a3ca6e21405258130cf33c,89,1,0.0,8.335948683011965e+16,108403255.0,0.0,9900977318.0,0x5551769e7427dd036098128ef2686201a29afaeac61417cf838e2800457c8951,0xdef1c0ded9bec7f1a1670819833240f027b25eff,0xdef1c0ded9bec7f1a1670819833240f027b25eff,161,50000000.0,0.0,0.0,3.821852786175854e+16,9365082642.0,1,0x64411f308c80aca6e9687899bbeb3dbe8df0950e9c9af18263170a3b8c741800,0.0,1.843404681397351e+16,23972141.0,0.0,58.403255,-0.0451409589683611,-0.47662137752237044,0.002889908994,3.7694698605820918,-4.246091238104462
90,WETH_USDC,15623676,1664269415,0xe8c060f8052e07423f71d445277c61ac5138a2e5,0xc6f7c4462159a9057a9f71a169aa3b21c8ed034d98e44482b85ceb99ac9d0620,0xe8c060f8052e07423f71d445277c61ac5138a2e5,0x6b14b204a1e108eed241c34bd6c801003450e2ac,0,1,0.0,8.670439029499494e+16,119224663.0,0.0,9594002141.0,0x7d41e70e8ce18aaef55d25c434cc15730fdd0db39a9737be61c04ac611a89fac,0xe8c060f8052e07423f71d445277c61ac5138a2e5,0xe8c060f8052e07423f71d445277c61ac5138a2e5,2,132976575.0,0.0,0.0,9.61269074309474e+16,38240016221.0,1,0x831eb89851bd2afe89ed0fe55569d5024d059eb754f62a20eb25df38d01506b0,0.0,2e+17,275012029.0,0.0,-13.751912,0.009422517135952447,-0.756302374984779,0.0071751027543,9.895958061829402,-10.652260436814181
91,WETH_USDC,15623819,1664271155,0x68b3465833fb72a70ecdf485e0e4c7bd8665fc45,0x05a2e6df7fd9bfd8154de9d4c25a422487bc78143f1f3819955e7dd670423878,0x68b3465833fb72a70ecdf485e0e4c7bd8665fc45,0xae851769593ac6048d36bc123700649827659a82,130,0,1000000000.0,0.0,0.0,7.225795877756329e+17,8821139815.0,0x01792ebfb5e214a247425bc13877d739e9d990b229df30e997460db907f4a1d2,0x68b3465833fb72a70ecdf485e0e4c7bd8665fc45,0x4d42fd2fe2eb1e4c7eec64272a1f715dce0ea535,322,0.0,1.1066067947228972e+16,15223877.0,0.0,7225569436.0,1,0x5ff9112be4de004418ccef2bd68956ae6687acd03ccb1f2508618010ac4102e2,24756586.0,0.0,0.0,1.7887481771038168e+16,-984.776123,0.7115135198284039,-2.9833822009113646,0.00240700638765,3.32134433513187,-6.304726536043235
92,WETH_USDC,15773352,1666076315,0x68b3465833fb72a70ecdf485e0e4c7bd8665fc45,0x9abcacc4cc60f0c95f58d186690e3092f8021a3652d62139f6fa7ac26b8b39db,0x68b3465833fb72a70ecdf485e0e4c7bd8665fc45,0x2144cc1ef664eaa4974b4ce57c2fe3b672704c56,34,1,0.0,4.664141877478819e+16,62138568.0,0.0,15134374926.0,0x72c3690ffa9b84df8dbd22923868086d847c7504677eee4f134e18a6ab214d70,0x68b3465833fb72a70ecdf485e0e4c7bd8665fc45,0x68b3465833fb72a70ecdf485e0e4c7bd8665fc45,117,12216184.0,0.0,0.0,9114648563736264.0,14134374926.0,1,0xd9d79db5aaf79bc4a0af8bd4e623b0084a02f18640fa4eeeacda16ed5e27b6f9,0.0,1.169675e+17,155830537.0,0.0,49.922384,-0.03752677021105193,-0.22313180627600815,0.0043903124778,5.866598231391985,-6.0897300376679935
93,WETH_USDC,15848759,1666986611,0x68b3465833fb72a70ecdf485e0e4c7bd8665fc45,0xca9eb4d285bbdf64318e088ac946fa8d16cdd936a5b382e4b117a9b955d103ea,0x68b3465833fb72a70ecdf485e0e4c7bd8665fc45,0xeebbce0288149ccaaa839e3e06c5b28ca355c1bf,147,0,542129132.0,0.0,0.0,3.481892418818832e+17,16045537933.0,0xc2ea85cc2b80b7a837346505d1e778c782923a09a21adb52d681db08ea91a511,0x68b3465833fb72a70ecdf485e0e4c7bd8665fc45,0x4d42fd2fe2eb1e4c7eec64272a1f715dce0ea535,236,0.0,1.22e+17,188816678.0,0.0,15091185750.0,1,0x614a6d83c62110551cacce62c19227339066f3418313430b44a3f3cf3833c894,140150000.0,0.0,0.0,9.001242364871936e+16,-353.312454,0.2261892418818832,-2.192428461900761,0.00467050855245,7.2501639271973914,-9.442592389098152
94,WETH_USDC,15848762,1666986647,0x68b3465833fb72a70ecdf485e0e4c7bd8665fc45,0xa5b61ecbe8d7713135014d4ac82d8178949e8ccc4ec5285689db61f74f6b5dd5,0x68b3465833fb72a70ecdf485e0e4c7bd8665fc45,0xcdd37ada79f589c15bd4f8fd2083dc88e34a2af2,4,1,0.0,1.7439315761165024e+17,269955275.0,0.0,28581109122.0,0xe320ba9119855f1c955f15ccd5a2354c7d74fe7bd9e4be29e9856b7d33b0021d,0x68b3465833fb72a70ecdf485e0e4c7bd8665fc45,0x68b3465833fb72a70ecdf485e0e4c7bd8665fc45,64,36405792.0,0.0,0.0,2.337767160177044e+16,16817821756.0,1,0xe508203ac667903baa0aaf9a23012af0f3578b5f20163516e5ee5383c54ef498,0.0,2.548976064728544e+16,39457115.0,0.0,233.549483,-0.1510154860098798,-0.914739453927865,0.0068098396317,10.572847834810965,-11.48758728873883
95,WETH_USDC,15899015,1667593391,0x68b3465833fb72a70ecdf485e0e4c7bd8665fc45,0x3b92fe9f5221cfaddae78fb50339297d86b9d1a2c0304cb55b78357d585e30ef,0x68b3465833fb72a70ecdf485e0e4c7bd8665fc45,0x67cea36eeb36ace126a3ca6e21405258130cf33c,2,1,0.0,2.7e+18,4429029256.0,0.0,16403836550.0,0x5cf000c1ca188329ebeceab7c25bbf6aa2e4bca0b6c96f683a30c075ee235bcd,0x68b3465833fb72a70ecdf485e0e4c7bd8665fc45,0x68b3465833fb72a70ecdf485e0e4c7bd8665fc45,77,50555732.0,0.0,0.0,3.063761968640857e+16,17599956237.0,1,0xc8ed8c09fd0072c2d860a67ce9a69552881b9c07e78c0664ecaedcf9e70ba203,0.0,9950000000000000.0,16320312.0,0.0,4378.473524,-2.6693623803135913,-12.852998039184058,0.00510056891805,8.390866572672074,-21.243864611856132
96,WETH_USDC,15899054,1667593859,0x68b3465833fb72a70ecdf485e0e4c7bd8665fc45,0x7f6cdce699a0608a54843f858a917c52f478ed90d01603797c1c3a4d12ac2407,0x68b3465833fb72a70ecdf485e0e4c7bd8665fc45,0x67cea36eeb36ace126a3ca6e21405258130cf33c,0,1,0.0,4.345e+18,7124834631.0,0.0,19528331225.0,0xc7a56283de279e7746ac6619b1bc2b21b758dd474b4f3468ddbe1e7c738fb2e3,0x68b3465833fb72a70ecdf485e0e4c7bd8665fc45,0x68b3465833fb72a70ecdf485e0e4c7bd8665fc45,114,40170960.0,0.0,0.0,2.4354593238365704e+16,18714310391.0,1,0x2a3b0a08c6f5888531d19a8830b5a514eeb7a0cedbd55e3d37e0be1377b2de06,0.0,1.9825e+16,32503847.0,0.0,7084.663671,-4.320645406761634,-20.52261249559342,0.0057363962424,9.433350821710867,-29.95596331730429
97,WETH_USDC,15948459,1668190043,0xdef1c0ded9bec7f1a1670819833240f027b25eff,0x46fc06a2c1ace7b2a32c458729c3b9c00c66fe4ac2c18cf26124c8a09df7b9e7,0xdef1c0ded9bec7f1a1670819833240f027b25eff,0xe66b31678d6c16e9ebf358268a790b763c133750,48,1,0.0,3.5782362128117594e+17,456289844.0,0.0,31021105990.0,0x8141158363e1ce17055af8ec79550b2b0d5e1f42d838c2387d21c7e5210f7210,0xdef1c0ded9bec7f1a1670819833240f027b25eff,0xeac526d60111d5647a03fe6d95ccd73993b299c9,131,300000000.0,0.0,0.0,2.3385344346520992e+17,29941105990.0,1,0x4d53254693cb8dfbe03f5005eee6131383e88d95a912024d70aa98704ad2b855,0.0,9.602587865262566e+16,122448747.0,0.0,156.289844,-0.12397017781596602,-2.269863132707826,0.009144331797,11.695736807033065,-13.96559993974089
98,WETH_USDC,15998352,1668792035,0x68b3465833fb72a70ecdf485e0e4c7bd8665fc45,0x1ec4bc9de6f157f9a413ce2f75bf7609a2b134117d72b5d96e820326f308253a,0x68b3465833fb72a70ecdf485e0e4c7bd8665fc45,0x82d6b30bff73c6363d024cbc2f44d1cbbee5972e,1,0,85190432.0,0.0,0.0,7.068558204186054e+16,19189096166.0,0x799fd6c24ac808c1523f8f6dcf980f9aae2b11263d65b1dbe4de63225ca7f548,0x68b3465833fb72a70ecdf485e0e4c7bd8665fc45,0x1fa875249c7d34ec0697737850aecb383dd4e02b,218,0.0,3.701823090071658e+16,44347413.0,0.0,18689096166.0,1,0xe6395e2892dfa92f7e5fbc10cbee3cc784d7329d02cc21b20100eb8374aa33c8,94901471.0,0.0,0.0,7.874285228424755e+16,-40.843019,0.03366735114114397,-0.3885997987130523,0.0056817288498,6.827119832333952,-7.215719631047004
99,WETH_USDC,16348629,1673018807,0x68b3465833fb72a70ecdf485e0e4c7bd8665fc45,0xf3b4b5ce6c535383a9adea30cd17ec9eaf76d606c17e91e6a453bd8dabf06190,0x68b3465833fb72a70ecdf485e0e4c7bd8665fc45,0x68b3465833fb72a70ecdf485e0e4c7bd8665fc45,30,0,188452929.0,0.0,0.0,1.5036861721530973e+17,22346536999.0,0x653824e9248c08e6f58f47a70df19127715c5b065281ed175fb0737562c0ef8a,0x68b3465833fb72a70ecdf485e0e4c7bd8665fc45,0x9a3ff990d0090c11f2e50256a32fc81eebe244c5,80,0.0,1008361675606104.0,1256191.0,0.0,21846536999.0,1,0x1829333a96e11a555bb55aaddc8938088f540f809786593ad0f56d3806e50cdd,72798419.0,0.0,0.0,5.8086282845412984e+16,-187.196738,0.1493602555397036,-0.5676691264712588,0.0066289610997,8.283039106792286,-8.850708233263544
100,WETH_USDC,16448879,1674228071,0xef1c6e67703c7bd7107eed8303fbe6ec2554bf6b,0x7f1b0660f30759fc2b1275ec6a6e488a66ac5d07e298f258da25a7506e8b9026,0xef1c6e67703c7bd7107eed8303fbe6ec2554bf6b,0xfa0786e016cae17474744cb348c87170316527e0,56,0,432514426.0,0.0,0.0,2.7581102773627994e+17,28773629442.0,0x06b7af684149af47eb02865da53daf143d4014e8ee7a941ff8d86c74d29ea0e1,0xef1c6e67703c7bd7107eed8303fbe6ec2554bf6b,0x9ffbf2be3b2b96e50461aa26329c10b2e3743de3,130,0.0,5.0190769540571706e+17,782378258.0,0.0,27653629442.0,1,0x52ed5c8d93f929bc99532c5067bb19e9a8172affa88c366305d535349401c24f,949525000.0,0.0,0.0,6.054876302479708e+17,349.863832,-0.22609666766943712,-3.632575374256419,0.0084640888326,13.233388288566601,-16.86596366282302
101,WETH_USDC,16573786,1675735211,0xef1c6e67703c7bd7107eed8303fbe6ec2554bf6b,0x8bc16bc80a43906e95412a7332b567813d7194cc6b263475115c3fa5da0b61f1,0xef1c6e67703c7bd7107eed8303fbe6ec2554bf6b,0x868c60f07b970c4b407f9ded37de0dae0260a392,55,1,0.0,2.270636983698667e+17,367890465.0,0.0,26727906743.0,0x245d5ccc467c7446c75bcb9db2352d3d6cd30ea554bf720ed4542f9c325e01bc,0xef1c6e67703c7bd7107eed8303fbe6ec2554bf6b,0x9ff68f61ca5eb0c6606dc517a9d44001e564bb66,300,1000000000.0,0.0,0.0,6.135049672274803e+17,25727906743.0,1,0x495ee537a12801c07c40205567a327e6f34b776d2b67cd11a5587a4ac5e81efc,0.0,1.486875e+17,240901432.0,0.0,-632.109535,0.38644126885761365,-4.094195897307031,0.0078683720229,12.787087514631862,-16.881283411938895
102,WETH_USDC,16649046,1676644427,0xef1c6e67703c7bd7107eed8303fbe6ec2554bf6b,0xc324e5dc4ea3dd5c57fac2ac0948ed9a4f4606e53ae7de0cfc36f8b2599eaa78,0xef1c6e67703c7bd7107eed8303fbe6ec2554bf6b,0x8867f20c1c63baccec7617626254a060eeb0e61e,9,0,986536447.0,0.0,0.0,5.900098387856168e+17,51494807637.0,0xc93d18a3d45c7f70dd5fec7b62f9c298218e54ac50776a01f78487eeda460d1a,0xef1c6e67703c7bd7107eed8303fbe6ec2554bf6b,0x00a1a09cc32713b11463fd5aa41610af8430a9b9,112,0.0,4.798665448879647e+18,7975959546.0,0.0,51494807637.0,1,0x22cd4aa4a5fababdafc7c3c8e03d79ee1fc814996045537305f00018a53e894f,4460625000.0,0.0,0.0,2.667411825889599e+18,6989.423099,-4.20865561009403,-25.68701797054564,0.0154484422911,25.749914901046033,-51.43693287159167
103,WETH_USDC,16673525,1676941763,0xef1c6e67703c7bd7107eed8303fbe6ec2554bf6b,0xf2d80e7dec52c349eab9212bfef28210e73a1f064ea60271446c4a3464f3a1d0,0xef1c6e67703c7bd7107eed8303fbe6ec2554bf6b,0x218b689f3ee0c110fcf5f5b513a16cadf7a7a343,7,1,0.0,5.5522494677463994e+17,944700254.0,0.0,21815319796.0,0xeabeaa5c2fba76992be74184bf46439895ac1a344e5bc7ac9875ed728d0afc57,0xef1c6e67703c7bd7107eed8303fbe6ec2554bf6b,0xf3b508113d22866b67076a9e7b80bc6a754ec1a3,91,170000000.0,0.0,0.0,9.932008561522693e+16,20615319796.0,1,0xe190ad4d964dc7bec6dd44f63ce32b15af2bfe3bd723b7861afe6984a3dc1f57,0.0,4.852241488409797e+17,825564032.0,0.0,774.700254,-0.455904861159413,-3.3055179068189773,0.0063645959388,10.86124057472964,-14.166758481548618
104,WETH_USDC,16748455,1677852275,0xef1c6e67703c7bd7107eed8303fbe6ec2554bf6b,0xa451a0c57b133875d72a13d281dc407a403d244f869250871a59bf6c96b344fd,0xef1c6e67703c7bd7107eed8303fbe6ec2554bf6b,0x9572e4c0c7834f39b5b8dff95f211d79f92d7f23,59,0,700000000.0,0.0,0.0,4.4365031806027034e+17,30228780245.0,0x7236f288f8bbddf9e0188389f9b48e4f84375c4a5c969c027f8da3436daad871,0xef1c6e67703c7bd7107eed8303fbe6ec2554bf6b,0x67cea36eeb36ace126a3ca6e21405258130cf33c,122,0.0,3.16e+17,495617207.0,0.0,30645715277.0,1,0x4d2a0b32d885e5e7413878f42a054418b0a09fb0b4fd435f01fb0060042f4e8a,500000000.0,0.0,0.0,3.16884553497719e+17,-204.382793,0.12765031806027033,-3.5747113469385283,0.0091311743283,14.364348071893257,-17.939059418831786
105,WETH_USDC,16749009,1677858947,0xef1c6e67703c7bd7107eed8303fbe6ec2554bf6b,0xe8654451999c1dec841a810fff85852788594ada9a9234628e160273fdc4d4c9,0xef1c6e67703c7bd7107eed8303fbe6ec2554bf6b,0x6e3209804834f4c6367d1b07fc788a7febb6b506,6,1,0.0,3.529962055006367e+17,552430254.0,0.0,35700000000.0,0x870c03470bba6a621a03872ed3644239fbcef338fcdf67007236440492766bae,0xef1c6e67703c7bd7107eed8303fbe6ec2554bf6b,0xef1c6e67703c7bd7107eed8303fbe6ec2554bf6b,104,366486254.0,0.0,0.0,2.3277825655190822e+17,33360952266.0,1,0x870c03470bba6a621a03872ed3644239fbcef338fcdf67007236440492766bae,0.0,2.1650551461787565e+17,338824111.0,0.0,185.944,-0.12021794894872845,-2.7609664127753604,0.0103591428399,16.260647588507606,-19.021614001282966
106,WETH_USDC,16774099,1678163867,0xef1c6e67703c7bd7107eed8303fbe6ec2554bf6b,0xc32dfea2d60d098fb704410fa236efc4b830208eb3484b71643f21a0765afb2b,0xef1c6e67703c7bd7107eed8303fbe6ec2554bf6b,0x420d2059d59408796fb625c19fc65871375195a4,6,1,0.0,7.381631756896786e+17,1162036436.0,0.0,24011017708.0,0x08490daffb98b1758e5763cade3e8f57d3aef0babc8460048be08fe75f29228f,0xef1c6e67703c7bd7107eed8303fbe6ec2554bf6b,0x8de7a9540e0edb617d78ca5a7c6cc18295fd8bb9,66,500000000.0,0.0,0.0,3.1576664272920403e+17,24011017708.0,1,0x0406e63d1648c3e0b979185760dcb02dfb34833541c1702f74c75d99928b4011,0.0,2.0833069723094008e+18,3279258170.0,0.0,662.036436,-0.4223965329604746,-4.807679772775828,0.0072033053124,11.371972511285264,-16.179652284061092
107,WETH_USDC,16774196,1678165043,0xef1c6e67703c7bd7107eed8303fbe6ec2554bf6b,0xb321fb01561330a120eba1972331055b0de667c24ca7668dbf2b908f3e5fbb72,0xef1c6e67703c7bd7107eed8303fbe6ec2554bf6b,0xef1c6e67703c7bd7107eed8303fbe6ec2554bf6b,1,1,0.0,1.5876741289212032e+18,2498341474.0,0.0,22398232121.0,0xc7b3ab1ac50cf74d750fadf2e3b99839c7fdf7b85efde4ad236f9eb1ec955f8a,0xef1c6e67703c7bd7107eed8303fbe6ec2554bf6b,0xc15e41eb55af2c0f7c34fb150a688f672d4b1be2,247,717370332.0,0.0,0.0,4.532011110417697e+17,22398232121.0,1,0xf931dff097625bde5e5c852156f4e5f8f3cdb1e8d2147fe31a653b8e01e326e8,0.0,1.05e+18,1652120062.0,0.0,1780.971142,-1.1344730178794336,-9.424632668582262,0.0067194696363,10.604492002227508,-20.02912467080977
108,WETH_USDC,16798660,1678462631,0x0000000099cb7fc48a935bceb9f05bbae54e8987,0xa771e1d9ad35a8b459c605fdd716ec3ad8fe7dd15840163cfefcd8efb9bbc959,0x0000000099cb7fc48a935bceb9f05bbae54e8987,0x0000000099cb7fc48a935bceb9f05bbae54e8987,0,0,100383363417.0,0.0,0.0,7.087874281236522e+19,32021294508.0,0x87628edd0e50f0873b1582617185e793765a5ba53115b635762da0c69b0d303e,0x0000000099cb7fc48a935bceb9f05bbae54e8987,0x0000000099cb7fc48a935bceb9f05bbae54e8987,2,0.0,7.087874281236522e+19,101062672211.0,0.0,32021294508.0,1,0xc24f0fddf02772fd82cd4cec852a28f5d63bddd52c45ee125073200749a979b0,256096182980.0,0.0,0.0,1.7922553590421792e+20,679.308794,0.0,679.308794,0.0096063883524,13.567104428891044,665.741689571109
109,WETH_USDC,17224387,1683653495,0xef1c6e67703c7bd7107eed8303fbe6ec2554bf6b,0x96d093eb7e03288525b9eea6e0447803c71fd4b03bbe0dbc58ec2c5a61eb0e90,0xef1c6e67703c7bd7107eed8303fbe6ec2554bf6b,0x9ec9367b8c4dd45ec8e7b800b1f719251053ad60,18,0,5000000000.0,0.0,0.0,2.6949082373930353e+18,146558160544.0,0xfc954be76215049baaf5dc46137024cb6c5061c89a05ebb76d7506688796df0e,0xef1c6e67703c7bd7107eed8303fbe6ec2554bf6b,0xcf172197f86d4e0a4fbc01cd209163aaf65d0b72,122,0.0,3.1349748012686285e+17,578501845.0,0.0,130858160544.0,1,0x7f83e50103ccdd2b272f6f9db1b93582d3e19cbc87049ccbe18385d8e04e8816,6643577931.0,0.0,0.0,3.579388715802857e+18,-4421.498155,2.3814107572661722,-13.467853155926605,0.0416124481632,77.02532285857117,-90.49317601449778
110,WETH_USDC,17351109,1685199191,0xef1c6e67703c7bd7107eed8303fbe6ec2554bf6b,0x61fd2c293647608acc3a9e5975d0d580edfaa1926e5527840f18c88b4d61ceac,0xef1c6e67703c7bd7107eed8303fbe6ec2554bf6b,0xfa4dfbe7b012b1d92fdd5544f30518bb58bd41ce,21,1,0.0,4.6827287186112205e+17,854258825.0,0.0,27635339790.0,0x0355cd906db57631fa1dc5f92a60c5bf1cd65c0713ad605e7b59608b5a0239f9,0xef1c6e67703c7bd7107eed8303fbe6ec2554bf6b,0x811559d11dc36d263c34959b980a4e1bea7cbbe7,107,4000000000.0,0.0,0.0,2.1798236922324905e+18,24328454641.0,1,0x0462e1ed7c50e8cc3fe1cad526a0169bbaf9507c797a8f64c059350efb3330aa,0.0,2.002e+18,3651642276.0,0.0,-3145.741175,1.7115508203713685,-14.024803184149278,0.00779456916465,14.262141429659035,-28.286944613808313
111,WETH_USDC,17499862,1687008935,0x3fc91a3afd70395cd496c647d5a6cc9d4b2b7fad,0xbfc96c514a36728caaeaa5d4ace3ac2a08fe0aaefa6337b2e9bd036111057787,0x3fc91a3afd70395cd496c647d5a6cc9d4b2b7fad,0xf0ab97c89f13da829dcc2339fa34d16ca0bf08b3,4,1,0.0,1.2069540262303572e+18,2090337586.0,0.0,13737806190.0,0xa04566a64de5d618305bc6a8ff2ee3105b4364153a9b676b2a33ec8a427cd9bf,0x3fc91a3afd70395cd496c647d5a6cc9d4b2b7fad,0xa3509a16bbfc5992eb01cc861b615ccd8e937da8,111,12000000.0,0.0,0.0,6887040049993344.0,13737806190.0,1,0xd995fd085ecadca3080de81c245b2df1b74a6ca304c89ad165b792c1effcf7c3,0.0,5947500000000000.0,10300857.0,0.0,2078.337586,-1.2000669861803637,-6.390742750711524,0.004121341857,7.159498778564558,-13.550241529276082
112,WETH_USDC,17650515,1688837111,0x3fc91a3afd70395cd496c647d5a6cc9d4b2b7fad,0x9a9ada33a63657b635619641c972b51bd200eb028066f6bd820bf2e09d033f83,0x3fc91a3afd70395cd496c647d5a6cc9d4b2b7fad,0xbb38ef29879eba04f9d11ba6b67312fc1e00dbfc,0,1,0.0,6.361686857353618e+17,1182410268.0,0.0,18775530507.0,0x15c558615a04f558c18c605188593d2ea49825967571b52b16a7efce451ec76b,0x3fc91a3afd70395cd496c647d5a6cc9d4b2b7fad,0xe1de07566ceb19d2e45b60b491776ab74c9b8d7a,4,20000000000.0,0.0,0.0,1.0725274289587917e+19,18775530507.0,1,0xcbe0276730ada6a29ee760e4d46004b2261863dbda9152d427c7e3163e7e235a,0.0,2.49870736416e+19,46360867932.0,0.0,-18817.589732,10.089105603852554,-46.51438045099712,0.0056326591521,10.4797266997867,-56.99410715078382
113,WETH_USDC,17900202,1691860451,0x3fc91a3afd70395cd496c647d5a6cc9d4b2b7fad,0xca5d693009332c4f222da4c99f5462bf3bc6a31d5c625693687c7da3b5f80345,0x3fc91a3afd70395cd496c647d5a6cc9d4b2b7fad,0xe2680c6c726d2fbd9f8766e6c6d0bfd289414122,18,1,0.0,7.645361485446977e+17,1413503160.0,0.0,17507714900.0,0x80a17038f5f341434cdb4b203b2f848aac63dd29dda7df8bb8596bbbe035c6ed,0x3fc91a3afd70395cd496c647d5a6cc9d4b2b7fad,0x3fc91a3afd70395cd496c647d5a6cc9d4b2b7fad,155,124301379.0,0.0,0.0,6.683572423729622e+16,14521685732.0,1,0x3ea7603cbf78b1fb54ac3568023fe9fac6b17447c8d792bded1714a8d9d8e27d,0.0,4.075298365472115e+17,753401171.0,0.0,1289.201781,-0.6977004243074014,-4.497267800224336,0.0048044100948,8.908495040488138,-13.405762840712473
114,WETH_USDC,17973251,1692743483,0x3fc91a3afd70395cd496c647d5a6cc9d4b2b7fad,0x435222d5ffc54644fb47de33a31b7da43026b5420ea2e1f7320aeae71907c586,0x3fc91a3afd70395cd496c647d5a6cc9d4b2b7fad,0x659e36b0700d9addb259eba18fa88173656ef054,29,1,0.0,7.533531033370317e+17,1207600401.0,0.0,37418315171.0,0x90859c1b72b1db488fcbfe3fd69bf6935e9df1a76e73343462cb7733568b8960,0x3fc91a3afd70395cd496c647d5a6cc9d4b2b7fad,0x52c77b0cb827afbad022e6d6caf2c44452edbc39,116,1000000000.0,0.0,0.0,6.201169484094735e+17,32918315171.0,1,0xa0cf2425937f832956493e620f9d82dea86f2b5dd1a983d42958ecb5f7337252,0.0,9.062060697728144e+16,145254729.0,0.0,207.600401,-0.13323615492755814,-6.645648055390922,0.0105504945513,16.965378312106484,-23.611026367497406
115,WETH_USDC,18125706,1694587811,0x6b75d8af000000e20b7a7ddf000ba900b4009a80,0x7db2039f54d54a80beebffe6d01fc35bf99bba02b48313d6f97866afb319e15d,0x6b75d8af000000e20b7a7ddf000ba900b4009a80,0x6b75d8af000000e20b7a7ddf000ba900b4009a80,0,1,0.0,4.2745498306466546e+19,67440666112.0,0.0,33634931853.0,0x1e82bf81d3149d21548da36ac04ad8b9bc9b0369d74cffc44d287c1f1b777190,0x6b75d8af000000e20b7a7ddf000ba900b4009a80,0x6b75d8af000000e20b7a7ddf000ba900b4009a80,3,67440665857.0,0.0,0.0,4.2816838761225126e+19,682238717383.0,1,0xa288e61fc021a8fac712e78db6f62bb559d6736a8b2d79e1c786a5ac773b8ac6,0.0,6.732e+19,105547907194.0,0.0,0.000255,0.07134045475858022,112.69964271402735,0.1073810473854,169.63416245913456,-56.93451974510721
116,WETH_USDC,18173810,1695173051,0xdef1c0ded9bec7f1a1670819833240f027b25eff,0x0261c419538b4f92aebadb43ff9ce9ab32afe3c50029f23f7026798483d6bf8a,0xdef1c0ded9bec7f1a1670819833240f027b25eff,0x9a84a1852bc7fb608794960960adb04666a12b41,26,1,0.0,6078713257977551.0,9960173.0,0.0,9837088182.0,0xd05a6d51953ecfec6b24785bee6329217676b624e97ff75cadf72a3438571029,0xdef1c0ded9bec7f1a1670819833240f027b25eff,0x9dd361cf608bcacdc21effd2273c60afe2df3637,80,630000000.0,0.0,0.0,3.821843073748968e+17,9837088182.0,1,0x3d976fa45699ed529857657ae8b3c8821de7b381ad33eedab8dba229802b00a7,0.0,1.33e+17,217923155.0,0.0,-620.039827,0.37610559411691924,-1.9062914559262936,0.0029511264546,4.850207648473484,-6.7564991043997775
117,WETH_USDC,18474876,1698812939,0x3fc91a3afd70395cd496c647d5a6cc9d4b2b7fad,0xd2d42f641cc90fb6091ab172222293b8bb0cf5e5fadf879f1fb7afbae42842da,0x3fc91a3afd70395cd496c647d5a6cc9d4b2b7fad,0x0933e0cab8d46ea1cc88d23b5b302691e7660dcb,62,0,2000000000.0,0.0,0.0,1.0999641256670296e+18,16145239450.0,0x919e5d15f00f82dbfe47e3269e93d751a9f4b4db90518df460c371fdb872a290,0x3fc91a3afd70395cd496c647d5a6cc9d4b2b7fad,0x1d10dc3e156aefd7c9d1c584cbccde4903a2cac7,91,0.0,9.0140545096363e+16,162928390.0,0.0,15945239450.0,1,0x440e13a3a4140ca3ddad3d8a24684b9727b04507c44f4c6ad1d6288d774a3dc3,250000000.0,0.0,0.0,1.374849101260825e+17,-1837.07161,1.0098235805706666,-6.340744807505871,0.004813571835,8.726627798863417,-15.067372606369288
118,WETH_USDC,18549123,1699710959,0x3fc91a3afd70395cd496c647d5a6cc9d4b2b7fad,0x796e969ae041f2c26720accc85c1b3926da7714f9e1cb4786a3413e626d5a55c,0x3fc91a3afd70395cd496c647d5a6cc9d4b2b7fad,0x169bf778a5eadab0209c0524ea5ce8e7a616e33b,56,1,0.0,2e+17,412927230.0,0.0,29357047949.0,0x9022a85add98e3bc99fcb48ce8753b835992b2d576c381ddb2f5e7f3b8f21b7b,0x3fc91a3afd70395cd496c647d5a6cc9d4b2b7fad,0x5690774cfcc8bd1481a0d11df088ba3fc077d2fb,88,230000000.0,0.0,0.0,1.1074388804375106e+17,29267047950.0,1,0x4cbd7cc9573a0ffbfe0f38100dfb398ac2e9514ae0111c87d3479a4e60e956fb,0.0,6.423177661361292e+17,1326068048.0,0.0,182.92723,-0.08925611195624894,-1.888500605499729,0.00879361438485,18.208257469199594,-20.096758074699324
119,WETH_USDC,18649408,1700923739,0x99505fa247b4400d411414176732c76587a40c13,0xfdbd34cb3bbc32e0c5df37bab92f06ad1da04b4fbd0295d5923aeb449c601f73,0x99505fa247b4400d411414176732c76587a40c13,0x99505fa247b4400d411414176732c76587a40c13,1,1,0.0,263600100000.0,545.0,0.0,24416280500.0,0x6ae3fc4f7e23aa3d75858f83ce5daa7ed2453db3b0ba24371f64c11e2acc1794,0x99505fa247b4400d411414176732c76587a40c13,0x99505fa247b4400d411414176732c76587a40c13,3,544.0,0.0,0.0,261081700000.0,151428768735.0,1,0x51d773c8c804da13a3b736e90c5259efb5b509738eeaa1d5372384b11b88e8f9,0.0,2.3591108141211075e+17,488617418.0,0.0,1e-06,-2.5184e-09,-4.231693657082696e-06,0.02637675738525,54.79475631624109,-54.79476054793475
120,WETH_USDC,18673875,1701219887,0x3fc91a3afd70395cd496c647d5a6cc9d4b2b7fad,0xbe747ada9f6bdac05582d00b5f339f437272720409c5f9f08ec6c22fc5c641d0,0x3fc91a3afd70395cd496c647d5a6cc9d4b2b7fad,0x3fc91a3afd70395cd496c647d5a6cc9d4b2b7fad,32,0,1801537702.0,0.0,0.0,8.758065169374449e+17,36660960681.0,0xb97ed114cbb275c05f0f22489944d52f6cd8cb85824b1ae4e8d3b75133e02821,0x3fc91a3afd70395cd496c647d5a6cc9d4b2b7fad,0xa3dec530d9704de440f8410c178299d23388bfa1,178,0.0,6.27779432993248e+17,1283633997.0,0.0,33286163054.0,1,0xd7a7c1cc76374edf9d3eb94d77548283662c4588d4e45a1aece15eadfcc2a0dc,55353592.0,0.0,0.0,2.6908230224794772e+16,-517.903705,0.24802708394419687,-9.25212162262136,0.01049206856025,21.51703435450579,-30.76915597712715
121,WETH_USDC,18673944,1701220727,0x3fc91a3afd70395cd496c647d5a6cc9d4b2b7fad,0x4e3c2c3309f32d79722ba8594526b8c30e6489c5fa0f6f8f05da5ac8e9d9ee49,0x3fc91a3afd70395cd496c647d5a6cc9d4b2b7fad,0x3beeab9d5624e487045e01d12332975204a04a8a,69,0,1000000000.0,0.0,0.0,4.855887279843482e+17,34470394829.0,0x465d31920c560311676dc195ba1342d0778b8d842421447533d618c089b05fe5,0x3fc91a3afd70395cd496c647d5a6cc9d4b2b7fad,0xf305d65f77156c5b4b7c18f661dd51a34384ff22,100,0.0,4.97950991041698e+17,1019315786.0,0.0,34470394829.0,1,0x6660f0f16198d8c54440e66d9edf8192e0354a90f087074c0f264bca1dc1736d,25343071.0,0.0,0.0,1.2305910990699376e+16,19.315786,-0.01236226305734976,-6.068546289671051,0.0103411184487,21.23416932084958,-27.302715610520632
122,WETH_USDC,18774132,1702432799,0x3fc91a3afd70395cd496c647d5a6cc9d4b2b7fad,0xb1a769b9196e6fa3b4d25908c9fef3873d5ed8586c7bc77724632501395b5c78,0x3fc91a3afd70395cd496c647d5a6cc9d4b2b7fad,0x7a70eca937f10234c42b4daed0970fae6f88df15,86,1,0.0,2.5984195893850957e+17,564035144.0,0.0,47132238507.0,0x466a4ea0e65d72ddb114cc217741c0a465b5fdb1f94b61c4c9a8345a4ee8b3bc,0x3fc91a3afd70395cd496c647d5a6cc9d4b2b7fad,0xec5409816efe7151b809c1214b4780131d5f251b,96,600000000.0,0.0,0.0,2.747938374921472e+17,47132238507.0,1,0xf65360dcd33e17516f1196a2b80d322530a06ae972b61ec571a8296854446d1b,0.0,1.7641346391067784e+18,3829056677.0,0.0,-35.964856,0.014951878553637632,-3.4156643816487957,0.0141396715521,30.781073904448082,-34.196738286096874
123,WETH_USDC,18998552,1705155923,0x80a64c6d7f12c47b7c66c5b4e20e72bc1fcd5d9e,0xeaf3dc58b353d9a5c041aba1736ed549509704edb0bef025174ba4fec3124432,0x80a64c6d7f12c47b7c66c5b4e20e72bc1fcd5d9e,0x621551ea0862d87792c3b6a3ad87f161562b9bc3,1,1,0.0,1.5e+18,3794945107.0,0.0,272788288562.0,0x438d119d66948ca90ce3100656b727e69b840070426abe827f3eaf56a6636446,0x80a64c6d7f12c47b7c66c5b4e20e72bc1fcd5d9e,0x80a64c6d7f12c47b7c66c5b4e20e72bc1fcd5d9e,9,324021635.0,0.0,0.0,1.2735017389414755e+17,20788288562.0,1,0x42565b1137ea76048800290c3b502387021c7c7bac56f3baf9e1d1560ea33e05,0.0,9.950248756218904e+17,2516649074.0,0.0,3470.923472,-1.3726498261058524,-11.109735609687505,0.0440364865686,111.70839471369924,-122.81813032338674
124,WETH_USDC,19123266,1706665295,0x3fc91a3afd70395cd496c647d5a6cc9d4b2b7fad,0xc5aebebe706c0969f67f7ccf1e885edba3689e110039277a93e4301baec65e6c,0x3fc91a3afd70395cd496c647d5a6cc9d4b2b7fad,0x3fc91a3afd70395cd496c647d5a6cc9d4b2b7fad,48,0,25000000.0,0.0,0.0,1.0670765811578672e+16,18780246828.0,0x6a74dde95201b803564fee93c18542420a6707e51b83f1de8a75206ab6d3f4bf,0x3fc91a3afd70395cd496c647d5a6cc9d4b2b7fad,0x3fc91a3afd70395cd496c647d5a6cc9d4b2b7fad,108,0.0,1.075075294830228e+16,25037500.0,0.0,18681246828.0,1,0xd886461ad823107f75f7eb51a10316e83fc26e8595a9a82017b04b7ae9db9750,1000000000.0,0.0,0.0,4.268219089563216e+17,0.0375,-7.9987136723608e-05,-0.1493430098561945,0.0056192240484,13.126019723487456,-13.27536273334365
125,WETH_USDC,19124317,1706678063,0xdef1c0ded9bec7f1a1670819833240f027b25eff,0x673bf248e211b808f5c7b78fd12680115346b11c2f17a86cc691a2c004d2bdf6,0xdef1c0ded9bec7f1a1670819833240f027b25eff,0x3fa5db0910afc2a1e6de45039ea217410fb8641d,0,1,0.0,2.348535474628344e+16,54686168.0,0.0,17378075285.0,0x5eb37eb2c8e2051ad1737ca1f9d1aa4f8f73674481cc488b0e4fcd8d8830c589,0xdef1c0ded9bec7f1a1670819833240f027b25eff,0x9832263a82b729f947aca4842cb53a3109a46e5b,57,137037730.0,0.0,0.0,5.850309818531347e+16,17467075285.0,1,0x881f7aa45eaa16aaf78f20bc11bfe5d919d949df1ff92ff1d24b3816b7fb3423,0.0,1.5839520660371497e+18,3688285965.0,0.0,-82.351562,0.03501774343903003,-0.5718088663825256,0.0052267725855,12.206502468440881,-12.778311334823407
126,WETH_USDC,19149366,1706981927,0x3fc91a3afd70395cd496c647d5a6cc9d4b2b7fad,0xc367098a4560ab73274598c1fe1a37849bf1fc49de4a6ff5fbbfce04d237d03f,0x3fc91a3afd70395cd496c647d5a6cc9d4b2b7fad,0xbfbd1797e8262613ca55a9f9a1b1ffae03e9bf1b,65,1,0.0,8.705138851187548e+17,2000000000.0,0.0,21667987044.0,0xf67f2eb15c556a9534e8c508bba9d6b979fdd85072d5f0dcb181bd907b61e8d6,0x3fc91a3afd70395cd496c647d5a6cc9d4b2b7fad,0x3fc91a3afd70395cd496c647d5a6cc9d4b2b7fad,87,32860698.0,0.0,0.0,1.4217797016216664e+16,21667987044.0,1,0x1cbd4f2ca3f244d2c71eccb75edc05f5e74eebdfad7b4212b892aa5cfa134408,0.0,5.477567924029351e+16,125841353.0,0.0,1967.139302,-0.8562960881025381,-6.027867229832964,0.0065003961132,14.978893837968283,-21.006761067801246
127,WETH_USDC,19199007,1707583967,0x3fc91a3afd70395cd496c647d5a6cc9d4b2b7fad,0x7e40d80f5573e19874c5c2dfd7c952839db07b82431da4654bfcbe7beed488cd,0x3fc91a3afd70395cd496c647d5a6cc9d4b2b7fad,0x444569ae8a0324b9b32b3abdddb98ccb13036dd4,27,1,0.0,2.725646860335221e+17,678675109.0,0.0,29389577335.0,0x9e03b7adab5603213c17d95ea1f702500b3913a44464e7112534b659c354272e,0x3fc91a3afd70395cd496c647d5a6cc9d4b2b7fad,0xbc628f41b8f791f8527fbc6563fbb0d786b33c84,225,3270570896.0,0.0,0.0,1.305569055918341e+18,29389577335.0,3,0x204702c4241a2685fa1f609d2b0eb424da4353f280ac982b8f308353b849ab88;0x204702c4241a2685fa1f609d2b0eb424da4353f280ac982b8f308353b849ab88;0x204702c4241a2685fa1f609d2b0eb424da4353f280ac982b8f308353b849ab88,0.0,59403388314414.0,147909.0,0.0,-2591.895787,1.033004369884819,-11.7244290308563,0.0088168732005,22.022214389385763,-33.746643420242066
128,WETH_USDC,19199011,1707584015,0xdef1c0ded9bec7f1a1670819833240f027b25eff,0x66f8fa10dfd77a390fa40d48ee85ded5d6b67c010b7c8d293d46ed11a815a867,0xdef1c0ded9bec7f1a1670819833240f027b25eff,0xb227eb108f570fc6ec9b82598c469b93e5e0a7c2,68,0,1638943158.0,0.0,0.0,6.54182486744373e+17,32104543950.0,0x9f54fe4d88783560831947d9bd2b9650bf89a6ca5314382db3a38342910a8c22,0xdef1c0ded9bec7f1a1670819833240f027b25eff,0x86901af3970fd808c1e78b77aed0f6388e8aa6fd,77,0.0,1.983700437500749e+16,49402980.0,0.0,32104543950.0,1,0x3b4dfab5b7d870a51b56642578b9cf7c48325b7e52042991113896c269127c8b,500000000.0,0.0,0.0,1.995662267714377e+17,-1589.540178,0.6343454823693655,-4.985093575913879,0.009631363185,24.058538964797602,-29.04363254071148
129,WETH_USDC,19323570,1709093495,0x3fc91a3afd70395cd496c647d5a6cc9d4b2b7fad,0x3bc091ccded2ba2fc4c4de8e9756f17741f5a111f97cdca546ff445fec8fb98f,0x3fc91a3afd70395cd496c647d5a6cc9d4b2b7fad,0x60c89ccdfacce6d6fdcb00c47a1339c620a61866,31,0,950000000.0,0.0,0.0,2.916080209668511e+17,33758520812.0,0xb2fe458eacf3cd8cc7264affcd02c95cba66aa3d20fb3c19d31342380367a9dd,0x3fc91a3afd70395cd496c647d5a6cc9d4b2b7fad,0x91be0916d4a670b40f6a444bd685e233cc4bed64,180,0.0,3.5235817375319706e+18,11407674735.0,0.0,32759328795.0,1,0x23265550ec4ddcec21769e86b4ac3a079b54361b04292ea45bf0b83f623eaa12,100000000.0,0.0,0.0,3.0694845869162652e+16,10457.674735,-3.2319737165651197,-34.65739958933773,0.00997767744105,32.39169461890229,-67.04909420824002
130,WETH_USDC,19324034,1709099159,0x3fc91a3afd70395cd496c647d5a6cc9d4b2b7fad,0xa586936d9117006781c935e2c39f65ddbd0b9c7ae06b077837b47aa571b14332,0x3fc91a3afd70395cd496c647d5a6cc9d4b2b7fad,0x1002d483fe780f8dd15650adbce5555087bd67cb,4,1,0.0,1.8e+17,585134651.0,0.0,32514006147.0,0x108bbfd24bad66c74af281bc9a928ffc4dfad2019abb055323ddde9109503249,0x3fc91a3afd70395cd496c647d5a6cc9d4b2b7fad,0x3fc91a3afd70395cd496c647d5a6cc9d4b2b7fad,161,1509939408.0,0.0,0.0,4.6170025930858944e+17,32517330795.0,1,0x0db1ad3303926b4aab7e57a3aff71eadadfd1e61bf7f1bd35dfcc836d8a6c9ab,0.0,1.5364375e+17,499453063.0,0.0,-924.804757,0.28170025930858944,-6.267573271989022,0.0097547005413,31.807053303065956,-38.07462657505498
131,WETH_USDC,19324275,1709102063,0x3fc91a3afd70395cd496c647d5a6cc9d4b2b7fad,0xe59341eb94cd5e0eb1e97f9f2d6bb8bc4b5df198661781fcb7b540f831842807,0x3fc91a3afd70395cd496c647d5a6cc9d4b2b7fad,0xb054afcb58b6cb3d1a09661a31ca11c93bebc221,1,1,0.0,1.6969774651020173e+18,5516824830.0,0.0,32887277274.0,0x094ed8d39debc35d8d64dd5207aadc2c2fb5758b46169826169528949de30d75,0x3fc91a3afd70395cd496c647d5a6cc9d4b2b7fad,0x769f539486b31ef310125c44d7f405c6d470cd1f,242,10000000000.0,0.0,0.0,3.0571917127326894e+18,32887277274.0,1,0x212141b25cecf9b81f41a15e4b8ff9564d0d5838d649abd79bb6bcf170e91dbc,0.0,1.38775e+17,451112381.0,0.0,-4483.17517,1.3602142476306722,-46.28469915014921,0.0098661831822,32.182558167592546,-78.46725731774175
132,WETH_USDC,19324323,1709102639,0x3fc91a3afd70395cd496c647d5a6cc9d4b2b7fad,0x15b43e334a1cc67693b11b2d00c6b733f0b2428eb83a3edcb5fbf38c2a6137a3,0x3fc91a3afd70395cd496c647d5a6cc9d4b2b7fad,0x7d6995bc4c3f527a0c2a0cd41f68d34c858054ce,6,1,0.0,1.1753091840034447e+18,3821354563.0,0.0,36485920690.0,0x69be73f438d767d56cd3be81629622cd906710d4e399d8f8e05cf1703ad4ee5b,0x3fc91a3afd70395cd496c647d5a6cc9d4b2b7fad,0xafae6af26883e69b05ecf3ea2d9d5c54bf6c3e45,116,200000000.0,0.0,0.0,6.114932693126336e+16,36485920690.0,1,0x03653ce3500be96facdc768f47d0b6a88018c48b6d5fa94ef02ad64fb465e223,0.0,9912500000000000.0,32226280.0,0.0,3621.354563,-1.1141598570721813,-11.792334583339198,0.010945776207,35.69291481440191,-47.48524939774111
133,WETH_USDC,19373332,1709694323,0xdef1c0ded9bec7f1a1670819833240f027b25eff,0xc866b46d7767142ca9396fe7a0422872ce89d613dad44b06c6536cafc6f48adf,0xdef1c0ded9bec7f1a1670819833240f027b25eff,0xe66b31678d6c16e9ebf358268a790b763c133750,4,1,0.0,1.5694435117928813e+17,550313838.0,0.0,63537413827.0,0xa6d5df7059a2e3d173d80ef5c5b4e9c84503f2b54abaaba476037f365cf60817,0xdef1c0ded9bec7f1a1670819833240f027b25eff,0xc2eab7d33d3cb97692ecb231a5d0e4a649cb539d,211,198000000.0,0.0,0.0,5.61263609379088e+16,53544926704.0,1,0x7b81fa143cca56f7806c0ff784a0cfe64ff6e2e19b3e32b1434119385429420a,0.0,3.9423540550233254e+17,1382469403.0,0.0,352.313838,-0.10081799024137933,-2.2817909640925222,0.01756235107965,61.77005623963228,-64.0518472037248
134,WETH_USDC,19374024,1709702687,0x3fc91a3afd70395cd496c647d5a6cc9d4b2b7fad,0x4395cc5509149870e9676e947d6d1232b69ed01640bcc167e9e340a8d12f92f4,0x3fc91a3afd70395cd496c647d5a6cc9d4b2b7fad,0xfe2ae5b3d3c4192d9768ac7af94f8d2c19fbb441,5,1,0.0,1.9001061497776888e+18,7049269161.0,0.0,69850560813.0,0xadb7225c2ce6a4737045c25a3ba74c7b5a9d41b964c70bc5459db0a0076bd630,0x3fc91a3afd70395cd496c647d5a6cc9d4b2b7fad,0xa43fe16908251ee70ef74718545e4fe6c5ccec9f,66,30000000000.0,0.0,0.0,8.034569352363573e+18,64615260308.0,1,0x7c8b0a03d7fb21e856a847f1c58d5bd07c539a7690e41cc8e5aefd7296a4f271,0.0,4.062105520484816e+17,1506740036.0,0.0,-22950.730839,6.134463202585884,-91.10865659721821,0.02016987316815,75.16153652964017,-166.27019312685837
135,WETH_USDC,19398882,1710003479,0x3fc91a3afd70395cd496c647d5a6cc9d4b2b7fad,0x45128b5232ed4c89681cacd6b73bc26051735e978981437f0f66dd721f97467a,0x3fc91a3afd70395cd496c647d5a6cc9d4b2b7fad,0x31ba74d3bcaf1b7a176a6cfd6c19ec101957d1f5,147,1,0.0,4.25e+17,1652456361.0,0.0,73182221133.0,0x05a24dd5a9843e013b5c1bbb8b2421fd9ecc70edc80db4ae99e8f529285897a5,0x3fc91a3afd70395cd496c647d5a6cc9d4b2b7fad,0xa7480aafa8ad2af3ce24ac6853f960ae6ac7f0c4,245,20000000000.0,0.0,0.0,5.111176925731378e+18,73091012933.0,1,0x97ff1a131a2f5816857aed86ad3d8a6e9c257caff854bc2bb7ff87e5cf3a48e5,0.0,8.700921476995104e+16,338289382.0,0.0,-18347.543639,4.686176925731378,-58.003210756287444,0.0219409851099,85.63281765986233,-143.63602841614977
136,WETH_USDC,19423518,1710301079,0x3fc91a3afd70395cd496c647d5a6cc9d4b2b7fad,0x51fa7b49f971f2e143619325c42e7f2616f6b654c375b7f4f77cfdd3ea62cce8,0x3fc91a3afd70395cd496c647d5a6cc9d4b2b7fad,0xe4b8583ccb95b25737c016ac88e539d0605949e8,120,0,507080873.0,0.0,0.0,1.2515497422951216e+17,47096503731.0,0x93d69693a7bb22fafb879beb909963f90304a7772c3494710529e0ad720ad72c,0x3fc91a3afd70395cd496c647d5a6cc9d4b2b7fad,0x31ba74d3bcaf1b7a176a6cfd6c19ec101957d1f5,193,0.0,3.47507970923878e+17,1399520409.0,0.0,47075313971.0,1,0x8833e973339d834bdf2907d79ec2f8bab30d30772196de32ce10ec9daf3d708c,165097467.0,0.0,0.0,4.074791292653366e+16,892.439536,-0.22235299669436587,-5.712602604608946,0.0141257726553,57.05834015468285,-62.7709427592918
137,WETH_USDC,19423577,1710301787,0xdef1c0ded9bec7f1a1670819833240f027b25eff,0x51e2896492fe585bf7ce753a22360c5852f75b89b74e02b19b56eb7a576b1e5f,0xdef1c0ded9bec7f1a1670819833240f027b25eff,0xa24501a910e7930148445bcf1fb601a4304e4551,3,0,6109791823.0,0.0,0.0,1.5089831218908754e+18,40448298610.0,0x6ee48f888f5c924314520007508a956cd8c3d5f91ee554a6e17ff1bb85ad31f2,0xdef1c0ded9bec7f1a1670819833240f027b25eff,0x22527f92f43dc8bea6387ce40b87ebaa21f51df3,182,0.0,4.948167940819911e+16,199196456.0,0.0,40448298610.0,1,0x69e78b0b11139668ce1e85ea89fc0b240c64322f9275fec2ddd4cf83b058d34c,2988000000.0,0.0,0.0,7.37833456995288e+17,-5910.595367,1.4595014424826762,-17.482147767843344,0.012134489583,48.99612901277485,-66.47827678061819
138,WETH_USDC,19423607,1710302159,0x3fc91a3afd70395cd496c647d5a6cc9d4b2b7fad,0x8db7713bf499efb3f11ad1c5001354c704d39c82ff229d4db28f6734656da56b,0x3fc91a3afd70395cd496c647d5a6cc9d4b2b7fad,0x7bc703a48c90da793f57b55808ae14cdd75458d6,72,0,2000000000.0,0.0,0.0,4.934700210840131e+17,54839308026.0,0x9a176a02f1701dc51274ff15dfc36b257505c2742c6563e644e9ebb401ff73c7,0x3fc91a3afd70395cd496c647d5a6cc9d4b2b7fad,0x11181bd3baf5ce2a478e98361985d42625de35d1,85,0.0,8.500397285065385e+17,3424552370.0,0.0,54809488277.0,1,0xedfb1e89bf8c4971242876ae7eea1d007b18d965fb0b3983406316555b9f8247,1000000000.0,0.0,0.0,2.467199902346733e+17,1424.55237,-0.35656970742252536,-16.180858364629557,0.01644731944545,66.4560088793751,-82.63686724400466
139,WETH_USDC,19423741,1710303779,0x3fc91a3afd70395cd496c647d5a6cc9d4b2b7fad,0x9d092a4a18b1dc2f5147c01d0b6cef4605c2ced63c40faee5dadb704602432d2,0x3fc91a3afd70395cd496c647d5a6cc9d4b2b7fad,0x31ba74d3bcaf1b7a176a6cfd6c19ec101957d1f5,31,1,0.0,1.8542378e+17,747722233.0,0.0,47418572689.0,0xd0b46c4fc211ad269c0d3ee3a51d5d73a3a7c580749eff0f2f92f83a41da7037,0x3fc91a3afd70395cd496c647d5a6cc9d4b2b7fad,0xfe17ab3f63038b3b5bc400d6691b2f4d50a33bf0,127,1046746760.0,0.0,0.0,2.58031242298376e+17,45401116989.0,1,0xd7fd60036e9aa960676d4658ed32d9bb75a98ffc96f44f60ead272669b886ddb,0.0,2.5e+17,1008090148.0,0.0,-299.024527,0.072607462298376,-5.357640822355847,0.0139229534517,56.31253671633243,-61.67017753868828
140,WETH_USDC,19448407,1710603671,0x3fc91a3afd70395cd496c647d5a6cc9d4b2b7fad,0xdb3081fff437d068d31e0fe57bcbbdd12f7926400371cf1e6b4bedfa6fff5c3c,0x3fc91a3afd70395cd496c647d5a6cc9d4b2b7fad,0xa43fe16908251ee70ef74718545e4fe6c5ccec9f,132,0,150000000.0,0.0,0.0,4.092977080331853e+16,30260103622.0,0xc1687d4cfa10643325011c2310720ea8f300936b4d6b7d8a25022a81b04421dc,0x3fc91a3afd70395cd496c647d5a6cc9d4b2b7fad,0x31ba74d3bcaf1b7a176a6cfd6c19ec101957d1f5,260,0.0,1.7e+17,619324512.0,0.0,28292714212.0,1,0x5f6487ca9689e9f0d59a01080350fa61c3fb965d5643e8e15b30105cea4931c2,1700000000.0,0.0,0.0,4.638524927009555e+17,469.324512,-0.12907022919668149,-2.297992515053295,0.0087829226751,32.092791767500906,-34.3907842825542
141,WETH_USDC,19448714,1710607427,0x3fc91a3afd70395cd496c647d5a6cc9d4b2b7fad,0xc5e604fce321323b0eefe24552a5b034d1aa8cbbe93e2a7f66b34504c8c6d149,0x3fc91a3afd70395cd496c647d5a6cc9d4b2b7fad,0x85d7835f3894febc645e1b32ae2b573248e3fef9,170,1,0.0,7.762524065981972e+17,2840302286.0,0.0,35816190664.0,0xe4867c2746eb4d6c7f5b1f0b8c09997e268f91ae92febecc1fef83dc5bccedd7,0x3fc91a3afd70395cd496c647d5a6cc9d4b2b7fad,0x3fc91a3afd70395cd496c647d5a6cc9d4b2b7fad,238,100000000.0,0.0,0.0,2.716837731347228e+16,35808816356.0,1,0x775f263749bccc0e02073229a9ddcd607089f8f264ceca3e2b5dd5d32ccac6c2,0.0,3.469375e+17,1269371378.0,0.0,2740.302286,-0.749084029284725,-8.622897112104965,0.010743751053,39.42650847713266,-48.04940558923762
142,WETH_USDC,19473312,1710906203,0x3fc91a3afd70395cd496c647d5a6cc9d4b2b7fad,0xf8671dd20383425858c6a0f599d39b1207b771e445b06bd447f9dc6a13781ef0,0x3fc91a3afd70395cd496c647d5a6cc9d4b2b7fad,0x684b00a5773679f88598a19976fbeb25a68e9a5f,133,1,0.0,3.598469112986291e+17,1167434337.0,0.0,33544413581.0,0xe5482d7341e38d63f48b5f031327d65a2dcb8e8d19c07536a97190a22c84700c,0x3fc91a3afd70395cd496c647d5a6cc9d4b2b7fad,0x5ced44f03ff443bbe14d8ea23bc24425fb89e3ed,165,212790700.0,0.0,0.0,6.5201547329257096e+16,33450923920.0,1,0xa5ac4508190695183a1d3c809588235ce6d5728201c29065e659584a5e90beaa,0.0,3.1786764244885594e+17,1031191755.0,0.0,954.643637,-0.294645363969372,-4.09688584434582,0.01004930062515,32.699213745571896,-36.796099589917716
143,WETH_USDC,19498624,1711212911,0x3fc91a3afd70395cd496c647d5a6cc9d4b2b7fad,0x7a7361e03aaa2695da76be0e65cfa10b99a7503d0865bc9f8194df14b8ec6123,0x3fc91a3afd70395cd496c647d5a6cc9d4b2b7fad,0x31ba74d3bcaf1b7a176a6cfd6c19ec101957d1f5,128,1,0.0,2e+17,682392112.0,0.0,20380561767.0,0x6930c282cb81d6bfb9093724c63c52c37d83d11d977e723b547cdfcb2210f4fc,0x3fc91a3afd70395cd496c647d5a6cc9d4b2b7fad,0x8fb8e9921922d2ffb529a95d28a0d06d275d7a59,199,1000000000.0,0.0,0.0,2.913351161112815e+17,20114911963.0,1,0x0400d61e84e4ae5ff451fa04fb23475a7951f04d06dd4ca55ba0eb18329d92b7,0.0,1.4571375e+17,497156657.0,0.0,-317.607888,0.09133511611128148,-5.0361897005852825,0.0060743210595,20.78785170941823,-25.824041410003513
144,WETH_USDC,19524125,1711523675,0x3fc91a3afd70395cd496c647d5a6cc9d4b2b7fad,0x5a231d6035aa8d7cebb664d3a461e617f9b22bc102a998a1b34e6081baa68465,0x3fc91a3afd70395cd496c647d5a6cc9d4b2b7fad,0x2a66392317698c5818df7a72a58556049f0ae6f2,1,0,9766545326.0,0.0,0.0,2.709109255688937e+18,26158233910.0,0x9b2e78b5e2f14fc95a79c3a2c11f0196711432c6188107bf8bcadfde0600878d,0x3fc91a3afd70395cd496c647d5a6cc9d4b2b7fad,0x31ba74d3bcaf1b7a176a6cfd6c19ec101957d1f5,121,0.0,2.323888921597864e+17,833083932.0,0.0,26158233910.0,2,0x468cc0726be90dbe5deabd9f3c56ef7cd36a450a932003a27f5221d164d2e176;0xbe95c6c8fe82e72d1ac106c8640bc4e7a18f885dbd884caa51494513ed5d6a3b,4593592642.0,0.0,0.0,1.2738092768029727e+18,-8933.461394,2.4767203635291506,-28.184483393773917,0.007847470173,28.216304096078236,-56.40078748985215
145,WETH_USDC,19524319,1711526135,0x3fc91a3afd70395cd496c647d5a6cc9d4b2b7fad,0xbbeb7ca8a03d83bbdf39c4aeda451b8043df0ed24ac0a4780fb1ca6d82e9aa0b,0x3fc91a3afd70395cd496c647d5a6cc9d4b2b7fad,0x2a6c340bcbb0a79d3deecd3bc5cbc2605ea9259f,7,0,300000000.0,0.0,0.0,8.385170111653715e+16,28938828052.0,0xde4177e72d8532f1f6c5618da612c2f9d990b712dab726176645eac8ad0e4624,0x3fc91a3afd70395cd496c647d5a6cc9d4b2b7fad,0x0e48a9e20b820edc59c0540382c9101e0e5083b8,106,0.0,2.925803012045115e+17,1040505324.0,0.0,26927274107.0,1,0x7acb30128364a1899000863e9d12e7b369d8ef12b32494292e8e888bb8d34567,345661799.0,0.0,0.0,9.661309219351997e+16,740.505324,-0.20872860008797434,-4.014505766202888,0.00837991532385,29.890552266140798,-33.90505803234369
146,WETH_USDC,19548243,1711819655,0x3fc91a3afd70395cd496c647d5a6cc9d4b2b7fad,0x621d55a067acb63518376d00a17044ff00e5055d66649c079de8025e1716c69f,0x3fc91a3afd70395cd496c647d5a6cc9d4b2b7fad,0xb41e4e74c8bef3bae8b30fce3ebb822f824cd0df,20,0,700000000.0,0.0,0.0,1.9704168087052768e+17,21837226860.0,0x8ef2ecacb52560177160aca0af82c0ba1580fa8a75c9f204531a40e0ab947888,0x3fc91a3afd70395cd496c647d5a6cc9d4b2b7fad,0x3fc91a3afd70395cd496c647d5a6cc9d4b2b7fad,231,0.0,5.6e+17,1977249797.0,0.0,21839675798.0,1,0xd613cd8e0f0c04d40fb2bdc666494959b7def19aa316d030fa84715cb52846c8,203738927.0,0.0,0.0,5.734896998180454e+16,1277.249797,-0.3629583191294723,-8.12676422856589,0.0065515353987,23.201534715462113,-31.328298944028003
147,WETH_USDC,19548970,1711828475,0x3fc91a3afd70395cd496c647d5a6cc9d4b2b7fad,0xce5a5c0b6da01d5604186f61d95e3857d5745d578f7193dd9352f5fbb2e93638,0x3fc91a3afd70395cd496c647d5a6cc9d4b2b7fad,0x31ba74d3bcaf1b7a176a6cfd6c19ec101957d1f5,5,1,0.0,1e+18,3490504933.0,0.0,19592811584.0,0xec8861f4b5702479570d0c7245705c75cc51bb5fb8c26adaaa29adb1fa2c64a6,0x3fc91a3afd70395cd496c647d5a6cc9d4b2b7fad,0xcfb2e3fd46ba5e52af6bacbd63f0848696d674f3,55,15000000000.0,0.0,0.0,4.270314655603264e+18,19567314228.0,1,0x4d18981e0647f5032f22c754b0a9bad3d40e1468f4d0862b322b83d3254e5aa7,0.0,1.1287083482553568e+16,39396984.0,0.0,-11509.495067,3.270314655603264,-52.853346979456546,0.0058740188718,20.577998375644963,-73.43134535510151
148,WETH_USDC,19548984,1711828643,0xdef1c0ded9bec7f1a1670819833240f027b25eff,0x997a8ef4b7199f05aed9e76c7ea861e958126b0ee49c81da6672f99071a55d10,0xdef1c0ded9bec7f1a1670819833240f027b25eff,0x31ba74d3bcaf1b7a176a6cfd6c19ec101957d1f5,5,1,0.0,2.74070169940619e+17,957963836.0,0.0,20954531942.0,0x79f0c6afe167420fa7c14d41a473d14b83bdfe4f5e66b6b8136f14fb8be92c05,0xdef1c0ded9bec7f1a1670819833240f027b25eff,0x8c07e1dfede38b1908698988b4202a87e0d7a0f7,190,1793724537.0,0.0,0.0,5.10066170716807e+17,20954531942.0,1,0x2aa1b3ec5fcbd02c63a93e96dcb8f6ecc596078f72120be238e4becf6ad7aac3,0.0,2e+17,699039503.0,0.0,-835.760701,0.23599600077618796,-8.302791898484088,0.0062863595826,22.041466545916684,-30.344258444400772
149,WETH_USDC,19573851,1712130383,0x3fc91a3afd70395cd496c647d5a6cc9d4b2b7fad,0x9569854d30e998217f375af98dc1c570cbfd9c9b0db3f93fd3cf58b21b417ec1,0x3fc91a3afd70395cd496c647d5a6cc9d4b2b7fad,0xc793fa87bab072f19198ee30bdb603e762c863e1,0,1,0.0,8.484408353619581e+17,2804181431.0,0.0,21377180809.0,0xf5e7692e6f9b11b891649279e950b2f9653b1551f396e78cb92d075b84f09f4c,0x3fc91a3afd70395cd496c647d5a6cc9d4b2b7fad,0x3fc91a3afd70395cd496c647d5a6cc9d4b2b7fad,22,1274.0,0.0,0.0,383283037317.0,23340309603.0,1,0xd4e13634f0d381324141ce7ab36e93468d3e3d4736521153e0f98d559371cb02,0.0,2.113e+18,6982151647.0,0.0,2804.180157,-0.8484404520789208,-7.471788532576284,0.0067076235618,22.22843428931749,-29.700222821893774
150,WETH_USDC,19648658,1713035615,0x3fc91a3afd70395cd496c647d5a6cc9d4b2b7fad,0xde78d672b3352da898db8548d30051e84b850164dd8a25dbf22ae8de836b6719,0x3fc91a3afd70395cd496c647d5a6cc9d4b2b7fad,0x3fc91a3afd70395cd496c647d5a6cc9d4b2b7fad,107,1,0.0,8.586796605767037e+17,2765331176.0,0.0,16205962331.0,0x6291f69815ab13618a7509b7d30f77c0e8896b9ec110fdc1e0874dbabfa3c60d,0x3fc91a3afd70395cd496c647d5a6cc9d4b2b7fad,0x8d58e202016122aae65be55694dbce1b810b4072,163,300000000.0,0.0,0.0,9.260237788666456e+16,16197232331.0,1,0xff7f3d7bcca8d76c1a6260f7cffca2caa52dde37e123417c81ff0ece2e5218fb,0.0,3.659561534907061e+16,117846507.0,0.0,2465.331176,-0.7660772826900392,-9.077675850325704,0.0048604791993,15.699216027854002,-24.776891878179704
151,WETH_USDC,19648742,1713036671,0x3fc91a3afd70395cd496c647d5a6cc9d4b2b7fad,0x280ca2b44dc5a2f9f00067d4b862283e2dd93e51ed217366b1a09bce7d8d6a84,0x3fc91a3afd70395cd496c647d5a6cc9d4b2b7fad,0xa43fe16908251ee70ef74718545e4fe6c5ccec9f,0,0,2469633468.0,0.0,0.0,7.688435443959423e+17,52571085617.0,0x99f80776f85ee7408913e9e1dc16153901333b71511735262d98fbcf02b88b3b,0x3fc91a3afd70395cd496c647d5a6cc9d4b2b7fad,0x3fc91a3afd70395cd496c647d5a6cc9d4b2b7fad,267,0.0,2.7525036661022836e+16,87938351.0,0.0,52570637126.0,2,0x804248204f8c5885d469c650136e4441e121780178614d4ab4fd48ea49718ac3;0x9765f6035d765a0c78a34c047bf3d66e3a005f53b3d56a0590b3c7b77f7abd6a,12332411620.0,0.0,0.0,3.83802935358947e+18,-2381.695117,0.7413185077349195,-6.172175166284887,0.01577125841145,50.53831219250249,-56.710487358787375
152,WETH_USDC,19648766,1713036959,0x3fc91a3afd70395cd496c647d5a6cc9d4b2b7fad,0xd615d18382af410768e33abfa3c6df4bbd3c953fe191cedebdc1f3d5590265ef,0x3fc91a3afd70395cd496c647d5a6cc9d4b2b7fad,0xe388c2168b8e2f812f370ad958eb7d5cdf129acf,0,0,100000000.0,0.0,0.0,3.110561712345608e+16,74795794398.0,0x8a9549a50352a6edc18e343893aa845a788de25ce8c09cea597e9c5ea9619970,0x3fc91a3afd70395cd496c647d5a6cc9d4b2b7fad,0x3fc91a3afd70395cd496c647d5a6cc9d4b2b7fad,4,0.0,1.2286710450775108e+19,39228999931.0,0.0,74730944518.0,1,0xd7c9111e14de31ae84a50ba9a4a18ad1c4c928954a26c3f10c837ee78a00f194,250000000.0,0.0,0.0,7.776342811102654e+16,39128.999931,-12.25560483365165,-83.4765863414359,0.0224290108374,71.7628442419917,-155.2394305834276
153,WETH_USDC,19724462,1713952307,0x3fc91a3afd70395cd496c647d5a6cc9d4b2b7fad,0x716e1950c650b4f6c74d98d6e3a52192ace4230f42e928c72ba2e75f5fd9f778,0x3fc91a3afd70395cd496c647d5a6cc9d4b2b7fad,0xd6b117076222d95a05032a99f10738103c60d64d,2,0,362538510.0,0.0,0.0,1.115298113044508e+17,13007991632.0,0xe7542f9b698cb2d8b074f903155c267fe128e897abb162cca5818e5b7d94c302,0x3fc91a3afd70395cd496c647d5a6cc9d4b2b7fad,0x3fc91a3afd70395cd496c647d5a6cc9d4b2b7fad,58,0.0,1.185806860238496e+16,38316161.0,0.0,15000532979.0,1,0x569c474d8bcbfca3ff41e94943fb019295a1a16dbc112ed163a54ce44541cb88,588000000.0,0.0,0.0,1.8088599323347472e+17,-324.222349,0.09967174270206584,-1.1910829384398198,0.00420127869165,13.616139720741794,-14.807222659181614
154,WETH_USDC,19748649,1714244819,0x3fc91a3afd70395cd496c647d5a6cc9d4b2b7fad,0x4f506a47bd2eeefa65187c2d4df323a5e310230d618f8c984c2e0c24b755deda,0x3fc91a3afd70395cd496c647d5a6cc9d4b2b7fad,0x3fc91a3afd70395cd496c647d5a6cc9d4b2b7fad,22,1,0.0,1.1266501021244388e+18,3653602970.0,0.0,7973697436.0,0x9fbe77e01229a9e59d84cf872c71c059ae743beb9df2aff5fca1c62a12dd223c,0x3fc91a3afd70395cd496c647d5a6cc9d4b2b7fad,0xa1bf0e900fb272089c9fd299ea14bfccb1d1c2c0,191,250000000.0,0.0,0.0,7.664406276725818e+16,5974697436.0,1,0x9431c52448c6db38c6c0acab789db298329e039ac8c84569728327750f62a9d9,0.0,7.538965425764562e+17,2444470990.0,0.0,3403.60297,-1.0500060393571806,-11.083762072082664,0.0020922592308,6.804160707344072,-17.887922779426734
155,WETH_USDC,19773266,1714542203,0x3fc91a3afd70395cd496c647d5a6cc9d4b2b7fad,0x4c287cc2a40a640026f83427b89926c21a81486ae088e2d2f226769b693ded8b,0x3fc91a3afd70395cd496c647d5a6cc9d4b2b7fad,0xf07a84f0732dfe8eea0d3961bcd8f62c761ff508,18,0,28393717.0,0.0,0.0,9461821569024684.0,8331764308.0,0x28231231f1778166b0ba79c68294e87447994c6c332635474d4b2938de88a064,0x3fc91a3afd70395cd496c647d5a6cc9d4b2b7fad,0x3fc91a3afd70395cd496c647d5a6cc9d4b2b7fad,108,0.0,5.597859746091099e+16,166979045.0,0.0,6363426868.0,1,0xb398dcd1aba24c58230bacb34b29042d67a607d7e1d2ca118018692640edf1c0,176051206.0,0.0,0.0,5.866640171633995e+16,138.585328,-0.046516775891886304,-0.5888813423018462,0.0022042786764,6.595013005008706,-7.183894347310552
156,WETH_USDC,19799211,1714855523,0x3fc91a3afd70395cd496c647d5a6cc9d4b2b7fad,0xed27ae1c670c8de92945e9e9ddcd5c251a01854b562484b95f6a11854d76b496,0x3fc91a3afd70395cd496c647d5a6cc9d4b2b7fad,0x71fdecb07f03050322dcaf24c0feb40a4493f7aa,0,0,2500000000.0,0.0,0.0,7.94935952145695e+17,6298878576.0,0xa69f0d413a37336f7a0f4a0b814cccac5499ddbced06788e1cbbc7408f1725ea,0x3fc91a3afd70395cd496c647d5a6cc9d4b2b7fad,0x52e2e6b3ba385ed9690eef11f72b2fe27ba1f8ca,116,0.0,3.4e+16,106292764.0,0.0,5333270560.0,1,0x76b3d19b9e1a52decff9d10b12eb19c5adf0943aaa9308ea27d7a26b068c45dc,167437915.0,0.0,0.0,5.323777968457142e+16,-2393.707236,0.760935952145695,-7.672886353814192,0.0017448223704,5.471164948989504,-13.144051302803696
157,WETH_USDC,19874034,1715759891,0x3fc91a3afd70395cd496c647d5a6cc9d4b2b7fad,0xf0fa3f04fb37d55b331cbe1ca79a4ec603e111f205caf9946262a0238d6dca7d,0x3fc91a3afd70395cd496c647d5a6cc9d4b2b7fad,0x3041cbd36888becc7bbcbc0045e3b1f144466f5f,24,1,0.0,1.272303923636175e+18,3710939815.0,0.0,16140688406.0,0x860088a3c5d95ea90bbca3eba84d77d88393010eff3fe3baad79ab014ac676f5,0x3fc91a3afd70395cd496c647d5a6cc9d4b2b7fad,0x3fc91a3afd70395cd496c647d5a6cc9d4b2b7fad,146,65769665.0,0.0,0.0,2.2418730582314652e+16,12812947598.0,1,0xce59d203368186f34cf0391ac24b8df2105086d52d3d6b4eab700ea6c0212d5e,0.0,1.0247387410487076e+18,2988442313.0,0.0,3645.17015,-1.2498851930538604,-10.61356946664091,0.0043430454006,12.702954444659756,-23.316523911300667
158,WETH_USDC,19973260,1716958415,0x3fc91a3afd70395cd496c647d5a6cc9d4b2b7fad,0x851e20275cb62b114800e14a2af4b8f6fec3f7206031c23cb9a52e42f2116546,0x3fc91a3afd70395cd496c647d5a6cc9d4b2b7fad,0x0c3fdf9c70835f9be9db9585ecb6a1ee3f20a6c7,1,0,350000000.0,0.0,0.0,9.019286807792725e+16,9289259127.0,0xc061301f8130481b9bcf0c222347d9ea95a8f75218e2fa08dbf214cbe6571114,0x3fc91a3afd70395cd496c647d5a6cc9d4b2b7fad,0x3fc91a3afd70395cd496c647d5a6cc9d4b2b7fad,160,0.0,1.7937622561398313e+18,6918338389.0,0.0,9289259127.0,1,0x608770757e2412d1d4a4d36e29c02752f79513a969ceb288c5e175c85f1c4810,204622586.0,0.0,0.0,5.272945629174626e+16,6568.338389,-1.703569388061904,-20.85912663606996,0.0027867777381,10.778914599662414,-31.638041235732373
159,WETH_USDC,19974009,1716967487,0x3fc91a3afd70395cd496c647d5a6cc9d4b2b7fad,0x87468ad9d216bb4f1fc22556b233261c4877973428c6e5dfc18d70ffe2bd54df,0x3fc91a3afd70395cd496c647d5a6cc9d4b2b7fad,0x95f2610d0475d72e75bfcbd8bb7ecafe1f351b8d,45,0,151910000.0,0.0,0.0,3.934333062752843e+16,10608760489.0,0x6f5b7fb970e108161c6ceec67c137c89688aeacc5edf8f472eaad4f202aea051,0x3fc91a3afd70395cd496c647d5a6cc9d4b2b7fad,0x3fc91a3afd70395cd496c647d5a6cc9d4b2b7fad,93,0.0,5.224006822972914e+16,200500000.0,0.0,8528722712.0,1,0x9c55ac99f2d540aa1419db2a7f32d45422b3b6326b3dbb4433bfd9a85970fa04,341981079.0,0.0,0.0,8.856923370862755e+16,48.59,-0.012896737602200704,-1.057082831923914,0.00287062248015,11.05070417396649,-12.107787005890405
160,WETH_USDC,20048494,1717866407,0x3fc91a3afd70395cd496c647d5a6cc9d4b2b7fad,0xbac95709f0ea5b825f5cdbf2b1947f62ed0d40520caf32da29947a9a822b4d9f,0x3fc91a3afd70395cd496c647d5a6cc9d4b2b7fad,0x06cd6245156c3608ae67d690c125e86a8bc6a88c,59,1,0.0,5000000000000000.0,18368871.0,0.0,7551264726.0,0x5ad480376f3de145258771fdd1afe1cfce84edde782497ea4f796b1fca7832cc,0x3fc91a3afd70395cd496c647d5a6cc9d4b2b7fad,0x769f539486b31ef310125c44d7f405c6d470cd1f,94,2000000000.0,0.0,0.0,5.4111966581353536e+17,7452264726.0,1,0xb8c57c9a8823fd6bf5d4e0bc42c36fb1c4052008328e310b327559191a53c5b6,0.0,2.7155501908352896e+16,99762960.0,0.0,-1981.631129,0.5361196658135353,-5.981421685955183,0.0022505294178,8.293405500861901,-14.274827186817085
161,WETH_USDC,20048499,1717866479,0x3fc91a3afd70395cd496c647d5a6cc9d4b2b7fad,0x7532a40058acc876060824e4f99021f70e769e0be5e53d3fafa75c89041a9c88,0x3fc91a3afd70395cd496c647d5a6cc9d4b2b7fad,0x3fc91a3afd70395cd496c647d5a6cc9d4b2b7fad,0,1,0.0,1.5006980287081022e+16,55137500.0,0.0,7070737039.0,0x05ee188550db2d28949af72c628aedde4e7cf363122c45650bfe2e8c90d50187,0x3fc91a3afd70395cd496c647d5a6cc9d4b2b7fad,0xd9f2a7471d1998c69de5cae6df5d3f070f01df9f,166,100721691.0,0.0,0.0,2.725046001008236e+16,7149737039.0,1,0xf054b763d7f0abfd3aff3062d7548b467bce837b969c92852b570a5908340c17,0.0,1.54746859928325e+17,568552400.0,0.0,-45.584191,0.012243479723001337,-0.466172335965382,0.0021330711117,7.8605057064448385,-8.32667804241022
162,WETH_USDC,20073327,1718166071,0x3fc91a3afd70395cd496c647d5a6cc9d4b2b7fad,0xc496308c13f66906b6a661da8ba4de0b4f2b8efea6f48b04c8d1d1f733f36f2f,0x3fc91a3afd70395cd496c647d5a6cc9d4b2b7fad,0x163c5e051049e92915017fe7bb9b8ce6182bcbb1,1,1,0.0,1.7395721080351667e+17,610422697.0,0.0,7184037993.0,0x8abc8be1ab83a962e0b8c7a73ab2b1455b023f169107307d7f746f9bc5c73c07,0x3fc91a3afd70395cd496c647d5a6cc9d4b2b7fad,0x68e78497a7b0db7718ccc833c164a18d8e626816,4,3000000000.0,0.0,0.0,8.49774976958631e+17,5784037993.0,1,0x383eb6d7734bffed76c894df71b4a814e805209a74be89d76417bfb8c2b081a5,0.0,8778075530656276.0,30802230.0,0.0,-2389.577303,0.6758177661551144,-10.72657508253451,0.0019452113979,6.847064077900679,-17.57363916043519
163,WETH_USDC,20098367,1718468663,0x3fc91a3afd70395cd496c647d5a6cc9d4b2b7fad,0x2b4d6ae1180c75545822a23d64c5d8ebbaff09930f8dd55d95ee583339580af4,0x3fc91a3afd70395cd496c647d5a6cc9d4b2b7fad,0x3fc91a3afd70395cd496c647d5a6cc9d4b2b7fad,136,0,354878.0,0.0,0.0,99193955761557.0,4875251820.0,0x12882b586a28d4595435472db44e963d5b3011606ed0e7caaef0687dab61009b,0x3fc91a3afd70395cd496c647d5a6cc9d4b2b7fad,0x3fc91a3afd70395cd496c647d5a6cc9d4b2b7fad,180,0.0,2.3219200711843024e+16,82571141.0,0.0,4974311820.0,1,0x9aca9be7ec70de492677858f3e6687715924e64efc4cbbc7ed81e8b0a2bd1b41,100000000.0,0.0,0.0,2.7951511755700852e+16,82.216263,-0.023120006756081467,-0.2493954076413445,0.001477434546,5.269791392168888,-5.519186799810233
164,WETH_USDC,20124529,1718784947,0x1111111254eeb25477b68fb85ed929f73a960582,0x2b70459ec57501edbc9e4c14f6f93cde3d9001fa08c4fcfe8e1246515b874b9c,0x1111111254eeb25477b68fb85ed929f73a960582,0xa7ca2c8673bcfa5a26d8ceec2887f2cc2b0db22a,13,0,20000000.0,0.0,0.0,5623063284546121.0,7025712726.0,0x72f249706e0ecf301726b7f6eefeef2126470e3a2da4db7bd00faf549e6ab9f6,0x1111111254eeb25477b68fb85ed929f73a960582,0x663dc15d3c1ac63ff12e45ab68fea3f0a883c251,55,0.0,1.4e+17,494963398.0,0.0,5125712726.0,1,0xc7673f670a33ee7d4e4677baef8076aa86870c0cb8a24079b347d9d2a2f55cea,100000000.0,0.0,0.0,2.8115251918770828e+16,474.963398,-0.13437693671545387,-1.5449302192200776,0.0018227138178,6.463447786290136,-8.008378005510213
165,WETH_USDC,20148467,1719074099,0x3fc91a3afd70395cd496c647d5a6cc9d4b2b7fad,0x1c9d1a1ea3e331cbceb878f3e64a61c2f700870439f036c084932d7ba96b2200,0x3fc91a3afd70395cd496c647d5a6cc9d4b2b7fad,0x163c5e051049e92915017fe7bb9b8ce6182bcbb1,85,1,0.0,1.4669414140556218e+17,512840609.0,0.0,4963992049.0,0xa23c8bcfa89a94d05058a6d2b347234c8743b9212ca710d52001541b7b047649,0x3fc91a3afd70395cd496c647d5a6cc9d4b2b7fad,0x72833289c5f4ad7aa4a88a538300ec4d4a879421,177,1481290.0,0.0,0.0,421184126400309.0,3543992049.0,2,0xf1e964e62dfff53396cfccf025e3c2ea683f260c7d1983668c75854449285289;0x0f96ba0972c764b6b4be7bbb7f6889eb75a2fa6636db159feb6612b286b116f3,0.0,1.1827134626633485e+17,413467528.0,0.0,511.359319,-0.14627295727916187,-1.5343147066600977,0.0012761976147,4.474877954932161,-6.009192661592259
166,WETH_USDC,20199347,1719688307,0x3fc91a3afd70395cd496c647d5a6cc9d4b2b7fad,0x1f114ce1953bf509fede8705115f9c0a098f060635946c1aae9110016fee5e35,0x3fc91a3afd70395cd496c647d5a6cc9d4b2b7fad,0x769f539486b31ef310125c44d7f405c6d470cd1f,28,0,217198532.0,0.0,0.0,6.402326983822425e+16,2667299861.0,0x72e8d2bf509d37cf50d2a85fae5f1c80f3808d94d436143216e6f8c37ff6e638,0x3fc91a3afd70395cd496c647d5a6cc9d4b2b7fad,0x3fc91a3afd70395cd496c647d5a6cc9d4b2b7fad,206,0.0,2.451221788032988e+18,8264654267.0,0.0,1709821702.0,1,0x5be01ed318623075b332aa0d6e9733a07c4700b6acd175f50b68761ffcee9754,77491018.0,0.0,0.0,2.2841773574584236e+16,8047.455735,-2.3871985181947637,-24.240498840171313,0.00065656823445,2.2200161841910027,-26.460515024362316
167,WETH_USDC,20398898,1722095507,0x3fc91a3afd70395cd496c647d5a6cc9d4b2b7fad,0xc0da3a65a0117798d991e947af565ee6bcee5f1011b49344ad3f8b137c4ad76d,0x3fc91a3afd70395cd496c647d5a6cc9d4b2b7fad,0x3fc91a3afd70395cd496c647d5a6cc9d4b2b7fad,16,1,0.0,3.913472420857567e+18,12781875000.0,0.0,6895187973.0,0xeca0c4298f1e301f857ef808890082efd6ba1a2b1679da38127cd228725bb940,0x3fc91a3afd70395cd496c647d5a6cc9d4b2b7fad,0xdac40e8ef1c00728c73106652d0724575f971214,60,50000000.0,0.0,0.0,1.5220867716795104e+16,5260171229.0,1,0x09c6c74675470af727bf0a62d1c175c95c28d7fce26b6d173b74866d4b104c44,0.0,1.9901722030560748e+16,64984786.0,0.0,12731.875,-3.8982515531407724,-35.336220969911665,0.0018233038803,5.971524782963003,-41.307745752874666
168,WETH_USDC,20574174,1724209271,0x3fc91a3afd70395cd496c647d5a6cc9d4b2b7fad,0x88d3dea9c8a4d61760bc5f232de7aabf0d42a9d0dabfde7e51ced16d551154da,0x3fc91a3afd70395cd496c647d5a6cc9d4b2b7fad,0x3fc91a3afd70395cd496c647d5a6cc9d4b2b7fad,68,1,0.0,1.597850603681657e+16,41288182.0,0.0,2153208166.0,0xb0248d9b14e0b21ec87f9dc6e05c9f246ab0bdbc587e0fccdab433c2f0b4874e,0x3fc91a3afd70395cd496c647d5a6cc9d4b2b7fad,0x5496b66d9785bc167bc709db5f33113a7819ff53,109,900000000.0,0.0,0.0,3.4620635009180294e+17,1213208166.0,1,0xba17030addca6ef1dc7544520d302855f5d9b7fba3f6b61c5ee1f27ae51fa522,0.0,500000000000000.0,1291990.0,0.0,-858.711818,0.33022784405498634,-2.8079687100581623,0.0005049624498,1.3087912249420535,-4.116759935000216
169,WETH_USDC,20624361,1724815187,0x3fc91a3afd70395cd496c647d5a6cc9d4b2b7fad,0x2f96f9091e234176c7fa5039bd2c621e76b366f959a50e357f68b89535756a45,0x3fc91a3afd70395cd496c647d5a6cc9d4b2b7fad,0x4ca0b97f53bd2bd350a7ef29bef3640fa657b452,2,1,0.0,4.5e+16,110747219.0,0.0,1381766333.0,0xa5b535a5c71de1e4167c32332db8798bcce5eebbb68259fe072127af5cd12c17,0x3fc91a3afd70395cd496c647d5a6cc9d4b2b7fad,0x1f4ef1f8441caac34f58fb0cba813dd2b09fec63,120,25000000.0,0.0,0.0,1.0097433529751914e+16,882766333.0,1,0xa1e227f304ee41583e5c2d451deeffd7f2649f22c18c9d441a53f83378afac35,0.0,3000000000000000.0,7383128.0,0.0,85.747219,-0.034902566470248086,-0.4080361531275116,0.0003396798999,0.838482994401566,-1.2465191475290776
170,WETH_USDC,20700108,1725728771,0x3fc91a3afd70395cd496c647d5a6cc9d4b2b7fad,0x521f84b96626f57cd69d0a55911aa1e70885e942fb74cffe0f847746481b0308,0x3fc91a3afd70395cd496c647d5a6cc9d4b2b7fad,0x163c5e051049e92915017fe7bb9b8ce6182bcbb1,15,1,0.0,4.8683413636075136e+17,1111382472.0,0.0,2720324544.0,0x3d2742ad72e236338c04f4457cda4183a12e360d314c0c96245de697d5945250,0x3fc91a3afd70395cd496c647d5a6cc9d4b2b7fad,0x21ffaa1c83946a89bef4d639f71d070c868b8694,20,1500000000.0,0.0,0.0,6.53123331712424e+17,3220324544.0,1,0x2607d54a91db46f4b2abeb442c1133affd0cec97a0f9ba0e3da4b11b8ef25f3f,0.0,2.9850746268656716e+16,68143700.0,0.0,-388.617528,0.16628919535167258,-7.840742128001978,0.0008910973632,2.0404764671614943,-9.881218595163471
171,WETH_USDC,20923918,1728427343,0xe37e799d5077682fa0a244d46e5649f71457bd09,0xe67bc2802daac05d29e7e296c9ebe7eae92fcfb21baa99407853899659d7b75c,0xe37e799d5077682fa0a244d46e5649f71457bd09,0x1111111254eeb25477b68fb85ed929f73a960582,5,1,0.0,1.1623900967505564e+18,2840386496.0,0.0,25669100024.0,0xcefba952b0a7e01bd0957da907fb8f7742a59706077d5364e0fd0f61e02ad305,0xe37e799d5077682fa0a244d46e5649f71457bd09,0xbf16540c857b4e32ce6c37d2f7725c8eec869b8b,125,43717914.0,0.0,0.0,1.7785264467521706e+16,25669100024.0,1,0x76e1a5cb32f3130736180987c15106f59b60bfc5ebb125006ea6b8ebeebf22c2,0.0,1.639731564517584e+17,400650569.0,0.0,2796.668582,-1.1446048322830347,-8.44386280677918,0.0077007300072,18.87237670856887,-27.316239515348048
172,WETH_USDC,20973602,1729027163,0x3fc91a3afd70395cd496c647d5a6cc9d4b2b7fad,0x82065ff0111217e9a7d152f9b1adad6c96459add145b918591acdc800e692d24,0x3fc91a3afd70395cd496c647d5a6cc9d4b2b7fad,0x3fc91a3afd70395cd496c647d5a6cc9d4b2b7fad,75,1,0.0,1.562741339665271e+17,401000000.0,0.0,16519958661.0,0x1badd76f6f6b6b6488ee43fb09814bb749fddf0195b209f202a28a7d5657752b,0x3fc91a3afd70395cd496c647d5a6cc9d4b2b7fad,0x4f9e413cf1755096520a052eaa8c9fc5ea57eabf,135,200000000.0,0.0,0.0,7.747681885052115e+16,14161825642.0,1,0x43d799a25188c9a70f0640a5a66c09a58a8e72f98665c4e35828c4afb3367f4d,0.0,1.3126389620146082e+17,336817929.0,0.0,201.0,-0.07879731511600595,-1.7994558969991203,0.00460226764545,11.844786500854218,-13.644242397853338
173,WETH_USDC,21224084,1732047047,0x3fc91a3afd70395cd496c647d5a6cc9d4b2b7fad,0x177c8d6b0cf9dcb6f629a3cd1c18e14e899768abbbea435f6b8a899fd4c83ada,0x3fc91a3afd70395cd496c647d5a6cc9d4b2b7fad,0x67cea36eeb36ace126a3ca6e21405258130cf33c,13,1,0.0,4.3253820705113594e+17,1349061669.0,0.0,17717322837.0,0xdcc20c9a92448ce6a74a51b9302dc2019169a88b37ebfeafe7305098fd391588,0x3fc91a3afd70395cd496c647d5a6cc9d4b2b7fad,0xf1542accceb9414fc3a156749824c1ea641af9dc,380,150000000.0,0.0,0.0,4.780654953644475e+16,15618884077.0,1,0x624abd290325aced4a3754bd000fe91ea607b8a9c947f39d75500f473550e2d1,0.0,2.061808699650884e+16,64304550.0,0.0,1199.061669,-0.3847316575146912,-4.472492951130562,0.0050004310371,15.642564005538752,-20.115056956669314
174,WETH_USDC,21373336,1733848583,0x3fc91a3afd70395cd496c647d5a6cc9d4b2b7fad,0xdd4901f345d93eb00e813ef948f093fd7be7a20a5d4124766f1e943db84abc19,0x3fc91a3afd70395cd496c647d5a6cc9d4b2b7fad,0x3fc91a3afd70395cd496c647d5a6cc9d4b2b7fad,10,1,0.0,7.183014818023962e+18,25469850639.0,0.0,54495502127.0,0x142a904043491cd656e62079eda7bb4d763b6d1a1eaa9bc0fd933c09bb7abefb,0x3fc91a3afd70395cd496c647d5a6cc9d4b2b7fad,0xd2ae789d1732b43dcbef0ad846be4e2408c36f94,147,1500000000.0,0.0,0.0,4.2082506916673696e+17,54495502127.0,1,0xb1bd40ad91ccce1781bc67b95c13024ae7398e12661b534f8eca9fdd7def5db4,0.0,4.95625e+17,1756048284.0,0.0,23969.850639,-6.7621897488572245,-62.19027913683021,0.0163486506381,58.10121509198106,-120.29149422881127
175,WETH_USDC,21399393,1734162899,0x3fc91a3afd70395cd496c647d5a6cc9d4b2b7fad,0xa373dca9d597235be0f4354a474720b762c8ba2fa357499e8aeea68fc224cd9c,0x3fc91a3afd70395cd496c647d5a6cc9d4b2b7fad,0x3fc91a3afd70395cd496c647d5a6cc9d4b2b7fad,2,1,0.0,1.1771179783611585e+19,45966110170.0,0.0,9669580809.0,0xcc16428c0c54950e996ff0283af2b8449efb153ee05d115dfcb7343bc154694b,0x3fc91a3afd70395cd496c647d5a6cc9d4b2b7fad,0xca984e344ffb619fb7fdb59327f031bce95485b1,8,100297069.0,0.0,0.0,2.554537747432436e+16,9669580809.0,1,0xc68c4b3bfde71832f11f67765e38eb4c30d19ced942f020440024befd4394cdb,0.0,5.055375e+16,197297137.0,0.0,45865.813101,-11.74563440613726,-112.04729297161248,0.0029008742427,11.355367138077948,-123.40266010969043
176,WETH_USDC,21874467,1739896259,0x1f2f10d1c40777ae1da742455c65828ff36df387,0x46b94941d647556f3f578f769aece56fe101859044aa4082ec4f008913ca3d76,0x1f2f10d1c40777ae1da742455c65828ff36df387,0x1f2f10d1c40777ae1da742455c65828ff36df387,0,1,0.0,2.0025319728502276e+19,53107890688.0,0.0,1830139405.0,0x5e12a0d840169cf748c767e35b0ffd2c78fb476515c61da3c6efddc1551e20e5,0x1f2f10d1c40777ae1da742455c65828ff36df387,0x1f2f10d1c40777ae1da742455c65828ff36df387,2,53107890433.0,0.0,0.0,2.003316672926476e+19,88945403618.0,1,0xdd9b0323248eece63426387580ccb185553cdf078cb37e93d9906f743572f5a5,0.0,2.5692238653453218e+19,67749849514.0,0.0,0.000255,0.007847000762482688,20.824197534939803,0.01361633145345,36.13427758016759,-15.310080045227789
177,WETH_USDC,21900313,1740208451,0x66a9893cc07d91d95644aedd05d03f95e1dba8af,0x0a67b5c50ae5aca86c15e7826fc80dbe6bac425d2326cd468f4e25b8e581568d,0x66a9893cc07d91d95644aedd05d03f95e1dba8af,0x66a9893cc07d91d95644aedd05d03f95e1dba8af,1,1,0.0,4.675678259220658e+18,12531250000.0,0.0,2650317343.0,0x39aab63f089ea84a1947e2ebfd1445264a183f2b3a82b4603a077e04279e523a,0x66a9893cc07d91d95644aedd05d03f95e1dba8af,0xf07a84f0732dfe8eea0d3961bcd8f62c761ff508,165,27834710.0,0.0,0.0,1.03295754656217e+16,2650317343.0,1,0xa2c712a58c78fafe423cc05c8465459bf300b2f2fa28bbdf61b6fde31bf5e511,0.0,4956250000000000.0,13275395.0,0.0,12503.41529,-4.665348683755036,-30.42221136354783,0.0007950952029,2.136087728225534,-32.558299091773364
178,WETH_USDC,22074617,1742311211,0x66a9893cc07d91d95644aedd05d03f95e1dba8af,0xda909d04cf78dd62a576035139f5087217e4a3ebf4f9db5028218e2db213f08e,0x66a9893cc07d91d95644aedd05d03f95e1dba8af,0x66a9893cc07d91d95644aedd05d03f95e1dba8af,6,0,12993982.0,0.0,0.0,6868361826403615.0,2505879827.0,0xa628d9ec1fe74c3fe8cdd1379d44ac376b2fbdaa9aa91b7d1ceec3fb261ce87d,0x66a9893cc07d91d95644aedd05d03f95e1dba8af,0x6ec94f50cadcc79984463688de42a0ca696ec2db,37,0.0,2.749469270983984e+16,51704488.0,0.0,2505879827.0,1,0xdb0d379d3daf495921a92a0e6815004befc214c2aa2a0c51a1816d5072e7d868,19000000.0,0.0,0.0,1.0042990863381818e+16,38.710506,-0.020626330883436225,-0.19435459678425104,0.0007517639481,1.4179580346985217,-1.6123126314827727
179,WETH_USDC,22125446,1742924183,0x66a9893cc07d91d95644aedd05d03f95e1dba8af,0x4e437d36bdeae03775ca0cac10098b6f4b3599262fd7239bd34a0abea999868d,0x66a9893cc07d91d95644aedd05d03f95e1dba8af,0x822f98f12e2a0579b99e89514c13643ebaa58fdc,15,0,550000000.0,0.0,0.0,2.6460683616588304e+17,2590839400.0,0x17c0873c9e5fc73bb2032d302452da7cf2078e5e8b74a22b7b4781bfdd6c8ac9,0x66a9893cc07d91d95644aedd05d03f95e1dba8af,0x66a9893cc07d91d95644aedd05d03f95e1dba8af,65,0.0,3.574142670718232e+17,738444185.0,0.0,2590839400.0,1,0x4fc1c34e155075f3ba1e525362b45434dc70ec4fea247a682dc9ec10d0ba6108,22531355.0,0.0,0.0,1.0839297022166354e+16,188.444185,-0.0928074309059402,-3.8656970807926143,0.00077725182,1.6105736835100168,-5.476270764302631
180,WETH_USDC,22523762,1747739639,0x66a9893cc07d91d95644aedd05d03f95e1dba8af,0xe4f8c3e5b28c781d427429bdec7b939494196cd978cab81f69c78b772863edd2,0x66a9893cc07d91d95644aedd05d03f95e1dba8af,0xc4c40e8ad295ebab1853e1acfc74c1777a28ee59,13,0,50000000.0,0.0,0.0,1.9815392566615348e+16,2350453930.0,0x3b35b9874361eea00899acc9b279909cb5dc27a4b4928597439b3628d8a165dd,0x66a9893cc07d91d95644aedd05d03f95e1dba8af,0x66a9893cc07d91d95644aedd05d03f95e1dba8af,74,0.0,1.2410450212905242e+18,3112427171.0,0.0,1599126109.0,1,0xee99bbbabae43e9b4775b3b895cc9eb3786bf86b380594f8b396e7a63e307cc3,98826683.0,0.0,0.0,3.916557544565531e+16,3062.427171,-1.2212296287239088,-9.166306977920158,0.00059243700585,1.4900765592979432,-10.656383537218101
181,WETH_USDC,22723699,1750156943,0x66a9893cc07d91d95644aedd05d03f95e1dba8af,0x985eb74ab87285f24bf5441514af0bf63bf5abfcab903b9b46706766d8654767,0x66a9893cc07d91d95644aedd05d03f95e1dba8af,0xa1bf0e900fb272089c9fd299ea14bfccb1d1c2c0,14,0,500000000.0,0.0,0.0,1.9495772351725235e+17,3363383877.0,0x7a351603e49532847324d18393f42e6f3e4829ea99e918c0b1bf69d857d43f8b,0x66a9893cc07d91d95644aedd05d03f95e1dba8af,0x66a9893cc07d91d95644aedd05d03f95e1dba8af,173,0.0,2.0116699005852912e+17,512834070.0,0.0,1363760464.0,1,0xbf4bfa20f56beb4940778f19e50253ef87ecabe75f421e72ffedecd0b3ee511d,11562523.0,0.0,0.0,4508263399822096.0,12.83407,-0.006209266541276768,-3.042308779098299,0.00070907165115,1.8130144744701608,-4.85532325356846
182,WETH_USDC,23098333,1754680175,0x2ba151b2cb21e2b1ac297765b921d35aeaff139a,0x97fd267702c8d6607f7ce3054002dea11fcd29f2db38f6b4b3c672e790fc2d24,0x2ba151b2cb21e2b1ac297765b921d35aeaff139a,0x2ba151b2cb21e2b1ac297765b921d35aeaff139a,0,1,0.0,2.2209342588458103e+19,89361382880.0,0.0,1133993516.0,0xc21ae8c19005b294237beb48050326caef6116498de595987e28460fe210937b,0x2ba151b2cb21e2b1ac297765b921d35aeaff139a,0x2ba151b2cb21e2b1ac297765b921d35aeaff139a,3,89361382880.0,0.0,0.0,2.2470788165572493e+19,1133993516.0,1,0xe9230e852e9d47834e17638638ca297292e9954ce171295a569d21c99289e47e,0.0,3.18427923038576e+19,126203506674.0,0.0,0.0,0.26144557711439054,1056.1952433591828,0.0003401980548,1.3743417320178835,1054.8209016271649
183,WETH_USDC,23174007,1755593087,0x00000000009e50a7ddb7a7b0e2ee6604fd120e49,0xa14b529fac99fb8854fda0e0949a1971f76a31c668d12f6d16b8a11c9d03e388,0x00000000009e50a7ddb7a7b0e2ee6604fd120e49,0x00000000009e50a7ddb7a7b0e2ee6604fd120e49,0,1,0.0,8.730999996813409e+18,36784651776.0,0.0,236622656.0,0x424fd33556057258ec1dc79e5cc4f3a7704f9d3966ca3f0049ea7731d5455150,0x00000000009e50a7ddb7a7b0e2ee6604fd120e49,0x00000000009e50a7ddb7a7b0e2ee6604fd120e49,2,36784651520.0,0.0,0.0,8.741888323024324e+18,148124903489.0,1,0xf493293c6c4b3bdff9a8881d715f816c9fe0bd20cd14f7c6d9c6a1c429eeecbf,0.0,1.2706919788377168e+19,53208933143.0,0.0,0.000256,0.010888326210914304,45.99900442080766,0.02225422892175,94.0150632559604,-48.01605883515274
184,WETH_USDC,23174010,1755593123,0xba6d84cc7418a9c46133788c04f6a459e1fb669c,0x69485999e3b80c4a5f71be4a6395cbb4a2237e2d46c40338e2d02c1186f20006,0xba6d84cc7418a9c46133788c04f6a459e1fb669c,0xba6d84cc7418a9c46133788c04f6a459e1fb669c,0,1,0.0,2.269076523142779e+19,95042878436.0,0.0,236401720.0,0xa80f103e5d1b9110b353c43cd69713354ba1d0dc0c63f771276e9c2ccea28b6a,0xba6d84cc7418a9c46133788c04f6a459e1fb669c,0xba6d84cc7418a9c46133788c04f6a459e1fb669c,2,95042878436.0,0.0,0.0,2.269878037673863e+19,236401720.0,1,0x1796292d3e82823ba970a5b55dab8d233542440f07140999eda42879a8908bc3,0.0,1.1172103124258976e+19,46346218048.0,0.0,0.0,0.00801514531084288,33.865763995404784,7.0920516e-05,0.29965488636110027,33.56610910904369
185,WETH_USDC,23249072,1756498091,0x66a9893cc07d91d95644aedd05d03f95e1dba8af,0xf64f58d0845740b6f2d1577c0fa4769a352ab821ba18e8fb79de5e9f60dc91fc,0x66a9893cc07d91d95644aedd05d03f95e1dba8af,0x66a9893cc07d91d95644aedd05d03f95e1dba8af,62,1,0.0,4.109965776156593e+16,178003672.0,0.0,1440109017.0,0xb24903cb7dc6c03ce492ff872e249ba0aad029e3e12636e88119f20c8b5388d5,0x66a9893cc07d91d95644aedd05d03f95e1dba8af,0xe101e63ee82f4c8acc5e8f0e03da8b444be71c68,168,1400000000.0,0.0,0.0,3.21372042604372e+17,401638294.0,1,0xdfba7a675f121698ef360dfb84a3bd84c383ba3be5638496610341492ac44c57,0.0,4.600452173057825e+17,1992178572.0,0.0,-1221.996328,0.28027238484280603,-4.588608848208196,0.00027626209665,1.199988394002496,-5.788597242210692
186,WETH_USDC,23274101,1756800167,0x3b5fd600806cb0192d24575177c81e2abed2919c,0x0b0e3669792b267e6baffb678dd4de5a6f85babdcbe5d9078c81b113988cc8a7,0x3b5fd600806cb0192d24575177c81e2abed2919c,0x3b5fd600806cb0192d24575177c81e2abed2919c,25,1,0.0,10000000000000.0,43708.0,0.0,271092863.0,0xbf034d200e243c6fd2bf62e770bb8aaef9023d24dfc8545d95637c65e63c3721,0x3b5fd600806cb0192d24575177c81e2abed2919c,0x3b5fd600806cb0192d24575177c81e2abed2919c,27,43708.0,0.0,0.0,9939892631143.0,271092863.0,1,0xd983792254fd42fde3a4aa75f3fe4d81204b6c8eb900ce09162080963e647fab,0.0,10000000000000.0,43708.0,0.0,0.0,-6.0107368857e-08,-0.0002635130442752501,8.13278589e-05,0.3565444984642873,-0.35680801150856256
187,WETH_USDC,23274111,1756800287,0x3b5fd600806cb0192d24575177c81e2abed2919c,0x18163df449eb431d1d6ab49783d27538ad21b3163e79481e4e3c7d15c5ef313c,0x3b5fd600806cb0192d24575177c81e2abed2919c,0x3b5fd600806cb0192d24575177c81e2abed2919c,40,1,0.0,10000000000000.0,43708.0,0.0,339120976.0,0xaec9f5c1d49e1e50d14a68e2909219e3f77196de98604dfb013bdcb75fb1c317,0x3b5fd600806cb0192d24575177c81e2abed2919c,0x3b5fd600806cb0192d24575177c81e2abed2919c,42,43708.0,0.0,0.0,9939892689346.0,339120976.0,1,0x849be7c811597bbf6ef3a218c2a474fd616a7fd05e57899aef849cc897e34b04,0.0,10000000000000.0,43708.0,0.0,0.0,-6.0107310654e-08,-0.00026351278756804516,0.0001017362928,0.4460158643078932,-0.4462793770954612
188,WETH_USDC,23375673,1758026267,0xd21347f1dfa9c0d801748c92bdb0422193f78454,0x18a82c038446beadc4f5375e8d638097e0f62e9403113e184ff755653e2e099c,0xd21347f1dfa9c0d801748c92bdb0422193f78454,0xd21347f1dfa9c0d801748c92bdb0422193f78454,38,1,0.0,10000000000000.0,44940.0,0.0,1003429664.0,0x5d503b812e4e8b4457832e0d81134c417a415858432dab3997397181bda2b603,0xd21347f1dfa9c0d801748c92bdb0422193f78454,0xd21347f1dfa9c0d801748c92bdb0422193f78454,40,44940.0,0.0,0.0,9940071359820.0,1003429664.0,1,0x0e0c4c120937ff6507ad6f3c835243cbe40f66a6c574309bbf3538ca7490428e,0.0,10000000000000.0,44940.0,0.0,0.0,-5.992864018e-08,-0.0002701302054445838,0.0003010288992,1.3568971053141106,-1.3571672355195552
189,WETH_USDC,23375696,1758026543,0xd21347f1dfa9c0d801748c92bdb0422193f78454,0x4d6f32dd92a73299ad582479417fa40a2405fb32c2a6745dded4ee2c758a0df1,0xd21347f1dfa9c0d801748c92bdb0422193f78454,0xd21347f1dfa9c0d801748c92bdb0422193f78454,111,1,0.0,10000000000000.0,44925.0,0.0,1048990704.0,0x3257c957708e046f39132024c0afd9c88f2c7206002b09cdc1956ddca5c93a54,0xd21347f1dfa9c0d801748c92bdb0422193f78454,0xd21347f1dfa9c0d801748c92bdb0422193f78454,113,44925.0,0.0,0.0,9939942969196.0,1048990704.0,1,0x8e21e816df8cf967272a799eba84831a4238aec487cda0b203b3790bb38b12a9,0.0,10000000000000.0,44925.0,0.0,0.0,-6.0057030804e-08,-0.00027062206886241467,0.0003146972112,1.4180522949613426,-1.418322917030205
190,WETH_USDC,23375701,1758026603,0xd21347f1dfa9c0d801748c92bdb0422193f78454,0xbdba4bb05d55a7b0839c3f95b7bf63c628841566220b37271038341ba8e0631a,0xd21347f1dfa9c0d801748c92bdb0422193f78454,0xd21347f1dfa9c0d801748c92bdb0422193f78454,52,1,0.0,10000000000000.0,44925.0,0.0,1112161838.0,0xb58f82e7bf5b114b79f663741832fb6292a30e952e3aba9266c6b5890dfb08dc,0xd21347f1dfa9c0d801748c92bdb0422193f78454,0xd21347f1dfa9c0d801748c92bdb0422193f78454,54,44925.0,0.0,0.0,9939943029740.0,1112161838.0,1,0x70ea5c829c108399098cb3f69b1759c5f89e36ae7fedfd00dbc62271e7d59459,0.0,10000000000000.0,44925.0,0.0,0.0,-6.005697026e-08,-0.0002706217943976801,0.0003336485514,1.5034486303114851,-1.5037192521058829
191,WETH_USDC,23375702,1758026615,0xd21347f1dfa9c0d801748c92bdb0422193f78454,0x4d3f735e8ed756595b07217998c1e86434677371ec426b4460c3507b31d70ef8,0xd21347f1dfa9c0d801748c92bdb0422193f78454,0xd21347f1dfa9c0d801748c92bdb0422193f78454,41,1,0.0,10000000000000.0,44925.0,0.0,1118631536.0,0x1a705564b726f92c4f0957af340d3aadd9c924bd98d80067838ca2e3797803cd,0xd21347f1dfa9c0d801748c92bdb0422193f78454,0xd21347f1dfa9c0d801748c92bdb0422193f78454,43,44925.0,0.0,0.0,9939943090283.0,1118631536.0,1,0x55f6dd391ae9f749129e27a7e01d10300c8869a6ddddaae0b975526ca29051aa,0.0,10000000000000.0,44925.0,0.0,0.0,-6.0056909717e-08,-0.00027062151993745504,0.0003355894608,1.512194523238675,-1.5124651447586126
192,WETH_USDC,23375706,1758026663,0xd21347f1dfa9c0d801748c92bdb0422193f78454,0x84b06326e7ed2fd5bcf33f3dd84a2aa6f224edc4e7b86da1fece98d95d315373,0xd21347f1dfa9c0d801748c92bdb0422193f78454,0xd21347f1dfa9c0d801748c92bdb0422193f78454,128,1,0.0,10000000000000.0,44925.0,0.0,1211173944.0,0x82cffc74de138e1f553d2f5444823c3c54e38eee9c273259a0c8c435adcf5877,0xd21347f1dfa9c0d801748c92bdb0422193f78454,0xd21347f1dfa9c0d801748c92bdb0422193f78454,130,44925.0,0.0,0.0,9939943150827.0,1211173944.0,1,0xccb10c84b75d9dc0325c479728f75ac88cda528f0bd6bdc7ebc3403e65a2dac3,0.0,10000000000000.0,44925.0,0.0,0.0,-6.0056849173e-08,-0.00027062124547272713,0.0003633521832,1.6372956909471952,-1.637566312192668
193,WETH_USDC,23375707,1758026675,0xd21347f1dfa9c0d801748c92bdb0422193f78454,0x7fef01dca46a63cddbe914c2a6b7fdcbd66a5283a81bac6b74a987438b09f4f2,0xd21347f1dfa9c0d801748c92bdb0422193f78454,0xd21347f1dfa9c0d801748c92bdb0422193f78454,41,1,0.0,10000000000000.0,44925.0,0.0,1197186204.0,0x09e7b4e8ea52401b80c293e52b9e2e57ab417bed7f281d78719cfb0602388e38,0xd21347f1dfa9c0d801748c92bdb0422193f78454,0xd21347f1dfa9c0d801748c92bdb0422193f78454,43,44925.0,0.0,0.0,9939943211371.0,1197186204.0,1,0x6d0cc3fd41bcb262e60e09dcd7ed5ee2bc8df2161e4d69c5e6c08bc4fa2f725d,0.0,10000000000000.0,44925.0,0.0,0.0,-6.0056788629e-08,-0.0002706209710080026,0.0003591558612,1.6183866989888662,-1.6186573199598742
194,WETH_USDC,23375708,1758026687,0xd21347f1dfa9c0d801748c92bdb0422193f78454,0xb9974a9312fa2ff6dd8df0e0a2765f708e2fb7920e44faf4ff3155d3f22f994c,0xd21347f1dfa9c0d801748c92bdb0422193f78454,0xd21347f1dfa9c0d801748c92bdb0422193f78454,241,1,0.0,10000000000000.0,44925.0,0.0,1211206718.0,0x9bc2f8dd9dcc796272c28cba678c537cd28fdf055e5430fd346a215f6bba6fcc,0xd21347f1dfa9c0d801748c92bdb0422193f78454,0xd21347f1dfa9c0d801748c92bdb0422193f78454,243,44925.0,0.0,0.0,9939943271914.0,1211206718.0,1,0x2b2a61f03ccc94808c82d8ed29710bde5f3ee460a08902574ac08d87fc00510a,0.0,10000000000000.0,44925.0,0.0,0.0,-6.0056728086e-08,-0.00027062069654778745,0.0003633620154,1.6373399757266938,-1.6376105964232415
195,WETH_USDC,23424654,1758617531,0x5fcc980f941a957e09a1265223aeed78328a0936,0xef88ea3f9d0c43b24903fcdf468bc2ed9a14988142f9bbafb935fa673457edd5,0x5fcc980f941a957e09a1265223aeed78328a0936,0x5fcc980f941a957e09a1265223aeed78328a0936,14,1,0.0,10000000000000.0,41943.0,0.0,191698698.0,0xe317a65631021fda5e0dbdc6997653f432baad72b12341ebe2bce311e24f07f0,0x5fcc980f941a957e09a1265223aeed78328a0936,0x5fcc980f941a957e09a1265223aeed78328a0936,16,41943.0,0.0,0.0,9939867400401.0,10191698698.0,1,0x4f229a3a2e66a053ee1b7fabaa5c851ad8dc7af13d6aeac1643ed92e42f34f7c,0.0,10000000000000.0,41943.0,0.0,0.0,-6.0132599599e-08,-0.0002529785077315573,0.0015575096094,6.552460053134394,-6.552713031642125
196,WETH_USDC,23424695,1758618023,0x5fcc980f941a957e09a1265223aeed78328a0936,0x111f36a282bbcbeaa7e270c0a57d72d639661541061c175b513bc78ac40b0205,0x5fcc980f941a957e09a1265223aeed78328a0936,0x5fcc980f941a957e09a1265223aeed78328a0936,1,1,0.0,10000000000000.0,41944.0,0.0,186236921.0,0x22bfcd2a4b66b266f04dcd230bd2cea1ea165c657ded5949fdb1b58fdeb6df99,0x5fcc980f941a957e09a1265223aeed78328a0936,0x5fcc980f941a957e09a1265223aeed78328a0936,3,41944.0,0.0,0.0,9939885839030.0,10186236921.0,1,0x5b448f1f4bdbcf53ec033805c80fc28e2960d30f9c535759d1263905f43c1b65,0.0,10000000000000.0,41944.0,0.0,0.0,-6.011416097e-08,-0.000252906085854456,0.0015558710763,6.545700008980639,-6.5459529150664935
197,WETH_USDC,23425663,1758629675,0x5fcc980f941a957e09a1265223aeed78328a0936,0xac580f8506e8da11191a6d27093baa66ee5208ff35c3444d5f55c7dde4b79e1a,0x5fcc980f941a957e09a1265223aeed78328a0936,0x5fcc980f941a957e09a1265223aeed78328a0936,36,1,0.0,10000000000000.0,41803.0,0.0,395454556.0,0x823520bb0d752615f2ddaca4e53b42a0198a24f64810c0f79e5eaabe3fd43b60,0x5fcc980f941a957e09a1265223aeed78328a0936,0x5fcc980f941a957e09a1265223aeed78328a0936,38,41803.0,0.0,0.0,9939999286159.0,10395454556.0,1,0x4cda7f652d58ecadf2eb0bb030ef9d8e0d068985904f767d41350d433e87b777,0.0,10000000000000.0,41803.0,0.0,0.0,-6.0000713841e-08,-0.0002515780078562034,0.0016186363668,6.786807798358023,-6.787059376365879
198,WETH_USDC,23549488,1760125403,0x207e1074858a7e78f17002075739ed2745dbaece,0x9a29f78ad70a4cb4d10168020089334b691615ea92fac8c6d134c27210312505,0x207e1074858a7e78f17002075739ed2745dbaece,0x207e1074858a7e78f17002075739ed2745dbaece,115,0,10233384135.0,0.0,0.0,2.5454997355557775e+18,7289954165.0,0xc033f350e5b3f4408eee609b5c4aca463abce7d8c2951b51dae3ecbb4b60feb0,0x207e1074858a7e78f17002075739ed2745dbaece,0x74de5d4fcbf63e00296fd95d33236b9794016631,373,0.0,1.6634946540862848e+16,66526700.0,0.0,6489954166.0,1,0x6af79b77e6d623f6ee1aa838fab761786dd3590f7abb6dad76d21008689f1ce9,261987526.0,0.0,0.0,6.511822205167815e+16,-10166.857435,2.5288647890149147,-23.005145029246705,0.00206698624965,8.291152335597076,-31.29629736484378
199,WETH_USDC,23823598,1763439695,0x66a9893cc07d91d95644aedd05d03f95e1dba8af,0x747b4f1edc6f0daae496dab0e5d7681cdbcab90a88dbdae999205bf29a6682e1,0x66a9893cc07d91d95644aedd05d03f95e1dba8af,0x051ef36e55875c08e4efaea6072c6d0f66fb0b9f,10,0,50000000.0,0.0,0.0,1.6736993380778592e+16,9365208150.0,0x63272002b5c7fc1f9123868a1cf45d8e9c8360d0f75e5f74fb2cf582d9963e97,0x66a9893cc07d91d95644aedd05d03f95e1dba8af,0x66a9893cc07d91d95644aedd05d03f95e1dba8af,17,0.0,1.551813265049899e+17,460877533.0,0.0,9365208150.0,1,0xea91e7b3714d5ac4c04c1a1b2d76485846575b5992fe370eb26d94f34a570845,1000000000.0,0.0,0.0,3.3470771352567315e+17,410.877533,-0.13844433312421128,-1.8361508577422114,0.002809562445,8.375531453959766,-10.211682311701978
200,WETH_USDC,24399190,1770397847,0xf48a3f7c0575c85cf4529aa220caf3c055773f1c,0xa446d8d38e53b2fe47173528a7a67ddff4accffdc63595c7955fc6e1f5a71725,0xf48a3f7c0575c85cf4529aa220caf3c055773f1c,0xf48a3f7c0575c85cf4529aa220caf3c055773f1c,7,0,1530597561.0,0.0,0.0,7.467680919654029e+17,803351773.0,0xbcd70e7378db08d30f013c39b8111a95bc3236eb66c177b04eed374f1fa6a37b,0xf48a3f7c0575c85cf4529aa220caf3c055773f1c,0xf48a3f7c0575c85cf4529aa220caf3c055773f1c,336,0.0,223260993085130.0,455038.0,0.0,656951773.0,1,0xac79e1abceb01ade68450620897a205d2c70b79fe8884c185474eb55af0d77de,1020000000.0,0.0,0.0,4.975120747806617e+17,-1530.142523,0.7465448309723177,-3.9964290279035595,0.0002190455319,0.4477902318013921,-4.444219259704951
201,WETH_USDC,24399290,1770399071,0x66a9893cc07d91d95644aedd05d03f95e1dba8af,0xbba7ad4e2cc81f3b1f4ac221a152c53932b8f6c098c2306967213b0eaab5ef35,0x66a9893cc07d91d95644aedd05d03f95e1dba8af,0xf65dfcc3c0f67181a73882fdb3b87b04c46d4633,40,0,444000000.0,0.0,0.0,2.14026919894885e+17,1974617344.0,0x7a8442f2dee1cc0ed870d96397ce11e96c86edd2861d8d72a4dfd1f895324f77,0x66a9893cc07d91d95644aedd05d03f95e1dba8af,0x06cd6245156c3608ae67d690c125e86a8bc6a88c,198,0.0,2.4608570907183328e+17,507476975.0,0.0,1974617344.0,1,0xbc2098668febebc178e512a4907798f9916083cf7eaa1987220374bbdda1a1e8,297000000.0,0.0,0.0,1.4315511057061133e+17,63.476975,-0.03205878917694829,-2.8297867931788616,0.0005923852032,1.22522233580268,-4.055009128981542
1,WETH_USDT,10451595,1594648385,0x2cfc01e9da094b41b15f8284c6b0b3d3204f3942,0xe9daac45001504f306c1740673eb1aaad50777a3dfbb10611b9732147153a772,0x2cfc01e9da094b41b15f8284c6b0b3d3204f3942,0x2cfc01e9da094b41b15f8284c6b0b3d3204f3942,59,0,2.246e+18,0.0,0.0,550155900.0,58000000001.0,0xf2a53d3e76215d80213bd2ee7bcf3e7c11803cac23f7153589acaa035fb8e397,0x2cfc01e9da094b41b15f8284c6b0b3d3204f3942,0x2cfc01e9da094b41b15f8284c6b0b3d3204f3942,133,0.0,550155900.0,2.2334443274255588e+18,0.0,57999999999.0,1,0xbbfea7aa845ca35983be5112b792bfc2f89719919fbee33cf205b325f97b6141,5.089687795315646e+18,0.0,0.0,1221118498.0,-0.012555672574441215,0.0,-2.9265620375913453,0.0174,4.055711006493467,-6.9822730440848115
2,WETH_USDT,11601073,1609936866,0x4f92e5038e400383d5827681ef9951e7f3beb33d,0x7ab250ec7366ed90d5d8344318c47714ebdd7cf5ca8b6e71c0eca063ebf574cd,0x7a250d5630b4cf539739df2c5dacb4c659f2488d,0x4f92e5038e400383d5827681ef9951e7f3beb33d,146,1,0.0,13252750560.0,1.1776032055749913e+19,0.0,122000000000.0,0x868461de5533731bb3b7b42d913f5eca753b44034d3db8443040bfd67153c40f,0x4f92e5038e400383d5827681ef9951e7f3beb33d,0x4f92e5038e400383d5827681ef9951e7f3beb33d,149,4.499554289109126e+19,0.0,0.0,50906698343.0,122000000000.0,1,0xed69a554f5e8f7dd532611c40b43ed29a9fe1c14881f357b7a16b80640e2ce2c,0.0,494208689857.0,4.365032976933334e+20,0.0,-33.21951083534135,37653.947783,-5555.7668592926275,0.0366,47.60682852155127,-5603.373687814179
3,WETH_USDT,11750849,1611923754,0x904144473fde753dc0729608cfeea6f4a8b275e6,0x075b8d27c870909605fcadb786de81d8f213c40e9762ae1aa93858fa7c66ad07,0x7a250d5630b4cf539739df2c5dacb4c659f2488d,0x904144473fde753dc0729608cfeea6f4a8b275e6,10,1,0.0,500000000.0,3.532082299966053e+17,0.0,143000000000.0,0x282a387b6382e9d6bb2324ad3706835f30c0302fe4bb3156a75fe93cf5cd7c36,0x7a250d5630b4cf539739df2c5dacb4c659f2488d,0x904144473fde753dc0729608cfeea6f4a8b275e6,171,3e+20,0.0,0.0,420367870610.0,113000001561.0,2,0x46393f810191e6e0c6fd770a7c087532fa59a0f44c9e93dbc27c7cbcbc237d9b;0x0438542f66ecd907eb1663d7f38138d7049684b0cdc6818458cb6de10256f639,0.0,1707780570.0,1.206427471796567e+18,0.0,-299.6467917700034,419867.87061,9139.316122328222,0.03840000023415,52.63522594496727,9086.680896383255
4,WETH_USDT,12250933,1618573803,0xd78a3280085ee846196cb5fab7d510b279486d44,0xd05ce6a33457bef79d09684f8153182d557418a8c1a6e4e6a4a14bbbea422bfb,0xd78a3280085ee846196cb5fab7d510b279486d44,0xf6da21e95d74767009accb145b96897ac3630bad,0,0,1.5e+20,0.0,0.0,353421425561.0,1000000000.0,0x099007c7ec2473b0ff38e9872bb60d1b00d38ea5d34449148727623313940966,0xd78a3280085ee846196cb5fab7d510b279486d44,0xf6da21e95d74767009accb145b96897ac3630bad,2,0.0,353421425561.0,1.515707350476759e+20,0.0,1000000000.0,1,0x23ed23a11834e70cbe03bda4e302eca97af4b69062f8c3008fe19fde3adf34ff,5e+20,0.0,0.0,1165550520846.0,1.570735047675904,0.0,3462.592388004189,0.0003,0.6613322329174842,3461.9310557712715
5,WETH_USDT,12300973,1619241148,0x83f893cc6610bfc695f8e2d4cd0e6d3033dec77e,0x980fd710f5161071d8229387042ab1f863a5a5acb8d8ffceb1541fb749fe8b65,0x83f893cc6610bfc695f8e2d4cd0e6d3033dec77e,0x83f893cc6610bfc695f8e2d4cd0e6d3033dec77e,0,0,2.3413987515933875e+20,0.0,0.0,535307060474.0,0.0,0x3c0b44d9bce962737d786b47ce1e818772b135fbb0cdb82b849e79f29ac6450b,0x83f893cc6610bfc695f8e2d4cd0e6d3033dec77e,0x83f893cc6610bfc695f8e2d4cd0e6d3033dec77e,2,0.0,535307060474.0,2.3556445263984217e+20,0.0,0.0,1,0x0f21101d000a089094b22f2583f3e85ec097d90687a61a8f92443b358b5d7239,4.00306e+20,0.0,0.0,906480039526.0,1.424577480503427,0.0,3743.2968348354207,0.0,0.0,3743.2968348354207
6,WETH_USDT,12600969,1623250376,0x0000000099cb7fc48a935bceb9f05bbae54e8987,0x81455e5fff741a0265a78ff6c761b9f5ca31d8e8a125e42c392fc6b37de08db5,0x0000000099cb7fc48a935bceb9f05bbae54e8987,0x0000000099cb7fc48a935bceb9f05bbae54e8987,0,0,4.838369199931621e+19,0.0,0.0,121613212853.0,0.0,0xdf9aed2727c351bc0b4abd01b5fbfee14cf5b310acc9c2674ad0948413596bfd,0x0000000099cb7fc48a935bceb9f05bbae54e8987,0x0000000099cb7fc48a935bceb9f05bbae54e8987,2,0.0,121613212852.0,4.855222155218301e+19,0.0,0.0,1,0x05d584784219e2895529b35f1aac89d741ab5d43c3c18cf5dda079f32eec9113,2.1e+20,0.0,0.0,524768695962.0,0.16852955286679552,1e-06,404.68946180790084,0.0,0.0,404.68946180790084
7,WETH_USDT,12651091,1623921342,0xdef1c0ded9bec7f1a1670819833240f027b25eff,0x2e7c67c6df1f5fe5267736ca9286bba3ba674da919dd6310b3bd36a60548d436,0xdef1c0ded9bec7f1a1670819833240f027b25eff,0x61b62c5d56ccd158a38367ef2f539668a06356ab,77,0,2.97375e+17,0.0,0.0,723269213.0,13000000000.0,0xd4183e1c7f23fe1bfc6cbbb7cbb1a927071f7e43cc010f8e91449c6a2470f4dd,0xdef1c0ded9bec7f1a1670819833240f027b25eff,0x420cf323d2c19ed37b3a24093fd29da3733e7e58,105,0.0,39675773.0,1.6215506567110978e+16,0.0,13000000000.0,1,0x2a22b2dc1ff9883280ea81513662a16468b6ad719298f47da443d3eef58036fc,4.687269102761088e+17,0.0,0.0,1140010683.0,-0.28115949343288904,683.59344,58.8201410306732,0.0039,8.666311907984635,50.15382912268856
8,WETH_USDT,13075910,1629646037,0xdd28d64e40e00af54a0b5147539a515c4a0bc1c5,0x4a0ac239d6d85b2da13e3c0f30763a6890cc076903790135a8ad998eacf6d115,0xdd28d64e40e00af54a0b5147539a515c4a0bc1c5,0xdd28d64e40e00af54a0b5147539a515c4a0bc1c5,3,1,0.0,162164961500.0,5.0847914003012395e+19,0.0,66123858385.0,0x0f450a679a0d92bf6901b6651b467e942eab16f0a71aa8e83545c2d7ebf3d5c1,0xdd28d64e40e00af54a0b5147539a515c4a0bc1c5,0xdd28d64e40e00af54a0b5147539a515c4a0bc1c5,5,5.0847914003012395e+19,0.0,0.0,162375693073.0,66123858385.0,1,0xdc6d36fbc6a3a1d402758b4a2135ff52599c41fef267e96c42f2b7b5e09a97a1,0.0,275000000000.0,8.57286993926247e+19,0.0,0.0,210.731573,210.731573,0.0198371575155,63.86758718031492,146.86398581968507
9,WETH_USDT,13126204,1630317743,0xdef1c0ded9bec7f1a1670819833240f027b25eff,0xd5647c884acb92d4397b76225da15d9d5c812322a77d4a0649d8d2a5104be1c0,0xdef1c0ded9bec7f1a1670819833240f027b25eff,0xaf31fd9c3b0350424bf96e551d2d1264d8466205,130,1,0.0,5054047595.0,1.5821446420868861e+18,0.0,83000000000.0,0xc63db037e9584dc1d6bbe11492508d0379163f5d1ce5cd06fa8293844427640a,0xdef1c0ded9bec7f1a1670819833240f027b25eff,0x9008d19f58aabd9ed0d60971565aa8510560ab41,294,1.31413763190738e+18,0.0,0.0,4173806545.0,67512577945.0,3,0xb63440532385429f452a50740764e5a8f7b1443e146d7cc2e8933f68eb74f8d4;0xa06406de619fc54c5bdee6194ba821be695bb2c6d70a5ca4e1d58970f38f03e0;0x200f92b6b93b2101ed5c5754fe3f6777c76e20828191888ff7225bb177bd5313,0.0,12025000000.0,3.7637258170304737e+18,0.0,0.2680070101795062,-880.24105,131.9808008414899,0.02257688669175,85.2694786530225,46.71132218846739
10,WETH_USDT,13301268,1632657877,0x00000000008c4fb1c916e0c88fd4cc402d935e7d,0xea152b160cae4ec69771ae482b040c0eddf934bb93a91369db90fa343ba4f535,0x00000000008c4fb1c916e0c88fd4cc402d935e7d,0x00000000008c4fb1c916e0c88fd4cc402d935e7d,0,1,0.0,484112818688.0,1.6045613191873112e+20,0.0,37174736838.0,0xbb9af0c1654cbc6221dd9cd77386ba07173ec796634868b6b52183c8e8f34b68,0x00000000008c4fb1c916e0c88fd4cc402d935e7d,0x00000000008c4fb1c916e0c88fd4cc402d935e7d,2,1.6045613191873112e+20,0.0,0.0,484915412736.0,2226553135193.0,1,0xfbd62cebef72d0f4f60d09fe979209e7b7d96bf755abee2e368dbc1447a46617,0.0,304723826842.0,1e+20,0.0,0.0,802.594048,802.594048,0.33955918080465,957.5862299759171,-154.9921819759171
11,WETH_USDT,13750870,1638774532,0x00000000008c4fb1c916e0c88fd4cc402d935e7d,0x64013066021ab8d600b9f509ac01ded22344d18b864aa6c89d7f10850f8121bd,0x00000000008c4fb1c916e0c88fd4cc402d935e7d,0x00000000008c4fb1c916e0c88fd4cc402d935e7d,3,1,0.0,805717403136.0,1.9671837706763135e+20,0.0,117732403736.0,0xad28e00fa0b2579b561ddbe394f781dae3405b26b8277709b27fd8424b634198,0x00000000008c4fb1c916e0c88fd4cc402d935e7d,0x00000000008c4fb1c916e0c88fd4cc402d935e7d,5,1.9671837706763135e+20,0.0,0.0,806105415168.0,865386124013.0,1,0x41b4933e3cabbe20dc0a4b6f1a59605ae765e859d58b44bce12f6f883fc6dc40,0.0,413305295822.0,9.994758218630121e+19,0.0,0.0,388.012032,388.012032,0.14746777916235002,602.1629776381674,-214.1509456381674
12,WETH_USDT,13851818,1640133096,0x68b3465833fb72a70ecdf485e0e4c7bd8665fc45,0x245740f76471ff6b56a1e18dbf76c2b40dac603947367d4fb35c672969fd7e74,0x68b3465833fb72a70ecdf485e0e4c7bd8665fc45,0x68b3465833fb72a70ecdf485e0e4c7bd8665fc45,72,1,0.0,4240983854.0,1.0512158657035964e+18,0.0,90787922369.0,0x33cbca1ffff97ee5e3bcef992a3e70816fb42264bebbe33fbdf7292b19beb6e4,0x68b3465833fb72a70ecdf485e0e4c7bd8665fc45,0x3eed0af1c5f350c6571525d9e3eeea7d2608af81,176,1.3306101000398238e+17,0.0,0.0,533710026.0,90287922369.0,1,0x3fc022b5210b8057a85451f42a894e2de10417463692e7a91fc5e383af2971ea,0.0,7390000000.0,1.831527513540874e+18,0.0,0.9181548556996141,-3707.273828,16.642746172356965,0.0271613767107,110.16300821416796,-93.520262041811
13,WETH_USDT,13875961,1640456574,0x68b3465833fb72a70ecdf485e0e4c7bd8665fc45,0xf05948b18744d49312291b747a9b384f8bac310893f2afa71dde9a66b973d073,0x68b3465833fb72a70ecdf485e0e4c7bd8665fc45,0xce305cddc548306a9144fe782b63d92d9532b937,69,0,3.031672760894291e+17,0.0,0.0,1228852780.0,93215803170.0,0x6a28e9d4aa1f16ebaa51f262451e9f33e805fe486c104d146774f0f44acf3a85,0x68b3465833fb72a70ecdf485e0e4c7bd8665fc45,0xdb4f0e1f537ed1d4bc4714367dec1e2417f35592,322,0.0,2224775000.0,5.455796091557379e+17,0.0,82452637309.0,1,0x3e72d5f734d268430adeefefe755769f46c10fbc545e11313edad645722e8c66,9.9125e+16,0.0,0.0,401785239.0,0.2424123330663088,-995.92222,-73.75101819790359,0.02635026607185,100.2401826009245,-173.9912007988281
14,WETH_USDT,13901653,1640799821,0x68b3465833fb72a70ecdf485e0e4c7bd8665fc45,0x44e1fa171d3a80722db4732a3467943e9c790347b101f78792a8d24aa09b0d9c,0x68b3465833fb72a70ecdf485e0e4c7bd8665fc45,0x9cbfb60a09a9a33a10312da0f39977cbdb7fde23,77,1,0.0,99960945.0,2.6420382358695224e+16,0.0,146300000000.0,0x419b9bce42a4bb4f44ab31d629b6a30ef05c85ea61b00abecd1688743fe449ca,0x68b3465833fb72a70ecdf485e0e4c7bd8665fc45,0xd02ac36f729b867174e7361d5f272c542c71ad73,286,3.5e+17,0.0,0.0,1316291269.0,132560272941.0,1,0xb9aa3d1702edbe1b9294fbb9456f3bc350ff9a9de0b1e84d1745c8d1a78faa98,0.0,847397057.0,2.239705733746697e+17,0.0,-0.3235796176413048,1216.330324,2.957126046560006,0.04182904094115,156.85239244689,-153.89526640033
15,WETH_USDT,13901763,1640801201,0x68b3465833fb72a70ecdf485e0e4c7bd8665fc45,0x6b18df1397af36780e5b040fe412929078b2d55d2c358435af8f7799e07e1105,0x68b3465833fb72a70ecdf485e0e4c7bd8665fc45,0x68b3465833fb72a70ecdf485e0e4c7bd8665fc45,2,1,0.0,23305783983.0,6.171478591595825e+18,0.0,158546691771.0,0xc80f6593340f2f84d4d8b5a94a963efe39a4e22c0450406ce26afc65ad85325d,0x68b3465833fb72a70ecdf485e0e4c7bd8665fc45,0x21a85a32a339ff0bd89f9a075d49c51b9c4fa178,409,4.285190054127771e+18,0.0,0.0,16090930836.0,157046691771.0,2,0x2291a5ed3c1bc9759150999f556f62585791d8a90b15060b10c894b639bd089b;0xd75b5aed556f924f0d6e03bf7b57f4eb83d26506b3d8ed06ffd69b4200727c4a,0.0,10990135630.0,2.9090868801559516e+18,0.0,1.886288537468054,-7214.853147,-141.5647499919878,0.0473390075313,177.51390948198986,-319.07865947397767
16,WETH_USDT,14000877,1642126610,0x68b3465833fb72a70ecdf485e0e4c7bd8665fc45,0x17a09dfc77fcaef40180e4596a5ea1f5727ee1afa1b6ad2d825f834f440de27e,0x68b3465833fb72a70ecdf485e0e4c7bd8665fc45,0x03d0f9aeff01352dd162f7e1c76d0efd6ff3011d,43,0,4.27547071923916e+17,0.0,0.0,1385265857.0,210000000000.0,0x0993e0a0abc90c94908e07b6ce6112ed9403dffc5c8ef84a0ce1dcf584e32960,0x68b3465833fb72a70ecdf485e0e4c7bd8665fc45,0xdc00ba87cc2d99468f7f34bc04cbf72e111a32f7,389,0.0,2895351853.0,8.88283049003381e+17,0.0,164921213892.0,1,0xde9f50e14dfe2658d0b3c6b9fca068172bd053aff403309ebd53bfb0b7f8a583,4.8160017279076454e+17,0.0,0.0,1560341634.0,0.46073597707946495,-1510.085996,-4.825768952003273,0.0562381820838,183.7345094447159,-188.56027839671918
17,WETH_USDT,14051133,1642797842,0x00000000003b3cc22af3ae1eac0440bcee416b40,0xfc93e74e21fc836ed8361cbe1fe769b2bc2171aa7cea0ec9f4480c0734263126,0x00000000003b3cc22af3ae1eac0440bcee416b40,0x00000000003b3cc22af3ae1eac0440bcee416b40,0,0,8.509999997704638e+20,0.0,0.0,2263752187982.0,246407477174.0,0xb41528140a2fe2f44560735c555a7795263f8cd1e731b875dbb0b665d4c5d0b6,0x00000000003b3cc22af3ae1eac0440bcee416b40,0x00000000003b3cc22af3ae1eac0440bcee416b40,2,0.0,2263752187757.0,8.552105993402413e+20,0.0,36934058005354.0,1,0x6ceae7d83cc5c3d27adc613b4d2d66a83d6cb30d3f19ddfe75f30efb76b02876,1.5e+20,0.0,0.0,384491946097.0,4.210599569777492,0.000225,9985.500704432274,5.5770698223792,13226.105323555543,-3240.604619123269
18,WETH_USDT,14051410,1642801665,0x000000000035b5e5ad9019092c665357240f594e,0xf336050c51a812b66d869beadef08f367267ba891df66ffb3b7959359b8c2503,0x000000000035b5e5ad9019092c665357240f594e,0x000000000035b5e5ad9019092c665357240f594e,0,0,1.9533458728598186e+20,0.0,0.0,504257340118.0,309855353762.0,0x67fe4ebb3683f3135e737539b3494b69819c5159f0a5651d9d64f946e6816bf8,0x000000000035b5e5ad9019092c665357240f594e,0x000000000035b5e5ad9019092c665357240f594e,2,0.0,504257340117.0,1.9626535595265307e+20,0.0,309855353762.0,1,0x11b84a3079e7725cc59352a18fab5370e63b05f18e3fa6995a23cd236cde3296,1.48e+20,0.0,0.0,377307029089.0,0.9307686666712187,1e-06,2207.3319529616874,0.0929566061286,220.44799551256872,1986.8839574491187
19,WETH_USDT,14351646,1646816142,0x68b3465833fb72a70ecdf485e0e4c7bd8665fc45,0x3b68040b85de280a284b8831721b0d68b3fea2958e6931033d8946ca6626e4f9,0x68b3465833fb72a70ecdf485e0e4c7bd8665fc45,0x40f6bf18e3079358a72152bfbba82176a8258468,1,0,2.5149527884941496e+18,0.0,0.0,6918753615.0,28605544717.0,0xce3a737e2de21844ec560c2fb5ac653123613d2a071f058400e4081b8e6663a3,0x68b3465833fb72a70ecdf485e0e4c7bd8665fc45,0x6033368e4a402605294c91cf5c03d72bd96e7d8d,291,0.0,4950000000.0,1.788586416767494e+18,0.0,29105544717.0,1,0xa06d90a216c3f01e8fc3830999b342c3910b461b655548f4616a96f617408a1e,4.755148240392069e+16,0.0,0.0,130804678.0,-0.7263663717266557,1968.753615,77.36245882101525,0.0086566634151,22.541154522913132,54.82130429810212
20,WETH_USDT,14501199,1648827077,0x68b3465833fb72a70ecdf485e0e4c7bd8665fc45,0xf0b70f7014ddc1f09286d97f8247514660952d340868afc5cb684e8f6d7bf7f7,0x68b3465833fb72a70ecdf485e0e4c7bd8665fc45,0x5281e311734869c64ca60ef047fd87759397efe6,65,1,0.0,5950000000.0,1.7235363361916047e+18,0.0,93231085490.0,0x55c21cb1ab29a8eadb14ec9f281e5f7ddd3ef7a95d782c5811a75186e1cd3e02,0x68b3465833fb72a70ecdf485e0e4c7bd8665fc45,0x106c0c39b338f5b62653ee4f053b05fad34d2eab,135,1.718407654063966e+18,0.0,0.0,5898105253.0,92731085490.0,1,0x121bbb724c5cce861a5d5170982e07b5e3144857715a032e79e5b7f0f1183b25,0.0,10028000000.0,2.904282010129891e+18,0.0,0.005128682127638784,-51.894747,-33.84318385782154,0.027894325647,98.18042300023257,-132.0236068580541
21,WETH_USDT,14526343,1649167203,0x68b3465833fb72a70ecdf485e0e4c7bd8665fc45,0x6b24c02f0c00eade14f5ee9a3f1d08de3c4209c07aede998fed458a6c4979ec9,0x68b3465833fb72a70ecdf485e0e4c7bd8665fc45,0x9c84f58bb51fabd18698efe95f5bab4f33e96e8f,40,1,0.0,10000000000.0,2.8656671047759334e+18,0.0,98469286707.0,0x237c93892c1dca3644c66551591fe94c2187b4c5c0793309ed5bd140fa9c603e,0x68b3465833fb72a70ecdf485e0e4c7bd8665fc45,0x395fa38e45a979fe41520b4ed60c5e2d496c7b59,527,6.376484795588168e+17,0.0,0.0,2212294664.0,72021901013.0,1,0xf7d2d5da25e7c5928e8a3dd807aa43fe3a132d3d6ec4f063b0d26f8eafa134d8,0.0,2000000000.0,5.73055709775297e+17,0.0,2.228018625217117,-7787.705336,-670.9567997919021,0.025573678158,81.68757412369825,-752.6443739156003
22,WETH_USDT,14600853,1650171713,0x68b3465833fb72a70ecdf485e0e4c7bd8665fc45,0x07a789e22a1e39b818979a7dd1cc063de345de91901b315c4c69a1edd3379b74,0x68b3465833fb72a70ecdf485e0e4c7bd8665fc45,0x68b3465833fb72a70ecdf485e0e4c7bd8665fc45,4,1,0.0,967000000.0,3.1881226677157843e+17,0.0,54145791334.0,0x6974bc6bc0d9c1e761e9d68b8ed3552629e02eb322350910c955530a2670f00d,0x68b3465833fb72a70ecdf485e0e4c7bd8665fc45,0x2dc9d00da9542f91d5391be53ed1d58a04ec1c07,304,1e+16,0.0,0.0,30150040.0,19345791334.0,1,0xfdb49f3dcf01fde0e051bfabe7940ea67e4c3e2e1037e0620d2d730794e82b6e,0.0,32346571.0,1.0664258976358936e+16,0.0,0.3088122667715784,-936.84996,12.911536843887916,0.0110237374002,33.90383887105194,-20.992302027164023
23,WETH_USDT,14601812,1650185471,0x68b3465833fb72a70ecdf485e0e4c7bd8665fc45,0x77779bd45977323e140e22609b73b5b307b0771d2fa9f33d600bd29ebea88752,0x68b3465833fb72a70ecdf485e0e4c7bd8665fc45,0x87898263b6c5babe34b4ec53f22d98430b91e371,43,1,0.0,1388848829.0,4.5560511977242995e+17,0.0,40000000000.0,0x689ce784475e56b37006ffdff5e4bfb7acf3c2bb68d35b50fbe3a6e1087825d0,0x68b3465833fb72a70ecdf485e0e4c7bd8665fc45,0xfda299cbcce3c9e71633dcebf9e10e4aba2b1e4f,270,4.531384743099563e+16,0.0,0.0,137309610.0,23911146503.0,1,0x06c4b690c029043ef5e2caa3b8cdb4610d5e32f8a2685c4920dc34ad22b1454d,0.0,464225076.0,1.5228282067419296e+17,0.0,0.4102912723414343,-1251.539219,10.324038683415665,0.00958667197545,29.4841005519044,-19.160061868488736
24,WETH_USDT,14651877,1650863582,0x000000000035b5e5ad9019092c665357240f594e,0x512247f36e3b35df9b5aafbd8c9ac9e04aee44d7172b53fcd818026ad7eb9617,0x000000000035b5e5ad9019092c665357240f594e,0x5b1e45ca08fa4d65aa7fdcf9e116990fb7fce73b,3,0,1.6713448882774671e+18,0.0,0.0,4773822138.0,25941847448.0,0x69320eeed5ff3d7b7566ff864b0a59060365dee6cc8c7858ddfce6dc450ef381,0x000000000035b5e5ad9019092c665357240f594e,0x000000000035b5e5ad9019092c665357240f594e,5,0.0,4882706239.0,1.6999129605351355e+18,0.0,170274243675.0,1,0x03c9ab0e6b53cef39c93f81d208926749a3bc90f88f5e2866ab980da9989b28f,4.8853e+18,0.0,0.0,13949963684.0,0.028568072257668352,-108.884101,-26.739434053524036,0.02943241366845,84.629995206511,-111.36942926003503
25,WETH_USDT,14776357,1652568477,0x68b3465833fb72a70ecdf485e0e4c7bd8665fc45,0x9693265da6de8e59a3e81bdeb9b64586e24cf36e042a5d20c6c47a0cc34378c0,0x68b3465833fb72a70ecdf485e0e4c7bd8665fc45,0x90e849319b4f4617041e68c9a8355cd91b0887ee,118,0,5.0936280915428685e+17,0.0,0.0,1031234172.0,26057444324.0,0xbb19b1e9e65e0e8315f8803b1c5d42ad62b4bc0289b6a9967756475cdc9ba8c9,0x68b3465833fb72a70ecdf485e0e4c7bd8665fc45,0x64cac8fa24f437ceca90e20a7a24a609f162b0d1,195,0.0,200000000.0,9.819726297411504e+16,0.0,26057444324.0,1,0x54ce399aabbc0e060bfb75412e36f6eee3c0db7625ffca4ff3ccaca00361b580,3.672674713586988e+16,0.0,0.0,74353640.0,-0.41116554618017176,831.234172,-5.456346995501008,0.0078172332972,15.907473389506965,-21.363820385007973
26,WETH_USDT,15027139,1656216731,0x68b3465833fb72a70ecdf485e0e4c7bd8665fc45,0x839b17c4cd735b9fef9d1ba559133ec0b1f13d842edcc025f51bae98babb382b,0x68b3465833fb72a70ecdf485e0e4c7bd8665fc45,0x9c4fe5ffd9a9fc5678cfbd93aa2d4fd684b67c4c,232,1,0.0,563000000.0,4.546103009973321e+17,0.0,18997732193.0,0x03463f0c6fb9e907e30c02bac61c4ebcc767c01dce5a85ba8fc1fc3c63c47f05,0x68b3465833fb72a70ecdf485e0e4c7bd8665fc45,0x0c05a5fd317a07e9cec05bb0beb3c31d23ab470c,292,4.216987443139769e+17,0.0,0.0,519160110.0,18997732193.0,1,0x8c676d22e5b8f16bacf30fff16eac8bbbcf4f3f41403cdebbe0dd3bc90f934c4,0.0,621846355.0,5.020853640125389e+17,0.0,0.0329115566833552,-43.83989,-7.9135049472105905,0.0056993196579,6.221399812188202,-14.134904759398793
27,WETH_USDT,15052211,1656619304,0x68b3465833fb72a70ecdf485e0e4c7bd8665fc45,0x6a8f8d7fae3bccf31829a0f3a2741acb2bdc15fa394af1de91e8055c8ef8ebdb,0x68b3465833fb72a70ecdf485e0e4c7bd8665fc45,0x8731bbfd79ec1a0d363d5ec21c88979ae630c805,29,0,5.682e+17,0.0,0.0,578366878.0,46060676604.0,0x30d33b3ec483b8fe16bf0a350b3c52668b089cc3e427eabe9a4c40d3cdf5fc9e,0x68b3465833fb72a70ecdf485e0e4c7bd8665fc45,0x68b3465833fb72a70ecdf485e0e4c7bd8665fc45,82,0.0,1521905592.0,1.4861577280013463e+18,0.0,46060676604.0,1,0x2225f7a3032ce586bcebd5e0a948aed0767775815bb837b7071a84eb6600a4e4,2.890506017236292e+17,0.0,0.0,294203995.0,0.9179577280013463,-943.538714,41.625302917963495,0.0138182029812,14.829872814717241,26.795430103246254
28,WETH_USDT,15076405,1656942667,0x68b3465833fb72a70ecdf485e0e4c7bd8665fc45,0x1146a7101bb3032b73755a22a20318f9ee0c2901ef3e23236dec9d2f5229dd04,0x68b3465833fb72a70ecdf485e0e4c7bd8665fc45,0xf7ef5352de45a20d8c8565cd94a4bd6c8831f749,81,1,0.0,1300000000.0,1.1823719816793016e+18,0.0,35018921752.0,0x77036132b57cd3957be9038cf514411a2f7fb4b8e3206b3fe661e8b6ed80b671,0x68b3465833fb72a70ecdf485e0e4c7bd8665fc45,0x2d519b2e614a43919b146935c3ad2ad01136a1fe,247,2.818082188846416e+17,0.0,0.0,308059693.0,34518921752.0,1,0x72f7b1b6bf1c71eac03c9ea3b51e0cbf2da682a79c4f944bc7bc70a13cc4a4e5,0.0,1137712361.0,1.0345879503154184e+18,0.0,0.9005637627946601,-991.940307,114.46648554364026,0.0104306765256,12.81482981608792,101.65165572755234
29,WETH_USDT,15151620,1657946366,0xe8c060f8052e07423f71d445277c61ac5138a2e5,0x9730d43a8779db18bab97bab0d6d0430a7efe03e77ab4731465d9836766465d4,0xe8c060f8052e07423f71d445277c61ac5138a2e5,0x869dca730207ece80b224253383c7f04dabe24b7,1,0,8.007540892132966e+16,0.0,0.0,96867881.0,9664716531.0,0x5e9c89f91af651863feeb8bc7444c1d0ce445ad86a7ae059b2770840827cf475,0xe8c060f8052e07423f71d445277c61ac5138a2e5,0xe8c060f8052e07423f71d445277c61ac5138a2e5,3,0.0,105306453.0,8.653261594642206e+16,0.0,32168342272.0,1,0xe6f3a6880c9c3fdc535e14ff99f410f2e712819d5e09daa4b7863255058769da,2e+17,0.0,0.0,241935636.0,0.0064572070250924,-8.438572,1.6275795834399727,0.00627495882045,9.782044531178638,-8.154464947738665
30,WETH_USDT,15201569,1658614216,0x00000000003b3cc22af3ae1eac0440bcee416b40,0x04e3d5a25188442135238ed2e3170e5cd5edec5ca6a0272420f4ad5bdfcbe518,0x00000000003b3cc22af3ae1eac0440bcee416b40,0x00000000003b3cc22af3ae1eac0440bcee416b40,0,0,1.5050738522243308e+20,0.0,0.0,224931745358.0,11305199564.0,0xaef503996e386b829a079f1d6a1484bdfbbbf110e93b6f77bb1ad8ccd754b4e8,0x00000000003b3cc22af3ae1eac0440bcee416b40,0x00000000003b3cc22af3ae1eac0440bcee416b40,2,0.0,224931745377.0,1.526478053328583e+20,0.0,23427682995456.0,1,0x5f48889e50afdc89d4081e236289d9ce00bfc7f98cce9506ff7bbfbeaac36ae6,1.0268144806473636e+20,0.0,0.0,149654442268.0,2.1404201104252274,-1.9e-05,3133.741519370769,3.5158482292530002,5147.475294664743,-2013.7337752939743
31,WETH_USDT,15226477,1658951147,0xdef1c0ded9bec7f1a1670819833240f027b25eff,0xf47c89b17f6ee0494af2227c46b888d9da13580ca162aa4d575ed435603c65bb,0xdef1c0ded9bec7f1a1670819833240f027b25eff,0x43ae24960e5534731fc831386c07755a2dc33d47,15,1,0.0,4615384616.0,2.88913090643852e+18,0.0,66534213087.0,0x25d5438362f510367b5884378db2090a293d3f1e673d06820c09cd761a6be7e3,0xdef1c0ded9bec7f1a1670819833240f027b25eff,0x88c095c8ba2c7a1353cf3d21e692c5d4d0f90793,382,9.9125e+16,0.0,0.0,157449394.0,36844213087.0,1,0xfdd8625e16a009a63339ecf4ce7b09ad5f131f7cfb500c17975372a55400e5c4,0.0,70000000.0,4.3805450474329784e+16,0.0,2.7900059064385196,-4457.935222,282.4542828689391,0.0155067639261,26.346933818358398,256.1073490505807
32,WETH_USDT,15351812,1660645259,0xe8c060f8052e07423f71d445277c61ac5138a2e5,0xa8e48a982ba287dcec41013ca97a571bebcd7a5bea8ef738c2268f6bd2a8569f,0xe8c060f8052e07423f71d445277c61ac5138a2e5,0xc4f0ff5e1ddc6752a13bf0f59ad2beb2fc25f175,3,0,4.08754846737367e+16,0.0,0.0,77122845.0,5733652602.0,0x5643be80bfe6241c3a3d65d529b9bc1772ecb7c85a62c5f780ea49a93af1b8c0,0xe8c060f8052e07423f71d445277c61ac5138a2e5,0xe8c060f8052e07423f71d445277c61ac5138a2e5,5,0.0,86550041.0,4.560674737507997e+16,0.0,28326931437.0,1,0xc7529e69be98c600241fc90ca249291821bf9fc1beb0df087faa359064896253,1e+18,0.0,0.0,1886567689.0,0.004731262701343264,-9.427196,-1.34994956571024,0.00510908760585,8.722271886342225,-10.072221452052466
33,WETH_USDT,15451225,1662012512,0xdef1c0ded9bec7f1a1670819833240f027b25eff,0xf2463316b0a484792c3b7891afd7215a833041a11b8561aacdfab44da0261be0,0xdef1c0ded9bec7f1a1670819833240f027b25eff,0xe66b31678d6c16e9ebf358268a790b763c133750,55,0,1.9169612222545552e+17,0.0,0.0,296840383.0,9646538978.0,0x42d8e05f48809c17e63656817968666f8bf92064ce5dd644a3eb2b242c53d04f,0xdef1c0ded9bec7f1a1670819833240f027b25eff,0xf7d31825946e7fd99ef07212d34b9dad84c396b7,226,0.0,24751485.0,1.5888940446640316e+16,0.0,8000000000.0,1,0x023eac593eeae90c7a7946c2fa4344231ed65b32ad489c5a74dc84aa057ef690,7.27518859872736e+16,0.0,0.0,112653113.0,-0.1758071817788152,272.088898,-3.828771311572723,0.0026469808467,4.154260244343695,-7.983031555916418
34,WETH_USDT,15451990,1662023092,0x68b3465833fb72a70ecdf485e0e4c7bd8665fc45,0x897edcd8de4766e35d418cba617d4e7cbb4193cdafc25365118e57ca64b1f81e,0x68b3465833fb72a70ecdf485e0e4c7bd8665fc45,0x96e6adf755804b8f3bf258cd1c5a67822cc4dd9a,205,0,3.451865084177554e+16,0.0,0.0,53297534.0,12308561239.0,0xe66ac915166ea63a7a0421e9c711715329cf2b5201a8112c71bf22cf75f50684,0x68b3465833fb72a70ecdf485e0e4c7bd8665fc45,0xd3261208499af8aa7039477ff6cd75787e4e12c8,313,0.0,100000000.0,6.4379851946062504e+16,0.0,10990000000.0,1,0xa00cfe51108a540788259ed17c13a58f0d2a6a713494659a7da7e99977e3caf0,2e+17,0.0,0.0,308798959.0,0.029861201104286965,-46.702466,0.16270144182203694,0.00349478418585,5.484831151663845,-5.322129709841808
35,WETH_USDT,15477724,1662378784,0x1e8b3271425c8ae85a73674c5f3a08133dfdf076,0x171a4e3466a606e44dd790c85f54586f7d63e8a96b3dd55cd2b6056ecab7c648,0x1e8b3271425c8ae85a73674c5f3a08133dfdf076,0x1e8b3271425c8ae85a73674c5f3a08133dfdf076,0,1,0.0,41857000000.0,2.6645308896418378e+19,0.0,4027069511.0,0xbadb7f64cb5d3a75a7ca7bf18d3aa9a6bca0bf8387174941a818c8bf3b99c8ee,0x1e8b3271425c8ae85a73674c5f3a08133dfdf076,0x1e8b3271425c8ae85a73674c5f3a08133dfdf076,2,2.6645308896418378e+19,0.0,0.0,41988690254.0,30867230981.0,1,0x6b58d25ea555e24b5ea5b1805b0732f062c4cde4568a8f2f37e8d1e1887db91a,0.0,76862430618.0,4.8584361721906766e+19,0.0,0.0,131.690254,131.690254,0.0052341450738,8.53675475786153,123.15349924213848
36,WETH_USDT,15501052,1662702076,0x00000000003b3cc22af3ae1eac0440bcee416b40,0x4836deee55a79f2807d2c9945a7c89c88b5f352c9ea74d36b980e840df6b475a,0x00000000003b3cc22af3ae1eac0440bcee416b40,0x00000000003b3cc22af3ae1eac0440bcee416b40,0,1,0.0,87180258723.0,5.061782050707923e+19,0.0,9364978703.0,0x177029fe576156ced8042d3f9e9171744af93b8c7261835fb685d4de4ac71b44,0x00000000003b3cc22af3ae1eac0440bcee416b40,0x11b815efb8f581194ae79006d24e0d814b7697f6,2,8.631945311807524e+19,0.0,0.0,148842381581.0,2282934786544.0,1,0x99d0d65affba411b71cd154a36378496d6203aa4f7d58f0bd7a1ca402c66d127,0.0,92763451479.0,5.330072499871206e+19,0.0,-35.70163261099601,61662.122858,328.7637721880237,0.34384496478705,590.7059468377674,-261.9421746497437
37,WETH_USDT,15652072,1664612363,0xe8c060f8052e07423f71d445277c61ac5138a2e5,0xe621340852a027660006aaeebf7c10d8268b5eee2ccaa037224ef95a63e94a65,0xe8c060f8052e07423f71d445277c61ac5138a2e5,0xc4f0ff5e1ddc6752a13bf0f59ad2beb2fc25f175,0,0,5.065550469057741e+16,0.0,0.0,67151240.0,6377046684.0,0x4b01dfe1203db78aa488bb677ac36abe6e97e9d87e8c750949b2c5c62f0a901c,0xe8c060f8052e07423f71d445277c61ac5138a2e5,0xe8c060f8052e07423f71d445277c61ac5138a2e5,2,0.0,73827437.0,5.536971722526449e+16,0.0,26680688441.0,1,0x0499fdeaab250df35d7da8e0c187dba959b8dd5f71ab51dbe98ce7e5e87ec887,1.0837641517432228e+18,0.0,0.0,1436528346.0,0.00471421253468708,-6.676197,-0.34568573272603054,0.00495866026875,6.658769512603085,-7.004455245329115
38,WETH_USDT,15652283,1664614907,0xe8c060f8052e07423f71d445277c61ac5138a2e5,0xe19dcea3832e8ac26e1c8abc975784fe609cdf7fd524b76e6f23a009814a5044,0xe8c060f8052e07423f71d445277c61ac5138a2e5,0xc4f0ff5e1ddc6752a13bf0f59ad2beb2fc25f175,1,0,4.975850751524864e+16,0.0,0.0,66133350.0,4122770832.0,0xbeb8858cac2505115e518db5813ba1226552ea4d522cd02aec51c8490592c4d5,0xe8c060f8052e07423f71d445277c61ac5138a2e5,0xe8c060f8052e07423f71d445277c61ac5138a2e5,3,0.0,72666690.0,5.435794196558885e+16,0.0,28063180801.0,1,0xef4567ea493da59aec64df8c074ec4ea3a293dce6df2e92cc144171de97a8d2a,1.069351715082554e+18,0.0,0.0,1421105639.0,0.004599434450340208,-6.53334,-0.35695923720533784,0.00482789274495,6.483167484328312,-6.840126721533649
39,WETH_USDT,15701685,1665211787,0x68b3465833fb72a70ecdf485e0e4c7bd8665fc45,0x48a8719afc914a46d153bde9eaf7dc472dc1e16573ce3826970750eb1f3a9991,0x68b3465833fb72a70ecdf485e0e4c7bd8665fc45,0x8620b577d443827ef039cba06173b5b574866283,102,0,2.3809060960061537e+18,0.0,0.0,3162044868.0,6711725053.0,0xa395e9ffc4168f1b1e21fd5bef460ff7cee2f392977569ffcf811a5acb075149,0x68b3465833fb72a70ecdf485e0e4c7bd8665fc45,0xb833dfcbf0d5a90cdbfe84b2fe8cefe79d8ac63f,253,0.0,53236346.0,3.985380232587353e+16,0.0,5711725053.0,1,0xd9ac4322a9b88d630f535372792ee31e8d8249297e4b3a29ff589903c73b169a,7.53129790642739e+16,0.0,0.0,100000000.0,-2.34105229368028,3108.808522,115.86710483617344,0.0018635175159,2.38243236599356,113.48467247017987
40,WETH_USDT,15701925,1665214679,0x68b3465833fb72a70ecdf485e0e4c7bd8665fc45,0x9f9a32080857e55edef1770e03f9e0f50a025e8b8788b37b357d7c72379e4de7,0x68b3465833fb72a70ecdf485e0e4c7bd8665fc45,0x1487e5f88521c891f514467df190d6678bffa69a,60,0,7.631226702751565e+17,0.0,0.0,1014243982.0,6021755066.0,0x4a2f323deded98885a538f857ba8cae3575507466ba741d4026f7c246c077538,0x68b3465833fb72a70ecdf485e0e4c7bd8665fc45,0xdfcf744c8ae896e8631ba9b9dc717546646f6708,240,0.0,17028233.0,1.2736972057413608e+16,0.0,5521755066.0,1,0x7692a244b237cc4e61ba27defa0c98aaadf47a7d7aa1b8f54a2663884533a58b,3.236507307626139e+17,0.0,0.0,430112833.0,-0.7503856982177428,997.215749,37.877744844336235,0.0017315265198,2.213687173933211,35.664057670403025
41,WETH_USDT,15826502,1666717883,0x000000000035b5e5ad9019092c665357240f594e,0x694f22e634a4476163b69d608c28ac543e843fc309c799e820fe0039750b6c43,0x000000000035b5e5ad9019092c665357240f594e,0x000000000035b5e5ad9019092c665357240f594e,0,0,7.249045737777177e+19,0.0,0.0,105891063497.0,68485288525.0,0x9d81e7b9971f344f18ee82ae9aaa83464a4c06424ce923338848f906638ff5c4,0x000000000035b5e5ad9019092c665357240f594e,0x000000000035b5e5ad9019092c665357240f594e,2,0.0,105891063496.0,7.296532690159235e+19,0.0,5109459943336.0,1,0x3224ecf8bdfafa2f356ef87ebedcf428668ba0fc3402021f0d08b96c9db79525,6.99e+19,0.0,0.0,100806905770.0,0.4748695238205768,1e-06,737.960452718408,0.7766917847791499,1207.000642471556,-469.04018975314796
42,WETH_USDT,15902486,1667635235,0x68b3465833fb72a70ecdf485e0e4c7bd8665fc45,0x5d87c5f240a453ec3fe971920269d4748b1b05ac695174ec851676a65f1aa283,0x68b3465833fb72a70ecdf485e0e4c7bd8665fc45,0x9bd2a43483250a393c0aa91defe556fc5805602a,24,1,0.0,250000000.0,1.5093064765996813e+17,0.0,12652783873.0,0x25df8f1830303815d15b8163e25008ff6dd1b9e2514c52b1baee617c3235d100,0x68b3465833fb72a70ecdf485e0e4c7bd8665fc45,0x3ead75f6539bcec21146f37fc5fbf7572b6cab2d,235,8.14854487011214e+16,0.0,0.0,134169326.0,10742890535.0,1,0xad2ae10ce25e3bb1349e97062dd929dbf86b5a012db74f759a122017077e42c0,0.0,358330419.0,2.163247880716152e+17,0.0,0.06944519895884672,-115.830674,-15.45327592608723,0.0035093511612,5.072482241683398,-20.525758167770626
43,WETH_USDT,15950871,1668219119,0xe8c060f8052e07423f71d445277c61ac5138a2e5,0xf5aa6ebcfbe1493496db78547c431e7ae1a7c06cf22059199eebc81c7d4d03bd,0xe8c060f8052e07423f71d445277c61ac5138a2e5,0xf01944044f064049f1d5663d5cc7239b82049228,1,0,6.486674957244826e+16,0.0,0.0,82458428.0,15109073556.0,0x1e0506ccdd20decf63bf285b20cd19fe4e3867e60452c6bd38f6d339d83357b0,0xe8c060f8052e07423f71d445277c61ac5138a2e5,0xe8c060f8052e07423f71d445277c61ac5138a2e5,3,0.0,91959411.0,7.192538625748547e+16,0.0,34480417746.0,1,0xf484e1d966a43f93ae00d37ccf42784b6d68fa8a0b59aeb4e416d9ff04d95cb8,1.5e+18,0.0,0.0,1906546755.0,0.007058636685037216,-9.500983,-0.6294765624252712,0.0074384236953,9.348834150672031,-9.978310713097303
44,WETH_USDT,16026960,1669137215,0xe8c060f8052e07423f71d445277c61ac5138a2e5,0x4c28c67ba07ca8da6fbde844daa9b76ec995dfedceb2e86768a3d43d6b1fd29a,0xe8c060f8052e07423f71d445277c61ac5138a2e5,0xe1ae2769d69e823567157ad40cf89466cd615ed1,0,0,2.5204543817368207e+18,0.0,0.0,2834008433.0,14886788268.0,0xa0fdb5401e23671925f6a9fb0298fc62098ee873828e376c09ae69a15d98cb3a,0xe8c060f8052e07423f71d445277c61ac5138a2e5,0xe8c060f8052e07423f71d445277c61ac5138a2e5,2,0.0,3950791466.0,3.4929108244486625e+18,0.0,6874522022012.0,1,0xf0eeb4212a669b8be1a720f87820be4f6fe7cf98c858aad7a2aa1df1a4060601,1.005e+18,0.0,0.0,1129712444.0,0.9724564427118418,-1116.783033,35.97096233743082,1.033411321542,1225.0101674604994,-1189.0392051230685
45,WETH_USDT,16176204,1670939639,0x000000000035b5e5ad9019092c665357240f594e,0x4597e9a03837d646aeef299d0e95a69b46cce5ef20b42a6b2608cc9c4977fb28,0x000000000035b5e5ad9019092c665357240f594e,0x000000000035b5e5ad9019092c665357240f594e,0,1,0.0,380369441955.0,2.766961283776766e+20,0.0,41312586548.0,0xc9a730a5d873ff8a9b5506d16dcdc03cb99c537aac887a8e5bcadfd6d9835160,0x000000000035b5e5ad9019092c665357240f594e,0x000000000035b5e5ad9019092c665357240f594e,2,3.296591601219348e+20,0.0,0.0,454049281661.0,41312586548.0,1,0x63f1a92ab14cf36fceddc384ffe4f7722bc5c347da5e557ff2bd5c3746b29f23,0.0,100000000000.0,7.056490064734635e+19,0.0,-52.96303174425821,73679.839706,10015.327713389597,0.0123937759644,14.898008526575929,10000.429704863021
46,WETH_USDT,16202773,1671260291,0xe8c060f8052e07423f71d445277c61ac5138a2e5,0x61cd3f67b546b0ece2714fd94827c7cf10153ac3f0e18afd46880d605eb4c38e,0xe8c060f8052e07423f71d445277c61ac5138a2e5,0xe8c060f8052e07423f71d445277c61ac5138a2e5,6,0,2.2342064181780414e+19,0.0,0.0,26249155119.0,11773359257.0,0x0e99f323b7162939d6473e0332e7a29870e7461700a398263f692f6d09f23bfa,0xe8c060f8052e07423f71d445277c61ac5138a2e5,0xe8c060f8052e07423f71d445277c61ac5138a2e5,8,0.0,26249155119.0,2.260787001828363e+19,0.0,11773359257.0,1,0xaf9c9564e58728526976f1873b5d04f6089820249ef5d06c16db43e9bcec28be,8.607750204803601e+19,0.0,0.0,100000031501.0,0.26580583650321615,0.0,316.7488865597951,0.0035320077771,4.20893515896678,312.53995140082833
47,WETH_USDT,16202781,1671260387,0x00000000008c4fb1c916e0c88fd4cc402d935e7d,0x3e788e03a9adede38991393b8851e2660a09ed220bfdccf1f311ba88498c0bf5,0x00000000008c4fb1c916e0c88fd4cc402d935e7d,0x00000000008c4fb1c916e0c88fd4cc402d935e7d,0,0,2.226270128726083e+19,0.0,0.0,26064631334.0,11805955400.0,0xa4b961137d4b347390c735efd88df79fc2f7854b67159c1974b7a95b65593707,0x00000000008c4fb1c916e0c88fd4cc402d935e7d,0x11b815efb8f581194ae79006d24e0d814b7697f6,2,0.0,116860623558.0,1.001942275291623e+20,0.0,4983963615655.0,1,0xf207c163ab8d7c9ad7dafc5390bc152a12085cc2f552e793da2dd4a06852f421,8.637918179361325e+19,0.0,0.0,100000000000.0,77.93152624190147,-90795.992224,2071.510197185795,0.74936543565825,892.9851597456344,1178.5250374401603
48,WETH_USDT,16202796,1671260567,0xe8c060f8052e07423f71d445277c61ac5138a2e5,0x536ed68cf5c2a8c32f41bd11425070d3b39bae3a432b78d8857220d12cbe9f2b,0xe8c060f8052e07423f71d445277c61ac5138a2e5,0xe8c060f8052e07423f71d445277c61ac5138a2e5,0,0,2.217622924100947e+19,0.0,0.0,25970896943.0,12207938470.0,0x3385511be5f51a706b7d15b96b4b15e638e0c77ff21b6ef4034083f473c82c66,0xe8c060f8052e07423f71d445277c61ac5138a2e5,0xe8c060f8052e07423f71d445277c61ac5138a2e5,2,0.0,25970896943.0,2.2440678280164016e+19,0.0,12207938470.0,1,0x3ba4a48aaf988b9cd43239029adb55bc65b24f0bc60b3b82273881b16cb3bc22,8.635332278479364e+19,0.0,0.0,100000000000.0,0.26444903915454465,0.0,315.132052049565,0.003662381541,4.364295722508939,310.7677563270561
49,WETH_USDT,16326748,1672754795,0x00000000008c4fb1c916e0c88fd4cc402d935e7d,0xe1e202d65a86b69c49aefebf724d2f9ec12eb265153a89ea525acf3483d5c677,0x00000000008c4fb1c916e0c88fd4cc402d935e7d,0x00000000008c4fb1c916e0c88fd4cc402d935e7d,0,0,2.4353664907078447e+19,0.0,0.0,29504414871.0,25895083639.0,0x713db7f2f440148ce27e5f1c8528a11eadc7b8543cf1d8f9f51d6bf2e21ef631,0x00000000008c4fb1c916e0c88fd4cc402d935e7d,0x11b815efb8f581194ae79006d24e0d814b7697f6,2,0.0,165277923460.0,1.3804939667119548e+20,0.0,9400288568444.0,1,0xbb9a7cc323e93cb3bc1839b6c57f8161299473046dc51da7fc5ab5b6b377935a,1.4208379493830884e+20,0.0,0.0,169160978454.0,113.69573176411703,-135773.508589,6118.366720663267,1.41392754781245,1764.5766309621517,4353.790089701115
50,WETH_USDT,16426115,1673953631,0xe8c060f8052e07423f71d445277c61ac5138a2e5,0x9d7193aaa6fc0e11ddce30ad08cd4683bb12df173c53e90dacfa13a41e5909f1,0xe8c060f8052e07423f71d445277c61ac5138a2e5,0xe8c060f8052e07423f71d445277c61ac5138a2e5,0,1,0.0,113601059989.0,7.213954377241429e+19,0.0,14359279016.0,0x7c716d6e82d0650b544ab258abbc89d5b8d573d88bbaf3a67b22f491f36f65b4,0xe8c060f8052e07423f71d445277c61ac5138a2e5,0x11b815efb8f581194ae79006d24e0d814b7697f6,3,1.9794538071421092e+20,0.0,0.0,316262754099.0,14359279016.0,1,0xef1862bfc3a0831f3635f156cbb233fa0bb3b4109f18be2c17d596b981e112a1,0.0,280000000000.0,1.7383380582309616e+20,0.0,-125.80583694179664,202661.69411,6664.247393340076,0.0043077837048,6.711251462355053,6657.536141877721
51,WETH_USDT,16450981,1674253475,0xef1c6e67703c7bd7107eed8303fbe6ec2554bf6b,0xec4e43e82748176ab59fd825b41248fbcedf28d0dbfb0e5d723782191cdcd9b4,0xef1c6e67703c7bd7107eed8303fbe6ec2554bf6b,0x62a2fbf81e3c83ad7030c5e5e579ae5e18513c1b,68,0,4.152361462387881e+17,0.0,0.0,685692491.0,29422851370.0,0x1fb2dcc8b10846c5279151bce4d8fa9d00769505e81b2e0f6eb8963aa1aec8df,0xef1c6e67703c7bd7107eed8303fbe6ec2554bf6b,0x481efdd010433ded1a931b557e4fe63b7b897964,90,0.0,500000000.0,3.009864548118875e+17,0.0,28922851370.0,1,0xa87bca07ede6200e430c6f31bf2af934214f7c6ff95ddac287cffb87be1908eb,2e+17,0.0,0.0,330247289.0,-0.11424969142690061,185.692491,-0.48939287381884355,0.008751855411,14.262068522555298,-14.751461396374141
52,WETH_USDT,16451720,1674262391,0xef1c6e67703c7bd7107eed8303fbe6ec2554bf6b,0x57dca3d4a052bf13f6172180cc890d2e3b12b700dc1e6de6f22ca772ea895216,0xef1c6e67703c7bd7107eed8303fbe6ec2554bf6b,0x52b9c8f4057ade3caac8948b96a5c2e70d21d329,18,0,1.1153686095337827e+18,0.0,0.0,1845807122.0,18490737647.0,0x701421ed069b46daa5e7fd393128866750a5a0c5bec6fb93b5c0f0da51e58b4f,0xef1c6e67703c7bd7107eed8303fbe6ec2554bf6b,0xef1c6e67703c7bd7107eed8303fbe6ec2554bf6b,174,0.0,176198095.0,1.0586086292209462e+17,0.0,18490737647.0,1,0xc584e9916e7c3080e744ed35e1acb83463c9c8f0c2f1765dc56a029852207c34,8.70838380532196e+17,0.0,0.0,1440869913.0,-1.009507746611688,1669.609027,24.510018836520203,0.0055472212941,9.03978030838975,15.470238528130453
53,WETH_USDT,16476325,1674559139,0xe8c060f8052e07423f71d445277c61ac5138a2e5,0x10579ef7a597487e51f0e0f7d2f9b6d6ee291870699756635c307f3a6d1b0536,0xe8c060f8052e07423f71d445277c61ac5138a2e5,0xe8c060f8052e07423f71d445277c61ac5138a2e5,0,0,6.673598634679442e+19,0.0,0.0,107201877322.0,12975752684.0,0xcf01ba8578fd0ef3baa339cf3fe6d7f7a5a1a472b217190fc32b46a1a5b928f6,0xe8c060f8052e07423f71d445277c61ac5138a2e5,0xe8c060f8052e07423f71d445277c61ac5138a2e5,2,0.0,107201877322.0,6.912639389481199e+19,0.0,12975752684.0,1,0x26d562bdd60cd04631a39fce914f9e800d7e43e2c3d65295b40983f3dba227e6,2.273e+20,0.0,0.0,355481182651.0,2.3904075480175737,0.0,3771.65245064274,0.0038927258052,6.142052569671217,3765.5103980730687
54,WETH_USDT,16501864,1674867347,0x00000000008c4fb1c916e0c88fd4cc402d935e7d,0x87ce96e2da0fdc228b4d83ef996448c9286c62b70bffb6ed3a53855990e7c436,0x00000000008c4fb1c916e0c88fd4cc402d935e7d,0x00000000008c4fb1c916e0c88fd4cc402d935e7d,0,1,0.0,43652330048.0,2.7135411330426294e+19,0.0,14369750642.0,0x2eb1ecb9f2c3c2a2f0f58f9aee3a5f415732bea415e808142f596467cf4ab243,0x00000000008c4fb1c916e0c88fd4cc402d935e7d,0x00000000008c4fb1c916e0c88fd4cc402d935e7d,2,2.7135411330426294e+19,0.0,0.0,43751159200.0,606845689462.0,1,0x0d8813371430979feba9c1ae3d994299030629d893d08b103dedcccaaee4fe50,0.0,72483294880.0,4.475984080424022e+19,0.0,0.0,98.829152,98.829152,0.0931823160156,145.8842982550643,-47.0551462550643
55,WETH_USDT,16502005,1674869039,0xe8c060f8052e07423f71d445277c61ac5138a2e5,0x773371e23fb2d474e38e02f1cca933bb5f1b7c2176808f702d87a8e491745e8f,0xe8c060f8052e07423f71d445277c61ac5138a2e5,0xe8c060f8052e07423f71d445277c61ac5138a2e5,0,1,0.0,43728144671.0,2.7161931044132073e+19,0.0,12789680940.0,0xd281857008ddb78e2a479900519a1ed78d225dfd9c3efe0334201c8b0dc8b31a,0xe8c060f8052e07423f71d445277c61ac5138a2e5,0x11b815efb8f581194ae79006d24e0d814b7697f6,2,7.649518008667839e+19,0.0,0.0,123248827203.0,12789680940.0,1,0x8fb54e780d6101faf3a7f5151bf94d6a54bcc0f3d4bae26d3b1e9d6fca2036dc,0.0,99568568731.0,6.1344440414728315e+19,0.0,-49.33324904254631,79520.682532,2285.5726425943285,0.003836904282,6.0069776389515,2279.565664955377
56,WETH_USDT,16502408,1674873887,0x00000000003b3cc22af3ae1eac0440bcee416b40,0x1e1ee26b21e25be9f3c133ec2e93afc8177804ceb2161b9e7ff83a67a4a9dfa7,0x00000000003b3cc22af3ae1eac0440bcee416b40,0x00000000003b3cc22af3ae1eac0440bcee416b40,0,1,0.0,43785419494.0,2.728325198822773e+19,0.0,13382996894.0,0x2b63287c45cd4987afafb1d7f4a602e808ae43683f446568ac2a819ac3bea99e,0x00000000003b3cc22af3ae1eac0440bcee416b40,0x11b815efb8f581194ae79006d24e0d814b7697f6,2,7.81798249842514e+19,0.0,0.0,125976429359.0,3010438877699.0,1,0xd46d561f65218110f310e8b48daeb0a90d662e7c3dea2e312d0e35c81e0bc925,0.0,129340233552.0,7.980186456548008e+19,0.0,-50.896572996023664,82191.009865,2508.392469339655,0.45357328118895,710.1049068411146,1798.2875624985402
57,WETH_USDT,16502417,1674873995,0xb0bababe78a9be0810fadf99dd2ed31ed12568be,0x43b2ce1f9881d0d75705367832e3d934492a612aeeee3fda060669c995c205b7,0x7a250d5630b4cf539739df2c5dacb4c659f2488d,0xb0bababe78a9be0810fadf99dd2ed31ed12568be,2,1,0.0,43729400963.0,2.7169730728131367e+19,0.0,14261257094.0,0x45661408e5900874c1852605473469dd04275f74dd8c502bd233568d128fb97e,0x7a250d5630b4cf539739df2c5dacb4c659f2488d,0xb0bababe78a9be0810fadf99dd2ed31ed12568be,4,2.716970355840064e+19,0.0,0.0,43963225814.0,14261257094.0,1,0xb477d5c28352990233543f3904964c4f810a44f96d9811340dd2360250421397,0.0,99568460000.0,6.136018623936704e+19,0.0,2.7169730727936e-05,233.824851,233.86738736602422,0.0042783771282,6.698138356139199,227.16924900988502
58,WETH_USDT,16502427,1674874115,0xe8c060f8052e07423f71d445277c61ac5138a2e5,0x1576778e2f154c79bd34ad16279130e93de73f16d074d80d4132920593e91055,0xe8c060f8052e07423f71d445277c61ac5138a2e5,0xe8c060f8052e07423f71d445277c61ac5138a2e5,6,1,0.0,43748212038.0,2.714483027599829e+19,0.0,14627044472.0,0xc88ce347ac13f4c8ec919e2a46066a78caa9f077c505ccd2beec33d98dc48662,0xe8c060f8052e07423f71d445277c61ac5138a2e5,0x11b815efb8f581194ae79006d24e0d814b7697f6,8,7.996596666063702e+19,0.0,0.0,128938869573.0,14627044472.0,1,0xf7f01be84a743111d14ed50f3406bd93715523f69f0299380b27e2c5c0d82f49,0.0,99568460000.0,6.127787315815382e+19,0.0,-52.82113638463873,85190.657535,2494.9836775481963,0.0043881133416,6.869939092261135,2488.113738455935
59,WETH_USDT,16502445,1674874331,0xe8c060f8052e07423f71d445277c61ac5138a2e5,0xcc81abb3de79bda55deb0f0684f86632562211cac2034d8945e569e21737e7a0,0xe8c060f8052e07423f71d445277c61ac5138a2e5,0xe8c060f8052e07423f71d445277c61ac5138a2e5,0,1,0.0,43596467600.0,2.706649869188307e+19,0.0,13744416379.0,0xb33e7979f5ad86de3dff829ecbd1be505cacb3647594c6a1a3023cbc6dfd9b52,0xe8c060f8052e07423f71d445277c61ac5138a2e5,0x11b815efb8f581194ae79006d24e0d814b7697f6,2,7.797270601110703e+19,0.0,0.0,125674019779.0,13744416379.0,1,0xf000076d47eaf3134d7ed0851c5dbe72ca0181f66eadd702d8b6e19532ca4ea4,0.0,99568460000.0,6.131411372975866e+19,0.0,-50.90620731922396,82077.552179,2379.8514870734216,0.0041233249137,6.4553918300554365,2373.3960952433663
60,WETH_USDT,16502453,1674874427,0xe8c060f8052e07423f71d445277c61ac5138a2e5,0x56658715d44d175ca576e58ef74d78bcf473dcfb38c596d3e409eb026a2080f0,0xe8c060f8052e07423f71d445277c61ac5138a2e5,0xe8c060f8052e07423f71d445277c61ac5138a2e5,0,1,0.0,43798753027.0,2.7170063074980065e+19,0.0,14174498200.0,0xb4672773adfc3f469dfd53fc6a0970743f9edddb21513e32d409ca02b5249dd2,0xe8c060f8052e07423f71d445277c61ac5138a2e5,0x11b815efb8f581194ae79006d24e0d814b7697f6,2,9.223196224945494e+19,0.0,0.0,149068612086.0,14174498200.0,1,0x8d44522053c0031f011e6b5f18f558f56e8cd84e65d1edb29c2ccb8768974816,0.0,128443893400.0,7.890177527699851e+19,0.0,-65.06189917447487,105269.859059,3410.3012581292132,0.00425234946,6.657389979484373,3403.643868149729
61,WETH_USDT,16502578,1674875927,0x000000000035b5e5ad9019092c665357240f594e,0x2dd13e184eb9b10e2889fffaa48848c5ca8505c6374f79c6877972039bd74d18,0x000000000035b5e5ad9019092c665357240f594e,0x000000000035b5e5ad9019092c665357240f594e,0,1,0.0,42773606583.0,2.6584393797305246e+19,0.0,15409328215.0,0xf2ec42127724f68517d52963f9516444e6168e7106f6589d6d268951adc6138d,0x000000000035b5e5ad9019092c665357240f594e,0x000000000035b5e5ad9019092c665357240f594e,2,9.227433135505667e+19,0.0,0.0,148882890138.0,4319207835421.0,1,0x717d6214e4ff4d574fde157fc316cb886a554c5c321e74b06f4e6035e9ddf396,0.0,130435404361.0,8.027186407447713e+19,0.0,-65.68993755775142,106109.283555,3266.481907665846,0.6501925745454,1017.9279880994759,2248.55391956637
62,WETH_USDT,16502591,1674876083,0x00000000003b3cc22af3ae1eac0440bcee416b40,0x8476c1b1d3398003371d23bb3d4cfc1fb2cb3ffa57c3164a469f08646f7f8dfd,0x00000000003b3cc22af3ae1eac0440bcee416b40,0x00000000003b3cc22af3ae1eac0440bcee416b40,0,1,0.0,43734449607.0,2.7173033964015194e+19,0.0,15007685367.0,0x258f013ca6c9a9cc889859964d712f090002704cc38fc02e9258254dadcd7607,0x00000000003b3cc22af3ae1eac0440bcee416b40,0x11b815efb8f581194ae79006d24e0d814b7697f6,2,7.645220816274933e+19,0.0,0.0,123147720315.0,2313040183983.0,1,0x54463b1e8471db83ba4e5c60898cda438dcadc479b9d80b539f5caa295c2f241,0.0,99568460000.0,6.136060915139547e+19,0.0,-49.27917419873415,79413.270708,2262.819270756736,0.3492071804025,546.711507472294,1716.107763284442
63,WETH_USDT,16502645,1674876743,0xe8c060f8052e07423f71d445277c61ac5138a2e5,0xeee2bf4f30e9555f30b29ef081476a365df1dbbd9ec125022794d118aca68c95,0xe8c060f8052e07423f71d445277c61ac5138a2e5,0xe8c060f8052e07423f71d445277c61ac5138a2e5,0,1,0.0,43337920914.0,2.6959276156865606e+19,0.0,13046130105.0,0x2a759f31a080557b8138b89c9efd2f47e2460434db54ccabc0bee7f76c62208e,0xe8c060f8052e07423f71d445277c61ac5138a2e5,0x11b815efb8f581194ae79006d24e0d814b7697f6,2,8.555513061078519e+19,0.0,0.0,137962177490.0,3908316173962.0,1,0x52941f51e3c3b78c6b170230c9d59610dcca633ee8258da1a871e0074fd01135,0.0,127448188800.0,7.851427121315098e+19,0.0,-58.59585445391958,94624.256576,2887.8040689078334,0.5882043456100501,920.8805045748782,1966.9235643329553
64,WETH_USDT,16526667,1675166423,0x00000000003b3cc22af3ae1eac0440bcee416b40,0xc7bdd4267c819b45bc1f456a0a1f56d2d7b546f6552649e54044bfe856f790ee,0x00000000003b3cc22af3ae1eac0440bcee416b40,0xee3444612da82903e2192ec67484394349a3fad7,0,0,3108562305810432.0,0.0,0.0,4862295.0,13787937496.0,0x6dd0b46826a291e5084b89f92f297ac17720029ca8a7922dee745d856e59c78c,0x00000000003b3cc22af3ae1eac0440bcee416b40,0x00000000003b3cc22af3ae1eac0440bcee416b40,2,0.0,329929983.0,2.096985062674268e+17,0.0,1400058663049.0,1,0x9bf0a7f3e45cbca6ecb872e58f9d9e8285f87bcfe8bbaf06dfc6cc8c55ba6b9b,9.311300328793628e+17,0.0,0.0,1456315529.0,0.2065899439616164,-325.067688,15.50210370736437,0.21207699008175002,349.61535374386796,-334.1132500365036
65,WETH_USDT,16551998,1675472387,0xef1c6e67703c7bd7107eed8303fbe6ec2554bf6b,0x27fda792e6eab777d234c21748e38899e0ddec765630a51c1646e041234f45a4,0xef1c6e67703c7bd7107eed8303fbe6ec2554bf6b,0xb1bbeea2da2905e6b0a30203aef55c399c53d042,63,1,0.0,7002000.0,4201409037251438.0,0.0,21388745643.0,0x8725f2372cbbd3c50523d27c317f589cdd4c0d7ff7f327f1892de57216cc6fc1,0xef1c6e67703c7bd7107eed8303fbe6ec2554bf6b,0x0d85bc9b5be0e9b603495d9d9c48c2a267ebb8bd,112,673311935051124.0,0.0,0.0,1115426.0,20838745643.0,1,0x2f85cbe593fa92d27ba74b5364040c69881b0caf77b1d3c2ba17d47626a7a1d9,0.0,146812251.0,8.809097442802392e+16,0.0,0.003528097102200314,-5.886574,-0.19532890971316874,0.0063341236929,10.21770357340915,-10.413032483122318
66,WETH_USDT,16626276,1676369111,0xe8c060f8052e07423f71d445277c61ac5138a2e5,0x88884ed83e3841c61cd2dd7a9a33afbb06b1f9a7d62a8ccab5e6f4a0a1a536f1,0xe8c060f8052e07423f71d445277c61ac5138a2e5,0x18d9c0de8e3afa65cc84ecf98fa7c2b9cbdc11b2,0,0,3920894384668672.0,0.0,0.0,5922572.0,14371340956.0,0xc7c79103b8ee0c0e67f38b942495cacce5ff788106f9d0da070a5903b10b7425,0xe8c060f8052e07423f71d445277c61ac5138a2e5,0xe8c060f8052e07423f71d445277c61ac5138a2e5,2,0.0,15661137.0,1.0306680637906956e+16,0.0,30489303260.0,1,0x4fa3a5ed147ebcf837a71461fd25ba294e4969344f041125d0c71bfeb5f6beb3,4e+17,0.0,0.0,604184756.0,0.006385786253238284,-9.738565,0.8984721545496797,0.0067290966324,11.208901779181275,-10.310429624631595
67,WETH_USDT,16676668,1676979995,0x00000000003b3cc22af3ae1eac0440bcee416b40,0x3827c309c83c3e2eeec47441affc16b89476ca89f079793767769a23c07f3919,0x00000000003b3cc22af3ae1eac0440bcee416b40,0xc0b8d9dbaa0b6cb901a607980eb75c650d107a8f,1,0,4.860788470290842e+16,0.0,0.0,81336295.0,24932013563.0,0x380e2f1881652d59b51b25bf8035e426bfb8c79ebc6ca4e28b172dd5cd26756c,0x00000000003b3cc22af3ae1eac0440bcee416b40,0x00000000003b3cc22af3ae1eac0440bcee416b40,5,0.0,121123590.0,7.195250994551194e+16,0.0,110908072513.0,1,0x3056909a0f1b2eb56d495065e07a8814c8822d642e1c433d974ee165462d41c8,7.904490336028666e+16,0.0,0.0,132265694.0,0.02334462524260352,-39.787295,-1.2645118045042167,0.0203760129114,33.62404491899841,-34.888556723502624
68,WETH_USDT,16776715,1678195643,0xef1c6e67703c7bd7107eed8303fbe6ec2554bf6b,0x7697b9adf36db533608bd9713c3df6a2f68463c7171277cacb81e3166b126446,0xef1c6e67703c7bd7107eed8303fbe6ec2554bf6b,0x84e34df6f8f85f15d24ec8e347d32f1184089a14,12,1,0.0,1000000000.0,6.371248983953943e+17,0.0,29400000000.0,0x429d49df5d3fc3885a5d39b97b3b4dc70db6979bdf7594a44de98b89e9797f10,0xef1c6e67703c7bd7107eed8303fbe6ec2554bf6b,0x14bb16256065ff4abf4a35c2a7c2fdf2a621cd61,38,1e+18,0.0,0.0,1560113864.0,27964797285.0,1,0x17d258ec795e5e1d657a708dcf9cf132eb4734339f31360db6342479e70ad5d6,0.0,53943817.0,3.436720834087981e+16,0.0,-0.3628751016046057,560.113864,48.16969575636739,0.00860471959275,12.139537806261485,36.0301579501059
69,WETH_USDT,16826541,1678801163,0xef1c6e67703c7bd7107eed8303fbe6ec2554bf6b,0x112c8aa4b0f91aae4e31c3ce46945f6bf94386f4ae27a9c142908f14a647262c,0xef1c6e67703c7bd7107eed8303fbe6ec2554bf6b,0xef1c6e67703c7bd7107eed8303fbe6ec2554bf6b,2,1,0.0,5505392884.0,3.154238810760064e+18,0.0,48511470382.0,0x720a9b56490ed2a372e5dbf3d3e3d76b668709713afb0455eb48b8fe4e3233f8,0xef1c6e67703c7bd7107eed8303fbe6ec2554bf6b,0x4aa2e17ba1ee57cf6b835cac32c12521a0b900bc,151,6.934228218760603e+17,0.0,0.0,1203377915.0,48311470382.0,1,0x48a911afddbc3bec32cc8c877accd87e62778aec0d9d2ad9c92c9cc632bc588e,0.0,894261600.0,5.122062910707292e+17,0.0,2.4608159888840038,-4302.014969,-84.31544892714464,0.0145234411146,24.89235720816109,-109.20780613530573
70,WETH_USDT,16826561,1678801403,0x4870525eae23fceb31df613d179ef6275e1b93a9,0x5b5bd27515314b38a8dcd0246c9a4102a858307717a0329b4251610be1266047,0x4870525eae23fceb31df613d179ef6275e1b93a9,0x11b815efb8f581194ae79006d24e0d814b7697f6,0,0,8.330990320641402e+19,0.0,0.0,143642935485.0,53478379264.0,0xd45960f6e64808cae236b47d8c0ab034edc8076e33cd7ec5d1184f23a7583984,0x4870525eae23fceb31df613d179ef6275e1b93a9,0x4870525eae23fceb31df613d179ef6275e1b93a9,2,0.0,143499356041.0,8.38973633074371e+19,0.0,2954898013175.0,1,0x724e217de66b49ee30bf680799da8aad7363d3418d944ff371ad4c46869b3508,9e+19,0.0,0.0,153088327785.0,0.5874601010230722,143.579444,1150.452854014956,0.45125645886585,773.4280655626812,377.02478845227483
71,WETH_USDT,16976630,1680624839,0xef1c6e67703c7bd7107eed8303fbe6ec2554bf6b,0xc8f64a07e000739767d1a23c8cdaef01fd6bf32bdda6789236cd18b378188b07,0xef1c6e67703c7bd7107eed8303fbe6ec2554bf6b,0xc0d776e2223c9a2ad13433dab7ec08cb9c5e76ae,61,1,0.0,300000000.0,1.6076517482460016e+17,0.0,37223643536.0,0x918236643dd2d354a3b12c1a88a8ee82390bb0d2064d30c8c52dabbeb8400cac,0xef1c6e67703c7bd7107eed8303fbe6ec2554bf6b,0x0d2567c333d37ccec64d842256317bce336a5d05,120,1.6230476467877475e+17,0.0,0.0,301108815.0,36323643536.0,1,0xe2378a97c6dee3524fdb49fc142a6bbda54a2a86a111cb36e75bd69520ff6040,0.0,350000000.0,1.8755521047270205e+17,0.0,-0.001539589854174592,1.108815,-1.7527774332640684,0.0110320930608,20.505041612381465,-22.257819045645533
72,WETH_USDT,17100914,1682154779,0xef1c6e67703c7bd7107eed8303fbe6ec2554bf6b,0x06119f8915011c290af61b0786b74e6e9747f23a8a7fdcbe724011097b70775e,0xef1c6e67703c7bd7107eed8303fbe6ec2554bf6b,0xef1c6e67703c7bd7107eed8303fbe6ec2554bf6b,5,1,0.0,465640498.0,2.5037378046337126e+17,0.0,32437663245.0,0xac4883aeed69c1134abff6c1d073e4047740c6bbba2210eae0e50186b9526934,0xef1c6e67703c7bd7107eed8303fbe6ec2554bf6b,0x0b41854f5d251c12b1de6a88dd4292944f04305c,160,4e+16,0.0,0.0,73953175.0,32437663245.0,1,0x50e039495941f34a07dc87b1c59f324623cb31c1e803ab6ea7304cabb93774ff,0.0,500000000.0,2.6882505426626915e+17,0.0,0.21037378046337127,-391.687323,-7.585318829592495,0.0097312989735,17.767477632763175,-25.35279646235567
73,WETH_USDT,17100975,1682155523,0xef1c6e67703c7bd7107eed8303fbe6ec2554bf6b,0x3d609a7d5f4f87bff9286305968fae5fbbb1982c43dc30c6ffa004a1d766bb9a,0xef1c6e67703c7bd7107eed8303fbe6ec2554bf6b,0x0b41854f5d251c12b1de6a88dd4292944f04305c,3,0,1e+17,0.0,0.0,184893869.0,35864651476.0,0xcad7e87981a4c60c26f0ea8e5f2cd59f7a477f97b4d1948db345bc5bf697a1d4,0xef1c6e67703c7bd7107eed8303fbe6ec2554bf6b,0x5b6a17d4e84b8d9b40eaaae821fc141d6158fe44,148,0.0,75000000.0,4.032296324527675e+16,0.0,35864651476.0,1,0x916020c3b6f0acafdcf9e421a9247f5a60fff08ba006a5ca143ff31f9634311a,4e+17,0.0,0.0,739552353.0,-0.059677036754723245,109.893869,0.9350939570649786,0.0107593954428,19.64458376960614,-18.70948981254116
74,WETH_USDT,17226550,1683679751,0xef1c6e67703c7bd7107eed8303fbe6ec2554bf6b,0x301411bfcd5d097d1b84ff4bda55d80991d51bd4ef4619d60c1effd2c3b752d3,0xef1c6e67703c7bd7107eed8303fbe6ec2554bf6b,0x3afc65088c39eb3b39b441116640992614f08166,59,1,0.0,201000000.0,1.0827487282008563e+17,0.0,63642508987.0,0x038d0caa15be382bff5b478c5e6c2158be08b78ac604848e140eb887c8b14f1d,0xef1c6e67703c7bd7107eed8303fbe6ec2554bf6b,0xc4f2adbbf84918d9baf1986117a0da2ce172d029,150,5.5982784285333914e+17,0.0,0.0,1033019395.0,61742508987.0,1,0x486d3c198e4626e2e9951e04df193fc1b359d20722edda61d61746c1a5dd028b,0.0,250000000.0,1.3466826358947242e+17,0.0,-0.4515529700332535,832.019395,15.627235133727709,0.0188077526961,34.00376670021468,-18.376531566486975
75,WETH_USDT,17327296,1684910003,0xef1c6e67703c7bd7107eed8303fbe6ec2554bf6b,0x5b933c5418944b367b268afd27b4303b3c703f45eefe54eecc4d7662ae8b55d6,0xef1c6e67703c7bd7107eed8303fbe6ec2554bf6b,0xe80912d589ecef1b43c2e12df7ff018a7b1a58b4,17,0,1.2532326688167575e+18,0.0,0.0,2281876260.0,38850000000.0,0x9c92ac38e9913809e0c1bda2fa7b6cb5cf9f2029d958fed2af3bde1d61921137,0xef1c6e67703c7bd7107eed8303fbe6ec2554bf6b,0xef1c6e67703c7bd7107eed8303fbe6ec2554bf6b,74,0.0,170617031.0,9.31526860126096e+16,0.0,35433125447.0,1,0x1740ac8664c60405122d3e7c3531bbf315804a4954db38ac67ae104649ea1bb4,2.478125e+17,0.0,0.0,451174502.0,-1.160079982804148,2111.259229,-14.215941318213027,0.01114246881705,20.415006859646024,-34.630948177859054
76,WETH_USDT,17503304,1687050563,0x3fc91a3afd70395cd496c647d5a6cc9d4b2b7fad,0xa52d20a0978f68664b03af8fb41761601987d24db7c215018b8b99ca5f663bfa,0x3fc91a3afd70395cd496c647d5a6cc9d4b2b7fad,0x3fc91a3afd70395cd496c647d5a6cc9d4b2b7fad,0,1,0.0,675181650.0,3.887840395634619e+17,0.0,13646839357.0,0x112d9408a50e667ac8b42ddc13dc934e2e5572f0b092a026665e357d91215e0d,0x3fc91a3afd70395cd496c647d5a6cc9d4b2b7fad,0x87e1aad18aa62c45440c6a35675bd41ca7e756c2,105,6.093877129057281e+17,0.0,0.0,1052011407.0,12900166141.0,2,0x248f505c1530433b29a9f4383e2959280ca480f968a2651b12d9a68209bd1b58;0xcf9860981f081822a421fb02113efefcfaebf9dd4ea7e527d499c5bc900cf6d5,0.0,1000000000.0,5.75788214701172e+17,0.0,-0.22060367334226624,376.829757,-15.987374459444027,0.0039820508247,7.0906243698738685,-23.077998829317895
77,WETH_USDT,17826520,1690969703,0x3fc91a3afd70395cd496c647d5a6cc9d4b2b7fad,0x0807aa7229af8ac6aab7b90bc469610e432cab5b334ae0c22240e90314d8ead5,0x3fc91a3afd70395cd496c647d5a6cc9d4b2b7fad,0xdbb9f25705e66385efdd92e333d3bbb3fce13bc2,23,1,0.0,50000000.0,2.6810083964959056e+16,0.0,16076640470.0,0x781f30d5b7ce395f8daf5fdc62f389368c27d686486501614006b33de7bb332c,0x3fc91a3afd70395cd496c647d5a6cc9d4b2b7fad,0x4b09ec2ff5d32a78667a0d00b42126468f3e0c20,100,3.2751149703988656e+16,0.0,0.0,60715843.0,14091734225.0,1,0xc3798e872c80377a9d45524a00e038c8760976c048c24f363096e956151004ac,0.0,498500000.0,2.6729197832674086e+17,0.0,-0.0059410657390296,10.715843,-0.16283200571887768,0.00452525620425,8.28618866144539,-8.449020667164268
78,WETH_USDT,17876593,1691574995,0x3fc91a3afd70395cd496c647d5a6cc9d4b2b7fad,0xf885ed39c85aa39af5f2a73cd50dae517177ee92eb00a984c538036a5175fefe,0x3fc91a3afd70395cd496c647d5a6cc9d4b2b7fad,0x774617bd41fa7de7536ec6d2cea7539f94404a97,63,0,1.4295361588443773e+18,0.0,0.0,2658093256.0,21661921868.0,0xf726c12aca70c0f312a348200ada81fa5e15a2d8350def348162b980016a92aa,0x3fc91a3afd70395cd496c647d5a6cc9d4b2b7fad,0x57ef5b8f56a71f1aa084ff904666ee9b0cef6fae,160,0.0,268000000.0,1.432796480667348e+17,0.0,19684795402.0,1,0xaf41fac6dd22774ac704d604afc0c8bc9f0118362c0dd3dee65e438d979e8b93,2.9895e+16,0.0,0.0,55582267.0,-1.2862565107776425,2390.093256,12.29400127266672,0.0062020075905,11.46515403649026,0.8288472361764594
79,WETH_USDT,18000864,1693077299,0xdef1c0ded9bec7f1a1670819833240f027b25eff,0x6efc05ab9b66b852af698621634c700e89e4d7b70be28cb00cf101b270230a24,0xdef1c0ded9bec7f1a1670819833240f027b25eff,0x7c63795c4b913dddc0c727498e5c16eceabcfde8,5,0,5e+16,0.0,0.0,81959588.0,12494114872.0,0xb43217b8df59a60174ab6c31e775cb8883e838b9ef2fb30e954dd731c7977bda,0xdef1c0ded9bec7f1a1670819833240f027b25eff,0x2afb813363f9339bb9c7ab59c0d33f11de1bfaef,116,0.0,501000000.0,3.0380644343247226e+17,0.0,12449515988.0,1,0xa5bd9e09e84e29375078f54691ace9613ec032e1c1ca9665efaf36dcac778ed0,1e+17,0.0,0.0,163917821.0,0.2538064434324723,-419.040412,21.010213355905933,0.003741544629,6.487105021928022,14.52310833397791
80,WETH_USDT,18001002,1693078991,0x3fc91a3afd70395cd496c647d5a6cc9d4b2b7fad,0x61605b96b7364b39c5c1a884e3eadb69a57d23b6ca97520124f011a8a7c7d1fa,0x3fc91a3afd70395cd496c647d5a6cc9d4b2b7fad,0x7c63795c4b913dddc0c727498e5c16eceabcfde8,79,0,2695148075545102.0,0.0,0.0,4425480.0,14210222886.0,0xe59ea88af8853fa2bc494bb645ca7bf16f6b03551b91e1e721085613678482e7,0x3fc91a3afd70395cd496c647d5a6cc9d4b2b7fad,0x3fc91a3afd70395cd496c647d5a6cc9d4b2b7fad,120,0.0,78273906.0,4.738385039210521e+16,0.0,13960222886.0,1,0x1a35778f15ea7d4174bbc4a55e0d01974789bafb3cd2b444bdc5a45fbb6567a1,3.965e+16,0.0,0.0,65105845.0,0.0446887023165601,-73.848426,3.633024568367233,0.0042255668658,7.326304709333411,-3.693280140966178
81,WETH_USDT,18001043,1693079483,0x3fc91a3afd70395cd496c647d5a6cc9d4b2b7fad,0x3f22cce22f9af521b30a8898208aeaab57322fd32a07e6bef1a3b01aa456ec4a,0x3fc91a3afd70395cd496c647d5a6cc9d4b2b7fad,0x3fc91a3afd70395cd496c647d5a6cc9d4b2b7fad,0,1,0.0,154026942.0,9.329406123193277e+16,0.0,54693779160.0,0x173148686b9c791c07dd287155333fc8cb829d4f8d185322acd78e238a91fdaa,0x3fc91a3afd70395cd496c647d5a6cc9d4b2b7fad,0x7c63795c4b913dddc0c727498e5c16eceabcfde8,20,3e+16,0.0,0.0,49234248.0,12600000000.0,2,0xcdefd8768c2bf085e55e9739d2c4b57ca6c0ca1a8048ad206a2fd86848a99f67;0xe943743213581a33a55a61a89af3d24ddc7551b2f2f9fffb3806baa3f16d6723,0.0,395712209.0,2.396783217776418e+17,0.0,0.06329406123193276,-104.792694,4.9468021678247425,0.010094066874,17.501133463027493,-12.55433129520275
82,WETH_USDT,18201089,1695503195,0x3fc91a3afd70395cd496c647d5a6cc9d4b2b7fad,0xeeb2b5aa085f126d0a8c2681b965e61cc9eecf63d010d9d3b082969edcb8698b,0x3fc91a3afd70395cd496c647d5a6cc9d4b2b7fad,0xda73ce7778c87131b6ad4210999de8d93b0a28e9,11,1,0.0,85429951.0,5.3412120528174584e+16,0.0,8740472880.0,0x8a291df92d4ce503970c3180ab6adc6abf1c3e75a884414ce7c1dbaf506d3759,0x3fc91a3afd70395cd496c647d5a6cc9d4b2b7fad,0x6896b0e50bbffc93c1d655a2caada5537f48a5b6,72,1.23551e+16,0.0,0.0,19643542.0,6840472880.0,1,0xca6bc870000b16e391549613d9f1a55292c8d73d2fca3025195483b770ea9426,0.0,500000000.0,3.1260260575819546e+17,0.0,0.04105702052817459,-65.786409,-0.5847173266541006,0.002337141864,3.711560197331544,-4.296277523985644
83,WETH_USDT,18525882,1699430123,0x3fc91a3afd70395cd496c647d5a6cc9d4b2b7fad,0x2b94e9d828f027f282dbb1ed1cd42fa5d02323ba631700d034614e3011ac28c0,0x3fc91a3afd70395cd496c647d5a6cc9d4b2b7fad,0x3fc91a3afd70395cd496c647d5a6cc9d4b2b7fad,24,1,0.0,84041991.0,4.454527891042578e+16,0.0,25836013488.0,0x5cf688ea0b89bf2314b29a38c961d15fa33dfa8525f362419bdacd9cfa1fa586,0x3fc91a3afd70395cd496c647d5a6cc9d4b2b7fad,0x56532b36166afd46ec40199c3ff0eadfc135e111,156,5.7447360274398016e+17,0.0,0.0,1077320871.0,23429912400.0,1,0xe6db95f9df85a7560bdc7eb2afb2f2fc575327b0ea5444f61f0803dea1d69b08,0.0,99925000.0,5.296356377026984e+16,0.0,-0.5299283238335544,993.27888,-99.38907976209578,0.0073898888832,15.237333891613094,-114.62641365370887
84,WETH_USDT,18526300,1699435163,0x3fc91a3afd70395cd496c647d5a6cc9d4b2b7fad,0x2cb98e4355c629ea87276cb0b23ed005148f00d720b6caf9363da6dbb85727c2,0x3fc91a3afd70395cd496c647d5a6cc9d4b2b7fad,0x24d45c8d175d9eeff2b68b53466644fb750aac67,12,0,5.607844814442885e+16,0.0,0.0,105172841.0,20989590465.0,0xc770b78134f392b9422f0cece5d5d8e53ef687e972657045e055db54886db167,0x3fc91a3afd70395cd496c647d5a6cc9d4b2b7fad,0x0a86421ee3a48fa6a2e1b7775860b39d96e1453a,99,0.0,150503289.0,7.976674560052822e+16,0.0,20989590465.0,1,0xceed9f38c3a25f9d21398ca5bfb4d43d8d0d72d93356336e84d3278c4776ac38,1.090375e+17,0.0,0.0,204493550.0,0.023688297456099378,-45.330448,3.512843606589996,0.0062968771395,12.98363493220475,-9.470791325614753
85,WETH_USDT,18526538,1699438043,0x3fc91a3afd70395cd496c647d5a6cc9d4b2b7fad,0xf4551f2386d03a8f5c5d0837b40773544846f606464cd333f1eadb5899a4e872,0x3fc91a3afd70395cd496c647d5a6cc9d4b2b7fad,0x3fc91a3afd70395cd496c647d5a6cc9d4b2b7fad,62,0,5.3296110592876296e+16,0.0,0.0,100150000.0,21229454044.0,0xf93678945cb8fa13257d54bdb1578f409b3ff4e70c98b6f642b93daebd4291de,0x3fc91a3afd70395cd496c647d5a6cc9d4b2b7fad,0xf3fdcfbfdb96315fc628854627bdd5e363b3ade4,148,0.0,300000000.0,1.5871039460826448e+17,0.0,20943125044.0,1,0x6270d6926c3c3839b7520fd338cc8f0b9ab6e8548e644538e52501b03a4d049c,1.095306181808702e+18,0.0,0.0,2058087757.0,0.10541428401538819,-199.85,17.505452548058543,0.0063258868632,13.043450560437705,4.462001987620837
86,WETH_USDT,18575974,1700035319,0x3fc91a3afd70395cd496c647d5a6cc9d4b2b7fad,0xdf2b8daa7eb4eb191100b0b40b934795d4bf45dd7611a11a34e395d5ebde6588,0x3fc91a3afd70395cd496c647d5a6cc9d4b2b7fad,0x382e073d5b21bf4f8fc67a0863876c773d00d49d,22,0,5.92508406274958e+17,0.0,0.0,1172434920.0,28684625843.0,0xf61b32ac7bdb298f6c46bd9a13bda8952ab1c72f987177e476b8e0850691f5c3,0x3fc91a3afd70395cd496c647d5a6cc9d4b2b7fad,0x4742e4924a6511f97c6299d96b283360d0b337ae,171,0.0,600000000.0,3.014111266506636e+17,0.0,25000459414.0,2,0x91b930a815f00841295d2f7c09078cdc932524d558da5c1eb19a03e1ebbedc53;0x5c982a12d4c78b0d6ac8bd48384f30cd5bd59e71d14c52ae2f9b25f79dbdfff9,1.0117704934410168e+17,0.0,0.0,200197867.0,-0.2910972796242943,572.43492,6.626695916909625,0.00805276278855,15.652222577388901,-9.025526660479276
87,WETH_USDT,18601254,1700341199,0x3fc91a3afd70395cd496c647d5a6cc9d4b2b7fad,0x4b23c578159f54b0ac777390881a830e92fe32b4079f5a46dadc1167813ed659,0x3fc91a3afd70395cd496c647d5a6cc9d4b2b7fad,0xb36ec83d844c0579ec2493f10b2087e96bb65460,1,1,0.0,500000000.0,2.5374145588080858e+17,0.0,16590596425.0,0xee5121e4b5a964b29e4d308a2059a2e5c541bc1e1e41ab129f9f5b49dc1277ce,0x3fc91a3afd70395cd496c647d5a6cc9d4b2b7fad,0x59a0d008d3d88b13b30f17d5884062d291f986f1,99,8.9103761179181e+18,0.0,0.0,17445232253.0,16590596425.0,1,0x7571d1a6598d0891268487f7e794a8c5676a1ee82b863ab00a50ba17d70d3db3,0.0,98000000.0,4.973248657858027e+16,0.0,-8.656634662037291,16945.232253,33.88256921057837,0.0049771789275,9.7232719836107,24.159297226967666
88,WETH_USDT,18676402,1701250427,0x1111111254eeb25477b68fb85ed929f73a960582,0x9a64df78455c73160ff4738fa2146b99168a0fdf802d0e821cac853c451a3a13,0x1111111254eeb25477b68fb85ed929f73a960582,0x1111111254eeb25477b68fb85ed929f73a960582,63,1,0.0,96936118.0,4.681382568675675e+16,0.0,32882309993.0,0x78770155ae8ff501a5375d523f5fd2a40f62068efdd410c85176ccc26bce2749,0x1111111254eeb25477b68fb85ed929f73a960582,0xa7ca2c8673bcfa5a26d8ceec2887f2cc2b0db22a,111,7.881951200209597e+17,0.0,0.0,1622394628.0,32592309994.0,1,0xbae08253bbdf8106fbe3dcefcfa0a478b99833a54d5157c36b5d87aeaec10ba1,0.0,1800000000.0,8.692443209631898e+17,0.0,-0.741381294334203,1525.45851,-35.64208423669061,0.00982119299805,20.680141706485667,-56.32222594317628
89,WETH_USDT,18701059,1701548327,0x3fc91a3afd70395cd496c647d5a6cc9d4b2b7fad,0x64460d3811d055e41ff65d72bf696c557de603cf775bc868ff4c0358ee954105,0x3fc91a3afd70395cd496c647d5a6cc9d4b2b7fad,0xa5283b3a7426923fb035b28d6ae2d48bac8fe500,74,0,4.968882194224589e+17,0.0,0.0,1069200978.0,39225949404.0,0x071f676fff5fca83f8cef515a35eeec606655be8e51c29006d3153662ed1c5b9,0x3fc91a3afd70395cd496c647d5a6cc9d4b2b7fad,0x537b8afa3d302e5c873922de7014d714f050af51,99,0.0,300000000.0,1.3858608742909056e+17,0.0,38854854742.0,1,0x2b55c9b29bde95ab2bc3c767c128627f357a9c950923a28b4a4742cff47f5d1e,2.478125e+16,0.0,0.0,53322771.0,-0.3583021319933683,769.200978,-47.19421058047419,0.0117121206219,26.68619042425984,-73.88040100473404
90,WETH_USDT,18701122,1701549083,0x3fc91a3afd70395cd496c647d5a6cc9d4b2b7fad,0x4e9b3bf682f0c3ab390b57c569ea59a40d0d9de9ece4f67d9acb52a8a9ff7f31,0x3fc91a3afd70395cd496c647d5a6cc9d4b2b7fad,0xc1754e356bc3fab37ea69c389cf9f12545a1b8e4,7,0,8.681698822695432e+17,0.0,0.0,1870281545.0,34617968727.0,0xd90ad5011b7e4f5c6dc33298bd3142651530868481351566c8a7df8b92077f70,0x3fc91a3afd70395cd496c647d5a6cc9d4b2b7fad,0x69c66beafb06674db41b22cfc50c34a93b8d82a2,81,0.0,3915000000.0,1.80644258348386e+18,0.0,34617968727.0,1,0x32da0263656f7353fe4172b5eae3bde56a39f6cf1ef86fdc63cfc91195fa4b1c,5.718400690665784e+17,0.0,0.0,1231816789.0,0.9382727012143168,-2044.718455,93.14579544758249,0.0103853906181,23.663222110837353,69.48257333674513
91,WETH_USDT,18726195,1701852539,0xdef1c0ded9bec7f1a1670819833240f027b25eff,0xaf58552e0fec23b2f75e8aa181abe40277a4c46e7a6934b67fa14201aed7fcef,0xdef1c0ded9bec7f1a1670819833240f027b25eff,0xf2da774d09a7664dea6a80a8bce035ec1951d6f4,2,0,9.7702160780677e+17,0.0,0.0,2215075780.0,49145324719.0,0xe4aa9a45d0ae759c7810f69c1de809c02b03ac1f87f37307a73380c0ab208f3c,0xdef1c0ded9bec7f1a1670819833240f027b25eff,0xc2eab7d33d3cb97692ecb231a5d0e4a649cb539d,65,0.0,131935375.0,5.784962611144681e+16,0.0,49345324719.0,1,0x1321b95af1483a4e224e42644e6f73b12cf35f157543290a4198030307a9fa4b,3.035153571305898e+17,0.0,0.0,688077039.0,-0.9191719816953232,2083.140405,-81.31451813776266,0.0147735974157,34.78868622593253,-116.1032043636952
92,WETH_USDT,18775997,1702455323,0x3fc91a3afd70395cd496c647d5a6cc9d4b2b7fad,0xfbf3928e926f3af9c984e0bf56c9a6f17684bb6bc320b0a22015a8edaf8ffcfb,0x3fc91a3afd70395cd496c647d5a6cc9d4b2b7fad,0xbf1b5753a704b49cff8bc6320d7505aa37a35192,34,1,0.0,1000000000.0,4.585309891676327e+17,0.0,30520040513.0,0xa77b83552a839b981884c8c8242322d5cb3359ae0f7215cc0ad12227925bc794,0x3fc91a3afd70395cd496c647d5a6cc9d4b2b7fad,0x5b25a98fb1422c4a72d1b8e875c6470fb74dbfb2,125,4.4625420707034685e+18,0.0,0.0,9672592046.0,28620040513.0,1,0x8cdf995c195dcefc0ad9c0560a168fb665b043e87cac9aa77540bcc754d459a5,0.0,397268879.0,1.8215555343122547e+17,0.0,-4.004011081535836,8672.592046,-307.2220565205389,0.0088710121539,19.895059834016934,-327.11711635455583
93,WETH_USDT,18776668,1702463435,0x3fc91a3afd70395cd496c647d5a6cc9d4b2b7fad,0x9a7b2a4ec93cf563a89bf4cacabf3b0d540aa01494a0f28e5c851ceb14391759,0x3fc91a3afd70395cd496c647d5a6cc9d4b2b7fad,0x676d4e41f62955cf34f73a255d4217004737713f,0,0,7502236087864875.0,0.0,0.0,16285565.0,33651103640.0,0xf7eb3fe4fb1aa66c74c9fbc613ee2241334570592c3a47d637a8336515fd9a98,0x3fc91a3afd70395cd496c647d5a6cc9d4b2b7fad,0xf4acdac048c14c5e49bbede0c72444d806a75cde,4,0.0,6453624369.0,2.9550322241011446e+18,0.0,33651103640.0,1,0xecad186217629c55dbb17e0e11805c63f1e23f79ec716846b542e77093af01b3,8.9235e+17,0.0,0.0,1937011593.0,2.94752998801328,-6437.338804,173.10028195060477,0.010095331092,22.64084555799557,150.4594363926092
94,WETH_USDT,18801776,1702767935,0xdef1c0ded9bec7f1a1670819833240f027b25eff,0xe7d57dd92373ad4ed6e7c493142ae5aec126d56f4f3405e9d3b3c171588a073e,0xdef1c0ded9bec7f1a1670819833240f027b25eff,0x4d2f3eeab258cb1b7523d2ed71d02a8a7c309e66,72,1,0.0,2502014121.0,1.118396927009582e+18,0.0,39317222311.0,0xbb24f22bf4310e2a16bd0ab62b9c18fbf4759d16fd9c41dcbdba8025ffb1b7bd,0xdef1c0ded9bec7f1a1670819833240f027b25eff,0x7d6799455195b7c4973493c879e92fc2db4c5428,88,4492736368476000.0,0.0,0.0,9991476.0,39317222311.0,1,0x0fd6b73e13a18256ebe413eb02918d68388f2ef0d947e73a154345a8ded1c994,0.0,1020000000.0,4.559103722464547e+17,0.0,1.113904190641106,-2492.022645,-67.46728166846106,0.0117951666933,25.673693400121323,-93.14097506858238
95,WETH_USDT,18825869,1703060135,0x3fc91a3afd70395cd496c647d5a6cc9d4b2b7fad,0x1eeaa2d148de482ed43a5d3cb4df14f8324b2b4c48678e3551dc94572c10f364,0x3fc91a3afd70395cd496c647d5a6cc9d4b2b7fad,0x68fd0884f99558004b813095152565408a203a00,63,1,0.0,342280000.0,1.542680125488231e+17,0.0,75078406256.0,0x9cbf8ed2965014cf9e72934535ce4e87e43a47e7e80917e3408791c1ad6a6d4e,0x3fc91a3afd70395cd496c647d5a6cc9d4b2b7fad,0x3ca619c113b1ca7ca8527a5a6d87b61c7f09d6a5,151,6.564139666793351e+18,0.0,0.0,14472648313.0,73835522743.0,1,0xba7b807852714ec80673aa140c56edb5e46c07c321ca1cb1c4445bbe2f28a899,0.0,500000000.0,2.2535023707127117e+17,0.0,-6.409871654244528,14130.368313,-537.4189428100653,0.02233708934985,51.114233196957194,-588.5331760070226
96,WETH_USDT,18876586,1703675135,0x3fc91a3afd70395cd496c647d5a6cc9d4b2b7fad,0x32a69851e4c80f06075637832e90abf7aa34ef200f43ffb59b79a2afa405a6db,0x3fc91a3afd70395cd496c647d5a6cc9d4b2b7fad,0xab208e92572217df5297d996f01b7741d1a5e944,129,0,4.639417164635159e+18,0.0,0.0,10512890488.0,24539744408.0,0x2449c1d8d87edcf96774bd42ef8bb913ec563eefe4197c7910eed9c8c251eef5,0x3fc91a3afd70395cd496c647d5a6cc9d4b2b7fad,0x79dd15ad871b0fe18040a52f951d757ef88cfe72,148,0.0,1000000000.0,4.387329138642888e+17,0.0,24539744408.0,1,0x17080a3d0b781e645bc86a75851d532b37f9cd4fefcb4a5893ed476d1536b8e6,3.965e+16,0.0,0.0,89831136.0,-4.20068425077087,9512.890488,-98.08990792342047,0.0073619233224,16.843756041624285,-114.93366396504476
97,WETH_USDT,18926620,1704282395,0x1111111254eeb25477b68fb85ed929f73a960582,0xc5d6bc6efd28cd0808f6dce4be7a5e7a04aa07c8252dd8d0bcb292d630a83ba6,0x1111111254eeb25477b68fb85ed929f73a960582,0x6d9aa8a1758002c24f2b4f4d3229e06b09559240,118,0,1.3184823414153185e+18,0.0,0.0,3072156078.0,22137128139.0,0x8ba68ff1c14497426e2afdd309ebdc1d5ec6c5011448a20f2bcf2b430b8c0acd,0x1111111254eeb25477b68fb85ed929f73a960582,0x1111111254eeb25477b68fb85ed929f73a960582,205,0.0,35334694.0,1.5076071556748968e+16,0.0,22047128121.0,1,0x02689239b0330018ab16146f658c8f6309491a4eef4e57bce8514b52d6cb79dd,1.4750041163069212e+18,0.0,0.0,3436522546.0,-1.3034062698585696,3036.821384,119.34477985839249,0.006627638439,14.834960160649082,104.50981969774341
98,WETH_USDT,18951724,1704587915,0x3fc91a3afd70395cd496c647d5a6cc9d4b2b7fad,0x666a715f08f9467e1e674febc1df56a8ad0b3992eddb6e1634fe4d82b51c7acb,0x3fc91a3afd70395cd496c647d5a6cc9d4b2b7fad,0x2a6c340bcbb0a79d3deecd3bc5cbc2605ea9259f,48,1,0.0,212569476.0,9.457850562230224e+16,0.0,20819921810.0,0x6e6f95d7a06989319cefc4ef72d29479f47670685b3cc7469f0e76e719702225,0x3fc91a3afd70395cd496c647d5a6cc9d4b2b7fad,0x4ed8973e1d76c41f6dd82673f43b4ad85ed04123,123,1e+17,0.0,0.0,223409693.0,20737804945.0,1,0x117e8be880abe7d3d5e8e7d1b0e17c84238f755da33fb82dff802cee03084690,0.0,250848271.0,1.1160909767944856e+17,0.0,-0.00542149437769776,10.840217,-2.067690418085011,0.00623365901325,14.841570942126665,-16.909261360211676
99,WETH_USDT,19026599,1705494371,0x3fc91a3afd70395cd496c647d5a6cc9d4b2b7fad,0xb6e878d041ccca385a229a1ab46a47b3ff6a3c185bd1e0de95c460c015d350ac,0x3fc91a3afd70395cd496c647d5a6cc9d4b2b7fad,0x3fc91a3afd70395cd496c647d5a6cc9d4b2b7fad,15,1,0.0,290000000.0,1.1380821694019856e+17,0.0,38214174807.0,0xccccb5e6e77b2eb7231ef135562c4cfe725edc54a4f8be6e0a975757029ee76d,0x3fc91a3afd70395cd496c647d5a6cc9d4b2b7fad,0x1866f577d7cad99fafa1478de069bb59eacdf471,57,7.878576869880036e+17,0.0,0.0,1995580129.0,36222409024.0,1,0x5fa8cd331f82e6e6634962ac48d47bf6765ba77c53a38606a337bc42a1b8f380,0.0,1500000000.0,5.886506228326482e+17,0.0,-0.674049470047805,1705.580129,39.88169483819456,0.01116548757465,27.59194390944119,12.28975092875337
100,WETH_USDT,19076053,1706093963,0x3fc91a3afd70395cd496c647d5a6cc9d4b2b7fad,0xc88ec47c10cf1cc28ba92b89c57216ae90553c8551bfa5926f69d822027360fc,0x3fc91a3afd70395cd496c647d5a6cc9d4b2b7fad,0xf6d109fab08e84a005f34e1f5f0a8c5a02d0d0e5,9,1,0.0,150000000.0,6.623690850438682e+16,0.0,15599471898.0,0xe20bf7d8c1c734069a29e914a78d56ee359b54e9b88d0ee209f0e7987ab22bc7,0x3fc91a3afd70395cd496c647d5a6cc9d4b2b7fad,0x4ed8973e1d76c41f6dd82673f43b4ad85ed04123,104,2.5878453352062676e+16,0.0,0.0,58253286.0,15599471898.0,1,0x803b6f60b92b7053645a26555654a90c48bd50e921305351dee9a4e4e00e6ffa,0.0,7773156.0,3432458624626308.0,0.0,0.04035845515232414,-91.746714,-0.24882437596350826,0.0046798415694,10.609812138715627,-10.858636514679135
101,WETH_USDT,19151545,1707008303,0x3fc91a3afd70395cd496c647d5a6cc9d4b2b7fad,0x5142cf8449671335fc56a702e7446c30ab783c2c8a6b44a89ff7656e361bd60f,0x3fc91a3afd70395cd496c647d5a6cc9d4b2b7fad,0xc94562cd81192cedfc7105595a14929aef2e918f,59,0,4.955e+16,0.0,0.0,113576329.0,12593821196.0,0xd06b69eb607f1a5b0651ae836fdc0554b96d52f322713ae2757cb4cc648a0b76,0x3fc91a3afd70395cd496c647d5a6cc9d4b2b7fad,0xabc48533db874b4ef915401eeca67405381d7138,141,0.0,12000000.0,5203900060382965.0,0.0,12553393295.0,1,0x59f05bf405d0132fc9fb8183f9d0c291826c095cda345c7594e64603a435716c,3.965e+16,0.0,0.0,90883750.0,-0.04434609993961703,101.576329,-4.029064607623212,0.00377208217365,8.982801716746579,-13.011866324369791
102,WETH_USDT,19176105,1707306347,0x3fc91a3afd70395cd496c647d5a6cc9d4b2b7fad,0x020d0dfba2adc38b8ccce21d7b29ece539de902728019dd49c016eb6224002ca,0x3fc91a3afd70395cd496c647d5a6cc9d4b2b7fad,0x4646e165bd90374625e79b1d3b56f3ed3b0af779,301,1,0.0,470000000.0,1.9835495159621456e+17,0.0,23468533127.0,0xef166b02ada4ae818cc974a5aa12f450f7cfae8fa91967b2082fa29db00d312a,0x3fc91a3afd70395cd496c647d5a6cc9d4b2b7fad,0x7cd35a7ac6f81c8f06bb858eab6714ace75dd100,369,2.9952661952933165e+17,0.0,0.0,705474695.0,23459648718.0,1,0xf5c0ef77d7f920dec2e1fc68774fefc1eb2658e8c9d791234b4ed2a841db9313,0.0,200000000.0,8.440565819090235e+16,0.0,-0.10117166793311709,235.474695,-16.640455565273413,0.00703922727675,17.541431123921253,-34.18188668919467
103,WETH_USDT,19251222,1708217147,0x3fc91a3afd70395cd496c647d5a6cc9d4b2b7fad,0x21e046748fab485af5bd78c2321804d68fe624f33f222a8440032476327092b6,0x3fc91a3afd70395cd496c647d5a6cc9d4b2b7fad,0x3fc91a3afd70395cd496c647d5a6cc9d4b2b7fad,10,0,2e+17,0.0,0.0,555626128.0,17544939616.0,0xf83b5604c7da7ecc65eea63a3a6023889829b1492750b0e746d13e5fb2060693,0x3fc91a3afd70395cd496c647d5a6cc9d4b2b7fad,0x8ef598943003e60ae3771cbaf5cc855e983b9f0d,100,0.0,506936118.0,1.8138813894326234e+17,0.0,15424135396.0,1,0xa864c423f0e4f36481b03cef04c4b756fc787fe7b5f8d9b8c91a8f6ca09759c4,6.378256403539793e+17,0.0,0.0,1771915458.0,-0.018611861056737664,48.69001,-7.179735420194227,0.0049453612518,14.845161013542883,-22.024896433737112
104,WETH_USDT,19276370,1708522595,0x3fc91a3afd70395cd496c647d5a6cc9d4b2b7fad,0xeb05b6dcdffecb0826a6a130437907d0062a6bb97ebe268455799d53ebad06ea,0x3fc91a3afd70395cd496c647d5a6cc9d4b2b7fad,0x19f29007707989212d19d7687fb29ead1338f006,148,0,4.3344060375861576e+18,0.0,0.0,12561789483.0,43925090797.0,0xb450670d3b3812147e6583ee5e7fba8b962c43ff8feed3c676a1eda716873b25,0x3fc91a3afd70395cd496c647d5a6cc9d4b2b7fad,0x00aa5429d1b7c90d156c812653970c6f86d5b062,207,0.0,447354185.0,1.5346005960980294e+17,0.0,43876030797.0,1,0x6f30a55e77447165931667d19124aeeadb7625f6875dbd3cf9585aa9e26b81e1,3.76675e+17,0.0,0.0,1091482230.0,-4.1809459779763545,12114.435298,-255.27861934027896,0.0131701682391,38.965156263454006,-294.24377560373296
105,WETH_USDT,19326079,1709123963,0x6b75d8af000000e20b7a7ddf000ba900b4009a80,0x849cf5aa5522d6453d8cec9a327660e360d0dd137a1eb454ddc5e0077d754412,0x6b75d8af000000e20b7a7ddf000ba900b4009a80,0x6b75d8af000000e20b7a7ddf000ba900b4009a80,0,1,0.0,409097345065.0,1.2282393485332236e+20,0.0,61357211462.0,0xbd900acb82eac59f83fa0e12a44093896887dfea096aec3e954ff8ff859cc3fb,0x6b75d8af000000e20b7a7ddf000ba900b4009a80,0x6b75d8af000000e20b7a7ddf000ba900b4009a80,2,1.2282393376023642e+20,0.0,0.0,410628185344.0,5274805072548.0,1,0xe17a09e45cb2b9b39a2fcc939a6ba674ac7dd1872b868db88faa408587b63ec1,0.0,400000000000.0,1.1891267200427036e+20,0.0,1.093085937664e-06,1530.840279,1530.8440110131826,0.8004243426015001,2732.8081857869943,-1201.9641747738117
106,WETH_USDT,19326419,1709128079,0x3fc91a3afd70395cd496c647d5a6cc9d4b2b7fad,0x7dfedb130ec0e4958a826cda252b5a5604ad4b1f7b3f486ca93ec145bd773458,0x3fc91a3afd70395cd496c647d5a6cc9d4b2b7fad,0x85fc93d77d43898b262c361ab676e4e3caa6dcd1,79,0,1.3923822046350014e+17,0.0,0.0,464724239.0,73249757987.0,0x56af0f54b80d7c235af66e175645343e380384850a190a25f3bfa2ea0081ec5a,0x3fc91a3afd70395cd496c647d5a6cc9d4b2b7fad,0xb227eb108f570fc6ec9b82598c469b93e5e0a7c2,155,0.0,984000000.0,2.930952769909283e+17,0.0,72264100034.0,1,0x03cdbe2f4e568212acedc1219c4f04ab6e1e41a622834887a71f17bee83ec680,1.7782786505088832e+18,0.0,0.0,5934754457.0,0.15385705652742815,-519.275761,6.0228851564668275,0.02182707870315,74.52199561786978,-68.49911046140295
107,WETH_USDT,19351289,1709428451,0x3fc91a3afd70395cd496c647d5a6cc9d4b2b7fad,0x1f4c4aa7c618b838d8fc3ce652fe0e8f7ed21aaa4198da571914b1c9caf74a32,0x3fc91a3afd70395cd496c647d5a6cc9d4b2b7fad,0x4085cafb2c519e6bf69ad410d91dbb6139948366,27,0,4.9e+17,0.0,0.0,1672776882.0,43408723089.0,0x7d850742bad06a781695b8ff0212ca482e7adc368bb407bffb30bf9f4e3300c2,0x3fc91a3afd70395cd496c647d5a6cc9d4b2b7fad,0x9ec9367b8c4dd45ec8e7b800b1f719251053ad60,122,0.0,3000000000.0,8.735138903704664e+17,0.0,41409693089.0,1,0x0e5965baceb28304509d64e924e5d18abf579bc5bc5ecae207613d56efa3f02b,5831354317462000.0,0.0,0.0,19906455.0,0.38351389037046646,-1327.223118,29.40496558769769,0.0127227624267,45.005036954991986,-15.600071367294298
108,WETH_USDT,19351345,1709429123,0x3fc91a3afd70395cd496c647d5a6cc9d4b2b7fad,0xe06778d99c4a8b2bf5a287e474af1260e1a8e09b418c68f076e22c5f7c1c9d59,0x3fc91a3afd70395cd496c647d5a6cc9d4b2b7fad,0x01638ec2bb49e578f280fdb951d0b26705379a57,116,0,1.5290825834252253e+17,0.0,0.0,522351841.0,39428518855.0,0xb9b23e0f2de5c82ca6eac3195ac3affe723378866eb55eb26d715e69bae9a119,0x3fc91a3afd70395cd496c647d5a6cc9d4b2b7fad,0x3fc91a3afd70395cd496c647d5a6cc9d4b2b7fad,190,0.0,200000000.0,5.8196324556066e+16,0.0,39420109855.0,1,0xd2b96f056265155cbd32c4562ffde8af580b4e4077f4f8b33d2c08c6a4ac3405,1.3982143637396408e+17,0.0,0.0,477639392.0,-0.09471193378645652,322.351841,-12.678707962614794,0.0118272943065,41.837440603664746,-54.51614856627954
109,WETH_USDT,19376150,1709728331,0x3fc91a3afd70395cd496c647d5a6cc9d4b2b7fad,0xbd039dd94502df23bd1b4f6a17f2706745a6afc916ac385c04c248b373d9ca53,0x3fc91a3afd70395cd496c647d5a6cc9d4b2b7fad,0x2a6c340bcbb0a79d3deecd3bc5cbc2605ea9259f,226,1,0.0,2500000000.0,6.466771188991788e+17,0.0,84789987076.0,0x14d35900b5768430c59088f2d939ab325b7bea50b8a8db5d6c89769347a2fd16,0x3fc91a3afd70395cd496c647d5a6cc9d4b2b7fad,0x9912b00b5c46aeb834f0d8f5c443407a7aed0f89,307,9.376598644554445e+17,0.0,0.0,3603365700.0,84781207926.0,2,0x0459c1719ba1193f01e1132824ab9824cc84f725702781cf38821e00e8977a36;0x2c5bd9c4d0e084e6702e23fb87392b0bdec028f0f0101b166860c2ac0d2b1349,0.0,2046193974.0,5.2925329101666125e+17,0.0,-0.29098274555626574,1103.3657,-39.25633175503299,0.0254356792503,99.88003738327258,-139.13636913830555
110,WETH_USDT,19376191,1709728823,0x3fc91a3afd70395cd496c647d5a6cc9d4b2b7fad,0x623a13f054776c2bee5111ead7d269d2de4b81316bfb2c22bf852459daeecb2d,0x3fc91a3afd70395cd496c647d5a6cc9d4b2b7fad,0xe9dbbddba83f77b8e0c24faeebf54bc800425ed1,0,1,0.0,65000000.0,1.68381848805995e+16,0.0,82920009594.0,0x531d887dca685c44348f5207c0c7899f95e5f9dff05f8e0cc1e28f673ab52181,0x3fc91a3afd70395cd496c647d5a6cc9d4b2b7fad,0xb65bc138fcc3bb8fbe749402ffdff9b007cc41c1,4,5.213758130626328e+18,0.0,0.0,20000000000.0,82925018577.0,1,0xeebe084f2d45a0ada1594ca0c649859f5472eea272efc61230c04b21a8ed78b6,0.0,423143158.0,1.0961397907056371e+17,0.0,-5.196919945745728,19935.0,-472.1042629158874,0.02487675422565,97.68526790976502,-569.7895308256524
111,WETH_USDT,19401115,1710030419,0x3fc91a3afd70395cd496c647d5a6cc9d4b2b7fad,0x4fd9611188eca586528e50802bd3ca67cf7aaa095b82fad1a064dbf3a253cf9d,0x3fc91a3afd70395cd496c647d5a6cc9d4b2b7fad,0xf0f93a837cce0054b7c0128fd5ae507f54aca0e7,106,1,0.0,5555000000.0,1.414024835622379e+18,0.0,48007923238.0,0x087db1a3c13ae918b7124ab1cd19469e60e508ef795a5f814f806d14985af8fc,0x3fc91a3afd70395cd496c647d5a6cc9d4b2b7fad,0x42e61aa38e3044f048280b56e384fe12ef7270d0,207,5.222699042509248e+17,0.0,0.0,2039523411.0,47751709700.0,1,0x47d211ed0841776d84b1902e57b9aaf8e36d1a8fefed1ba2423f82f7ec3c05f8,0.0,991250000.0,2.5232457366468806e+17,0.0,0.8917549313714542,-3515.476589,80.18076869331253,0.0143639449407,57.91706050012977,22.263708193182758
112,WETH_USDT,19475970,1710938435,0x3fc91a3afd70395cd496c647d5a6cc9d4b2b7fad,0x06518e2425c096cc126ec48a1a8011bf53e031d21f5d4fd0feaf3949588a4e1e,0x3fc91a3afd70395cd496c647d5a6cc9d4b2b7fad,0x3fc91a3afd70395cd496c647d5a6cc9d4b2b7fad,5,1,0.0,1466812798.0,4.367106941631161e+17,0.0,36938529584.0,0xa2f1cd7f3a17d426e9405765571327eaeedc60feec1cab749f4aae1359ca013d,0x3fc91a3afd70395cd496c647d5a6cc9d4b2b7fad,0x4ed8973e1d76c41f6dd82673f43b4ad85ed04123,230,1.9e+17,0.0,0.0,634357418.0,36921157764.0,1,0x8ee7076328e98ec782cc305288c7b7972919fc9011c3d994d8f380c0be36d271,0.0,856000000.0,2.5484732525403424e+17,0.0,0.24671069416311608,-832.45538,4.243142301786975,0.0110789531022,37.57333552445328,-33.3301932226663
113,WETH_USDT,19476109,1710940103,0x1111111254eeb25477b68fb85ed929f73a960582,0xaa4c18f2c2dbded3adcac614624f8efd9bc1c68e49a47363f413acab3d7d61e7,0x1111111254eeb25477b68fb85ed929f73a960582,0x2dfadab8266483bed9fd9a292ce56596a2d1378d,86,0,3.8019397154501146e+17,0.0,0.0,1269579778.0,38203853904.0,0x95cd399d044e8a5f3dca337e9667f58a373ad9e1fe7f26f5b9559e90b4a50c07,0x1111111254eeb25477b68fb85ed929f73a960582,0x1111111254eeb25477b68fb85ed929f73a960582,147,0.0,50000000.0,1.4883903215238796e+16,0.0,38113553907.0,1,0xae88473281b986f37fc7b0325f2598b1bda16b5a9f602e45e190f8a04e341438,1.2246758101528026e+17,0.0,0.0,408946611.0,-0.3653100683297727,1219.579778,-19.338524225675428,0.01144761117165,38.82360829025201,-58.16213251592744
114,WETH_USDT,19476184,1710941003,0x3fc91a3afd70395cd496c647d5a6cc9d4b2b7fad,0xe839bbb4bb279ed70768ff33742ae8e6db7ea9e3a1fa3c288d23ea7cf17efe70,0x3fc91a3afd70395cd496c647d5a6cc9d4b2b7fad,0x1475ec80834c6a78f8afebb6670993dae632f0f7,11,1,0.0,500000000.0,1.4884577742800544e+17,0.0,42254837125.0,0xba923dea7c2ddc24497311622999569057b44aa2d4ac0c2da9b6c06ca9cac325,0x3fc91a3afd70395cd496c647d5a6cc9d4b2b7fad,0x3fc91a3afd70395cd496c647d5a6cc9d4b2b7fad,122,1.1997370503178989e+17,0.0,0.0,400600000.0,39820062317.0,1,0x7ee16aa53a9e6d442fac3365640b3581dce13a358d0009a6bda885917b99aa32,0.0,47357324.0,1.4097777263603884e+16,0.0,0.028872072396215552,-99.4,-1.4828002951023507,0.0123112349163,41.75251541940807,-43.23531571451042
115,WETH_USDT,19476339,1710942875,0x3fc91a3afd70395cd496c647d5a6cc9d4b2b7fad,0x8f3cf44ccf824b8e8d688ada0d6d3df6eed5c8ddabd6f21b4533428b87fb5a5d,0x3fc91a3afd70395cd496c647d5a6cc9d4b2b7fad,0x0f7a328a3f74668a9abd8d0612c83b465df62cbd,43,0,8.274955485511333e+17,0.0,0.0,2761636009.0,29940383234.0,0x2a4789c2f340ca23d597a027062e7640e24a48ff4e3423c34d84a272d1cb29e7,0x3fc91a3afd70395cd496c647d5a6cc9d4b2b7fad,0x3fc91a3afd70395cd496c647d5a6cc9d4b2b7fad,370,0.0,100000000.0,2.9785935476697988e+16,0.0,29939497942.0,2,0x87cf3399e15f9dc7a5c5bb05f3ad1163a317fad775ca155adbf93696b26c6dde;0x2f3c7f0d3e661eb2147870bc19d954da479238edc452a339cff8ad69d29b4895,1.87858792678225e+17,0.0,0.0,626922015.0,-0.7977096130744353,2661.636009,-43.72889927601409,0.0089819821764,30.46163539779952,-74.1905346738136
116,WETH_USDT,19476346,1710942959,0x3fc91a3afd70395cd496c647d5a6cc9d4b2b7fad,0x978d7588762272dd7dc706933f3eccb1945ec49bfd3db54aa5885174f234f629,0x3fc91a3afd70395cd496c647d5a6cc9d4b2b7fad,0x2f0da2a10f78abb1f45ddbe4c82571e88b885ac3,87,0,1.5128773981975514e+17,0.0,0.0,504850309.0,31685976202.0,0x2366207cb3bf19db497ad029b47793973c8501894fb92e9df16d1674e1c74165,0x3fc91a3afd70395cd496c647d5a6cc9d4b2b7fad,0x5ce2c2afae1b27dd2b623f4cbcf84f07f47856ba,100,0.0,180000000.0,5.361485574579358e+16,0.0,31684322178.0,1,0x30c14bc1d052a3d706c175f950090dd7487ce302761880dbcaad884576d46bb9,4.007023434559939e+16,0.0,0.0,133720906.0,-0.09767288407396155,324.850309,-6.399043813239928,0.009505544757,32.23725375518981,-38.63629756842974
117,WETH_USDT,19476353,1710943043,0x3fc91a3afd70395cd496c647d5a6cc9d4b2b7fad,0xdceedacb27ebf1ffcfbfa0d119c4fb5d8581c91d546473944f4c99feca38aea7,0x3fc91a3afd70395cd496c647d5a6cc9d4b2b7fad,0xcd7275a71c83164175343c98dbe39a6831c82dc8,60,0,9.542280519220968e+16,0.0,0.0,318491667.0,34988116895.0,0x83db6e568963b567d5c3e39b3d8d823bc9f79974ae2944357cb6f88575b7897c,0x3fc91a3afd70395cd496c647d5a6cc9d4b2b7fad,0x3fc91a3afd70395cd496c647d5a6cc9d4b2b7fad,175,0.0,543538195.0,1.6187352458228515e+17,0.0,32954457751.0,1,0x02324acead706e69d8395a0814fc22dcc7252fec1d81730d8ba6ada3ec3c4973,6.93875e+16,0.0,0.0,231592286.0,0.06645071939007548,-225.046528,0.31548522025661896,0.0101913861969,34.56322718428752,-34.2477419640309
118,WETH_USDT,19501278,1711245263,0x3fc91a3afd70395cd496c647d5a6cc9d4b2b7fad,0xe6667dae860ef6f850676b03ce24951197a9cca547632ada6d2c084198fa3d94,0x3fc91a3afd70395cd496c647d5a6cc9d4b2b7fad,0x43a68a9f1f234e639b142f0aba946b7add26418d,12,0,1.5e+16,0.0,0.0,50248851.0,18049739151.0,0x564c3c4daa8d7f4fddfa0d65ddb26b9782897c4a6e657750e34a965bc710ff48,0x3fc91a3afd70395cd496c647d5a6cc9d4b2b7fad,0x79dd15ad871b0fe18040a52f951d757ef88cfe72,67,0.0,5000000000.0,1.483624144120487e+18,0.0,16058310071.0,1,0x71f3a132a796dc2550ee12f204032942661e39132b13974de88dd97cd9ff6cf4,1505472497196627.0,0.0,0.0,5042886.0,1.4686241441204868,-4949.751149,354.2976417386035,0.0051162073833,18.477575554779914,335.8200661838236
119,WETH_USDT,19526204,1711549235,0x3fc91a3afd70395cd496c647d5a6cc9d4b2b7fad,0xd897f15ad00124d49eb01b25184742308d1eca937bb18518ff5745a325ff3d63,0x3fc91a3afd70395cd496c647d5a6cc9d4b2b7fad,0xb18df84692a8ce190b1c98b84682882bd7d21165,0,0,2.3442798403088646e+19,0.0,0.0,82206885285.0,66403735538.0,0xebdc4ef1d6935b4d695f7e36d677dacaa7862cba383493b0a291b35b915021c0,0x3fc91a3afd70395cd496c647d5a6cc9d4b2b7fad,0xeedff72a683058f8ff531e8c98575f920430fdc5,115,0.0,30554390640.0,8.656427460120693e+18,0.0,60484532444.0,1,0x9ac54d2a2e19f85160b88b824081e81711f0a8fac67260d34ae6b6550372c1a2,9.95946064833304e+17,0.0,0.0,3492418776.0,-14.786370942967954,51652.494645,-729.8341063688495,0.0190332401973,67.42732541096495,-797.2614317798144
120,WETH_USDT,19526336,1711550843,0x111111125421ca6dc452d289314280a0f8842a65,0x2da75658c529a974dd67af0400a9f817f9e437c96c97b7ef1bbd58c563d11c35,0x111111125421ca6dc452d289314280a0f8842a65,0x1ecb460a532c1d76937bedbadf7d333da30255a4,41,1,0.0,3000000000.0,8.39875287038654e+17,0.0,46884732425.0,0xa82dbf5134c5e78927e6d8caafb52dc4cdcdbf9e523bab73534b4eecff09ad4b,0x111111125421ca6dc452d289314280a0f8842a65,0x4af2747e975b9183c2b7da2d0560a2438f3dda1f,125,1.7242555863485574e+17,0.0,0.0,612241144.0,46284732425.0,1,0xe21fba06b9312f8150b7aee5335e70494c6f5f211099e9acdb2ecf2026d54082,0.0,670000000.0,1.8756189959942928e+17,0.0,0.6674497284037982,-2387.758856,-23.245532675930463,0.0139754197275,49.50944578814475,-72.75497846407521
121,WETH_USDT,19526349,1711550999,0x3fc91a3afd70395cd496c647d5a6cc9d4b2b7fad,0xeffff37fa13fd293f13b316f1b585f2ec99315298e44554273d101cc26d45358,0x3fc91a3afd70395cd496c647d5a6cc9d4b2b7fad,0x1a57ec5459928389fbb5612ff2a5e0b534fd9e2e,89,0,1.7e+17,0.0,0.0,601361112.0,43434991269.0,0xa78340494bcffa63cefca5b9194d13ab2168614afbc9169be32979c28c879c85,0x3fc91a3afd70395cd496c647d5a6cc9d4b2b7fad,0xae65deb03bb02e7a66fb76ff9349968e185bbc38,130,0.0,500000000.0,1.4050017197273805e+17,0.0,43044691269.0,1,0x9ee909a287f4924fc1577b3531d04842903ab28cc79ebe98e94d19ef53b77b73,4.95625e+16,0.0,0.0,175321258.0,-0.029499828027261952,101.361112,-3.1452402207775805,0.0129719523807,45.954553471829655,-49.099793692607236
122,WETH_USDT,19526411,1711551767,0x3fc91a3afd70395cd496c647d5a6cc9d4b2b7fad,0x256eeece3d800f12efa239879b144e4605ef72273c0cb54c2e3b2df23b104dd0,0x3fc91a3afd70395cd496c647d5a6cc9d4b2b7fad,0xc569944fd3e22738467ed38f2d520475387d1ee6,6,0,1.0084223909102092e+18,0.0,0.0,3567801461.0,60545173309.0,0x6a4d4b7f51ea1ebf9e0cb4558f70d19b54f0cd5becb062f97b82e3d47a945ae6,0x3fc91a3afd70395cd496c647d5a6cc9d4b2b7fad,0x769f539486b31ef310125c44d7f405c6d470cd1f,100,0.0,759917171.0,2.1353521961785306e+17,0.0,55698028959.0,1,0x1f8742e90743017a4573d8a0b9d3b81bf0aecc9263213b6232456f2881166183,1.15110763107071e+18,0.0,0.0,4072157352.0,-0.7948871712923561,2807.88429,-8.090047955040973,0.0174364803402,61.77062978942173,-69.8606777444627
123,WETH_USDT,19551086,1711854239,0x3fc91a3afd70395cd496c647d5a6cc9d4b2b7fad,0x5b7596da8bd8bf77eeea2e138792a277557e7c2ecc690282f71087bf715ee5ee,0x3fc91a3afd70395cd496c647d5a6cc9d4b2b7fad,0x43a68a9f1f234e639b142f0aba946b7add26418d,8,0,3000000000000000.0,0.0,0.0,10584673.0,20826545945.0,0x9626133033670007083c0692606324d4642b46c2d6fb7a2262707fb36ddbea6b,0x3fc91a3afd70395cd496c647d5a6cc9d4b2b7fad,0x90c1b108ec75070a503784e44582a1cc0124956f,149,0.0,1500000000.0,4.225879495718296e+17,0.0,18407171605.0,1,0x839a9a645f27debc2844b9d0deca4280dc5375dbbe5a67c9e89734da7365480c,2.97375e+16,0.0,0.0,104920393.0,0.41958794957182965,-1489.415327,-100.06311306767248,0.0058850576325,19.48677949206329,-119.54989255973577
124,WETH_USDT,19551132,1711854791,0x3fc91a3afd70395cd496c647d5a6cc9d4b2b7fad,0x5ae4472d4d71f1f663ddc0778686c0be9c459bd95a51faa1396b9c4841e1ebea,0x3fc91a3afd70395cd496c647d5a6cc9d4b2b7fad,0x1f72f89de9b158466642ca1bda5abf2bd4e0c444,53,1,0.0,1234750263.0,3.484254227315048e+17,0.0,20429945469.0,0x51e6bfa774249632a7b206bd7c272f0faf5d0b1960c484d9a9871f65fd4c116a,0x3fc91a3afd70395cd496c647d5a6cc9d4b2b7fad,0xc7c040d1acafe89341f25f5479f661868f831a35,210,2.298759833743644e+17,0.0,0.0,809771017.0,18185900164.0,1,0xca6e0e8c13a911157d73355b4ce1957279a335f01682a20dbd0e92d2246e8c52,0.0,183510000.0,5.1781825957456344e+16,0.0,0.11854943935714035,-424.979246,-32.43478374994004,0.00579237684495,19.179892086209563,-51.6146758361496
125,WETH_USDT,19601038,1712459255,0xe37e799d5077682fa0a244d46e5649f71457bd09,0xb7632290bb9fb51791c18627647276314914aa5357b4d3e52e61bf53a11539d8,0xe37e799d5077682fa0a244d46e5649f71457bd09,0xfb4492a1cd2a28d08b0b2a3ffa567342ea93776f,31,1,0.0,1045505867.0,3.0739745562077325e+17,0.0,14882626562.0,0xdad8fa96785c67d65f5f7207bfec5c6159319837bf45bbe19f5a25c88a59c9ef,0xe37e799d5077682fa0a244d46e5649f71457bd09,0x111111125421ca6dc452d289314280a0f8842a65,88,6.854128070461594e+17,0.0,0.0,2317314467.0,11222359390.0,1,0xc8cfcc9700facbedf3528ad969a0f42524b927564066ec019d52afffd2411e9c,0.0,2000000000.0,5.880112860595558e+17,0.0,-0.3780153514253861,1271.8086,-61.942781404084144,0.0039157478928,13.815931394212154,-75.7587127982963
126,WETH_USDT,19601365,1712463215,0x3fc91a3afd70395cd496c647d5a6cc9d4b2b7fad,0xb6b95365965be1046ed53ab8d80e49c6bff605711ca7a3ec358f15c3bb359805,0x3fc91a3afd70395cd496c647d5a6cc9d4b2b7fad,0xa39f51f5a1993584c9695bb4f58d50046d9b35b1,62,0,1.435285963321599e+17,0.0,0.0,485855671.0,10587019464.0,0xa2e6250ecb8a88bb1142ba3cdc78b7ab18631ead73efcc0b7dcb64a6869b2282,0x3fc91a3afd70395cd496c647d5a6cc9d4b2b7fad,0x0695262fa494f92542dc302ae24d8f9c62ffe0f3,87,0.0,1000000000.0,2.936603385948454e+17,0.0,9667019464.0,1,0xd1c997718670528c4473c1956146613c4f7859eda2855c07c47c1a65c9ae164c,6.645287188846348e+17,0.0,0.0,2249397878.0,0.15013174226268547,-514.144329,15.565424533600549,0.0030381058392,10.719347361438116,4.846077172162433
127,WETH_USDT,19625886,1712760059,0x3fc91a3afd70395cd496c647d5a6cc9d4b2b7fad,0x6ed8a308d43f71847da3935d9b52b6b659f46ca969d42ce72149eb9484955e7d,0x3fc91a3afd70395cd496c647d5a6cc9d4b2b7fad,0x17ea59ff0cb6e84238af8506d4a29172a990a601,31,0,1e+18,0.0,0.0,3475992384.0,31028223902.0,0x0e175d0cd66ee863ac5d9583ca3e2982f0639661dc2a96f05e8d36ae10abfc84,0x3fc91a3afd70395cd496c647d5a6cc9d4b2b7fad,0xf07a84f0732dfe8eea0d3961bcd8f62c761ff508,135,0.0,9000000000.0,2.573468200269445e+18,0.0,29051457320.0,1,0xcf354b6c2e4008dddf9ac49cefca0a55fef7742ccf8f4baeea5cc9455bbc6cb5,1.0814597836127052e+16,0.0,0.0,37589475.0,1.5734682002694451,-5524.007616,-480.1324857648269,0.0090119521833,28.88851613552252,-509.02100190034946
128,WETH_USDT,19626319,1712765291,0x1111111254eeb25477b68fb85ed929f73a960582,0x4746dfb3e304cee9532c38f2d99fc58b47255ada158faec80dd2e91bca1bc54b,0x1111111254eeb25477b68fb85ed929f73a960582,0xbe8bc29765e11894f803906ee1055a344fdf2511,19,1,0.0,2000000000.0,5.729335388213484e+17,0.0,36972211587.0,0xc8e870e857a8a53c6a7a8cf632a1c717058694ecdc38694de4aceade7ebf3fab,0x1111111254eeb25477b68fb85ed929f73a960582,0x74de5d4fcbf63e00296fd95d33236b9794016631,267,1.4961451324529885e+17,0.0,0.0,519173403.0,27450092560.0,1,0xb3ed65f12ee33e51f56eda890dbd26343faa6b2fd8954114bd2453283cdaee95,0.0,1000000000.0,2.8645389715441805e+17,0.0,0.42331902557604956,-1480.826597,-123.8444190997468,0.00966334562205,30.976608646795935,-154.82102774654274
129,WETH_USDT,19651021,1713064391,0x3fc91a3afd70395cd496c647d5a6cc9d4b2b7fad,0xeb02971d5206428d650693d6caf6d7f4602cb10bf1c9d21a7b2bdcb6969d3b63,0x3fc91a3afd70395cd496c647d5a6cc9d4b2b7fad,0x3fc91a3afd70395cd496c647d5a6cc9d4b2b7fad,0,1,0.0,46000000.0,1.565322900711411e+16,0.0,12294686148.0,0x67e23e7d9e9cc9ba0df3399a4482a5b215f0ad5278c084d76a027da0442c9a9a,0x3fc91a3afd70395cd496c647d5a6cc9d4b2b7fad,0x3fc91a3afd70395cd496c647d5a6cc9d4b2b7fad,3,5.465935886035677e+18,0.0,0.0,15962790414.0,12406486433.0,1,0xd7b16aea4505a2b5849c8b7ff0b6cf52e0f9c634ab3da3ac3efd28f6f6f5b668,0.0,122000000.0,4.151498346882685e+16,0.0,-5.450282657028563,15916.790414,-967.0449915655736,0.00370517588715,11.477859730199155,-978.5228512957727
130,WETH_USDT,19752028,1714285703,0x3fc91a3afd70395cd496c647d5a6cc9d4b2b7fad,0x6e9651092f7f4ef72dac92fadba68570742541b67d9a071bb6287b055b48228e,0x3fc91a3afd70395cd496c647d5a6cc9d4b2b7fad,0x9eb51eb22813ee077e7ef4739a68d8e0b8e67cc6,0,1,0.0,500000000.0,1.5025792547454762e+17,0.0,9558095886.0,0x520a6cdf7f5d78678fad091eb1390b5384ba72c32d0506bed68deb8025b41d62,0x3fc91a3afd70395cd496c647d5a6cc9d4b2b7fad,0x8dacbad3b875f95497a9497dcf177692e87a6f90,4,6.4e+17,0.0,0.0,2116921822.0,5023047249.0,1,0x33db2274a74474f3bf5f997ab5b8d663901fa5dedd7f95b8e88eeab2f1dc2bf5,0.0,970251861.0,2.9157018520898854e+17,0.0,-0.48974207452545243,1616.921822,151.7642465669785,0.00218717147025,6.543343966337576,145.22090260064093
131,WETH_USDT,19776085,1714576223,0xdef1c0ded9bec7f1a1670819833240f027b25eff,0x63c50653f6205f40b61d1edec454b11388c9695254aebaadd9fbaea2953f4c5e,0xdef1c0ded9bec7f1a1670819833240f027b25eff,0x74de5d4fcbf63e00296fd95d33236b9794016631,141,0,7767831157410855.0,0.0,0.0,22401190.0,10900022569.0,0x2d928428ce2b5957ee6ef0e1d230828cab802aadea9921fefb758aacd19a8d23,0xdef1c0ded9bec7f1a1670819833240f027b25eff,0xdef1c0ded9bec7f1a1670819833240f027b25eff,257,0.0,40000000.0,1.3787296676235204e+16,0.0,9972741023.0,1,0x4c9b82e716f0fd4eed135eb2bbd381f5638bc77dcaf71b1662c25a9770d01e42,7308435799214547.0,0.0,0.0,21076355.0,0.006019465518824349,-17.59881,1.213033199559245,0.0031309145388,9.784635062853432,-8.571601863294187
132,WETH_USDT,19826187,1715181539,0x3fc91a3afd70395cd496c647d5a6cc9d4b2b7fad,0x94ce02adba6701d62d244a91e4540c86255a1bd063edf3abcf205a92b4466fdc,0x3fc91a3afd70395cd496c647d5a6cc9d4b2b7fad,0x3fc91a3afd70395cd496c647d5a6cc9d4b2b7fad,26,0,1.7823892506374604e+16,0.0,0.0,53329640.0,9742718723.0,0xff7af456323bc4c5c4f68e7637841c24e49a5186deb5ce2fb148c2ee21d7793c,0x3fc91a3afd70395cd496c647d5a6cc9d4b2b7fad,0xb27de0ba2abfbfdf15667a939f041b52118af5ba,123,0.0,120272519.0,3.995751053429398e+16,0.0,7750248498.0,1,0xf677168e289fc610270cdc6f2e45c7d57a1d6a5492b3db0ae17e80a313381f9f,3.026455990598894e+17,0.0,0.0,905519051.0,0.02213361802791938,-66.942879,-2.2059991998350057,0.00262394508315,7.674570747351212,-9.880569947186217
133,WETH_USDT,19826442,1715184635,0x3fc91a3afd70395cd496c647d5a6cc9d4b2b7fad,0xdd8fd2df347b3e5ebe2a84c77fece7ecd1fb0be13b07a0d5103652ce41a21e78,0x3fc91a3afd70395cd496c647d5a6cc9d4b2b7fad,0x3fc91a3afd70395cd496c647d5a6cc9d4b2b7fad,195,0,2.692800421976149e+18,0.0,0.0,8067675973.0,5412263612.0,0xa421ff9a31fe0ebacf473e3ddf860ef4a44f6a07304bd867a7cb5d57714606b5,0x3fc91a3afd70395cd496c647d5a6cc9d4b2b7fad,0x315ed60258702f8d159b98df4c0dbeb1d7d776df,223,0.0,1279391757.0,4.2451974899737805e+17,0.0,5408383612.0,1,0x79ad07318c6ab5bcb7b4ea10c78e66f2e0a00b85bde12ed0e0c3da1c1e23072e,1.5298123825741398e+17,0.0,0.0,458278033.0,-2.268280672978771,6788.284216,153.96834886801662,0.0016230970836,4.747269094120571,149.22107977389604
134,WETH_USDT,19826524,1715185619,0x3fc91a3afd70395cd496c647d5a6cc9d4b2b7fad,0xe46bff6d37118bd424f15985e03e134c0dfa95034daf609a8bde09bf9340662a,0x3fc91a3afd70395cd496c647d5a6cc9d4b2b7fad,0x3fc91a3afd70395cd496c647d5a6cc9d4b2b7fad,4,0,1.9229588431431187e+17,0.0,0.0,576372102.0,7098666193.0,0xf529a3dee3261df4e2a305a86ba4630a33b773b0cc77caba6842a89ff7b34c8c,0x3fc91a3afd70395cd496c647d5a6cc9d4b2b7fad,0x94ca4065ae4af445b7b12449c16dd93559ea08cd,159,0.0,2495000000.0,8.274038742850949e+17,0.0,7098666193.0,1,0xe6ebe7942e2e3c3d5025afb00ff24126754546ab4550c6e4c46b899ae16fad29,4.190297870198514e+16,0.0,0.0,125595322.0,0.635107989970783,-1918.627898,-61.05045381529544,0.0021295998579,6.228699250588826,-67.27915306588427
135,WETH_USDT,19826572,1715186207,0x3fc91a3afd70395cd496c647d5a6cc9d4b2b7fad,0x3e12e63c14ea505dc5cd8d5dabe23ee940d71c30e72590349a14c3a9f4ceee1a,0x3fc91a3afd70395cd496c647d5a6cc9d4b2b7fad,0x3fc91a3afd70395cd496c647d5a6cc9d4b2b7fad,11,1,0.0,947088898.0,3.151862931270671e+17,0.0,7366740796.0,0x9b44a68e80060ec450817dbb12c14d32d2eb5e4dbf339a130797e093a1e032ca,0x3fc91a3afd70395cd496c647d5a6cc9d4b2b7fad,0x3fc91a3afd70395cd496c647d5a6cc9d4b2b7fad,206,8.033558982100187e+16,0.0,0.0,239953325.0,7366814939.0,1,0x5382a47a517a8fb12221974a5f04f4815107342dd3c77026856c294a67d5e9ee,0.0,49850000.0,1.6589584286764204e+16,0.0,0.23485070330606522,-707.135573,-20.2392087575505,0.00221003336025,6.463952880021218,-26.703161637571718
136,WETH_USDT,19876553,1715790239,0x3fc91a3afd70395cd496c647d5a6cc9d4b2b7fad,0x5c771c6e04e92485c178fb6bccf390adc8daf494c1bbae602f2e0506988de05d,0x3fc91a3afd70395cd496c647d5a6cc9d4b2b7fad,0xe4b8583ccb95b25737c016ac88e539d0605949e8,53,1,0.0,1683508917.0,5.626579226195224e+17,0.0,12328653547.0,0xba4119ba460fb37993f1dcd1e0000472387f1598682354676c81cdd288926775,0x3fc91a3afd70395cd496c647d5a6cc9d4b2b7fad,0x3fc91a3afd70395cd496c647d5a6cc9d4b2b7fad,122,6.996884039210216e+17,0.0,0.0,2080967361.0,12328653547.0,1,0x446ccdd5efb81858dc4b408efaf1cf75ba504bfcb4fd669a1f75d43aa0e53a1a,0.0,147946158.0,4.944473144227664e+16,0.0,-0.13703048130149914,397.458444,-28.674219388011636,0.0036985960641,11.501766443654075,-40.17598583166571
137,WETH_USDT,19925889,1716386579,0x3fc91a3afd70395cd496c647d5a6cc9d4b2b7fad,0xf32d33056a98a8e87dbb2c6c8a021eec50d7aa5250d6a12f059a4ee364ff3182,0x3fc91a3afd70395cd496c647d5a6cc9d4b2b7fad,0x3fc91a3afd70395cd496c647d5a6cc9d4b2b7fad,4,1,0.0,1890599970.0,5.1098582103755725e+17,0.0,14842257231.0,0x14074bdb7ceb5d964cc58429caa9c80f56739c7bca2b7858b48b95b0c783feb1,0x3fc91a3afd70395cd496c647d5a6cc9d4b2b7fad,0x3fc91a3afd70395cd496c647d5a6cc9d4b2b7fad,82,1.8199678946040544e+17,0.0,0.0,669457003.0,15748167231.0,1,0xf5ed8f26fdf055df377d940ee404aa9cc1f91ea96c2ae6876cef5b997c12d07c,0.0,4502099821.0,1.2166781019878405e+18,0.0,0.3289890315771518,-1221.142967,11.047350442889865,0.0045885636693,17.185933820276173,-6.138583377386308
138,WETH_USDT,19925998,1716387899,0x3fc91a3afd70395cd496c647d5a6cc9d4b2b7fad,0x974eed2d1d03a9ce68f304d35bfca985fa1f5eea5996c859d70b9bef0184eb6d,0x3fc91a3afd70395cd496c647d5a6cc9d4b2b7fad,0xe4b8583ccb95b25737c016ac88e539d0605949e8,151,1,0.0,4522021801.0,1.209706736157902e+18,0.0,21045574459.0,0x1d4469cf595d80b99d6a7ce2384184df57f652eef2af4c43bc2464fe19e1853a,0x3fc91a3afd70395cd496c647d5a6cc9d4b2b7fad,0x43a68a9f1f234e639b142f0aba946b7add26418d,165,6.8e+16,0.0,0.0,252691064.0,21045583586.0,1,0x77d90a58bfb563911a3c1a5450e292d6d06e63be0d0486f443058469ac421b2a,0.0,377782768.0,1.0105375080393971e+17,0.0,1.141706736157902,-4269.330737,6.7996218420084915,0.00631367370675,23.64713367997708,-16.84751183796859
139,WETH_USDT,19951124,1716691175,0x3fc91a3afd70395cd496c647d5a6cc9d4b2b7fad,0x7ffc98e3ec1d1899284cd9b591aae23169e8224a9e019103d54fa9b743768b1b,0x3fc91a3afd70395cd496c647d5a6cc9d4b2b7fad,0x0c3fdf9c70835f9be9db9585ecb6a1ee3f20a6c7,13,1,0.0,1831639025.0,4.874234374746802e+17,0.0,3959233090.0,0xdaa9250b4082d27634696f5ba0725276418715c54cc178e0a6f0a37bf9cf571a,0x3fc91a3afd70395cd496c647d5a6cc9d4b2b7fad,0x3fc91a3afd70395cd496c647d5a6cc9d4b2b7fad,44,3.633903105969293e+17,0.0,0.0,1357381567.0,3536833090.0,1,0x40315e558f4a65f08c795d562438bbbb0649d7512c9667bded805e74f8481cf2,0.0,81194186.0,2.1606130913907092e+16,0.0,0.12403312687775091,-474.257458,5.76081499670039,0.001124409927,4.351557724017229,1.4092572726831607
140,WETH_USDT,19975883,1716990131,0x3fc91a3afd70395cd496c647d5a6cc9d4b2b7fad,0x7be76726fc9159de9c1471c179e07ac46fc693ad7b4f4d6f37ba39d7cacb1a22,0x3fc91a3afd70395cd496c647d5a6cc9d4b2b7fad,0x0c3fdf9c70835f9be9db9585ecb6a1ee3f20a6c7,2,1,0.0,8276723752.0,2.17324763789398e+18,0.0,15293049369.0,0xd9d92add3d1ae41b9948081a8788eec644be10ff4bd5651bb2017ee4eb1d76cc,0x3fc91a3afd70395cd496c647d5a6cc9d4b2b7fad,0x3fc91a3afd70395cd496c647d5a6cc9d4b2b7fad,153,1.1792128145196067e+17,0.0,0.0,446471195.0,16716706306.0,1,0xb6b9396ee03b23f2301f19a4eceba44152ac18b148163f23b0d32d62791ca624,0.0,200000000.0,5.250700046076768e+16,0.0,2.0553263564420194,-7830.252557,-36.51888264705758,0.00480146335125,18.20699982244611,-54.72588246950369
141,WETH_USDT,19975884,1716990143,0x3fc91a3afd70395cd496c647d5a6cc9d4b2b7fad,0xfb0db621eddc74b116309eeef33041b2387b48a382a7f1a67dcd88418d166fef,0x3fc91a3afd70395cd496c647d5a6cc9d4b2b7fad,0x88a3a913626803261de234c23c76523699caed8d,15,1,0.0,1000000000.0,2.6255175385729997e+17,0.0,19520533828.0,0xdda6fcdf38c6f713f40b5e4f5598ed7d21bcbb51751310b0b8c57a274820d46d,0x3fc91a3afd70395cd496c647d5a6cc9d4b2b7fad,0x3fc91a3afd70395cd496c647d5a6cc9d4b2b7fad,227,5e+17,0.0,0.0,1893098936.0,16886778927.0,1,0x5b26a239f4e19e09a1a408607d9bc9d898f3dc24807931da5b71f79ce2a417ef,0.0,100075557.0,2.627455976423649e+16,0.0,-0.23744824614270002,893.098936,-7.297434667868174,0.00546109691325,20.708309791434388,-28.005744459302562
142,WETH_USDT,19975913,1716990491,0x3fc91a3afd70395cd496c647d5a6cc9d4b2b7fad,0x6f35aa870a3813124957d06a91ea9c1bde2845f2bac17025990d588f5029392d,0x3fc91a3afd70395cd496c647d5a6cc9d4b2b7fad,0xdc6b2c2dc744fd06c4f074bde90c99332d0fda51,8,1,0.0,50000000.0,1.3123921579711424e+16,0.0,21802124094.0,0xdfee1fb1df6b8798b49207dbd03a5524fd8311cceeead58009f3c95a3af8ff59,0x3fc91a3afd70395cd496c647d5a6cc9d4b2b7fad,0x3fc91a3afd70395cd496c647d5a6cc9d4b2b7fad,222,1.5e+17,0.0,0.0,568065769.0,16726088296.0,1,0xc76f2201da51b7720778fdd5dfddb66af722dc5cf7133c689487867b04f87166,0.0,972051755.0,2.5513813251670022e+17,0.0,-0.13687607842028857,518.065769,-0.9640669450200221,0.0057792318585,21.914667617777624,-22.878734562797646
143,WETH_USDT,19975935,1716990755,0x3fc91a3afd70395cd496c647d5a6cc9d4b2b7fad,0x6e249d2029ad71d1a1ea0f155271e9149facfd3f5d1bffb1feb40c5e3a95694a,0x3fc91a3afd70395cd496c647d5a6cc9d4b2b7fad,0x2cc846fff0b08fb3bffad71f53a60b4b6e6d6482,5,1,0.0,64290000.0,1.6902416200776214e+16,0.0,19185699160.0,0x291c8f77ef9fe2bbc54bd5ae2368efa6cec4b2b68d3a0e0c90c239a844d836c5,0x3fc91a3afd70395cd496c647d5a6cc9d4b2b7fad,0x3fc91a3afd70395cd496c647d5a6cc9d4b2b7fad,45,2.6515752747208262e+17,0.0,0.0,1002500000.0,19161047522.0,1,0xa55e23eab6a65ae5aa22d4a3b002483ba64fb00e9feeac1451b22e564553b148,0.0,167394777.0,4.400940881419246e+16,0.0,-0.2482551112713064,938.21,-3.165667412163998,0.0057520120023,21.81145076892437,-24.97711818108837
144,WETH_USDT,20000916,1717292423,0x3fc91a3afd70395cd496c647d5a6cc9d4b2b7fad,0x1cda873b2f14ad9a29282301fd42785296e64cbde8a80a6ff295cd7c148f015a,0x3fc91a3afd70395cd496c647d5a6cc9d4b2b7fad,0x44cbf34abf54be574c6c6138915a9dbf33f3d4e2,5,1,0.0,500000000.0,1.3020895131256877e+17,0.0,4392894824.0,0xde73ebc8a62e4e9e15e1aa9617cbadc76e964fd527b021598db5d81b55ff65dd,0x3fc91a3afd70395cd496c647d5a6cc9d4b2b7fad,0x3fc91a3afd70395cd496c647d5a6cc9d4b2b7fad,185,1.5530506669248232e+16,0.0,0.0,59281996.0,4411135335.0,2,0xa756dad4577c073d9d55f2ad2b0de56e6bf43432a936b1123195b99dd073859e;0x6b80c66921765feab6e4bbd2a3cb8068f42027f5de5cdbcccb8950f9534cb2f9,0.0,1068639678.0,2.782863703815947e+17,0.0,0.11467844464332054,-440.718004,-4.034277192080708,0.00132060452385,5.028726251980999,-9.063003444061707
145,WETH_USDT,20001068,1717294259,0x3fc91a3afd70395cd496c647d5a6cc9d4b2b7fad,0xf735cdf23f57a4b9c4281c2a784fbf148afbe7ec2ca1b0820222ceba8640023e,0x3fc91a3afd70395cd496c647d5a6cc9d4b2b7fad,0x3fc91a3afd70395cd496c647d5a6cc9d4b2b7fad,18,0,3.098020256031404e+17,0.0,0.0,1181863644.0,7068853822.0,0xae508c154f5a733de2155d58ab04c79e55f62f3ab141836a1f894dadd4b8a91c,0x3fc91a3afd70395cd496c647d5a6cc9d4b2b7fad,0x3fc91a3afd70395cd496c647d5a6cc9d4b2b7fad,145,0.0,33703281.0,8781923072005599.0,0.0,5069823822.0,1,0xcd1bdea91a1ce6a9541aba7acc209889af359f8a5ec3abcd4f5165b40842cef2,2.904328e+16,0.0,0.0,110794731.0,-0.30102010253113487,1148.160363,1.9067612333988109,0.0018208016466,6.933425468825415,-5.026664235426604
146,WETH_USDT,20026302,1717598639,0x3fc91a3afd70395cd496c647d5a6cc9d4b2b7fad,0xf6641e280e85d686e9f3b71d5fa1bb9cb83a751f4088094ff3e4d62a93482304,0x3fc91a3afd70395cd496c647d5a6cc9d4b2b7fad,0xe838f6d7f4efb8a2dda62f0062a86746bd809ea1,14,1,0.0,1000000000.0,2.625570752043717e+17,0.0,27325841807.0,0x2fd129554f83ac5c1eea560e319f8ecd63fefead7635dcaa0609a009802af714,0x3fc91a3afd70395cd496c647d5a6cc9d4b2b7fad,0x3fc91a3afd70395cd496c647d5a6cc9d4b2b7fad,90,6.283470453585453e+16,0.0,0.0,237891378.0,24152507127.0,1,0x4410240c3b0dc9780465364c979c20d8690f420c49dae561aa7baf97b3f39bfd,0.0,456961348.0,1.199754251053812e+17,0.0,0.1997223706685172,-762.108622,-25.470883699266665,0.0077217523401,28.480205599854195,-53.95108929912086
147,WETH_USDT,20102370,1718517023,0x3fc91a3afd70395cd496c647d5a6cc9d4b2b7fad,0xb223bb4b28458cdbbaf6bba8c6e6f8ad6a247ebf8f88404167dbe7484710c6e5,0x3fc91a3afd70395cd496c647d5a6cc9d4b2b7fad,0x3fc91a3afd70395cd496c647d5a6cc9d4b2b7fad,33,0,5.5e+16,0.0,0.0,195202671.0,4693186272.0,0x84fcf96ce302a914855efd9100a96cf3ff46938b4361929801d9bc4bc1f326fb,0x3fc91a3afd70395cd496c647d5a6cc9d4b2b7fad,0x3fc91a3afd70395cd496c647d5a6cc9d4b2b7fad,88,0.0,3554820.0,995603637820201.0,0.0,3193186272.0,1,0xbcb9b3c030e76c02f44cb8a53bb0ff60d30c2873c8e6b6cd656ac51f2147be53,5047113100000000.0,0.0,0.0,17912846.0,-0.0540043963621798,191.647851,-0.2843289444797108,0.0011829558816,4.204237366360731,-4.488566310840442
148,WETH_USDT,20176339,1719410615,0x3fc91a3afd70395cd496c647d5a6cc9d4b2b7fad,0x67982d24f9ca4a7e82c7c7cdca992361e5f531868d97f4b85ca462a11fad5081,0x3fc91a3afd70395cd496c647d5a6cc9d4b2b7fad,0x43a68a9f1f234e639b142f0aba946b7add26418d,13,0,2.218e+16,0.0,0.0,74749151.0,7954940152.0,0xf8b60c486a3678636d0fcbb349e921b9deba1c4b916a784961ece3e270d482c1,0x3fc91a3afd70395cd496c647d5a6cc9d4b2b7fad,0x5281e311734869c64ca60ef047fd87759397efe6,141,0.0,302229520.0,8.914898681332558e+16,0.0,7044386322.0,1,0x9cfab8f225496032b000da63b61b30c3ab2daeeacfd257dcc6db55efadc3d81d,1.6521480970884797e+17,0.0,0.0,556751784.0,0.06696898681332558,-227.480369,-0.9462771936146339,0.0022498989711,7.610669420682393,-8.556946614297026
149,WETH_USDT,20226120,1720011383,0x3fc91a3afd70395cd496c647d5a6cc9d4b2b7fad,0xc7634cb9da62289403f29adfaeefdae0e262dac1f10b6c42f1fa536dba6775ff,0x3fc91a3afd70395cd496c647d5a6cc9d4b2b7fad,0x3fc91a3afd70395cd496c647d5a6cc9d4b2b7fad,18,1,0.0,395240108.0,1.201591336136867e+17,0.0,32315177368.0,0x70b8b8556ce10e1b685a026b412a648883f7bbb5a44c37c32a004784541e75cd,0x3fc91a3afd70395cd496c647d5a6cc9d4b2b7fad,0x3fc91a3afd70395cd496c647d5a6cc9d4b2b7fad,134,3.5519449607907937e+18,0.0,0.0,11611277876.0,32422348413.0,1,0x7969b3ef000768a12fbeb8360c5d668795d7ca36b26bd5dd308e3c57405dfd76,0.0,100000000.0,3.040129975820441e+16,0.0,-3.431785827177107,11216.037768,898.8730361603266,0.00971062886715,29.193592699971788,869.6794434603548
150,WETH_USDT,20226317,1720013759,0x3fc91a3afd70395cd496c647d5a6cc9d4b2b7fad,0x1927eba1767cb6956810c532f016b4a95624a33b5c2be107a5c24e1923ba4be5,0x3fc91a3afd70395cd496c647d5a6cc9d4b2b7fad,0x6b1bc3e80be6108d1939f64b652cfa9917679cc4,4,1,0.0,1125000000.0,3.3957262905481856e+17,0.0,24104878366.0,0x6eaf53bc7bf6d3fe5e9eebacfa17b7f5b98e184860e1ebc0b09e91078ea09cf7,0x3fc91a3afd70395cd496c647d5a6cc9d4b2b7fad,0x3fc91a3afd70395cd496c647d5a6cc9d4b2b7fad,150,3.0156207501177574e+17,0.0,0.0,993092929.0,23210467546.0,1,0x7cf6648668623b614983105b37b506dbe99a953371788fae5a5c8390f1713934,0.0,140000000.0,4.225702862045946e+16,0.0,0.038010554043042814,-131.907071,-17.63387116772833,0.0070973018868,21.337005397549596,-38.970876565277926
151,WETH_USDT,20301260,1720918103,0x3fc91a3afd70395cd496c647d5a6cc9d4b2b7fad,0x237bd8188d59967e7b1dc73c37f39f364f3fd1b94aebba792d1f629f2af99beb,0x3fc91a3afd70395cd496c647d5a6cc9d4b2b7fad,0x31f72bbaf197a82c9532745278a3f993f957ffa6,37,1,0.0,100000000.0,3.132633143261617e+16,0.0,6836842433.0,0xf00001c7bc9ec649ca58b76a8e885050986520d9933625573931371741e7c32d,0x3fc91a3afd70395cd496c647d5a6cc9d4b2b7fad,0x3fc91a3afd70395cd496c647d5a6cc9d4b2b7fad,100,9.204759810057291e+16,0.0,0.0,292103168.0,4731327259.0,1,0x5ccb4f9fcefdd505fdb768332fa39a29d822b839974d5759b5d383740a7bca8c,0.0,3000000000.0,9.397403119433807e+17,0.0,-0.06072126666795674,192.103168,-19.52450009365296,0.0017352254538,6.04766231924196,-25.57216241289492
152,WETH_USDT,20376682,1721827487,0x3fc91a3afd70395cd496c647d5a6cc9d4b2b7fad,0xd2d3c71287a0f722c34aa4b82758c87632647000efbbd0c5ff3ff72ebb0933c0,0x3fc91a3afd70395cd496c647d5a6cc9d4b2b7fad,0x3fc91a3afd70395cd496c647d5a6cc9d4b2b7fad,41,0,2.905952847929073e+16,0.0,0.0,100250000.0,6017327337.0,0x42918034757e501e69cd8f0f01a60eadff6f7c4d16dcafd5d7f722c563af2db2,0x3fc91a3afd70395cd496c647d5a6cc9d4b2b7fad,0xa3218e0677659cf3106b05e0ece2983a1ff2379f,142,0.0,350000000.0,1.008465449131578e+17,0.0,5164427337.0,1,0xf894cfba19a970e032a630003d324777eedc4b22453d7968a9d4ec622bc03e77,5000000000000000.0,0.0,0.0,17249042.0,0.07178701643386706,-249.75,-11.987514153230734,0.0016772632011,5.555186549370338,-17.54270070260107
153,WETH_USDT,20401119,1722122327,0x3fc91a3afd70395cd496c647d5a6cc9d4b2b7fad,0x556278e1ea898e68964b8914e76d03c786c853837b902b5bf204a394cdb4e214,0x3fc91a3afd70395cd496c647d5a6cc9d4b2b7fad,0x6927a4c976c783fbffead6b7b86d4307a747680d,56,1,0.0,150000000.0,4.5849317291474696e+16,0.0,4965300642.0,0x66c151666515c777ccb6fc36feee108562c2ebaa38801bd8b481893982dfe982,0x3fc91a3afd70395cd496c647d5a6cc9d4b2b7fad,0x3fc91a3afd70395cd496c647d5a6cc9d4b2b7fad,65,3.848641964159445e+16,0.0,0.0,125157745.0,4823265985.0,1,0xd1bd182b5b7fa3790b6dfe6865863dca6d54438c7f289fd000337a2605f22f30,0.0,104587385.0,3.196827975404972e+16,0.0,0.007362897649880248,-24.842255,-0.7052188406941333,0.00146828499405,4.81332889288872,-5.518547733582853
154,WETH_USDT,20426591,1722429599,0x3fc91a3afd70395cd496c647d5a6cc9d4b2b7fad,0x621571cdf6886ac2f92b4afd3d5d9c06943f5ebff371fb3d2aeca7b33364b159,0x3fc91a3afd70395cd496c647d5a6cc9d4b2b7fad,0xb2b4554acf93731d6008990f5034e1f1647ae49f,19,1,0.0,87218908.0,2.621456187952065e+16,0.0,6462742172.0,0xe3e2c13325cd4b4232612a16d2bd8c568e321097954c4639d9d4818bd655ef61,0x3fc91a3afd70395cd496c647d5a6cc9d4b2b7fad,0x3fc91a3afd70395cd496c647d5a6cc9d4b2b7fad,33,1.881013787620904e+16,0.0,0.0,62209802.0,5878754196.0,1,0xbf3b5e7bcaef61db9735195a1625e679440fda39349da46795a19facbf6bc293,0.0,571418909.0,1.7174408340421274e+17,0.0,0.007404424003311608,-25.009106,-2.747483583717024,0.0018512244552,5.56576174068637,-8.313245324403393
155,WETH_USDT,20476221,1723027991,0x3fc91a3afd70395cd496c647d5a6cc9d4b2b7fad,0x43ae4e7dcc0946ce89bb6e4e50a441c5720b1ecbe7892f091d9659b18c77d7a8,0x3fc91a3afd70395cd496c647d5a6cc9d4b2b7fad,0x778dcaa27e9c669a71c462b724a4e97fc4f1bcc5,3,1,0.0,89130411.0,3.514764015372932e+16,0.0,1523607460.0,0xcceddfe036de8f110fa7dbc8fffa3c79f1c8f7f190519dbdb81af75d8aa0a6e5,0x3fc91a3afd70395cd496c647d5a6cc9d4b2b7fad,0x3fc91a3afd70395cd496c647d5a6cc9d4b2b7fad,241,7.954150060725819e+17,0.0,0.0,2005000000.0,2387083179.0,1,0x4a32dc9530f66b47e1c651275b1b103b327102bef6e25ac0b35df25c8348c026,0.0,996003000.0,3.927560470916767e+17,0.0,-0.7602673659188526,1915.869589,-83.83360671163268,0.00058660359585,1.542921790177673,-85.37652850181036
156,WETH_USDT,20501755,1723335635,0xe8c060f8052e07423f71d445277c61ac5138a2e5,0xa2ccb039fce7821c7454927f4ae7491e0ee1efdef8d47be68d0bd0fa356d664b,0xe8c060f8052e07423f71d445277c61ac5138a2e5,0x03106d5f28f1282c257c0e1aa5f54d6d95418979,6,0,124104259072.0,0.0,0.0,324.0,795048672.0,0x315a95f7200f4bde69a722ee7daf251b62e03fd766a82c2c22b538d88e487dd0,0xe8c060f8052e07423f71d445277c61ac5138a2e5,0xe8c060f8052e07423f71d445277c61ac5138a2e5,8,0.0,6487728.0,2469322978791506.0,0.0,14680459075.0,1,0xa327a413a63e7cdce5a41bcfff200aca862cc770bc052ae66a7fb96693a114e1,2514395000000000.0,0.0,0.0,6566569.0,0.002469198874532434,-6.487404,0.18120602098471927,0.00232132616205,6.269247514197056,-6.088041493212336
157,WETH_USDT,20502037,1723339019,0xe8c060f8052e07423f71d445277c61ac5138a2e5,0xd4a8c86093c4f2d25151e4d094a0a180ce1d78988598dc06e6a435fd4953013f,0xe8c060f8052e07423f71d445277c61ac5138a2e5,0x03106d5f28f1282c257c0e1aa5f54d6d95418979,4,0,46310050816.0,0.0,0.0,121.0,892087281.0,0xa4c5a19ceb6c84f5145d421301265da393e402f078d2d05d95b00e606a6b2f05,0xe8c060f8052e07423f71d445277c61ac5138a2e5,0xe8c060f8052e07423f71d445277c61ac5138a2e5,6,0.0,14256408.0,5420999907938078.0,0.0,892087281.0,1,0xa93bac63a9ace0a2fecadff5e7a380ca521adaf7e4dad2289001f61e955b9414,5536317704084446.0,0.0,0.0,14472449.0,0.005420953597887262,-14.256287,0.38418034308088167,0.0002676261843,0.7227828721729966,-0.33860252909211497
158,WETH_USDT,20601982,1724545127,0x3fc91a3afd70395cd496c647d5a6cc9d4b2b7fad,0x125eaf8daa2e97b54b6e8c95c84a3f65eada62b12abba07b75c9a80fc10308da,0x3fc91a3afd70395cd496c647d5a6cc9d4b2b7fad,0xcc9a0c905bb88b84b744fed69490c8f97ad3a585,2,1,0.0,386047728.0,1.3880534786787763e+17,0.0,865702694.0,0x558cf7200899251d424b1309673e83f7c8a8f1b6d5b28372ddad2ba2416322ac,0x3fc91a3afd70395cd496c647d5a6cc9d4b2b7fad,0x3fc91a3afd70395cd496c647d5a6cc9d4b2b7fad,24,1.2e+17,0.0,0.0,331862809.0,1765702694.0,1,0xd60827dc8c90f12536b67b308c69d92ab818dc3a05fe4d6f0c75f56a19a92054,0.0,10757499820.0,3.8672122797487585e+18,0.0,0.01880534786787763,-54.184919,-7.878889594288289,0.0003947108082,0.9719304540216532,-8.850820048309942
159,WETH_USDT,20852101,1727562311,0x3fc91a3afd70395cd496c647d5a6cc9d4b2b7fad,0x1f6b4f233f006435cefb92c380e788a300a553473fe3527bb25159059a86b70f,0x3fc91a3afd70395cd496c647d5a6cc9d4b2b7fad,0x3fc91a3afd70395cd496c647d5a6cc9d4b2b7fad,62,0,6.448989230787163e+16,0.0,0.0,171479974.0,5388917457.0,0x7389a59d292b8094974619bbfab39d3a075914f3ea9244152d85d24063908451,0x3fc91a3afd70395cd496c647d5a6cc9d4b2b7fad,0xd71873b268ef69f6ad824342eac5398c4d30d1f5,183,0.0,70000000.0,2.6167804091380864e+16,0.0,4889917457.0,1,0x5af14ee56f230984e39a17d8b42731593faf09779e103f98a467006a7fa2b4a6,490000000000000.0,0.0,0.0,1302916.0,-0.03832208821649077,101.479974,7.583214104323872,0.0015418252371,3.7777793650288123,3.80543473929506
160,WETH_USDT,20877070,1727863127,0xf3de3c0d654fda23dad170f0f320a92172509127,0x152cb1fb4733c32df0f9ab47429d82d75c1487b4d020138e1cc9c70b1da7d4ce,0xf3de3c0d654fda23dad170f0f320a92172509127,0x3d2823307ddd7e21334ac3d09c5dd73263d81074,6,1,0.0,400000000.0,1.6255848395115923e+17,0.0,7812234276.0,0xd683242aa6d0f5212c336d38dace9d7909f881f5d74260bf92083ed252864a6a,0xf3de3c0d654fda23dad170f0f320a92172509127,0x48beeb7d97c1fa81ad171dee4b3cf925fac5df36,75,1.865122284579944e+17,0.0,0.0,456193350.0,7812234276.0,1,0xff4d4c2044b27a6853d65919c9d7e8c32ed77b75fdcdca36f9b8009c51da4397,0.0,100000000.0,4.063930418430917e+16,0.0,-0.023953744506835167,56.19335,-1.7682857944091452,0.0023436702828,5.671053363496922,-7.439339157906067
161,WETH_USDT,20976682,1729064327,0x3fc91a3afd70395cd496c647d5a6cc9d4b2b7fad,0xc9480c7e5737088a1df558da6db0ac32a8c830d7d54e4068b9ba87819b65a967,0x3fc91a3afd70395cd496c647d5a6cc9d4b2b7fad,0x3fc91a3afd70395cd496c647d5a6cc9d4b2b7fad,19,0,7.160612733912676e+16,0.0,0.0,186165358.0,10118758186.0,0x0f8acc7caa1a7cf05099faf287beb8fd7ada21be691841b82dd5d951de90edaf,0x3fc91a3afd70395cd496c647d5a6cc9d4b2b7fad,0x8fbd26a7cb1ab65834c5ea245aa1f1e78d03ed30,30,0.0,2078052509.0,7.944932587985614e+17,0.0,10177858186.0,1,0x9186161496113bf42ee26b52b7a0579e268a592512c3db0e3f98f6f0170a5e7a,1.2979010336868088e+17,0.0,0.0,337432433.0,0.7228871314594346,-1891.887151,13.840696769093256,0.0030444924558,8.026113348604486,5.81458342048877
162,WETH_USDT,20977026,1729068455,0xdef1c0ded9bec7f1a1670819833240f027b25eff,0x2e99b62e4f25df08d58dded2b8ec4169dcfda0f9d20e75541ad85043cb28a9a8,0xdef1c0ded9bec7f1a1670819833240f027b25eff,0x4f1a2ea0c27f8fb01ebdeeecb1f09ee9187df191,30,1,0.0,30629625.0,1.1696153775590732e+16,0.0,11812901767.0,0xa7f1fd2ff020356dac6023b8a82d315647c0f827ea18b62f2a48b01c9c89cad8,0xdef1c0ded9bec7f1a1670819833240f027b25eff,0xaaeabe5b8319aa2e34301c30d4f532d37dacbb98,204,1.903179020898052e+17,0.0,0.0,495444985.0,9632961172.0,2,0x0aab0ee5bdb7f9d7ed495acc750a6cd3a1ab842d0fc150b13e40979e668c11e2;0x1f5bc295371a4e3fffd73a3ab6a87e6fc65850af07bf779c270b5367cff8f5e1,0.0,2285112714.0,8.724716148028161e+17,0.0,-0.17862174831421446,464.81536,-6.080337496176298,0.00321687944085,8.480572507864226,-14.560910004040524
163,WETH_USDT,21301732,1732984655,0x3fc91a3afd70395cd496c647d5a6cc9d4b2b7fad,0x139712ed0ada6bd4c15932e0982908756aa79cb75cba0766fdb021a100cf5a61,0x3fc91a3afd70395cd496c647d5a6cc9d4b2b7fad,0x3fc91a3afd70395cd496c647d5a6cc9d4b2b7fad,11,0,2.7604730929372614e+17,0.0,0.0,1010001214.0,16715815239.0,0xc9c0384dd389b49282d5018ec066ebd212f125398668717df6199dfc81fdbb00,0x3fc91a3afd70395cd496c647d5a6cc9d4b2b7fad,0xf544aeb482f3854027f83f57434a693aa8695cd2,16,0.0,530000000.0,1.4399103845562586e+17,0.0,16715815239.0,1,0x0e8fd7a50d5fbb142f4d52feabfc5c99493f46aef1d921f1e476b6f8ccaccb90,1.1895e+17,0.0,0.0,435205408.0,-0.1320562708381003,480.001214,8.311607630104731,0.0050147445717,17.912083069275088,-9.600475439170356
164,WETH_USDT,21376200,1733883071,0x3fc91a3afd70395cd496c647d5a6cc9d4b2b7fad,0x4f0d5336949cab092bc9b61f1b3339f9af3682d9ff1d648073b3e74b56529218,0x3fc91a3afd70395cd496c647d5a6cc9d4b2b7fad,0x3fc91a3afd70395cd496c647d5a6cc9d4b2b7fad,6,0,3.879109438605628e+17,0.0,0.0,1385136407.0,16833166318.0,0xce0df43e426994ff5cd503bbded59bd90c05840a351d2e4fe02f3d21919617e1,0x3fc91a3afd70395cd496c647d5a6cc9d4b2b7fad,0x3fc91a3afd70395cd496c647d5a6cc9d4b2b7fad,63,0.0,3361970424.0,9.358548754542536e+17,0.0,16833166318.0,1,0x726b33742c68b9f6e3b086161f0ff5e8acd30b4ee29268255a60b4edb2398686,5.601249716974039e+16,0.0,0.0,200000000.0,0.5479439315936907,-1976.834017,165.69872734389924,0.0050499498954,19.7459673961925,145.95275994770674
165,WETH_USDT,21401369,1734186731,0x3fc91a3afd70395cd496c647d5a6cc9d4b2b7fad,0x2af7fd3b2b62764f74e45f01c9553efa3f009c5f1b5062f65373d4aa1ebab1dc,0x3fc91a3afd70395cd496c647d5a6cc9d4b2b7fad,0x2b62a496f29a8a6d8ead20f20bb76ed65919309f,54,1,0.0,510000000.0,1.3143519858454605e+17,0.0,10896799203.0,0x0be3c44d317b5c841a9aa888ead000d9d0df61dd03a5354267974a5164a90ac3,0x3fc91a3afd70395cd496c647d5a6cc9d4b2b7fad,0x3fc91a3afd70395cd496c647d5a6cc9d4b2b7fad,176,6.296767687977264e+16,0.0,0.0,242903187.0,9837699203.0,1,0x983a6b17610920fcb80bec227afd11b949fba1c2a81d91d05ceba7d016abc01f,0.0,941687500.0,2.426543665068728e+17,0.0,0.06846752170477341,-267.096813,3.2203382311453765,0.0031101747609,12.279304994018537,-9.05896676287316
166,WETH_USDT,21551652,1736000195,0x3fc91a3afd70395cd496c647d5a6cc9d4b2b7fad,0xc167df24af060423dcc72e07db1f12cf03506ad5c8a9a882f9931188a3cdb121,0x3fc91a3afd70395cd496c647d5a6cc9d4b2b7fad,0x01388f9242964e2aaadef6379eb92276acb5520e,86,0,4.7e+16,0.0,0.0,171038761.0,23296147379.0,0xcd5bca282a55187308e33c9e392a4ceb4892d43d98efd83ce94ed47f6cad97d1,0x3fc91a3afd70395cd496c647d5a6cc9d4b2b7fad,0xb771f724c504b329623b0ce9199907137670600e,89,0.0,2016690000.0,5.508496393758552e+17,0.0,21391608030.0,2,0x67c1dd7131e7200306580c0a4ead5aa8ccd480e2f7f03768de04a3d59ccf397d;0x67c1dd7131e7200306580c0a4ead5aa8ccd480e2f7f03768de04a3d59ccf397d,2.5566490961743635e+17,0.0,0.0,930367690.0,0.5038496393758553,-1845.651239,-19.060104203651008,0.00670316331135,24.30077888866062,-43.360883092311624
167,WETH_USDT,21551771,1736001623,0xb2245aaeb6583e4e868ff102ec1cad2ab7a46543,0x9a36377577b4a7e0d7e564eee3540c6f8aaab240de2d2bf43904b93826c6dfe3,0xb2245aaeb6583e4e868ff102ec1cad2ab7a46543,0xbadc0de76438f9524d42c219b390636196bfbdfc,0,0,2.596878910125508e+19,0.0,0.0,94248708719.0,12371836547.0,0x1b81ef3d414de87697265b5c1bf96c7c03efe4fe41dd0eb15895535529d72a2d,0xb2245aaeb6583e4e868ff102ec1cad2ab7a46543,0xbadc0de76438f9524d42c219b390636196bfbdfc,2,0.0,94248614470.0,2.6252475104747655e+19,0.0,12371836547.0,1,0x16346c148d57fd4a95f4270913ea707e91082b3f0ac264362bf9886bcc60c0d3,8.466261504675273e+19,0.0,0.0,303894503235.0,0.28368600349257317,0.094249,1028.5326928326376,0.0037115509641,13.455375488147624,1015.07731734449
168,WETH_USDT,21701361,1737806219,0x3fc91a3afd70395cd496c647d5a6cc9d4b2b7fad,0x31b6b1030c0b89894f8982f605142de5eaa41dae529b1b8cf2f7bf8e365d6fc6,0x3fc91a3afd70395cd496c647d5a6cc9d4b2b7fad,0x3fc91a3afd70395cd496c647d5a6cc9d4b2b7fad,5,1,0.0,261375450.0,7.893566287957085e+16,0.0,7742175849.0,0x20367f4662135dbae71cde2a66954cbe510afc1602ff4c75455968345e026810,0x3fc91a3afd70395cd496c647d5a6cc9d4b2b7fad,0x3fc91a3afd70395cd496c647d5a6cc9d4b2b7fad,10,2.6672884667865645e+17,0.0,0.0,877957565.0,7742175849.0,1,0xd88021dea80f1bc7ad8a72d9334f676135480dcca65768b44914ba85cb388269,0.0,1500000000.0,4.529848823738258e+17,0.0,-0.1877931837990856,616.582115,19.973394837978503,0.0023226527547,7.378941340303896,12.594453497674607
169,WETH_USDT,21950928,1740818999,0xaf92e072cb195e7549f18ed99e72800f9203c72d,0xf2ac907a3e519e8523f940f87bc9478189acd34dbc554aace66018ccebdea36e,0xaf92e072cb195e7549f18ed99e72800f9203c72d,0xaf92e072cb195e7549f18ed99e72800f9203c72d,3,0,10364749312.0,0.0,0.0,23.0,656883292.0,0x1c26fb8bcab79e90996c976cdd20669daead7e598cdae1c4a263074b68d8527f,0xaf92e072cb195e7549f18ed99e72800f9203c72d,0xaf92e072cb195e7549f18ed99e72800f9203c72d,6,0.0,24.0,10711560673.0,0.0,656883292.0,1,0x5e351bf3497288dfb150147f20126d3767241bd705cceb05aff85bab28b7ecc2,3.212007402882817e+17,0.0,0.0,715410874.0,3.46811361e-10,-1e-06,-2.7108469056637523e-07,0.0001970649876,0.4141839125477421,-0.4141841836324327
170,WETH_USDT,22227620,1744156751,0xb2245aaeb6583e4e868ff102ec1cad2ab7a46543,0x5f9ecb928deee27220439063e9e19aa35976c6a2912e55fee694d167700f2871,0xb2245aaeb6583e4e868ff102ec1cad2ab7a46543,0xbadc0de76438f9524d42c219b390636196bfbdfc,28,0,8.363848192363993e+18,0.0,0.0,12230376673.0,417803876.0,0xfaa9884fe3cb9305ecd7af7cbb57351200842b0522ab5f602206b03ef1ab3a9e,0xb2245aaeb6583e4e868ff102ec1cad2ab7a46543,0xbadc0de76438f9524d42c219b390636196bfbdfc,30,0.0,12230254369.0,8.40944603733446e+18,0.0,417803876.0,1,0x1cd4021b8a122ed053d2f3e4a84b3a994b08da08684ecac5793632a25bbf4bf8,1.921344005310409e+19,0.0,0.0,27865455293.0,0.04559784497046733,0.122304,71.70001830745063,0.0001253411628,0.1967556569323129,71.50326265051832
171,WETH_USDT,22451475,1746861695,0x1f2f10d1c40777ae1da742455c65828ff36df387,0x1ea5a26d731c330048e5364b1daaaea2fcd558779a7b2a136bf450bd4d5bd7bf,0x1f2f10d1c40777ae1da742455c65828ff36df387,0x1f2f10d1c40777ae1da742455c65828ff36df387,0,1,0.0,52796903575.0,2.2143479187664536e+19,0.0,2294100275.0,0x0c22dae8736b5130860b1d92f512f41e8c54671350a54c993d8716ba0e32b896,0x1f2f10d1c40777ae1da742455c65828ff36df387,0x1f2f10d1c40777ae1da742455c65828ff36df387,2,2.214347809457858e+19,0.0,0.0,52981050112.0,895707328258.0,1,0xc7996a35f819e819d5470147ed6c19504684bf291fb16c14872cdc914dba1ad2,0.0,49850000000.0,2.0703837442065703e+19,0.0,1.093085954048e-06,184.146537,184.14922764210883,0.13470021427995,331.56593703065636,-147.41670938854753
172,WETH_USDT,22627060,1748989127,0x66a9893cc07d91d95644aedd05d03f95e1dba8af,0x15fa6b75aeb958eb501a7fa40944f7bec4f41271c67a368f92368c30ae922a5a,0x66a9893cc07d91d95644aedd05d03f95e1dba8af,0xc5be99a02c6857f9eac67bbce58df5572498f40c,41,1,0.0,5352376499.0,2.0599324367522355e+18,0.0,4302652919.0,0xe70940e84d257cb72f7405d8605f7fd83ddd5199dfd6895a54222c8aaf840374,0x66a9893cc07d91d95644aedd05d03f95e1dba8af,0x66a9893cc07d91d95644aedd05d03f95e1dba8af,205,3918021541067647.0,0.0,0.0,10121987.0,1352652919.0,1,0x1c6a0e32c9b62fdbdb2b1e59a744015b3a4c3185d10b5e69ecfea4a274c4981a,0.0,40000000.0,1.5390472525251698e+16,0.0,2.056014415211168,-5342.254512,-208.12020285487324,0.0008482958757,2.118304680899021,-210.23850753577227
173,WETH_USDT,22927315,1752615443,0x1111111254eeb25477b68fb85ed929f73a960582,0x1dcbf33005fdbae5585d59d6b819faf1bb3098e2baf7e78a91121f5592702af4,0x1111111254eeb25477b68fb85ed929f73a960582,0xa7ca2c8673bcfa5a26d8ceec2887f2cc2b0db22a,18,0,1064575764487397.0,0.0,0.0,3255010.0,2255718955.0,0x13feb474332cb411c148ef41a3071396b04e7f43113c9edfb4501e6b628b4805,0x1111111254eeb25477b68fb85ed929f73a960582,0x1111111254eeb25477b68fb85ed929f73a960582,45,0.0,187971610.0,6.110867703081368e+16,0.0,2255718958.0,1,0x703c3f545bd2a7380a57e8e79ec6eb8220028d5c060df346f6f9bcef3eb9cc80,7926523797233973.0,0.0,0.0,24235824.0,0.06004410126632628,-184.7166,29.938397630447696,0.00067671568695,2.4192285522675223,27.519169078180173
174,WETH_USDT,23176498,1755623123,0xaf92e072cb195e7549f18ed99e72800f9203c72d,0x1be766b1e9c289dff705d12e062a55deef1378c234f47649b019311653d277ba,0xaf92e072cb195e7549f18ed99e72800f9203c72d,0xaf92e072cb195e7549f18ed99e72800f9203c72d,1,0,292484490.0,0.0,0.0,1.0,1235711868.0,0x034b860e420e979a0ded2e261b68187e8a12216cecf2c952185525683b72d475,0xaf92e072cb195e7549f18ed99e72800f9203c72d,0xaf92e072cb195e7549f18ed99e72800f9203c72d,5,0.0,2.0,480497422.0,0.0,1235711868.0,1,0x4e4cae037cc479e3c901cc720d5204175dff82fd7bbabb78954cfd51a0b4af66,1.449871692150683e+18,0.0,0.0,6000000000.0,1.88012932e-10,-1e-06,-9.727553783281909e-08,0.0003707135604,1.7799424532678993,-1.7799425505434372
175,WETH_USDT,23451677,1758943883,0x0c0435519ac226010638a61fd1d1bc652b5434de,0x171d45fb3a38a9ad61901f259dfd3a73fbd4676badccb2f9cd0f2041a3627da0,0x0c0435519ac226010638a61fd1d1bc652b5434de,0x0c0435519ac226010638a61fd1d1bc652b5434de,47,0,12086632275724.0,0.0,0.0,48402.0,135888812.0,0x7708022e0865faed026561c996184efd1b1942e80da680c0d7be8f6fc7056b51,0x0c0435519ac226010638a61fd1d1bc652b5434de,0x0c0435519ac226010638a61fd1d1bc652b5434de,53,0.0,1561456.0,387578773191881.0,0.0,135888812.0,1,0xca7bacbf501f886b78e9708565a5cacf45b1b848bc65e29c434282b447269b25,1.3595297890397232e+16,0.0,0.0,54443932.0,0.000375492140916157,-1.513054,-0.002929100123814754,4.07666436e-05,0.16395209613317677,-0.16688119625699152
176,WETH_USDT,24477789,1771346231,0x3a10dc1a145da500d5fba38b9ec49c8ff11a981f,0x5012ae95789260c11b00af229444edf81e4503393ce207e78de5b22eb7ee6fd7,0x3a10dc1a145da500d5fba38b9ec49c8ff11a981f,0x3a10dc1a145da500d5fba38b9ec49c8ff11a981f,10,0,2.97e+17,0.0,0.0,592267767.0,5365993901.0,0x36238875c70b8fd621ed91ceb9473b0069e7f8333c8a0077d5fa09130c63f382,0x3a10dc1a145da500d5fba38b9ec49c8ff11a981f,0x3a10dc1a145da500d5fba38b9ec49c8ff11a981f,228,0.0,231707470.0,1.1550518293561978e+17,0.0,5365993901.0,1,0x45d3686fd1e91b8cf6c14e78755954bd1666cf1ede78190478adacae6081de2e,9.950248756218904e+16,0.0,0.0,198408785.0,-0.18149481706438023,360.560297,7.31569802256638,0.0016097981703,3.1331611464172897,4.18253687614909
177,WETH_USDT,24477810,1771346483,0x3a10dc1a145da500d5fba38b9ec49c8ff11a981f,0x80539fcb01d94459453bb529d5843532f4905088602a3c7317872c05b0391dfd,0x3a10dc1a145da500d5fba38b9ec49c8ff11a981f,0x3a10dc1a145da500d5fba38b9ec49c8ff11a981f,0,1,0.0,359556177.0,1.791269158767704e+17,0.0,120350843555.0,0xf0de702aedd8bdd024313c45fb0360777f4a8daa998192dab68468b3fbb6bdfb,0x3a10dc1a145da500d5fba38b9ec49c8ff11a981f,0x3a10dc1a145da500d5fba38b9ec49c8ff11a981f,35,3.96e+16,0.0,0.0,79090976.0,1350843555.0,2,0x56bf6d2f4b879099a6161fbc8ced4a9bb25ccada000db9a26af40944716eaa48;0xc0313bf98a4e5f55646698822273ad375cb5650fb65db22b08db8f4e5d3737b9,0.0,2911876493.0,1.450011695020867e+18,0.0,0.1395269158767704,-280.465201,-8.903014031516761,0.0182552530665,35.53032341645275,-44.433337447969514
178,WETH_USDT,24477821,1771346615,0x3a10dc1a145da500d5fba38b9ec49c8ff11a981f,0x5ff9410962fa357584bffa90ee62cf97746ba6746772f4b176983b3dd06edf04,0x3a10dc1a145da500d5fba38b9ec49c8ff11a981f,0x3a10dc1a145da500d5fba38b9ec49c8ff11a981f,1,0,9.9e+16,0.0,0.0,197153496.0,30362079249.0,0xd342b0459520f9f96abc697de6461e4a18e0a9f5201354a949b039b5c80e65b5,0x3a10dc1a145da500d5fba38b9ec49c8ff11a981f,0x3a10dc1a145da500d5fba38b9ec49c8ff11a981f,12,0.0,824997571.0,4.1202250461668e+17,0.0,5362079249.0,1,0xc8fa2c48557535bb35158bc1b5fbc335b57f3e19ddbb21985bb5deb003881857,4.975124378109453e+17,0.0,0.0,990608307.0,0.31302250461668,-627.844075,-18.606241640780013,0.0053586237747,10.429525961027238,-29.03576760180725
1,WETH_DAI,10227037,1591644276,0x6297ec22c56ce2432275b3c83567f2dfb42efa6a,0xeb776dc764c4d7e036d6b94404b23b72d2bc87cb2151348e07021ba1e9e49073,0x6297ec22c56ce2432275b3c83567f2dfb42efa6a,0x6297ec22c56ce2432275b3c83567f2dfb42efa6a,12,1,0.0,7e+18,1.6916321751883805e+21,0.0,35000000000.0,0x548ecb702e1d0ac885459cf738f4321afd99926602fea87aadd3e2e8caf5facc,0x6297ec22c56ce2432275b3c83567f2dfb42efa6a,0x6297ec22c56ce2432275b3c83567f2dfb42efa6a,130,1.6916321751883805e+21,0.0,0.0,7.046560590642005e+18,26000000000.0,1,0xb1a8be8a4ef88f31aff75be37e502f2c75d619b2c994d8eec245feef18c34d07,0.0,9.991e+19,2.3903606540856835e+22,0.0,0.0,0.04656059064200499,11.300305189292635,0.00915,2.2207147945573205,9.079590394735314
2,WETH_DAI,10426560,1594314917,0xf9371cd738239fc4e705133bb22944045c10698c,0xbf1146a0b8ea669ee6c88731135ecda5fb5be1c58f7ea92fcd7d5ac111fd91e8,0xf9371cd738239fc4e705133bb22944045c10698c,0xf9371cd738239fc4e705133bb22944045c10698c,151,1,0.0,1.1e+19,2.5868007281697106e+21,0.0,59506360442.0,0x06f841b845549a2286db113d578513948596ac0034c0ce2bfb1e18c6b717fc6f,0xf9371cd738239fc4e705133bb22944045c10698c,0xf9371cd738239fc4e705133bb22944045c10698c,208,2.5868007281697106e+21,0.0,0.0,1.1008177718880903e+19,53999999999.0,1,0x9983bd30162c1f5c73d4edd67b872550e83bbdaf917cd00ccf0f31c6683e0b37,0.0,4.915451659e+19,1.1491542922976408e+22,0.0,0.0,0.008177718880903169,1.9838161616933843,0.01702595406615,4.130291507519663,-2.1464753458262793
3,WETH_DAI,10426890,1594319461,0xf9371cd738239fc4e705133bb22944045c10698c,0xf08fc8d7a5ea5e724c8f3232f290b7d302f95de323bde819b11bfdcae70c5710,0xf9371cd738239fc4e705133bb22944045c10698c,0xf9371cd738239fc4e705133bb22944045c10698c,110,1,0.0,1.1e+19,2.583727271873792e+21,0.0,41681861540.0,0x0640fad15e5b0e35bc576aeaced2cb57e03cfc2d97965f4cd2c18462b349ef13,0xf9371cd738239fc4e705133bb22944045c10698c,0xf9371cd738239fc4e705133bb22944045c10698c,137,2.583727271873792e+21,0.0,0.0,1.1019552791383425e+19,35999999999.0,1,0x4658addb196d640e49d54f1f58fbaaaf4338960d37c8fd08d53e16f7bbe9228c,0.0,5.14015237558944e+19,1.2e+22,0.0,0.0,0.019552791383425024,4.74327182403386,0.01165227923085,2.826702677773071,1.9165691462607888
4,WETH_DAI,10701557,1597985650,0x5392f73b013ea80b4c5eec3ea229388809114537,0xb7c67e6c79d2cacc3fdbfbc63a13948607b48c49ba93eef288336119e2c1945e,0x5392f73b013ea80b4c5eec3ea229388809114537,0x5392f73b013ea80b4c5eec3ea229388809114537,30,1,0.0,7.65233e+18,3.1313911383100804e+21,0.0,150000000000.0,0x2e044800679a42ec019d612eb82f6f9509fc45d9cbf072b584d4309298e5ef76,0x5392f73b013ea80b4c5eec3ea229388809114537,0x5392f73b013ea80b4c5eec3ea229388809114537,87,1.4224932360969114e+22,0.0,0.0,3.463446975156683e+19,132000000000.0,1,0x23f80e72c2a573202a35c4806d773e1f9d85b8d8b520f5133cbf1ed5194da8fd,0.0,3e+19,1.2243644148103978e+22,0.0,-11093.541222659032,26.98213975156683,-118.46615210461277,0.0423,17.205665664728965,-135.67181776934174
5,WETH_DAI,11676060,1610930452,0x00000000dc0e59517a8114348d9130e7d3835832,0x6e27bb09b298cd692d106aa884d324006f4d8c0c624371e242965ffdb1103339,0x00000000dc0e59517a8114348d9130e7d3835832,0x00000000dc0e59517a8114348d9130e7d3835832,35,1,0.0,3e+19,3.705179062334763e+22,0.0,58501125001.0,0x754f2da8bf07935f71a4fe10b2bd7885320f4e9fa6c64b33ddd6913621a360bd,0x00000000dc0e59517a8114348d9130e7d3835832,0x00000000dc0e59517a8114348d9130e7d3835832,122,3.705179062334763e+22,0.0,0.0,2.9962827972917617e+19,52000000000.0,1,0x0a82b723e56fd5c941d04de9122763cf7c330c0b0e121bd9fab4eec7cca57376,0.0,1.34e+21,1.629591507896302e+24,0.0,0.0,-0.03717202708238336,-45.792694898242125,0.01657516875015,20.419162069916094,-66.21185696815822
6,WETH_DAI,11676063,1610930533,0x00000000dc0e59517a8114348d9130e7d3835832,0x2f13331c3dfb33c057aa893a6f38e2f0a6771ebe884a49b9b15c7ffcd4faa122,0x00000000dc0e59517a8114348d9130e7d3835832,0x00000000dc0e59517a8114348d9130e7d3835832,15,1,0.0,3e+19,3.6857833718279704e+22,0.0,93376125001.0,0x44f01fdf7d2ba2048ae472e1068f39ddcd9926a2c5959ddf4731d48a7c15dee0,0x00000000dc0e59517a8114348d9130e7d3835832,0x00000000dc0e59517a8114348d9130e7d3835832,93,3.6857833718279704e+22,0.0,0.0,3.0156412671439237e+19,83000000000.0,1,0x627d579ed6e53aa75fa08ab78bfaf026d048aeacc1f1c189ba84a5fb4258a720,0.0,1e+21,1.2144074836426917e+24,0.0,0.0,0.15641267143923712,192.68676754059692,0.02645641875015,32.592000141415824,160.09476739918108
7,WETH_DAI,12152631,1617267084,0x6201b699d16cc005427d66599767e9d7e7fc12d9,0xaccfd24d53cf7c602443e49bc48722c78463bdf592cd77bf40b81d6ccff891f0,0x6201b699d16cc005427d66599767e9d7e7fc12d9,0xf6da21e95d74767009accb145b96897ac3630bad,0,1,0.0,1e+20,1.94007554220948e+23,0.0,1000000000.0,0x92f7e0f62fcca7a91e76565cc2dbcc0dbdc45f35921ba49b689a6fcb9d916178,0x6201b699d16cc005427d66599767e9d7e7fc12d9,0x6201b699d16cc005427d66599767e9d7e7fc12d9,3,1.94007554220948e+23,0.0,0.0,1.0035553851778274e+20,1000000000.0,1,0x29eab1aa7bc2aefe6b1566ab6ce0062b1054f31fe05499ac1fbec568ed1f971d,0.0,1.3544202008748884e+20,2.6059148038340867e+23,0.0,0.0,0.355538517782741,733.8016918905421,0.0003,0.6191748476087306,733.1825170429333
8,WETH_DAI,12226600,1618248947,0xd78a3280085ee846196cb5fab7d510b279486d44,0xaf6e02668a746109b8ea9fa4bbe6b9a1f01deace7fc1019125b6ba11bb43484c,0xd78a3280085ee846196cb5fab7d510b279486d44,0xf6da21e95d74767009accb145b96897ac3630bad,3,1,0.0,6.861999999999998e+19,1.4479398752625753e+23,0.0,1000000000.0,0xcfbbd9e9a5ff175d502161ea7d8c9756633b58451ac09099fccbaf5cedd57fb6,0xd78a3280085ee846196cb5fab7d510b279486d44,0xf6da21e95d74767009accb145b96897ac3630bad,5,1.4479398752625753e+23,0.0,0.0,6.881111382030862e+19,1000000000.0,1,0x06f5b998a127cd72b16b12973ab46946d61dc47630a31c84bb9492364ac95d49,0.0,1.2103980255655292e+20,2.536506548227774e+23,0.0,0.0,0.19111382030863563,480.29631223407466,0.0003,0.7539428254719034,479.5423694086028
9,WETH_DAI,12226612,1618249112,0x1d6e8bac6ea3730825bde4b005ed7b2b39a2932d,0x1fa7f0fdfcf8c2c1b3e4ffc6a0516025487ae120e1b83e24827c29a2cd230535,0x1d6e8bac6ea3730825bde4b005ed7b2b39a2932d,0x1d6e8bac6ea3730825bde4b005ed7b2b39a2932d,0,1,0.0,1.2206e+20,2.5747742122578075e+23,0.0,0.0,0x424d5d93b57fcfe4a79328b7d733ad779725b218ff398ae817e1a569123c2bb1,0x1d6e8bac6ea3730825bde4b005ed7b2b39a2932d,0x1d6e8bac6ea3730825bde4b005ed7b2b39a2932d,2,2.5747742122578075e+23,0.0,0.0,1.2332778171990016e+20,0.0,1,0xb52af67116792010d43327fdf31aef5ee0215ae2e97733d4d3da2b12907740ac,0.0,2.259487335871281e+20,4.70648990057476e+23,0.0,0.0,1.26778171990016,3186.116439943853,0.0,0.0,3186.116439943853
10,WETH_DAI,12300969,1619241091,0xd78a3280085ee846196cb5fab7d510b279486d44,0x3e86f5fedba9d8c1f9fae80e62ad02c2c368a5957e68eff72a8ea7765854f6d8,0xd78a3280085ee846196cb5fab7d510b279486d44,0xf6da21e95d74767009accb145b96897ac3630bad,2,1,0.0,7e+19,1.6080403693296303e+23,0.0,1000000000.0,0xcd1d6ce56e833bf4e0c3a85f0e89d603001f324579fafd4aaf3bcadd32fc6be3,0xd78a3280085ee846196cb5fab7d510b279486d44,0xf6da21e95d74767009accb145b96897ac3630bad,4,1.6080403693296303e+23,0.0,0.0,7.027455330740327e+19,1000000000.0,1,0x661c46ab22b6997115e850475df9a41456dd00e97c5f603d7b5857b31bb4f4ce,0.0,1.3942213163147452e+20,3.179012755034388e+23,0.0,0.0,0.2745533074032722,721.4311195155753,0.0003,0.7882962252455208,720.6428232903298
11,WETH_DAI,12325862,1619572413,0x83f893cc6610bfc695f8e2d4cd0e6d3033dec77e,0x363d8671e05c2c9882369842553f2fe002d47a6207fc352283c37c466450f46c,0x83f893cc6610bfc695f8e2d4cd0e6d3033dec77e,0x83f893cc6610bfc695f8e2d4cd0e6d3033dec77e,0,1,0.0,5.23206935236255e+19,1.4043499196997156e+23,0.0,0.0,0xdc1fce5c83d299d94ddfd794936135005f39015fad9dcab38b189dd8bd345c53,0x83f893cc6610bfc695f8e2d4cd0e6d3033dec77e,0x83f893cc6610bfc695f8e2d4cd0e6d3033dec77e,2,1.4043499196997156e+23,0.0,0.0,5.236823164946459e+19,0.0,1,0xce47519c66139467a83923e9a7d47b392eb434fa226f416ad66cfa88141f501e,0.0,1e+20,2.670019519114053e+23,0.0,0.0,0.047538125839089666,136.16633527663367,0.0,0.0,136.16633527663367
12,WETH_DAI,12325891,1619572743,0x83f893cc6610bfc695f8e2d4cd0e6d3033dec77e,0x9a70397a2e305608e188b7f3b85790616f79d525fc0b8b3e4465093eb6e96175,0x83f893cc6610bfc695f8e2d4cd0e6d3033dec77e,0x83f893cc6610bfc695f8e2d4cd0e6d3033dec77e,1,1,0.0,2.9943200196460646e+19,8.010856900452008e+22,0.0,0.0,0x4fc232d35e0dc38f9fa8c6a20d79191a8691deda7cc53f6f98949abf799aee42,0x83f893cc6610bfc695f8e2d4cd0e6d3033dec77e,0x83f893cc6610bfc695f8e2d4cd0e6d3033dec77e,3,8.010856900452008e+22,0.0,0.0,2.9970085001011655e+19,0.0,1,0x8834ba6818c7ecf556654a9b2e3b1c632efb651fe9342904e2c27c424d41d65d,0.0,1e+20,2.6633809264604305e+23,0.0,0.0,0.026884804551008255,77.00777524824399,0.0,0.0,77.00777524824399
13,WETH_DAI,12577212,1622933276,0x1d6e8bac6ea3730825bde4b005ed7b2b39a2932d,0x2367aad0d789661a97e012e974ad82d5c603c4c09920062732cb8a313e35ea8d,0x1d6e8bac6ea3730825bde4b005ed7b2b39a2932d,0x1d6e8bac6ea3730825bde4b005ed7b2b39a2932d,0,1,0.0,9.286e+19,2.370702675744023e+23,0.0,0.0,0x184d6e71b88d1fac16555c6f73d770a2d9544b312cae6a0cc4188c56a38ae95c,0x1d6e8bac6ea3730825bde4b005ed7b2b39a2932d,0x1d6e8bac6ea3730825bde4b005ed7b2b39a2932d,2,2.370702675744023e+23,0.0,0.0,9.333578128419312e+19,0.0,1,0x49b9a1d73f7984dbf9209856886f620d4fe2edac9c40d3c8e77a06874505088d,0.0,9.33708694297192e+19,2.357390631079712e+23,0.0,0.0,0.4757812841931244,1156.782250779539,0.0,0.0,1156.782250779539
14,WETH_DAI,12652864,1623945675,0xba42c753ebe92f78e11cc1902591a91d4a52d343,0xc1a2a85ea52a16df1165e0cec2df0d490f7376d26cc57061e1c68f03e4326ffc,0xba42c753ebe92f78e11cc1902591a91d4a52d343,0xba42c753ebe92f78e11cc1902591a91d4a52d343,0,1,0.0,1.8086190413985393e+19,4.334742487106721e+22,0.0,0.0,0x68a9099e3b1f9142af488174fd6ca1223827e41474541bb3024046f75ac19d29,0xba42c753ebe92f78e11cc1902591a91d4a52d343,0xba42c753ebe92f78e11cc1902591a91d4a52d343,2,4.859998499945084e+22,0.0,0.0,2.024135282132201e+19,0.0,1,0x8ab8701ef229d68888817337883ba5fde0f52f244d4742f6b795186d01730bf6,0.0,3.727904640202046e+19,8.906003477111044e+22,0.0,-5252.560128383631,2.155162407336618,-463.5063759882041,0.0,0.0,-463.5063759882041
15,WETH_DAI,13503829,1635398656,0x000000000035b5e5ad9019092c665357240f594e,0xa7a2682390749fe0a50f4931fa0e66cb6c2941ce09eea67f7f597cd3842f484f,0x000000000035b5e5ad9019092c665357240f594e,0x000000000035b5e5ad9019092c665357240f594e,0,1,0.0,4.15480670086416e+20,1.5933778715439143e+24,0.0,152656747260.0,0x88e489a2bda2ee39009db65bd0a8e8b5f5db0c31b2c6d5223235258f3df54caf,0x000000000035b5e5ad9019092c665357240f594e,0x000000000035b5e5ad9019092c665357240f594e,2,1.5933778715439143e+24,0.0,0.0,4.167513432673147e+20,152656747260.0,1,0x3b4cfd104f4fa88854ff4c5df22e0c1b2d8c7d3da3cb4b50c5242c435ddd5458,0.0,5.066768786812024e+19,1.8626979520286683e+23,0.0,0.0,1.2706731808987546,5469.836330744597,0.045797024178,197.14135031293526,5272.694980431662
16,WETH_DAI,13507011,1635441140,0x00000000003b3cc22af3ae1eac0440bcee416b40,0xe9a85f57aee73c5b93e3771295d3ac4aa02b1e7c9b90a7554484deb39a112d7c,0x00000000003b3cc22af3ae1eac0440bcee416b40,0x00000000003b3cc22af3ae1eac0440bcee416b40,0,1,0.0,6.246198915646169e+20,2.460116090135796e+24,0.0,199638946965.0,0xa07afd6444fa57c82a0d3254bbea019987d1aca44a363835a34250622c7a2a0e,0x00000000003b3cc22af3ae1eac0440bcee416b40,0x00000000003b3cc22af3ae1eac0440bcee416b40,2,2.4601160904744325e+24,0.0,0.0,6.276264478366541e+20,35611859939151.0,1,0xe377be370e505df227a84c3bbfe54af93567f835e160f7b633b00e5bc5b76049,0.0,6.045832921633716e+19,2.236033443011015e+23,0.0,-0.00033863669645312,3.0065562720371997,12942.250252963264,5.371724832917399,23123.53490381544,-10181.284650852178
17,WETH_DAI,13552993,1636066733,0x00000000003b3cc22af3ae1eac0440bcee416b40,0x202a26c7ea068b90f6aecde3f8eb12b12c6e5bd4f51825e4b0a30425df726a78,0x00000000003b3cc22af3ae1eac0440bcee416b40,0x00000000003b3cc22af3ae1eac0440bcee416b40,3,1,0.0,5.9249611028469645e+19,2.651599112269149e+23,0.0,107473621857.0,0x29a9cf1a73b258b6b3d7aab20b56abee618e8f4f32ce34dae680b080b8d6314d,0x00000000003b3cc22af3ae1eac0440bcee416b40,0x00000000003b3cc22af3ae1eac0440bcee416b40,5,2.6515991124626455e+23,0.0,0.0,5.9294233058615484e+19,429865090683.0,1,0x527cd70d9978c46d8c71add4d6b5f80f3a0af437d61e187d33024d6c77916897,0.0,3.3596725253737705e+19,1.4895571258071334e+23,0.0,-1.9349632974848e-05,0.044622030145839105,209.7617087567462,0.080600806881,378.8927685017852,-169.131059745039
18,WETH_DAI,13627384,1637076647,0x00000000008c4fb1c916e0c88fd4cc402d935e7d,0x27ebc9614d6ba917941a955ee99f54f4b81498ccc8872143910bbc6f87f96d83,0x00000000008c4fb1c916e0c88fd4cc402d935e7d,0x00000000008c4fb1c916e0c88fd4cc402d935e7d,1,0,6.785414885485255e+23,0.0,0.0,1.5452324835228153e+20,111241889569.0,0x6f54799f1f440539a60063d0468b25c265d98f24e75c33d2be7a9efcc94ea260,0x00000000008c4fb1c916e0c88fd4cc402d935e7d,0x00000000008c4fb1c916e0c88fd4cc402d935e7d,3,0.0,1.5452324835228153e+20,6.787900864035314e+23,0.0,481474767569.0,1,0x9dab88d2fcc2c943cf7d7314cafbbef8a2195392237ced27514d8148a3849176,1.3893623999999998e+23,0.0,0.0,3.1050770791425974e+19,248.59785500592125,0.0,248.59785500592125,0.0889074985707,381.595101687021,-132.99724668109974
19,WETH_DAI,13651185,1637401370,0x00000000008c4fb1c916e0c88fd4cc402d935e7d,0x66c754e96aeb04c9f27bf02e253978bfba4a45058090f936ee57c3de58766d0d,0x00000000008c4fb1c916e0c88fd4cc402d935e7d,0x00000000008c4fb1c916e0c88fd4cc402d935e7d,0,0,7.39150094382672e+23,0.0,0.0,1.6895931716374367e+20,79210300332.0,0xb0fe05c73680a21bce4696e79c6d218a5541ad04e0c8552757661a083859a9f9,0x00000000008c4fb1c916e0c88fd4cc402d935e7d,0x00000000008c4fb1c916e0c88fd4cc402d935e7d,2,0.0,1.6895931716374367e+20,7.400219411679849e+23,0.0,1910091062569.0,1,0x811e31bf450f21eb9948a73a0a8f5f505ebb092e07365f49b9dcf4c3099824b1,1.56958694e+23,0.0,0.0,3.514718336105178e+19,871.8467853129393,0.0,871.8467853129393,0.29839520443515,1300.4821972201778,-428.63541190723845
20,WETH_DAI,13653374,1637431413,0x00000000008c4fb1c916e0c88fd4cc402d935e7d,0x9d371dae0a65ebe1ce696dafeb5aff6016a2d23577b14822bd54b101c8604978,0x00000000008c4fb1c916e0c88fd4cc402d935e7d,0x00000000008c4fb1c916e0c88fd4cc402d935e7d,0,0,7.410658617693357e+23,0.0,0.0,1.7170607407409712e+20,112844729479.0,0xbf6abf721102179a05f32866265ef81c0fc7e1c386baae734f94abb3e5b1d72f,0x00000000008c4fb1c916e0c88fd4cc402d935e7d,0x00000000008c4fb1c916e0c88fd4cc402d935e7d,2,0.0,1.7170607407409712e+20,7.419836646926213e+23,0.0,1817390424242.0,1,0xea02b3aa523fdd021c23a8669d7c061509133993790d89bc9d357a0da57bd15d,1.57224123e+23,0.0,0.0,3.56797999960157e+19,917.8029232856456,0.0,917.8029232856456,0.28953527305815,1261.868362771357,-344.0654394857113
21,WETH_DAI,13654927,1637452833,0x00000000008c4fb1c916e0c88fd4cc402d935e7d,0xef3db61000aff9a4f73996239df55be01378dd325c2c6c8c6bc02353941a8c1b,0x00000000008c4fb1c916e0c88fd4cc402d935e7d,0x00000000008c4fb1c916e0c88fd4cc402d935e7d,0,0,7.425817748112835e+23,0.0,0.0,1.6528802522399795e+20,56537206940.0,0x4440d33db7f1d92eb0bb8e38cfa0ff6f93c5356db38aefc02213c8416caab587,0x00000000008c4fb1c916e0c88fd4cc402d935e7d,0x00000000008c4fb1c916e0c88fd4cc402d935e7d,2,0.0,1.6528802522399795e+20,7.441377639789403e+23,0.0,3437612074076.0,1,0x5c6df9535e4d88de1ec0199b2991465eab346203724e8cceaf8f232287d1ab81,1.79663805e+23,0.0,0.0,3.9163279023300755e+19,1555.989167656879,0.0,1555.989167656879,0.5241223921524,2284.258694602389,-728.2695269455098
22,WETH_DAI,13750904,1638775000,0x000000000035b5e5ad9019092c665357240f594e,0xe9600b3ce83b79473e69fa24085ae0a1a4645b3b270649c03777067151ca5896,0x000000000035b5e5ad9019092c665357240f594e,0x000000000035b5e5ad9019092c665357240f594e,10,1,0.0,1.0742171396245529e+20,4.3042258737474424e+23,0.0,81298207892.0,0xbd36770e0dc2c656c9a1d388247f7965486b0e1e4f461bfd5a1069536a02ddae,0x000000000035b5e5ad9019092c665357240f594e,0x000000000035b5e5ad9019092c665357240f594e,12,4.3042258737474424e+23,0.0,0.0,1.075305494332619e+20,1266282123901.0,1,0x265ddeb972fb5e634d519904edd99c7e524c6f3e8df6aa4e1ec419624c883884,0.0,3.669162734476947e+19,1.45e+23,0.0,0.0,0.10883547080661402,444.4136308678791,0.20213704976895003,825.3969000635873,-380.9832691957082
23,WETH_DAI,13978197,1641823726,0x00000000003b3cc22af3ae1eac0440bcee416b40,0x6513320d6065d9f97f439bada2ae1dc07e53501a67707312debf36ce4fdb1eb2,0x00000000003b3cc22af3ae1eac0440bcee416b40,0x00000000003b3cc22af3ae1eac0440bcee416b40,1,1,0.0,1.0406846550671937e+20,3.106193585405151e+23,0.0,252725861128.0,0x1ce5b61991f459af158ce9e9180944f4ab96c7503664e6ff929ae1c6bf15530d,0x00000000003b3cc22af3ae1eac0440bcee416b40,0x00000000003b3cc22af3ae1eac0440bcee416b40,3,3.1061935869151634e+23,0.0,0.0,1.0429700841312092e+20,2609318978061.0,1,0xbd7dc32d6cb0f8f67f3d5ed5b2b66a2f79d8198aee1e005ee4f58ac842ca7da4,0.0,4.756684606719276e+19,1.40126e+23,0.0,-0.000151001252233216,0.22854290640155442,754.5537005499962,0.42930672587835,1417.3926839768314,-662.8389834268353
24,WETH_DAI,14005610,1642190136,0x00000000008c4fb1c916e0c88fd4cc402d935e7d,0x62ad5b3206dd89e886d23ed697c919c2461b33b21268bf7ba2a1b99d65670021,0x00000000008c4fb1c916e0c88fd4cc402d935e7d,0x00000000008c4fb1c916e0c88fd4cc402d935e7d,0,0,3.554836208828408e+22,0.0,0.0,1.0697938278720092e+19,159331747538.0,0xe52f67d5d0a8d16d3b838a2a91050c36b17d47dcee822077e9dbab1864b49423,0x00000000008c4fb1c916e0c88fd4cc402d935e7d,0x00000000008c4fb1c916e0c88fd4cc402d935e7d,2,0.0,1.0697938278720092e+19,3.5682318879634823e+22,0.0,159331747538.0,1,0xdc9ee5f3d9902e5c29dad8c828bb48e5074d3777d1bfa8b36ec8e6ce56eed3a9,7.0958281193113795e+22,0.0,0.0,2.1198137989232247e+19,133.95679135074457,0.0,133.95679135074457,0.0477995242614,156.1647588247522,-22.20796747400763
25,WETH_DAI,14028889,1642500660,0x00000000008c4fb1c916e0c88fd4cc402d935e7d,0x2be1210f5a3f7d0e73168a1b3d6488e993a248080e4da540026bdb303f371587,0x00000000008c4fb1c916e0c88fd4cc402d935e7d,0x00000000008c4fb1c916e0c88fd4cc402d935e7d,0,0,3.679361010148555e+23,0.0,0.0,1.1310323468407826e+20,82987274632.0,0xa91e2a9159d3dd7f1680622d02399931ad04aa58b181480a90a97a6479489147,0x00000000008c4fb1c916e0c88fd4cc402d935e7d,0x00000000008c4fb1c916e0c88fd4cc402d935e7d,2,0.0,1.1310323468407826e+20,3.70660423849469e+23,0.0,8409496288632.0,1,0xb9ea9b2b831bfb54070dc38c55d6d409cc3ffc0693a6c359abfcbc7c16ac3d0d,9.739532220006789e+22,0.0,0.0,2.898296622585893e+19,2724.322834613518,0.0,2724.322834613518,1.2738725344896,3667.4584915911896,-943.1356569776717
26,WETH_DAI,14030514,1642522235,0x00000000003b3cc22af3ae1eac0440bcee416b40,0x53c3f925a132b70e3f591d7c402928efaf7a2c472f797b1056c2686c1e408552,0x00000000003b3cc22af3ae1eac0440bcee416b40,0x00000000003b3cc22af3ae1eac0440bcee416b40,0,1,0.0,1.0927292957976217e+20,3.324809532490467e+23,0.0,94857727120.0,0xafa0926601dfcdecbb8cdbf87dc79598fab31f351844c61afe68f548e0d538b0,0x00000000003b3cc22af3ae1eac0440bcee416b40,0x00000000003b3cc22af3ae1eac0440bcee416b40,2,3.324809533266359e+23,0.0,0.0,1.1014327913865124e+20,10917075946088.0,1,0xe5e6a807573bc2482717921e1901d1ae199822d44981d20e7847a93792bc8289,0.0,3.2237900572682314e+19,9.509061227213741e+22,0.0,-7.7589188182016e-05,0.8703495588890706,2505.7222721585354,1.6517900509811998,4755.476929427669,-2249.754657269134
27,WETH_DAI,14051557,1642803524,0x00000000003b3cc22af3ae1eac0440bcee416b40,0x3644abdcf4a5d7e7db59044640f0f9ecb9004181f140ceebc8a617fcd6837570,0x00000000003b3cc22af3ae1eac0440bcee416b40,0x00000000003b3cc22af3ae1eac0440bcee416b40,3,1,0.0,4.795090392224e+19,1.22949215988223e+23,0.0,287962464893.0,0xabc9e03fc7470db7a0dc28dbaadcff61971a4473c06cdf001d5288057ef04e66,0x00000000003b3cc22af3ae1eac0440bcee416b40,0x00000000003b3cc22af3ae1eac0440bcee416b40,5,1.2294921599409424e+23,0.0,0.0,4.8635303387444806e+19,8477537258763.0,1,0x718517ab7a26b70c5922aeeed26ee444ac08f74db8fece0e7a125c2ed68e6503,0.0,4.7763645848900805e+19,1.2e+23,0.0,-5.871237070848e-06,0.6843994652048098,1623.0636634880802,1.3148249585484002,3118.1272491908744,-1495.0635857027942
28,WETH_DAI,14051678,1642805281,0x00000000003b3cc22af3ae1eac0440bcee416b40,0x42bcc3e479a416eedc26edf48f125874006d7cf054158c2fce9b213ae93a3b98,0x00000000003b3cc22af3ae1eac0440bcee416b40,0x00000000003b3cc22af3ae1eac0440bcee416b40,0,1,0.0,4.655500814623913e+19,1.1665382393767482e+23,0.0,361654643471.0,0xa3ab0cf75eed476780842f9825aad00ec04b4ac0fe6627ab14ac379afa62960b,0x00000000003b3cc22af3ae1eac0440bcee416b40,0x00000000003b3cc22af3ae1eac0440bcee416b40,2,1.1665382402519147e+23,0.0,0.0,4.731183422907194e+19,9300422711532.0,1,0xb427af919f9ee25a56fc185e852129995a9ab23ca545ad5ddaa01d69aa27a356,0.0,5.302638424621222e+19,1.30117e+23,0.0,-8.7516652765184e-05,0.7568260828328099,1794.8243995274183,1.4493116032504498,3437.0643584777877,-1642.2399589503693
29,WETH_DAI,14051740,1642806142,0x0000000000d41c96294ccdac8612bdfe29c641af,0xb1c128aa755b3058d1fc9a6c909e243079fcfcfa7b1c863bcffb51e908bc6cac,0x0000000000d41c96294ccdac8612bdfe29c641af,0x0000000000d41c96294ccdac8612bdfe29c641af,2,1,0.0,4.6512236131238896e+19,1.1691056818204856e+23,0.0,434640066758.0,0x746617af51a9b8047b294abbf58445d6c317aca0d4ec86d5b4997824a4e83555,0x0000000000d41c96294ccdac8612bdfe29c641af,0x0000000000d41c96294ccdac8612bdfe29c641af,4,1.1691056818204856e+23,0.0,0.0,4.709298308142264e+19,7021474016877.0,1,0xfb2d02014f163637203f59d0769c7f87074b1c2b58b164d878db986c8028fd63,0.0,4.399626539715315e+19,1.084975419014746e+23,0.0,0.0,0.5807469501837476,1377.250164350131,1.11841711254525,2652.3430757192664,-1275.0929113691354
30,WETH_DAI,14051992,1642809678,0x00000000008c4fb1c916e0c88fd4cc402d935e7d,0x5b788892ec7a9b964297cd553f3d4873cff18a5d4583693297f6b5eca2ce3368,0x00000000008c4fb1c916e0c88fd4cc402d935e7d,0x00000000008c4fb1c916e0c88fd4cc402d935e7d,4,0,9.281899015284027e+23,0.0,0.0,3.3355743441880134e+20,263682529299.0,0x2084ac7b48b5019723fe73c097f5991c3be36805663ade8c10da99abf9a5d48d,0x00000000008c4fb1c916e0c88fd4cc402d935e7d,0x6f48eca74b38d2936b02ab603ff4e36a6c0e3a77,6,0.0,3.3355743441880134e+20,9.312762853192493e+23,0.0,3520779489105.0,1,0xdf5411fd4146d82de782d7f5a3160ef3bda15688a7a16356439ea064e6a0d539,6e+22,0.0,0.0,1.9924835035900183e+19,3086.383790846615,0.0,3086.383790846615,0.5676693027606,1346.2363259526253,1740.1474648939895
31,WETH_DAI,14052660,1642818276,0x00000000003b3cc22af3ae1eac0440bcee416b40,0x608a318ecddcd8ff97a6df150e6660c0b039e22c4ec8855e7993b81999195542,0x00000000003b3cc22af3ae1eac0440bcee416b40,0x00000000003b3cc22af3ae1eac0440bcee416b40,0,1,0.0,5.413318857605849e+20,1.2589960111414133e+24,0.0,163701445632.0,0xbfa536db591b5c2850c7a41995592c67dc901f4f6f590341f8a1f90de08b06c1,0x00000000003b3cc22af3ae1eac0440bcee416b40,0x00000000003b3cc22af3ae1eac0440bcee416b40,2,1.2589960113773823e+24,0.0,0.0,5.427679919824836e+20,15941793658110.0,1,0x4f69f4c7ef83c9639d23ee3ba818c2ea0a934bc62035a591ef5424b85743f1dc,0.0,2.205597152306405e+19,4.574943476495207e+22,0.0,-0.000235968992903168,1.4361062218986946,3405.7473611702176,2.4158242655613,5729.163736000017,-2323.416374829799
32,WETH_DAI,14053124,1642823967,0x00000000003b3cc22af3ae1eac0440bcee416b40,0x3d23c64808c23c6ba10f60031f8e35492c7a6d51e700fd86447d719a59028784,0x00000000003b3cc22af3ae1eac0440bcee416b40,0x00000000003b3cc22af3ae1eac0440bcee416b40,0,1,0.0,4.832747112415153e+19,1.223428057779977e+23,0.0,118790528994.0,0x429b18b2bcd669509f6d9b0c87a2873e8f5e1d1d6feecb5d2c485d772c660a9b,0x00000000003b3cc22af3ae1eac0440bcee416b40,0x00000000003b3cc22af3ae1eac0440bcee416b40,2,1.2234280546929807e+23,0.0,0.0,4.903852316353049e+19,8990809950985.0,1,0xf031bd431ca12b3fc6ce5d4bbdc7a47baccbf4a5f57de2ff65f9d5a1e035117b,0.0,4.9194230050330485e+19,1.22e+23,0.0,0.000308699633549312,0.7110520393789603,1686.2709602912103,1.36644007199685,3240.5332703629806,-1554.2623100717703
33,WETH_DAI,14079213,1643172787,0x00000000008c4fb1c916e0c88fd4cc402d935e7d,0x324147c86cc13360f237d5ec2d78d46e39b8f697384dc931d09c01158f5a982d,0x00000000008c4fb1c916e0c88fd4cc402d935e7d,0x00000000008c4fb1c916e0c88fd4cc402d935e7d,0,0,1.5840140678973348e+24,0.0,0.0,5.68840339619271e+20,137153822408.0,0xde6d4faace672d4576182a2131567dd05536617805ab13ff6f354095346a6f89,0x00000000008c4fb1c916e0c88fd4cc402d935e7d,0x5777d92f208679db4b9778590fa3cab3ac9e2168,2,0.0,5.68840339619271e+20,1.607771299266295e+24,0.0,137153822408.0,1,0xf3147f10f5f87a754ad6c5e53855e6410e89108c527970c8135d4121c56debdf,1.708645604387995e+23,0.0,0.0,5.432711592026223e+19,23757.231368960067,0.0,23757.231368960067,0.0411461467224,104.41009475236004,23652.82127420771
34,WETH_DAI,14104626,1643511957,0x00000000003b3cc22af3ae1eac0440bcee416b40,0x66e0b4eb48e119822f3d1aebefd76086dc02914f1826a445ca3d28187cdf5078,0x00000000003b3cc22af3ae1eac0440bcee416b40,0x00000000003b3cc22af3ae1eac0440bcee416b40,0,1,0.0,5.741053242060151e+19,1.4575239006624966e+23,0.0,132840776099.0,0x02667741a95b670f504aa73ec1aeb38dc78cbdcbb2692af0aa802bc096a91416,0x00000000003b3cc22af3ae1eac0440bcee416b40,0x00000000003b3cc22af3ae1eac0440bcee416b40,2,1.457523901323606e+23,0.0,0.0,5.788646922282389e+19,5922886245567.0,1,0x5458c75e0c27856de271583cb989177de0aecdc4556bac060bee15363cafb769,0.0,4.0082726019725345e+19,1e+23,0.0,-6.6110938415104e-05,0.4759368022223749,1329.0883593140288,0.9083590532499001,2536.65927527986,-1207.5709159658313
35,WETH_DAI,14180507,1644525511,0x1d6e8bac6ea3730825bde4b005ed7b2b39a2932d,0xe5392ad60b092713e5dcff56d7fdc530ccb9cee412bb21cac5ef98e017e0b93e,0x1d6e8bac6ea3730825bde4b005ed7b2b39a2932d,0x1d6e8bac6ea3730825bde4b005ed7b2b39a2932d,0,1,0.0,2.3856982789455394e+20,7.087872974364309e+23,0.0,109481968405.0,0x3bdbcc73fa914a7a1e31b5fb41f373d9859ae67c5fbd115122c417c65be1b843,0x1d6e8bac6ea3730825bde4b005ed7b2b39a2932d,0x1d6e8bac6ea3730825bde4b005ed7b2b39a2932d,2,7.087872974364309e+23,0.0,0.0,2.3901589979446818e+20,5632911759594.0,1,0x093c6728c1bb948345c0f8d1964518a08ccd5671ec8a3f0a08d2cff5c58c9c0b,0.0,2.059915241445043e+19,5.8206103377277165e+22,0.0,0.0,0.44607189991424,1312.12362158089,0.86135905919985,2533.693712731299,-1221.570091150409
36,WETH_DAI,14181837,1644543212,0x00000000003b3cc22af3ae1eac0440bcee416b40,0xd2fb41acd7e74417f756cc5acbfa659bd8471514c5f70c26b7c35e74f10e170d,0x00000000003b3cc22af3ae1eac0440bcee416b40,0x00000000003b3cc22af3ae1eac0440bcee416b40,0,1,0.0,1.4790675723593764e+20,4.402535619068235e+23,0.0,70477599354.0,0x6e548f02abfac2d7e7d0dc7db5d3d7bc3aa3d0ecc4de331bcc4c43b6f49f89ac,0x00000000003b3cc22af3ae1eac0440bcee416b40,0x00000000003b3cc22af3ae1eac0440bcee416b40,2,4.402535619576424e+23,0.0,0.0,1.4854924888416924e+20,8132000613320.0,1,0xc032e0780af973331992444c1aacfe045d38e22554993808017e03fb6fb0e77b,0.0,2.7074080470408126e+19,7.790443793749643e+22,0.0,-5.0818925461504e-05,0.6424916482316042,1889.8936377886844,1.2303717319011,3619.14707710394,-1729.2534393152555
37,WETH_DAI,14182769,1644556147,0x0000000000d41c96294ccdac8612bdfe29c641af,0x76854a90e712b304f8dbd9acc28807dc3c18d0512a07fa376df3b1ab5714d2ed,0x0000000000d41c96294ccdac8612bdfe29c641af,0x0000000000d41c96294ccdac8612bdfe29c641af,0,1,0.0,1.2687215519732218e+19,3.8673950672584064e+22,0.0,68569061629.0,0x5a33e279aea3e710a0720b2b28627ec1084b99a97e07eaeb0dfa009fceb7df1d,0x0000000000d41c96294ccdac8612bdfe29c641af,0x0000000000d41c96294ccdac8612bdfe29c641af,2,3.8673950672584064e+22,0.0,0.0,1.2720836936024551e+19,355071815983.0,1,0x810d3e5907c4f5cab6d04b81aeba80d59be06fa0943b3727c39c0dda781f78e5,0.0,2.2129963525435744e+19,6.7e+22,0.0,0.0,0.03362141629233357,98.8976317868418,0.0635461316418,186.92139182792047,-88.02376004107867
38,WETH_DAI,14206174,1644867214,0x000000000035b5e5ad9019092c665357240f594e,0x0be093a7fe9fd62c29395c45d572832cda0deae28996b8af5adac5599f6ae6ad,0x000000000035b5e5ad9019092c665357240f594e,0x000000000035b5e5ad9019092c665357240f594e,1,1,0.0,1.7115448187249122e+20,4.7431444378191e+23,0.0,65520135965.0,0x544aab0ee8be39c32eec3f155640b4ce3cb373857ab9292c4a97565da223cfe4,0x000000000035b5e5ad9019092c665357240f594e,0x000000000035b5e5ad9019092c665357240f594e,3,4.7431444378191e+23,0.0,0.0,1.711737513424193e+20,173689874276.0,1,0x6eec758e066b0e60aa2b076704620379f62542405f72ec8681f78d1566c51b1a,0.0,1.6393284837928997e+19,4.3864283947678195e+22,0.0,0.0,0.019269469928095743,58.83567598194993,0.03588150153615,109.55736748361016,-50.72169150166023
39,WETH_DAI,14206887,1644877008,0x0000000099cb7fc48a935bceb9f05bbae54e8987,0x8102123549a0968b15009771ea28960375f6a2df478429ba4786adacff1faeef,0x0000000099cb7fc48a935bceb9f05bbae54e8987,0x0000000099cb7fc48a935bceb9f05bbae54e8987,0,0,3.6847056908576633e+22,0.0,0.0,1.2519545619831667e+19,64146684990.0,0x2ce21ddd4e0c0d75beabf2d0ec881780a89a0ad7f9ca11af2dceecaf769aee32,0x0000000099cb7fc48a935bceb9f05bbae54e8987,0x0000000099cb7fc48a935bceb9f05bbae54e8987,2,0.0,1.2519545619831667e+19,3.7010765810459096e+22,0.0,580078204641.0,1,0x97b3fcc764bafd37b3a8e37b50cf2040d221123f5cb4284aaae27b8e062d0e42,8e+22,0.0,0.0,2.6975054948572246e+19,163.70890188246327,0.0,163.70890188246327,0.09663373344465,295.0527986027171,-131.3438967202538
40,WETH_DAI,14227774,1645156195,0x0000000000d41c96294ccdac8612bdfe29c641af,0xeaf28248f630aa21fb2ecbc6aa69bfc279f1a7706e579a440a3961a4b554cabb,0x0000000000d41c96294ccdac8612bdfe29c641af,0x0000000000d41c96294ccdac8612bdfe29c641af,3,1,0.0,1.239886802483114e+19,3.590673627202268e+22,0.0,49228410054.0,0xde7df40f6f30718ef6d2a6539d78fbff41e14a37c7081bf40625ff3c27195a27,0x0000000000d41c96294ccdac8612bdfe29c641af,0x0000000000d41c96294ccdac8612bdfe29c641af,5,3.590673627202268e+22,0.0,0.0,1.244343653007124e+19,515738044132.0,1,0x526eb2666a8dcffb375ecfa5f1dc1f09f96c30bfa4ca23a65a2a73992996da84,0.0,2.5444988520697606e+19,7.316368183588069e+22,0.0,0.0,0.044568505240100864,122.57706226311382,0.0847449681279,233.07466065414954,-110.49759839103572
41,WETH_DAI,14229845,1645183695,0x00000000008c4fb1c916e0c88fd4cc402d935e7d,0x777234e9b3cf226b1c686d40236fd39bdea2bde1990915aea8249a84519df9cd,0x00000000008c4fb1c916e0c88fd4cc402d935e7d,0x00000000008c4fb1c916e0c88fd4cc402d935e7d,1,0,4.6695717639709e+23,0.0,0.0,1.5579371821921403e+20,47710612789.0,0x2c4353686a28c60ea54677b821782e82afe0aee0b6f261f26315c185a3cadb2f,0x00000000008c4fb1c916e0c88fd4cc402d935e7d,0x00000000008c4fb1c916e0c88fd4cc402d935e7d,3,0.0,1.5579371821921403e+20,4.677470421880612e+23,0.0,2006975336648.0,1,0x0d3bc9eed9de87686c21c44c4fc503a427a82d70ccee4415626c44a2fda83a46,6.022902828146129e+22,0.0,0.0,1.942371238267128e+19,789.8657909712114,0.0,789.8657909712114,0.30820289241555,847.6525055029452,-57.78671453173388
42,WETH_DAI,14253103,1645495705,0x1d6e8bac6ea3730825bde4b005ed7b2b39a2932d,0x21fa82a55f3513385949a8d2a08baad5817255d9aa9c6f773feb580bd7930cc8,0x1d6e8bac6ea3730825bde4b005ed7b2b39a2932d,0x1d6e8bac6ea3730825bde4b005ed7b2b39a2932d,0,1,0.0,2.820671e+20,6.955509767462223e+23,0.0,58223751476.0,0xf8d767e8ee36a81252e3ea57c49a2046a02713f09b1fe954e193c5d2ea38685e,0x1d6e8bac6ea3730825bde4b005ed7b2b39a2932d,0x1d6e8bac6ea3730825bde4b005ed7b2b39a2932d,2,6.955509767462223e+23,0.0,0.0,2.821783145149955e+20,1365115549682.0,1,0x7790377b979605e8de3893b40024efa498c1d35698c6d4b993c47239c5a88a8b,0.0,1.9e+19,4.4525714387445356e+22,0.0,0.0,0.11121451499549491,291.21196247579854,0.2135008951737,559.0458644394706,-267.8339019636721
43,WETH_DAI,14253593,1645502126,0x00000000003b3cc22af3ae1eac0440bcee416b40,0x4c91c96085267844e6a7c8aa9aa857350a9a798bf5fbe1cf857b0b90f5b1238b,0x00000000003b3cc22af3ae1eac0440bcee416b40,0x00000000003b3cc22af3ae1eac0440bcee416b40,1,1,0.0,6.067103196690933e+19,1.5049095082000608e+23,0.0,75221982773.0,0x5cf2c12d6785afbb70ce69d491f38ad82e18e1811d82511a604c307c0fe0c3b6,0x00000000003b3cc22af3ae1eac0440bcee416b40,0x00000000003b3cc22af3ae1eac0440bcee416b40,3,1.5049095097612403e+23,0.0,0.0,6.154301698062523e+19,11059113301353.0,1,0x98946083c7f0276478cd102d73aed741ffcd2502a90c453b631bc8fc0fb73c05,0.0,6.0488506071981466e+19,1.47e+23,0.0,-0.00015611795079168,0.8719850137158943,2283.267159339731,1.6701502926189,4373.239809235161,-2089.9726498954305
44,WETH_DAI,14455660,1648214237,0x000000000035b5e5ad9019092c665357240f594e,0x80e3eb30af5b9871d6d4029c94dc118fd01263f655f021fe171686b124b3e593,0x000000000035b5e5ad9019092c665357240f594e,0x000000000035b5e5ad9019092c665357240f594e,3,0,2.757278618073433e+24,0.0,0.0,7.18706204273264e+20,26330083474.0,0xdc40ac7477cb0c502f0b44aeee7a6540739e9966a8868f671b79e85638d122f3,0x000000000035b5e5ad9019092c665357240f594e,0x000000000035b5e5ad9019092c665357240f594e,5,0.0,7.18706204273264e+20,2.7901164544205285e+24,0.0,26330083474.0,1,0xbcd4c2dad38654b854e335ad3e32fca533ac2aca826bbd9fd3c72edf906a9ca6,1.510756929759192e+23,0.0,0.0,3.2433316771595633e+19,32837.83634709526,0.0,32837.83634709526,0.0078990250422,26.18379362257667,32811.65255347268
45,WETH_DAI,14457626,1648241063,0x00000000003b3cc22af3ae1eac0440bcee416b40,0xd9d5af4c46cd88fd7624f3ab7332b318fa6882d4e66cdeaa9aca78ad09d26a22,0x00000000003b3cc22af3ae1eac0440bcee416b40,0x00000000003b3cc22af3ae1eac0440bcee416b40,0,1,0.0,1.0418790332454088e+20,3.162846285087107e+23,0.0,55222495235.0,0xa468bdf09e03c02a5f900df203bdd161a5115ee4eb116acb2c3a120447bb798a,0x00000000003b3cc22af3ae1eac0440bcee416b40,0x00000000003b3cc22af3ae1eac0440bcee416b40,2,3.162846285135488e+23,0.0,0.0,1.05653396606032e+20,18400130614644.0,1,0x0a867ad8bb19dc75ab17fd87b7647e837db643645d016840c0fb9f0dcd778007,0.0,4.463157290330472e+19,1.3097464330618164e+23,0.0,-4.838079332352e-06,1.4654932814911241,4857.836681694189,2.76830296648185,9176.40761636824,-4318.570934674051
46,WETH_DAI,14528139,1649191203,0x00000000003b3cc22af3ae1eac0440bcee416b40,0xeff2fd7f3b5d3298fab82eb1c1851f66f8fa02f261da6f780a58929085b23a4c,0x00000000003b3cc22af3ae1eac0440bcee416b40,0x00000000003b3cc22af3ae1eac0440bcee416b40,1,1,0.0,2.3551822603522933e+20,7.625656559887772e+23,0.0,66702535716.0,0x82b460cf057b753810e1a360faab17208f4133a36896026c9e5975773152e711,0x00000000003b3cc22af3ae1eac0440bcee416b40,0x00000000003b3cc22af3ae1eac0440bcee416b40,3,7.62565656104472e+23,0.0,0.0,2.3561093087708892e+20,1088859561216.0,1,0x28c0de5b31d681169a72df7cf55825ade04b60cac32277e006f571b1b07f23b9,0.0,1.335511749078821e+19,4.072665069259589e+22,0.0,-0.000115694876229632,0.0927048418595963,296.11816632325224,0.1733343145398,553.6653577819825,-257.54719145873025
47,WETH_DAI,14530117,1649218037,0xe8c060f8052e07423f71d445277c61ac5138a2e5,0x23651092b168e548027115eb56efbd838bc94cdbc45b0ca94bc3519cd9de0f17,0xe8c060f8052e07423f71d445277c61ac5138a2e5,0xe8c060f8052e07423f71d445277c61ac5138a2e5,0,0,1.5637513994977213e+24,0.0,0.0,4.19494809487753e+20,65491508620.0,0x36b7ee29bd422126fdd42c98f4b1159d27bc9372958a9bf07cd577106f82f116,0xe8c060f8052e07423f71d445277c61ac5138a2e5,0x60594a405d53811d3bc4766596efd80fd545a270,2,0.0,4.335288894277058e+20,1.61800663298572e+24,0.0,6733890449236.0,1,0x7eb78322fa934a4bb4be6d5af314714b78888b9d3c82c6e173b6051e33c119c4,8.501443074367872e+22,0.0,0.0,2.034760664385142e+19,54255.233487998834,-14.034079939952772,9427.503262021273,1.0199072936784,3257.7931159109557,6169.7101461103175
48,WETH_DAI,14778064,1652591169,0xe8c060f8052e07423f71d445277c61ac5138a2e5,0x7205b143da2fd13a5e23c068991dda540757403b971499b0c80c7d0a14babc67,0xe8c060f8052e07423f71d445277c61ac5138a2e5,0x7712c234321b96f928e5a74803bfc7eb4cf7afee,0,1,0.0,8.946023888060416e+16,1.7905270041973408e+20,0.0,17673118919.0,0xc0db6d98d25ceb109faeecbcef9f39c6c5bfe7e31d04bf2200809c42a26ba331,0xe8c060f8052e07423f71d445277c61ac5138a2e5,0xe8c060f8052e07423f71d445277c61ac5138a2e5,2,1.9621408891327146e+20,0.0,0.0,9.745186053244669e+16,40962200267.0,1,0xcaab3c7c960b6c871f1e41f9acbf2da561ad23a5fbd80b0eafb123aa9b109f42,0.0,1.1074091741884752e+17,2.2163572354771e+20,0.0,-17.161388493537377,0.007991621651842529,-0.8990481062769291,0.0087952978779,17.897760195489504,-18.796808301766433
49,WETH_DAI,14780785,1652629260,0x00000000003b3cc22af3ae1eac0440bcee416b40,0xf0c08702131b7eeaafa9cd09c6eeab09383598685ca2c3379ab465d545a6facd,0x00000000003b3cc22af3ae1eac0440bcee416b40,0x00000000003b3cc22af3ae1eac0440bcee416b40,0,1,0.0,1.6778678157191412e+19,3.425464134022099e+22,0.0,28874660422.0,0x69ffacd3e52b5338cdde4222ac7d988feb44e9fa50016a827c22721782c858e5,0x00000000003b3cc22af3ae1eac0440bcee416b40,0x00000000003b3cc22af3ae1eac0440bcee416b40,2,3.425464130757506e+22,0.0,0.0,1.6902831312233036e+19,28874660422.0,1,0x7a65e45755e4e8f94d5a5fd05f7e6809bbc1bc720ac9fb0e546d4c209fae32cb,0.0,3e+19,6.061004761223101e+22,0.0,3.2645928976384e-05,0.12415315504162407,252.6422316136079,0.0086623981266,17.627319340406657,235.01491227320122
50,WETH_DAI,14851847,1653622178,0x0000000099cb7fc48a935bceb9f05bbae54e8987,0x766c462a01e1889e18c2da18eeb70eb63d981edc12339f606d327d53924dc665,0x0000000099cb7fc48a935bceb9f05bbae54e8987,0x0000000099cb7fc48a935bceb9f05bbae54e8987,0,0,4.5491969853660595e+23,0.0,0.0,2.448407276560392e+20,49392406938.0,0x2ab5a485d0940d080b7e8eecf4ba34f392b5718b4397ee07b8e0e0adc83b1015,0x0000000099cb7fc48a935bceb9f05bbae54e8987,0x0000000099cb7fc48a935bceb9f05bbae54e8987,2,0.0,2.448407276560392e+20,4.56752132406765e+23,0.0,49392406938.0,1,0x142e4e91ae347b3a99a599c27e3be08287e6857ee490fd525bf444fb7a9eb282,4.5e+22,0.0,0.0,2.2878776559614026e+19,1832.4338701590425,0.0,1832.4338701590425,0.0148177220814,28.146294255406172,1804.2875759036363
51,WETH_DAI,14851849,1653622233,0x00000000008c4fb1c916e0c88fd4cc402d935e7d,0x31183f98e6c3f2ea3ac7d881700fd9a7df6f29c89d92cee458d212187845575f,0x00000000008c4fb1c916e0c88fd4cc402d935e7d,0x00000000008c4fb1c916e0c88fd4cc402d935e7d,0,0,2.242147524449382e+23,0.0,0.0,1.2278884565502829e+20,55929736340.0,0xcc334c9390656db6ed55e7d876db2997ab006e665c460a1682d81d574904593e,0x00000000008c4fb1c916e0c88fd4cc402d935e7d,0x00000000008c4fb1c916e0c88fd4cc402d935e7d,2,0.0,1.2278884565502829e+20,2.2516044728661602e+23,0.0,6116543746576.0,1,0x96c9b18f7f0ab5977f484cc82cd34cf27b8817625da26a85bc1c484990a123e2,4.5e+22,0.0,0.0,2.389342976458264e+19,945.6948416778243,0.0,945.6948416778243,0.9258710224374,1758.693954233933,-812.9991125561087
52,WETH_DAI,14906413,1654393502,0x000000000035b5e5ad9019092c665357240f594e,0xb59df0ee2f27040ae67130fc890485ca347da29862318dd3fad2321586cd558b,0x000000000035b5e5ad9019092c665357240f594e,0x000000000035b5e5ad9019092c665357240f594e,0,0,8.567968462909133e+21,0.0,0.0,4.776494725355074e+18,36858808773.0,0x6317bcc79dc146cff9b0e3ad95f54b9dbc07adc0efac4190fe3a6fe8b9194b20,0x000000000035b5e5ad9019092c665357240f594e,0x000000000035b5e5ad9019092c665357240f594e,2,0.0,1.4106353198327423e+19,2.5340142260536297e+22,0.0,234722965504.0,1,0x870cde4f57e9023bb723120377b11ad5bd4269aadb03ee153ef286a9cc4e4172,4.034867596457766e+22,0.0,0.0,2.2365928733841236e+19,16772.173797627165,-9.329858472972349,-404.4797299064958,0.04073726614155,74.99898398238075,-479.47871388887654
53,WETH_DAI,14953858,1655091682,0x0000000099cb7fc48a935bceb9f05bbae54e8987,0x909f1e9561fcdb5c2692f31619471befe474c371bcb6b551724bd7459d06e299,0x0000000099cb7fc48a935bceb9f05bbae54e8987,0x0000000099cb7fc48a935bceb9f05bbae54e8987,6,0,3.750322649746588e+22,0.0,0.0,2.7311961935130943e+19,101377244053.0,0x0a69481ba670667d7eeab27019c2beb08d74447941ed25236d154a5079061a73,0x0000000099cb7fc48a935bceb9f05bbae54e8987,0x0000000099cb7fc48a935bceb9f05bbae54e8987,8,0.0,2.7311961935130943e+19,3.795962984087668e+22,0.0,101377244053.0,1,0x1de43d83164063820fce41ea3fe80ffc6c53ee1703e7a3c82a7d373d2da2b330,6.779177247691384e+22,0.0,0.0,4.867845439457547e+19,456.40334341080245,0.0,456.40334341080245,0.0304131732159,33.91083052193619,422.49251288886626
54,WETH_DAI,15133203,1657700693,0x0000000099cb7fc48a935bceb9f05bbae54e8987,0x44558f565b93d7c31a5d480cfaace770b8314a5dfc2f257c952ea8a5bea4f9e7,0x0000000099cb7fc48a935bceb9f05bbae54e8987,0x0000000099cb7fc48a935bceb9f05bbae54e8987,1,0,1.569663737509071e+22,0.0,0.0,1.4617004435332194e+19,14964329935.0,0x34c76b5775a212b0a584d9c70a0c4664a49c20a89976cf1e6f7d9e7689fbceb9,0x0000000099cb7fc48a935bceb9f05bbae54e8987,0x0000000099cb7fc48a935bceb9f05bbae54e8987,3,0.0,1.4617004435332194e+19,1.57425374180147e+22,0.0,482668806003.0,1,0x40e9bba263c2396d950602fff05aa66b6596817fffbea9b940493c19a309f31f,2.812453315217006e+22,0.0,0.0,2.6008473977329983e+19,45.900042923988224,0.0,45.900042923988224,0.0746449703907,91.44489545450112,-45.5448525305129
55,WETH_DAI,15778568,1666139219,0xe8c060f8052e07423f71d445277c61ac5138a2e5,0xfcab812805be63d4178c60abb1a8fa9e2c8e5d104e63b94f8ab3d2958095b450,0xe8c060f8052e07423f71d445277c61ac5138a2e5,0x26b4b107dce673c00d59d71152136327cf6dfebf,0,1,0.0,6633079373824.0,8678665397543473.0,0.0,14033317012.0,0xa36a91c974b587b2c1f6e4402dfc641c62430509dfc5027ef8407ff91d1e6cf4,0xe8c060f8052e07423f71d445277c61ac5138a2e5,0xe8c060f8052e07423f71d445277c61ac5138a2e5,3,3.793889743344763e+19,0.0,0.0,2.882309963504765e+16,131838839519.0,1,0x0f8a062ee748bd02bf0dde2a283601b6f9177f214f7bf68a4ccb93702e9368c3,0.0,3.4790636806470844e+16,4.551947220939678e+19,0.0,-37.93021876805009,0.028816466555673825,-0.45130207643850184,0.02188082347965,28.45836628697259,-28.909668363411093
56,WETH_DAI,15813168,1666556531,0x45f60bd9167416f6452b273e5574a929b895d5cb,0xb6a3b482857c6d795bcb28d9496b34675383c19055411b6c48ed8cc072d1ded2,0x45f60bd9167416f6452b273e5574a929b895d5cb,0x8d4e8eb8608d5e0f8ff90aae3ae404c33e11e6ea,2,1,0.0,1.0,1327.0,0.0,19144712943.0,0xa76b80c69000164284151ae2e339765e377a4204a2827786bcb9cd4bc272cbb6,0x45f60bd9167416f6452b273e5574a929b895d5cb,0x45f60bd9167416f6452b273e5574a929b895d5cb,4,3.982114271595309e+19,0.0,0.0,2.982017617138317e+16,19144712943.0,1,0x03982852f55bad6e4cb2ef36ce27145ed5ac9017e1d6787f599830dd165b1d44,0.0,3e+16,3.982126940247216e+19,0.0,-39.82114271595309,0.02982017617138317,0.35521196212260264,0.0057434138829,7.738030516527001,-7.382818554404398
57,WETH_DAI,16076343,1669733267,0xe8c060f8052e07423f71d445277c61ac5138a2e5,0x1494bd748bac2084936c7d3d890a0973985a120bddcffc6da0ca30aed7ec8ce7,0xe8c060f8052e07423f71d445277c61ac5138a2e5,0x20dacf1c97157f6432d4196c87a2010794bd9812,0,1,0.0,2.97250202610303e+17,3.585242698471678e+20,0.0,10397876803.0,0x2417fea1e5d7f0f1dcab35572b937768c0032582469482699b63e19f6ef1081d,0xe8c060f8052e07423f71d445277c61ac5138a2e5,0xe8c060f8052e07423f71d445277c61ac5138a2e5,2,3.975659671410677e+20,0.0,0.0,3.276547061008887e+17,205085378453.0,1,0x886a61ad2ad2998f7e631b838e6ce81ff62bae999b5754174aaa3e7a4335c100,0.0,9.9e+16,1.1939884677122631e+20,0.0,-39.04169729389986,0.030404503490585728,-0.2272912942036598,0.0323224882884,41.262906455119165,-41.490197749322824
58,WETH_DAI,16127278,1670348099,0x00000000008c4fb1c916e0c88fd4cc402d935e7d,0xf1e3f195ac9807fea6aff8651d8daa767cb0dc9075f47323432ceae4fc866d69,0x00000000008c4fb1c916e0c88fd4cc402d935e7d,0x00000000008c4fb1c916e0c88fd4cc402d935e7d,3,0,1.0841512033416772e+23,0.0,0.0,8.473887788689764e+19,12750804191.0,0xd6ae2727441d7e1b693987e9ebd2e7b39cad3b535f79ba26504533ccd055fe1d,0x00000000008c4fb1c916e0c88fd4cc402d935e7d,0x00000000008c4fb1c916e0c88fd4cc402d935e7d,5,0.0,8.473887788689764e+19,1.0844872788343702e+23,0.0,261673740039.0,1,0x662022fb167370855bf1013b42ef1705a68ea09eaa60ed70d69a22dda55dcdba,2.08757702e+22,0.0,0.0,1.6000075545832366e+19,33.60754926929891,0.0,33.60754926929891,0.0411636816345,52.42331515441472,-18.815765885115816
59,WETH_DAI,16172432,1670894063,0x000000000035b5e5ad9019092c665357240f594e,0x0b78b243496e8890f57ff9a1f7fc7674d1b1e2223afb355b06ecac90c18a46b0,0x000000000035b5e5ad9019092c665357240f594e,0x000000000035b5e5ad9019092c665357240f594e,0,1,0.0,1.3466023980734525e+20,1.6669882483392408e+23,0.0,12296621716.0,0xbb97d281b05f642fd707c4a58ca63d96dbffb479272fa3f6524d1e601d4af9b1,0x000000000035b5e5ad9019092c665357240f594e,0x000000000035b5e5ad9019092c665357240f594e,2,1.6669882483392408e+23,0.0,0.0,1.3488723881265907e+20,2848443551181.0,1,0xc8dc5320b09eaa8942eeb04fcaf8e59f7f888c4213bd1de55a4f2aecf7322a4a,0.0,2.0313896569774764e+19,2.44149740875365e+22,0.0,0.0,0.22699900531382683,288.2724142143736,0.42911102593455,544.9401473858557,-256.66773317148204
60,WETH_DAI,16278040,1672167695,0xe8c060f8052e07423f71d445277c61ac5138a2e5,0x90aa1fcb605c0bdc18ee63d9aa37469a26789de5892fbe7e38082a483f49c2f6,0xe8c060f8052e07423f71d445277c61ac5138a2e5,0x025da7319eb1b7d18ec5ed327e73fc06c9049fa2,0,1,0.0,1.0359057820522904e+17,1.2445814239562197e+20,0.0,19745954975.0,0x00aacb98cc3d6e338127b47ce0350fc1b74d3a57604a22a4956bbb9ee2ec8b74,0xe8c060f8052e07423f71d445277c61ac5138a2e5,0xe8c060f8052e07423f71d445277c61ac5138a2e5,2,1.4154604693325916e+20,0.0,0.0,1.171739547761461e+17,66000625413.0,1,0xc3adafcc704746f669e313ee42f9e8942d9153f6f449d8b9c99a99c9c195dbc6,0.0,1.5149802261087296e+18,1.8196092950916128e+21,0.0,-17.087904537637193,0.013583376570917056,-0.9166421810341774,0.0128619870582,15.312434729278987,-16.229076910313164
61,WETH_DAI,16632899,1676449043,0x93dabae1444daafd630d6b4a2d544ecfa4955579,0x71f2b24ba73e9d4792ab019430fa38ecd657655f6b45db9249a7f5ff0bf03711,0x93dabae1444daafd630d6b4a2d544ecfa4955579,0x93dabae1444daafd630d6b4a2d544ecfa4955579,0,1,0.0,3.2688971889605073e+21,2.972943210776489e+24,0.0,23354349078.0,0xd6f772f3d8e1f4f205cb558b4d109079026f8023940fc0ab2cc6f90039c30767,0x93dabae1444daafd630d6b4a2d544ecfa4955579,0x93dabae1444daafd630d6b4a2d544ecfa4955579,6,2.972943210776489e+24,0.0,0.0,3.2894743146544145e+21,23354349078.0,3,0x6b4fdd6fa469cd7e7c1d73e28d06e5b5183a3f2b3e8c21a1c199f8fe1ca1cc8d;0xb97775caf5018c6091ff94bae38287a5e47d5c4f5645a1bb97506178f7370ea2;0x438d98edde38d591f4458911809f852eb0ae73e795348a2687e1a1c38fe25883,0.0,4.9440151895222895e+19,2.6361605898834006e+22,0.0,0.0,20.57712569390727,34276.06904771278,0.0070063047234,11.670657410606221,34264.39839030217
62,WETH_DAI,16633000,1676450267,0xef1c6e67703c7bd7107eed8303fbe6ec2554bf6b,0x242dd291e98fae0a07e036591ce525f0b9a44ebf0465b5f3c7c64788452802c9,0xef1c6e67703c7bd7107eed8303fbe6ec2554bf6b,0xe532b04d2f2e921dfec69e132e9214d2f82df304,15,1,0.0,9.4e+17,1.456052210831055e+21,0.0,29400000000.0,0x4e281c9e86d45781bf673492bb7de6c665440d2a7424752db15caa3bea78d2ea,0xef1c6e67703c7bd7107eed8303fbe6ec2554bf6b,0xef1c6e67703c7bd7107eed8303fbe6ec2554bf6b,54,1.905361867361574e+20,0.0,0.0,1.223689884581466e+17,26605157230.0,1,0x13034204141c0838e393fa93c090544f131cc4d7dbe64e9ec78ece7b96d36362,0.0,1.5e+18,2.3222826935351265e+21,0.0,1265.5160240948978,-0.8176310115418535,-96.44178400936289,0.0084007735845,13.993475071291519,-110.4352590806544
63,WETH_DAI,16978375,1680646259,0x6b75d8af000000e20b7a7ddf000ba900b4009a80,0xdf14dc21c072a5c884f167d8f8a889fdbc37cb30727261fc8c701e95f90515a2,0x6b75d8af000000e20b7a7ddf000ba900b4009a80,0x6b75d8af000000e20b7a7ddf000ba900b4009a80,0,1,0.0,3.5773448319724945e+19,6.625849935632218e+22,0.0,30934233227.0,0x5f0b419805fa6f27ca2029a4c27ad10c4c7afe1f6bad9d17283387089baea433,0x6b75d8af000000e20b7a7ddf000ba900b4009a80,0x6b75d8af000000e20b7a7ddf000ba900b4009a80,2,6.625849935632218e+22,0.0,0.0,3.5882926980265406e+19,1357996548803.0,1,0x52c05edbac6d2eb9dd31e4655b7659f1ba069f1b58c0bf781611e3c2695fa705,0.0,1.9310986559297016e+19,3.530628282298551e+22,0.0,0.0,0.10947866054046106,203.48491239858618,0.2083396173045,387.2349969124185,-183.75008451383235
64,WETH_DAI,17077467,1681868459,0x6b75d8af000000e20b7a7ddf000ba900b4009a80,0xf0e4fb37c6eae032db0daa58c0e79951faef8729e65812a508da81fa5118f915,0x6b75d8af000000e20b7a7ddf000ba900b4009a80,0x6b75d8af000000e20b7a7ddf000ba900b4009a80,6,1,0.0,1.3465545994284302e+19,2.8092061455877413e+22,0.0,51758897097.0,0xa76c8d43c4bdeb9ba92d0cec54bbaa6d3d178645e6b9b6d5789429d2b1defe76,0x6b75d8af000000e20b7a7ddf000ba900b4009a80,0x6b75d8af000000e20b7a7ddf000ba900b4009a80,8,2.8092061455877413e+22,0.0,0.0,1.3504960363698848e+19,461613917455.0,1,0xbd5ad0ad693cf6b05e284a9c1de257fcf9c8e16608ea61717ba1d30583d28f7a,0.0,1.767e+19,3.6574258175440727e+22,0.0,0.0,0.03941436941454541,72.86717834409393,0.0770059221828,142.36443075440295,-69.49725241030902
65,WETH_DAI,17080270,1681902695,0xe3e53f468d5658d217412203463246af76d7db37,0x639df2ec89553b4503539672acd11bad30519bd82da1b38902d9fbd53ed80133,0xe3e53f468d5658d217412203463246af76d7db37,0xe3e53f468d5658d217412203463246af76d7db37,0,0,2.0927282576362914e+23,0.0,0.0,1.0292053815843054e+20,56948273012.0,0x7e04be438e29bacd3452aef0df4d67ba674a5c6db18504c1ead18e4a1771f297,0xe3e53f468d5658d217412203463246af76d7db37,0xe3e53f468d5658d217412203463246af76d7db37,2,0.0,1.0292053815843054e+20,2.0993418952176145e+23,0.0,56948273012.0,1,0x2db44406d39e285a6eab8b06ee36fa56a7e46bf05323c02b6a264183de057c24,3.7466658930371607e+22,0.0,0.0,1.7873034439510026e+19,661.3637581323151,0.0,661.3637581323151,0.0170844819036,31.58487648737193,629.7788816449431
66,WETH_DAI,17180768,1683123887,0x00000000003b3cc22af3ae1eac0440bcee416b40,0x6ff728ba055ec210f86ade6e92ee64e19d4da163e7cade7c731248a18a66a7cc,0x00000000003b3cc22af3ae1eac0440bcee416b40,0x00000000003b3cc22af3ae1eac0440bcee416b40,0,0,1.9314132165573863e+23,0.0,0.0,1.0148009657021546e+20,92588039504.0,0xa7f1ecb5758699131dbe0744990ebaeb3f1e6d4c2b44e9cc05c89f4f1d4de12c,0x00000000003b3cc22af3ae1eac0440bcee416b40,0x60594a405d53811d3bc4766596efd80fd545a270,2,0.0,1.3870121545206478e+20,2.671775984208961e+23,0.0,8715812404670.0,1,0x4304a2d2096a2e4b37fde51e660f6eb9641b52b772f1c5766483c4d74b28022a,1.0853415010428474e+23,0.0,0.0,5.488345835439153e+19,74036.27676515748,-37.221118881849314,-189.12004225279088,1.3212600666261,2634.8228016039425,-2823.9428438567334
67,WETH_DAI,17639722,1688706119,0x6b75d8af000000e20b7a7ddf000ba900b4009a80,0x995c7b01acc16159eeffb184509e40e9425c3601542946c118dafccd93fdbacf,0x6b75d8af000000e20b7a7ddf000ba900b4009a80,0x6b75d8af000000e20b7a7ddf000ba900b4009a80,2,1,0.0,6.973720591580791e+18,1.2866501253045913e+22,0.0,20511100989.0,0xf4713658d4e90d3f62d6a8a0a25d9b8aef1401d243e3d6aa12d6895ec6216f15,0x6b75d8af000000e20b7a7ddf000ba900b4009a80,0x6b75d8af000000e20b7a7ddf000ba900b4009a80,11,1.2866501253045913e+22,0.0,0.0,7.032937826836546e+18,486050514464.0,1,0xf87d68b8ca63b2c96e654c42ece9b6bd75c16596a148570659f9414c361cddd0,0.0,2.9989194629912433e+19,5.483895242185633e+22,0.0,0.0,0.05921723525575475,110.35702942897889,0.07598424231795,141.6039642750085,-31.246934846029617
68,WETH_DAI,17689085,1689305891,0x2d2a7d56773ae7d5c7b9f1b57f7be05039447b4d,0x9ecc9de60db8f2c5a39ad77760195c6acc6f7765d3a904957ae19f9746c046f8,0x2d2a7d56773ae7d5c7b9f1b57f7be05039447b4d,0x2d2a7d56773ae7d5c7b9f1b57f7be05039447b4d,0,0,1.832500678731556e+23,0.0,0.0,8.852543092370691e+19,18734214427.0,0x165ef2c4b26684f180708611359476b087c9024e18cc37ebe851221e884bb9c7,0x2d2a7d56773ae7d5c7b9f1b57f7be05039447b4d,0x60594a405d53811d3bc4766596efd80fd545a270,2,0.0,9.10341598641028e+19,1.8949791460247895e+23,0.0,1107791155753.0,1,0x4a92f23702a0483ddb72ec2755f03ad06d662c57f37cf54c7be0a3240a8b1c87,5e+22,0.0,0.0,2.346670081274179e+19,6247.846729323343,-2.508728940395889,1374.3284840010156,0.168978805527,328.2623636807301,1046.0661203202853
69,WETH_DAI,18051659,1693692023,0x6b75d8af000000e20b7a7ddf000ba900b4009a80,0x12281c47852d3d71d99a0dbc304fb4294dba6c3cd510add7ca2e28d80e9b6dd6,0x6b75d8af000000e20b7a7ddf000ba900b4009a80,0x6b75d8af000000e20b7a7ddf000ba900b4009a80,80,0,8.901119974603417e+22,0.0,0.0,5.360362837184715e+19,10499012553.0,0x0447b982051519af5aa543ab620ec91e48366b9e2280a5b50b7e8369dbf3be41,0x6b75d8af000000e20b7a7ddf000ba900b4009a80,0x6b75d8af000000e20b7a7ddf000ba900b4009a80,82,0.0,5.360362837184715e+19,8.95352693064186e+22,0.0,1229734130794.0,1,0xe2247b221b075f29937b6048d0a7105f9f851193472c44176098d0336269493b,4.316049501571686e+22,0.0,0.0,2.552018990292904e+19,524.0695603844287,0.0,524.0695603844287,0.18603497150204998,303.19729292482,220.87226745960868
70,WETH_DAI,18143171,1694799863,0x6b75d8af000000e20b7a7ddf000ba900b4009a80,0x8d2235fe94af08f0ae5208f2cd813b026a31f3389d438041c170aecfd342e067,0x6b75d8af000000e20b7a7ddf000ba900b4009a80,0x6b75d8af000000e20b7a7ddf000ba900b4009a80,1,0,1.725918582367449e+23,0.0,0.0,1.0381019682242457e+20,36942050688.0,0x012b67aab3f693388f4447b52392212fb9de8a405b16779c55f2fe9481e908db,0x6b75d8af000000e20b7a7ddf000ba900b4009a80,0x6b75d8af000000e20b7a7ddf000ba900b4009a80,5,0.0,1.0381019682242457e+20,1.7513392247530428e+23,0.0,2686329858584.0,1,0x0f213d8cc792d28fde260de735de01b273c79cca14c869c57217c6e887c73845,7.518098335851189e+22,0.0,0.0,4.368171132425933e+19,2542.064238559385,0.0,2542.064238559385,0.4084907863908,668.7418459048091,1873.322392654576
71,WETH_DAI,18405662,1697975567,0x429cf888dae41d589d57f6dc685707bec755fe63,0x4f4a66c1571a98cf5719236b43b52752c53dc5024fcaa3d4ff8eed5e76301fb2,0x429cf888dae41d589d57f6dc685707bec755fe63,0x429cf888dae41d589d57f6dc685707bec755fe63,0,1,0.0,8.183199999966839e+18,1.3278387245641313e+22,0.0,8392704917.0,0x50510f470c0509ae3be5132da64f9192ebd6fc78809978c45130ecae8efbc643,0x429cf888dae41d589d57f6dc685707bec755fe63,0x429cf888dae41d589d57f6dc685707bec755fe63,2,1.3278354876018991e+22,0.0,0.0,8.191067391606653e+18,104907650026.0,1,0x81b0b2d77f4f3ccfe2f2bd919dd113459eace6ea19aa1c7aaa30fd3a31ea55cc,0.0,1.142515815257789e+19,1.8428316971917107e+22,0.0,0.03236962232172544,0.007867391639814144,14.110279656645515,0.01699505324145,30.410947047670813,-16.3006673910253
72,WETH_DAI,18413422,1698069599,0x2d2a7d56773ae7d5c7b9f1b57f7be05039447b4d,0x7063145d8afb4549b8513b654e50ddd975175b4b0d489ba97ece8ebe9d33b377,0x2d2a7d56773ae7d5c7b9f1b57f7be05039447b4d,0x2d2a7d56773ae7d5c7b9f1b57f7be05039447b4d,9,1,0.0,1.6331646615910523e+18,2.719356148911485e+21,0.0,16712209253.0,0x0857c07e04452c2f73c6828686ff12a6cf77dd15a2338d3b71653a9cf8c516cf,0x2d2a7d56773ae7d5c7b9f1b57f7be05039447b4d,0x2d2a7d56773ae7d5c7b9f1b57f7be05039447b4d,11,2.71935587697587e+21,0.0,0.0,1.6447770223004042e+18,398359290068.0,1,0x17880055d3e8a76442fdfd23c26c062c9b90f73583b60eba57b2246a3335f077,0.0,2.1214763014042943e+19,3.507640742093495e+22,0.0,0.000271935614746624,0.011612360709351935,20.77942935356615,0.06226072489815,111.40933665387541,-90.62990730030927
73,WETH_DAI,18413864,1698074939,0x6b75d8af000000e20b7a7ddf000ba900b4009a80,0xdec856a516216b829b3411f549437dad0a3cd4a072557bd33a79ab91c57c3214,0x6b75d8af000000e20b7a7ddf000ba900b4009a80,0x6b75d8af000000e20b7a7ddf000ba900b4009a80,1,0,1.3540235253700912e+22,0.0,0.0,8.038202715198718e+18,25951155380.0,0x4d62911cb7e0a7db67a899d2536b16b52e978c8233c21cdd832b11040b6d0fe9,0x6b75d8af000000e20b7a7ddf000ba900b4009a80,0x6b75d8af000000e20b7a7ddf000ba900b4009a80,6,0.0,8.031447740959425e+18,1.3540264245623513e+22,0.0,99406896317.0,1,0xbe6c57e680e2a36b8d4cc41ffb62098c2d812e49ab510d702940b95c4c9123da,1.8557799826892788e+22,0.0,0.0,1.0951821777954015e+19,0.028991922601197567,0.00675497423929344,12.116342340457646,0.01880370775455,33.64735330330207,-21.531010962844423
74,WETH_DAI,18431173,1698284411,0x6b75d8af000000e20b7a7ddf000ba900b4009a80,0x45220eb000d76681417257c7f7a556ea3418731da0b9f679c992e614b32eb2f2,0x6b75d8af000000e20b7a7ddf000ba900b4009a80,0x6b75d8af000000e20b7a7ddf000ba900b4009a80,39,0,1.3998107502091392e+22,0.0,0.0,7.767211779427402e+18,20821183331.0,0x71bd11607023517f9b5d10679cab194e3a69e7a89e1333f7c70691a93c775dac,0x6b75d8af000000e20b7a7ddf000ba900b4009a80,0x6b75d8af000000e20b7a7ddf000ba900b4009a80,41,0.0,7.761999089289397e+18,1.3998129457139575e+22,0.0,44051942659.0,1,0x913020f5934bc3dec777ba2be894e463e60615f10646ecf5f6f944a6d0fe14bb,1.8725847430138312e+22,0.0,0.0,1.033004559085768e+19,0.021955048183431167,0.00521269013800448,9.367386992527157,0.0097309688985,17.445907043358392,-8.078520050831235
75,WETH_DAI,18436130,1698344339,0x6b75d8af000000e20b7a7ddf000ba900b4009a80,0x1242b9471f3be6e3d256d4bde9a89953fc2d966df0ebc672a07ea16e11c9d2ec,0x6b75d8af000000e20b7a7ddf000ba900b4009a80,0x6b75d8af000000e20b7a7ddf000ba900b4009a80,1,0,1.3946425881617548e+22,0.0,0.0,7.789637835199349e+18,19608466276.0,0x89a09d94f058ab55b95de102cd1c2188d0cbcc8e1e98e6359a031ba67bfb649d,0x6b75d8af000000e20b7a7ddf000ba900b4009a80,0x6b75d8af000000e20b7a7ddf000ba900b4009a80,5,0.0,7.786605837396475e+18,1.3946425600142572e+22,0.0,67504140101.0,1,0x4af1218a4d3d92d8678ec52a19e31d757fb0ac920a43e532061284732c1c35f4,1.7873974768611287e+22,0.0,0.0,9.926644662865793e+18,-0.000281474976710656,0.003031997802873856,5.4355546042813305,0.01306689095655,23.42662558594876,-17.991070981667427
76,WETH_DAI,18641990,1700834039,0x6b75d8af000000e20b7a7ddf000ba900b4009a80,0xde9e0d4c2a97f6d4f800fd93cbd59592d5046fd38752a0fdab6dfc99399ec2ee,0x6b75d8af000000e20b7a7ddf000ba900b4009a80,0x6b75d8af000000e20b7a7ddf000ba900b4009a80,0,1,0.0,1.3182760458983886e+20,2.647201350933328e+23,0.0,31703361851.0,0xe1296a0ec5855c13bd06a0d18f4d9c32aec30ea0183509f858ed908f51edba2b,0x6b75d8af000000e20b7a7ddf000ba900b4009a80,0x6b75d8af000000e20b7a7ddf000ba900b4009a80,2,2.6472013481185783e+23,0.0,0.0,1.3240012587358434e+20,7444984826313.0,1,0xc1b128564772f81197c5784b50f6783593dd05954d1b91b01e57f65fd95513f5,0.0,1.5550440837202356e+19,2.9703786581749727e+22,0.0,0.000281474976710656,0.5725212837454807,1192.0979286764145,1.1215032282246,2335.1819358557013,-1143.0840071792868
77,WETH_DAI,18762320,1702289915,0x6b75d8af000000e20b7a7ddf000ba900b4009a80,0x8cfc35bb31160db5c7fc902fd71d10bedd151dcb5cb06fc28af18a8054514270,0x6b75d8af000000e20b7a7ddf000ba900b4009a80,0x6b75d8af000000e20b7a7ddf000ba900b4009a80,0,1,0.0,6.969487287130259e+18,1.5560715272350643e+22,0.0,35506215039.0,0xf905b3bfc3aa2a729ba0963250832441767256a3e6f63a1d54d40a85d16c6f70,0x6b75d8af000000e20b7a7ddf000ba900b4009a80,0x6b75d8af000000e20b7a7ddf000ba900b4009a80,3,1.5560714990875669e+22,0.0,0.0,6.989261707403067e+18,840932153935.0,1,0xba718525ebedf606c79e7aa411ff8587d5798dc08d30232037ae265024e99a11,0.0,1.236606454520792e+19,2.7419330417825258e+22,0.0,0.000281474974613504,0.019774420272807937,43.15670778762023,0.1314657553461,286.91572774106004,-243.7590199534398
78,WETH_DAI,18778226,1702482347,0x3328f7f4a1d1c57c35df56bbf0c9dcafca309c49,0x2d3d46d303bf316f364c6721b4cd6da769eede0ca46f9e0c811e0e5cb1186bfa,0x3328f7f4a1d1c57c35df56bbf0c9dcafca309c49,0x3328f7f4a1d1c57c35df56bbf0c9dcafca309c49,7,1,0.0,4.975124378109452e+18,1.1065317541057093e+22,0.0,114010409632.0,0x0c41ac6b37365c63985cd478e362980f4afc006d6737cf61583f22915a7e56dd,0x3328f7f4a1d1c57c35df56bbf0c9dcafca309c49,0x3328f7f4a1d1c57c35df56bbf0c9dcafca309c49,187,4.273614529336077e+22,0.0,0.0,1.90251730807628e+19,70010409632.0,2,0x76a1d3aec4044d6ed41f9e72cc0bc8f8bec42df9749cd70d85ae456debaa6bcb;0x9718cb29b442ea36985aef1695b3f866a564c979d499ee9df2af0335d814a016,0.0,1.5904370621230077e+18,3.529039845926042e+21,0.0,-31670.827752303674,14.050048702653346,-160.71878607360486,0.0276031228896,61.90565089609108,-222.62443696969595
79,WETH_DAI,18778236,1702482467,0x3328f7f4a1d1c57c35df56bbf0c9dcafca309c49,0x206d778e74c8312b2d1ac0f4873e0c0f6ad5e3cb0229ee231e5a2a73a3900e3a,0x3328f7f4a1d1c57c35df56bbf0c9dcafca309c49,0x3328f7f4a1d1c57c35df56bbf0c9dcafca309c49,40,0,4.025471793229247e+22,0.0,0.0,1.8060794504996792e+19,73717862056.0,0xde16702a79390232f2f7fe72a86295e8dfba71711a0547f9e3196f200ceeeb42,0x3328f7f4a1d1c57c35df56bbf0c9dcafca309c49,0x3328f7f4a1d1c57c35df56bbf0c9dcafca309c49,151,0.0,9.950248756218904e+17,2.2190524281585557e+21,0.0,59717862056.0,1,0x5fc9155c88a695aa52857c83b464c07193d47d35169976c0ce54478551ac46e4,2.3820407177030664e+21,0.0,0.0,1.061737652677898e+18,-38035.66550413392,17.065769629374902,237.81468050274998,0.0200153586168,44.888536998055756,192.9261435046942
80,WETH_DAI,18778241,1702482527,0x3328f7f4a1d1c57c35df56bbf0c9dcafca309c49,0x44246c1055f7f555b57f1a585571eeae89627ce10d5fbf6c215b93903835b4dd,0x3328f7f4a1d1c57c35df56bbf0c9dcafca309c49,0x3328f7f4a1d1c57c35df56bbf0c9dcafca309c49,10,0,1.3276284642218e+21,0.0,0.0,5.945556021292271e+17,71274826576.0,0xc65d9a0446521b6a290abd6a6d6ca10a02fd5045e3ddb74960bd899bf6a357aa,0x3328f7f4a1d1c57c35df56bbf0c9dcafca309c49,0x3328f7f4a1d1c57c35df56bbf0c9dcafca309c49,180,0.0,4.975124378109452e+18,1.1021226109222563e+22,0.0,56274826576.0,1,0xea4de16987f9cf556c2c42c007c25c24d24b4661ee53c9ffe4db26c4b7ba0594,9.846948011500432e+20,0.0,0.0,4.4112842598790586e+17,9693.597645000764,-4.380568775980225,-130.72413397888158,0.0191324479728,42.90842922842002,-173.6325632073016
81,WETH_DAI,18778250,1702482635,0x3328f7f4a1d1c57c35df56bbf0c9dcafca309c49,0x1218f9f3625b73a28ec9ec26d331a76102de2abbc225de9b55a01319e9950af7,0x3328f7f4a1d1c57c35df56bbf0c9dcafca309c49,0x3328f7f4a1d1c57c35df56bbf0c9dcafca309c49,4,1,0.0,1.9900497512437809e+18,4.4054051912309015e+21,0.0,115012979758.0,0xd89206a14b23f9130cd699d6ce1a393abe77e870ae4f7c8e8f3a66006a0b2d78,0x3328f7f4a1d1c57c35df56bbf0c9dcafca309c49,0x3328f7f4a1d1c57c35df56bbf0c9dcafca309c49,19,6.629552263966291e+20,0.0,0.0,2.975657243963508e+17,65012979758.0,1,0xa90f36a4236d48c6bec922f41c503a4cede0be26f76b01815e67f572c99a9620,0.0,3.96e+17,8.770049977619526e+20,0.0,3742.449964834272,-1.6924840268474302,-53.29176092180796,0.0270038939274,60.56175734139635,-113.85351826320431
82,WETH_DAI,18778250,1702482635,0x3328f7f4a1d1c57c35df56bbf0c9dcafca309c49,0x8c058d67cf4e2fe02aefe6b5a8e07a5998c93d3acf8cf0f0560944042f3e0fb3,0x3328f7f4a1d1c57c35df56bbf0c9dcafca309c49,0x3328f7f4a1d1c57c35df56bbf0c9dcafca309c49,5,0,5.592363138582428e+21,0.0,0.0,2.5106315019533645e+18,100012979758.0,0x1e8cd7fcdeecb549ff7a83241170ef210452713476a6b66955fcacd9712342d7,0x3328f7f4a1d1c57c35df56bbf0c9dcafca309c49,0x3328f7f4a1d1c57c35df56bbf0c9dcafca309c49,148,0.0,6.965174129353234e+17,1.546965101026654e+21,0.0,61012979758.0,1,0xe3440db297c133d94fdfe78a0b13348dc37162a6072d6891fce5a45a0518e682,1.3298524170425787e+21,0.0,0.0,5.950699430777449e+17,-4045.398037555774,1.8141140890180412,23.12398908577643,0.0241538939274,54.17004920896857,-31.04606012319214
83,WETH_DAI,18778250,1702482635,0x3328f7f4a1d1c57c35df56bbf0c9dcafca309c49,0x5527a70e8563d87f54ce4034b3f43dde4379f5f4f3273850610679b2aa5540ac,0x3328f7f4a1d1c57c35df56bbf0c9dcafca309c49,0x3328f7f4a1d1c57c35df56bbf0c9dcafca309c49,10,1,0.0,1.9900497512437809e+18,4.411039365974316e+21,0.0,75012979758.0,0xabdb0623443792359710bb72ba7731b0424f6b7d95d953eec64e435a4ef21f33,0x3328f7f4a1d1c57c35df56bbf0c9dcafca309c49,0x3328f7f4a1d1c57c35df56bbf0c9dcafca309c49,20,8.576921326901794e+21,0.0,0.0,3.844032394536659e+18,65012979758.0,1,0xa90f36a4236d48c6bec922f41c503a4cede0be26f76b01815e67f572c99a9620,0.0,3.96e+17,8.770049977619526e+20,0.0,-4165.881960927478,1.853982643292878,-7.946543904659848,0.0210038939274,47.10552969417998,-55.052073598839826
84,WETH_DAI,18778258,1702482743,0x3328f7f4a1d1c57c35df56bbf0c9dcafca309c49,0x4c0cfe2444b1e91db4b73e0672c7d31066ba609e780d0ccaedf3107868759ee8,0x3328f7f4a1d1c57c35df56bbf0c9dcafca309c49,0x3328f7f4a1d1c57c35df56bbf0c9dcafca309c49,7,1,0.0,1.9900497512437809e+18,4.421955540250853e+21,0.0,209102826088.0,0x2ebbf39562bc067b90172feb090eaa844b77729a0582a39d83e639ba1c93c45c,0x3328f7f4a1d1c57c35df56bbf0c9dcafca309c49,0x3328f7f4a1d1c57c35df56bbf0c9dcafca309c49,121,8.195416082634705e+21,0.0,0.0,3.676753013208845e+18,84102826088.0,2,0x8df6b23b5bd4c7f03c885842218d996cfbc038c86d47772e9d08e29095c86675;0x6ad02129b1cc3b0f91e56dd8daa23719009ddfc3e3208b3841a60d21bbf7ce18,0.0,5.423461875510231e+17,1.20007934391669e+21,0.0,-3773.4605423838525,1.686703261965064,9.316635333535032,0.0439808478264,98.63605007826993,-89.3194147447349
85,WETH_DAI,18778262,1702482791,0x3fc91a3afd70395cd496c647d5a6cc9d4b2b7fad,0xc1ec65ac8c6b2d82b76dad14d1d4d7da1ef8476c524aa062b48338502c104262,0x3fc91a3afd70395cd496c647d5a6cc9d4b2b7fad,0x3fc91a3afd70395cd496c647d5a6cc9d4b2b7fad,0,1,0.0,5e+18,1.1077604319502948e+22,0.0,334313047328.0,0x69083e016932758fc2fd54c749de7a20052940cf0e906693e5ba44104de4c7fa,0x3fc91a3afd70395cd496c647d5a6cc9d4b2b7fad,0x3fc91a3afd70395cd496c647d5a6cc9d4b2b7fad,141,1.098460892159996e+21,0.0,0.0,4.94250600027449e+17,72376243086.0,2,0xf0ebc11ea3e7849ba09add2dca4e234f72b1b586e15f939d05391f15079ab298;0x89c57377da717c387d48fa4a3c2b61050759541f0e2f73d63546a632489c3812,0.0,1.4925373134328356e+18,3.300258356380982e+21,0.0,9979.143427342951,-4.505749399972551,-125.92151388024831,0.0610033935621,136.81259183739184,-262.73410571764015
86,WETH_DAI,18778267,1702482851,0x3fc91a3afd70395cd496c647d5a6cc9d4b2b7fad,0x748f4abf2921212f90e53b953e4de31596162dc5130ec06df6e212df80495f31,0x3fc91a3afd70395cd496c647d5a6cc9d4b2b7fad,0x3fc91a3afd70395cd496c647d5a6cc9d4b2b7fad,5,1,0.0,1e+18,2.205970879623052e+21,0.0,69826361996.0,0x3ce34dcac13ff05ea0c4fe17e1b0e81b2d91194f1a06921931d88d716d62f424,0x3fc91a3afd70395cd496c647d5a6cc9d4b2b7fad,0x3fc91a3afd70395cd496c647d5a6cc9d4b2b7fad,111,6.35910633739196e+20,0.0,0.0,2.8492039661107168e+17,69826361996.0,2,0x8732d8471b195f40dd0e2d181e58b45e01681b34d1b8e89b4f224607781aa4e1;0x03ce05be2e8c1f3c666ff9a06842232fd455c2077032b125a9994786a6895d15,0.0,5.970149253731343e+17,1.324635755815072e+21,0.0,1570.060245883856,-0.7150796033889283,-33.652075629912815,0.0209479085988,46.979971139755676,-80.63204676966849
87,WETH_DAI,18778276,1702482959,0x3328f7f4a1d1c57c35df56bbf0c9dcafca309c49,0xb96083ac974db987b7f509d87e2fc695c6452fbe30e68b59c5cd41cc81841467,0x3328f7f4a1d1c57c35df56bbf0c9dcafca309c49,0x3328f7f4a1d1c57c35df56bbf0c9dcafca309c49,8,1,0.0,1.9900497512437809e+18,4.4598100773412526e+21,0.0,114381874603.0,0xeb10c21d3a44793302d07a02062a9e06aa0f8fc85ece76e6058e414f2459624d,0x3328f7f4a1d1c57c35df56bbf0c9dcafca309c49,0x3328f7f4a1d1c57c35df56bbf0c9dcafca309c49,12,7.386791325501467e+21,0.0,0.0,3.3117869063679165e+18,89381874603.0,1,0x269e8f04b352628d34d3321f565a48919a40f538e9e6f19342914cc4258cb640,0.0,2.2604203863836e+19,5.046371994100332e+22,0.0,-2926.9812481602144,1.3217371551241357,37.28476002886964,0.0305645623809,68.54728488915599,-31.262524860286348
88,WETH_DAI,18778286,1702483079,0x3328f7f4a1d1c57c35df56bbf0c9dcafca309c49,0x3605eb73255c9848670b21fd23a9cccef69016c558eb2197b6b183d1cdad1a52,0x3328f7f4a1d1c57c35df56bbf0c9dcafca309c49,0x3328f7f4a1d1c57c35df56bbf0c9dcafca309c49,3,1,0.0,4.975124378109452e+18,1.090372309674578e+22,0.0,135619575666.0,0xfcf09d8a48dc431b79bf6368c3699edb21d67055614c741ab20a3eba7d6b03ea,0x3328f7f4a1d1c57c35df56bbf0c9dcafca309c49,0x3328f7f4a1d1c57c35df56bbf0c9dcafca309c49,25,1.0974514658859249e+21,0.0,0.0,4.956449181149098e+17,71619575666.0,1,0x3e182632ce13006152aa0454996acafeabfa8567768bdef45b591668130c013a,0.0,7.371047265310419e+17,1.6099292785309047e+21,0.0,9806.271630859857,-4.4794794599945424,-239.8775949262108,0.0310858726998,69.71642994348288,-309.59402486969367
89,WETH_DAI,19037033,1705620575,0x6b75d8af000000e20b7a7ddf000ba900b4009a80,0x248460a5520f8dfa6d2300c8903d6b4e400b13df81463d55c75f25a2cc2c3664,0x6b75d8af000000e20b7a7ddf000ba900b4009a80,0x6b75d8af000000e20b7a7ddf000ba900b4009a80,0,0,7.944479221170842e+21,0.0,0.0,3.2178704110520893e+18,22858668919.0,0xf9080bd3c544f0e07d7bdb28b108a4565c88f45afedd07e900301e81a062c4c6,0x6b75d8af000000e20b7a7ddf000ba900b4009a80,0x6b75d8af000000e20b7a7ddf000ba900b4009a80,4,0.0,3.2140493117928243e+18,7.944478939695865e+21,0.0,218270547169.0,1,0x30b5db20b6006900e93237081b946803bfc3e89620bce0af010a9505541e7d57,2.36e+22,0.0,0.0,9.513223911602227e+18,-0.000281474976710656,0.003821099259265024,9.442347494797836,0.0361693824132,89.38110083521602,-79.93875334041817
90,WETH_DAI,19128506,1706728859,0x6b75d8af000000e20b7a7ddf000ba900b4009a80,0x6a93109916532b544099b073608f3069c8a5cea3b0bc7eef994b937cbbfb01cc,0x6b75d8af000000e20b7a7ddf000ba900b4009a80,0x6b75d8af000000e20b7a7ddf000ba900b4009a80,0,0,3.2086069960730613e+21,0.0,0.0,1.378942504996438e+18,27406526034.0,0x9b72fdd6b88a63718430fa705a132c9806e29b4830a8baca357aae44f21ee89f,0x6b75d8af000000e20b7a7ddf000ba900b4009a80,0x6b75d8af000000e20b7a7ddf000ba900b4009a80,2,0.0,1.3756237537020475e+18,3.208606993874038e+21,0.0,66483260370.0,1,0x15fe817794b8006ef1925b271101b5c10ba3ebf153eabd9e5922da3cd8480d07,2.6707196605341534e+22,0.0,0.0,1.1423853693307324e+19,-2.199023255552e-06,0.003318751294390528,7.663420636919329,0.0140834679606,32.520535709003205,-24.857115072083875
91,WETH_DAI,19132512,1706777483,0x6b75d8af000000e20b7a7ddf000ba900b4009a80,0x616181907293609d94e446d9ebfb1f77b858ed8614934832717b626e75c22d19,0x6b75d8af000000e20b7a7ddf000ba900b4009a80,0x6b75d8af000000e20b7a7ddf000ba900b4009a80,0,0,2.7938091828866917e+22,0.0,0.0,1.2231535137761788e+19,16532354949.0,0xd07b84f8ae2f77cfb5d265e47ca37bb672bcff5ec8f96a113d1a4ab9362aaa11,0x6b75d8af000000e20b7a7ddf000ba900b4009a80,0x6b75d8af000000e20b7a7ddf000ba900b4009a80,2,0.0,1.2227182892781928e+19,2.7938117443089798e+22,0.0,27078798070.0,1,0xf6e1d29adf34bc8695e350db2458c17298ebd54e2ae7d62254ae94a6601b6767,2e+22,0.0,0.0,8.689606352503233e+18,0.025614222880669696,0.004352244979859456,10.075506669671128,0.00654167295285,15.105562738874974,-5.030056069203846
92,WETH_DAI,19168922,1707219083,0x6b75d8af000000e20b7a7ddf000ba900b4009a80,0xebe172648cfb615c148f73dd6fad180a40c514f270065c3665ad23d3ff051f92,0x6b75d8af000000e20b7a7ddf000ba900b4009a80,0x6b75d8af000000e20b7a7ddf000ba900b4009a80,0,0,1.6231874339918695e+22,0.0,0.0,6.950861414126846e+18,42342526033.0,0x82fa2cb7412a3d0af804f5862441a3fdb20db1fd52150f00af795330a66c4911,0x6b75d8af000000e20b7a7ddf000ba900b4009a80,0x6b75d8af000000e20b7a7ddf000ba900b4009a80,2,0.0,6.915947796776354e+18,1.623238127635175e+22,0.0,333722223802.0,1,0xcc301d65445906515c2a156f003f0450c35a10a2731279f762a4d984a6787c51,3.5243602442587076e+22,0.0,0.0,1.4970605864053363e+19,0.5069364330558914,0.03491361735049216,83.6499029528871,0.05640971247525,134.33356929590403,-50.683666343016924
93,WETH_DAI,19256942,1708286771,0x6b75d8af000000e20b7a7ddf000ba900b4009a80,0xf0d0c153af8e96d605d3a0bd7eb96ec96258149e8b36c6ca0345e93be406072a,0x6b75d8af000000e20b7a7ddf000ba900b4009a80,0x6b75d8af000000e20b7a7ddf000ba900b4009a80,0,0,1.753280777217898e+22,0.0,0.0,6.145275780608819e+18,33418653440.0,0x30b302c7ce645a3fe3d1c2c2d96ca5d5bb75cdbf650a0493cbd1860380ae1c98,0x6b75d8af000000e20b7a7ddf000ba900b4009a80,0x6b75d8af000000e20b7a7ddf000ba900b4009a80,2,0.0,6.113540473417105e+18,1.7533390425380771e+22,0.0,336444421147.0,1,0xa12a14c2eba14e00be198d92650bcb9c8e631ff6abce3f2afe4d95ba896b6355,3.944185449534054e+22,0.0,0.0,1.3712917270244448e+19,0.582653201791058,0.031735307191713795,95.84682523851765,0.05547946118805,166.5402166487702,-70.69339141025256
94,WETH_DAI,19262616,1708355855,0x6b75d8af000000e20b7a7ddf000ba900b4009a80,0xfac8c50febf7a5a3a16c3c013c591caa3cd09baa1e8771a284966a2845002ca6,0x6b75d8af000000e20b7a7ddf000ba900b4009a80,0x6b75d8af000000e20b7a7ddf000ba900b4009a80,0,1,0.0,6.04544270423661e+18,1.7501418527201138e+22,0.0,44919577873.0,0xbddeec1d48b9a9eb6a9507783b7902f39d0e30a37d323d610af28f1f4dcb1749,0x6b75d8af000000e20b7a7ddf000ba900b4009a80,0x6b75d8af000000e20b7a7ddf000ba900b4009a80,4,1.750141824572616e+22,0.0,0.0,6.110520508267102e+18,1029981756133.0,1,0x2e3ba1af49bf3708bc137205aeb273bf08d6983f11d69025a83f98374c9c51c2,0.0,2.05e+19,5.870769175795757e+22,0.0,0.000281474978807808,0.06507780403049267,195.35314450168258,0.1612352001009,484.0015490632689,-288.6484045615863
95,WETH_DAI,19276057,1708518791,0x00000000003b3cc22af3ae1eac0440bcee416b40,0xbe84a1432f87dc49c7ee6b36ab5e783250b0ff32a19a177e8557f51429c0b87a,0x00000000003b3cc22af3ae1eac0440bcee416b40,0x60adcbbe611bdd370712b62e74a8a3c471a71dad,7,1,0.0,10173397348352.0,2.956029394070612e+16,0.0,31964291561.0,0xed20b9bbdaab688afb14e23c1d387832a62e65f21f7776c5549ec96a3472a5f5,0x00000000003b3cc22af3ae1eac0440bcee416b40,0x00000000003b3cc22af3ae1eac0440bcee416b40,9,9.001950908974966e+19,0.0,0.0,3.079573898841293e+16,116879587076.0,1,0x1db7940702eeb37f689bb3587ab1bacc1259a8aed5834eb3237c4d1aa35b67ed,0.0,3.3381779711067856e+16,9.699431401427757e+19,0.0,-89.98994879580896,0.030785565591064577,1.091983654631619,0.02232658179555,66.055249462162,-64.96326580753038
96,WETH_DAI,19311167,1708943555,0x6b75d8af000000e20b7a7ddf000ba900b4009a80,0xe0f1473db425c9f931139ae0718295bfcd64b7fd43cdbb38428268dfe73e56e2,0x6b75d8af000000e20b7a7ddf000ba900b4009a80,0x6b75d8af000000e20b7a7ddf000ba900b4009a80,1,1,0.0,6.492233361229087e+18,1.9702057730594434e+22,0.0,29721109601.0,0x4be50786258a61386524e44e0fad1b2076a006bcc3bbbbdaa2c5f5e7d723ef91,0x6b75d8af000000e20b7a7ddf000ba900b4009a80,0x6b75d8af000000e20b7a7ddf000ba900b4009a80,3,1.9702057449119457e+22,0.0,0.0,6.511216695770612e+18,270789096467.0,1,0xca6c95864abca89246038313eef055fbbb54c6d2889d4d2f796a7db14fa3611f,0.0,1.0659540158084663e+19,3.211696882166357e+22,0.0,0.000281474976710656,0.018983334541524993,61.58052412764567,0.0450765309102,146.22424239106613,-84.64371826342045
97,WETH_DAI,19362120,1709559191,0x6b75d8af000000e20b7a7ddf000ba900b4009a80,0xd84f980f2cdde84e5a91cc5a085d0eecad946265dab4095c307165e987bb15e3,0x6b75d8af000000e20b7a7ddf000ba900b4009a80,0x6b75d8af000000e20b7a7ddf000ba900b4009a80,0,0,1.978921279795819e+22,0.0,0.0,5.602068391050346e+18,77681200719.0,0x69d2d52f0665211e5cbf6ea968fd6e126bdc555d84953ef694c56c5871a52229,0x6b75d8af000000e20b7a7ddf000ba900b4009a80,0x6b75d8af000000e20b7a7ddf000ba900b4009a80,3,0.0,5.569425136362193e+18,1.9789743941239244e+22,0.0,531636746105.0,1,0xa249d479706829bcebd930ddc4ce7ada27bde31ded678e675068a1c160a993b5,4.634144171400347e+22,0.0,0.0,1.3007993584334698e+19,0.5311432810530079,0.0326432546881536,116.0022048555811,0.0913976920236,323.30687072257206,-207.30466586699094
98,WETH_DAI,19362161,1709559683,0x6b75d8af000000e20b7a7ddf000ba900b4009a80,0xaa495683679da12288c0a947889b7c004f6e06e987bbfed38edbe25ed218a79b,0x6b75d8af000000e20b7a7ddf000ba900b4009a80,0x6b75d8af000000e20b7a7ddf000ba900b4009a80,0,0,1.9798337935228174e+22,0.0,0.0,5.595476553241723e+18,79150163976.0,0xb61c881c9cf722327040fdaf9cf541b6c87364485d282eb00410a7d51299d102,0x6b75d8af000000e20b7a7ddf000ba900b4009a80,0x6b75d8af000000e20b7a7ddf000ba900b4009a80,3,0.0,5.514143543536386e+18,1.9800240706070734e+22,0.0,994746212959.0,1,0x3eabc392476e3395ea4c0d055e07090b4e3e0213ea3d43d5e14183669821a4b6,8.118026058725218e+22,0.0,0.0,2.2649563113977655e+19,1.9027708425598402,0.08133300970533683,289.607200484954,0.16108445654024997,569.8142963240992,-280.20709583914527
99,WETH_DAI,19458086,1710721259,0x429cf888dae41d589d57f6dc685707bec755fe63,0x42d141cc9fab08570f484951ef6a521385cc3c13e6f3d67f614ab0ca65cf4e76,0x429cf888dae41d589d57f6dc685707bec755fe63,0x429cf888dae41d589d57f6dc685707bec755fe63,0,0,1.9526395839779057e+22,0.0,0.0,5.364138205350199e+18,25739172542.0,0x84d65fcb48553a10a40aadc6477d112b3ac57af6382eff601204a0d4bcbe371f,0x429cf888dae41d589d57f6dc685707bec755fe63,0x429cf888dae41d589d57f6dc685707bec755fe63,3,0.0,5.332787624148992e+18,1.9526395839779057e+22,0.0,244209958270.0,1,0x2f562b30b33d85ba91b1c69d6b6b213e18894ac4fbe9d55291fd616c043506aa,4.647428284506925e+22,0.0,0.0,1.2659953097428085e+19,0.0,0.031350581201207296,101.78492308337647,0.0404923696218,131.4652733538428,-29.680350270466334
100,WETH_DAI,19513506,1711394267,0x93ffb15d1fa91e0c320d058f00ee97f9e3c50096,0x1d4104002f3b02a4215d95dc798fa963c618f86bd94cf40518ff2054893b11a3,0x93ffb15d1fa91e0c320d058f00ee97f9e3c50096,0x93ffb15d1fa91e0c320d058f00ee97f9e3c50096,1,1,0.0,7.172665231796077e+18,2.5917923121541425e+22,0.0,28289982306.0,0x5904d2bee83093b25df1a70d1cb060ac90bdcd41f32f03c44e9f28ef0bb37314,0x93ffb15d1fa91e0c320d058f00ee97f9e3c50096,0x93ffb15d1fa91e0c320d058f00ee97f9e3c50096,5,2.591792284006645e+22,0.0,0.0,7.183763294144954e+18,93235102039.0,1,0xe2504fd3943edc3a20bf67c5a9f7a7cc32701be83381dac97d7a1423e6fafebd,0.0,8.164990446813702e+18,2.9294881950966986e+22,0.0,0.000281474976710656,0.011098062348877825,40.08178525303101,0.01822876265175,65.83457509312431,-25.752789840093307
101,WETH_DAI,19567513,1712053583,0x6b75d8af000000e20b7a7ddf000ba900b4009a80,0x5e8d26f7002bbe33949369484f44568fe70cdb43a69329ca89295eee2d9090ce,0x6b75d8af000000e20b7a7ddf000ba900b4009a80,0x6b75d8af000000e20b7a7ddf000ba900b4009a80,0,0,2.015588630946949e+22,0.0,0.0,6.001040952645386e+18,25974232961.0,0xeab4e2a668e049cf0c68181f7b200cddbb78d1f1e53151e1f0e34d18c01d70a4,0x6b75d8af000000e20b7a7ddf000ba900b4009a80,0x6b75d8af000000e20b7a7ddf000ba900b4009a80,2,0.0,5.979054740179255e+18,2.0156816865742494e+22,0.0,143383937161.0,1,0x40239508563b0856b07fbdd6b1831d329196b753ae8655486672965fae30d379,3.66372e+22,0.0,0.0,1.0826163509869672e+19,0.9305562730054288,0.021986212466130944,73.73196297922034,0.0254037255183,84.11757851243325,-10.385615533212913
102,WETH_DAI,19575975,1712156147,0x6b75d8af000000e20b7a7ddf000ba900b4009a80,0x5d8bd843393d34a2e992406f9fd7b9caf9843c2a60adec0d29796c6b9d4844b3,0x6b75d8af000000e20b7a7ddf000ba900b4009a80,0x6b75d8af000000e20b7a7ddf000ba900b4009a80,0,1,0.0,9.608104833391264e+18,3.1928644764387087e+22,0.0,38545461086.0,0xc13d5ee428f031a8b5c3926d320b1955c37df1c27839b7c696c96a4fa75fb825,0x6b75d8af000000e20b7a7ddf000ba900b4009a80,0x6b75d8af000000e20b7a7ddf000ba900b4009a80,2,3.192864448291211e+22,0.0,0.0,9.732918567287914e+18,1281019217335.0,1,0xf2cd8dd0cee5877c9d25015fb906c0903ce00969b5b659ce6e56d81f04780ebe,0.0,2.14122412208322e+19,7.018433946974928e+22,0.0,0.000281474976710656,0.12481373389665075,416.5538173108944,0.19793470176315,660.5875596377816,-244.03374232688725
103,WETH_DAI,19588728,1712310263,0xe8c060f8052e07423f71d445277c61ac5138a2e5,0x373674aef26737a003b5d9ef7cddf57b685648394f2c5793dfbb46b58115893d,0xe8c060f8052e07423f71d445277c61ac5138a2e5,0x7e4f2843673a64674f1ab81d74242bfbe1a6e9cf,5,1,0.0,2.113423404747981e+16,6.879645343545224e+19,0.0,16546016728.0,0x7d10e4b12ff425758eafc283cff5cef5ad20d7e5ccc60c0b129f27429105ac4c,0xe8c060f8052e07423f71d445277c61ac5138a2e5,0xe8c060f8052e07423f71d445277c61ac5138a2e5,7,9.992973555482776e+19,0.0,0.0,3.0514733370553596e+16,48539770980.0,1,0x490640a0add699213386c730d705244a7b9c7568a296a3ca9a3ffa2d9b1b064a,0.0,1.5317243080052508e+16,4.986010268969783e+19,0.0,-31.13328211937552,0.009380499323073789,0.17320987427256185,0.0097628681562,32.58261028976494,-32.409400415492385
104,WETH_DAI,19627880,1712784083,0x6b75d8af000000e20b7a7ddf000ba900b4009a80,0xec73ea44299fe4ee2dd6127b8eaf48f29e38dce6a01ae99ddf6fcc2720af2fa4,0x6b75d8af000000e20b7a7ddf000ba900b4009a80,0x6b75d8af000000e20b7a7ddf000ba900b4009a80,0,1,0.0,5.483332581875253e+18,1.919019576692108e+22,0.0,17632863608.0,0xffd89b96a3ad0e3fa6f745a9c0ea918f080cece6590df71f5b3a10132488b63a,0x6b75d8af000000e20b7a7ddf000ba900b4009a80,0x6b75d8af000000e20b7a7ddf000ba900b4009a80,2,1.9190195485446106e+22,0.0,0.0,5.525284001356448e+18,283686789496.0,1,0x74bbd45bab68b294206108fc0040c94a531307d4e982e29c6ff10fce963efa4a,0.0,1.5e+19,5.200934387982875e+22,0.0,0.000281474972516352,0.0419514194811945,134.478831065632,0.0451979479656,144.8855500494478,-10.406718983815807
105,WETH_DAI,19791192,1714758683,0x00000000003b3cc22af3ae1eac0440bcee416b40,0x26e0f85bc1c18cc10dba732d8421ab040b100fbf94cefc97495ef5c5b46de7fa,0x00000000003b3cc22af3ae1eac0440bcee416b40,0x7e4f2843673a64674f1ab81d74242bfbe1a6e9cf,28,1,0.0,9960011493015552.0,3.0527849463610536e+19,0.0,7143834857.0,0x26ae61a88bddc8b5f1fe58650047975164fabb5a077129e0575dd87186546f2c,0x00000000003b3cc22af3ae1eac0440bcee416b40,0x00000000003b3cc22af3ae1eac0440bcee416b40,30,4.216963315955664e+19,0.0,0.0,1.367591759118336e+16,8858060267.0,1,0x1e1e1d7fa7f594091a8fd8953afcb8f1e14696b9c9762cbb9552b0e98cb4beaf,0.0,9179033468237008.0,2.8133889944741896e+19,0.0,-11.641783695946101,0.003715906098167808,-0.028951519332611753,0.0024002842686,7.50129245762186,-7.530243976954472
106,WETH_DAI,19903750,1716118907,0x6b75d8af000000e20b7a7ddf000ba900b4009a80,0x5c37cc603f4a62afe5e2f6a0f3575465c0b9afddbafcb46b967468a28f58ecfd,0x6b75d8af000000e20b7a7ddf000ba900b4009a80,0x6b75d8af000000e20b7a7ddf000ba900b4009a80,0,1,0.0,1.014025005107228e+20,2.9924791275579168e+23,0.0,2930794133.0,0x9e1dc0663b13f5a653414b9951ca41c4b8191b8ec571628250addbfc6342b70c,0x6b75d8af000000e20b7a7ddf000ba900b4009a80,0x6b75d8af000000e20b7a7ddf000ba900b4009a80,2,2.9924791247431673e+23,0.0,0.0,1.028480515761588e+20,19122648391826.0,1,0x2c9625d0b3c72ea9820dd4bb2414d354a05e779c02980442dce49e0fe5cc2fb0,0.0,2.5e+19,7.0000000063857746e+22,0.0,0.000281474943156224,1.4455510654359962,5414.701195227152,2.86883687789385,10746.00132472847,-5331.300129501317
107,WETH_DAI,19928292,1716415547,0x6b75d8af000000e20b7a7ddf000ba900b4009a80,0x8ceb18de495dd126a1fecb2b386e9a1bae5e02902e6bcb24cc6433a08e1ae980,0x6b75d8af000000e20b7a7ddf000ba900b4009a80,0x6b75d8af000000e20b7a7ddf000ba900b4009a80,0,1,0.0,8.353718861339138e+19,3.0195541098662224e+23,0.0,7233753500.0,0xad919e47cb51b5a4eca473db14d254924b46d0f11e8f8a4ccf8fee0690cb8491,0x6b75d8af000000e20b7a7ddf000ba900b4009a80,0x6b75d8af000000e20b7a7ddf000ba900b4009a80,2,3.019554107051473e+23,0.0,0.0,8.37910026864558e+19,3350008006782.0,1,0xd652d44f29ddbb3f68ec51b5fad65fe60ed2f157bd0b7eb503b1fa16f817b406,0.0,9.942334810290147e+18,3.4421387739499197e+22,0.0,0.000281474943156224,0.25381407306442344,950.6314978453947,0.5035862640423,1886.1240314774527,-935.492533632058
108,WETH_DAI,20024171,1717572947,0x6b75d8af000000e20b7a7ddf000ba900b4009a80,0xd12c3e26de0e1fc418f8da833fc88bef7a88a87a2dd9b740c4408bd3bf258952,0x6b75d8af000000e20b7a7ddf000ba900b4009a80,0x6b75d8af000000e20b7a7ddf000ba900b4009a80,0,1,0.0,5.344023573923103e+18,2.0272127312076665e+22,0.0,9943153664.0,0x901fd5dadf48b238557f87194ae12bb7556320a1e9bdaefc56e689398f4f2d3a,0x6b75d8af000000e20b7a7ddf000ba900b4009a80,0x6b75d8af000000e20b7a7ddf000ba900b4009a80,4,2.027212703060169e+22,0.0,0.0,5.64872593563399e+18,4415665167050.0,1,0x20c00cb37286d49ab9cf8d85b0fe8233abbc4c025f706428a0d1266626f11190,0.0,6.601675744914781e+19,2.4223892440300167e+23,0.0,0.000281474976710656,0.30470236171088694,1161.2941639083747,0.6638412481071,2530.058434746232,-1368.764270837857
109,WETH_DAI,20026599,1717602215,0x6b75d8af000000e20b7a7ddf000ba900b4009a80,0xa89a2382fcf4e663ef8cf89baac08cdb008ba2c9a39e3d83fac89fc55347b772,0x6b75d8af000000e20b7a7ddf000ba900b4009a80,0x6b75d8af000000e20b7a7ddf000ba900b4009a80,0,0,2.279975177379008e+22,0.0,0.0,5.94566986620679e+18,21916768959.0,0x598ce949abc35d5bc9144c7454848c3c1d17acb264808bf2996febe24df80cf3,0x6b75d8af000000e20b7a7ddf000ba900b4009a80,0x6b75d8af000000e20b7a7ddf000ba900b4009a80,2,0.0,5.65591099279881e+18,2.280880597936593e+22,0.0,6468941737421.0,1,0x60a58ff7ff2f35b94452dd71e49e15f632138b09a6fab234291debc147b0fc0c,2.3013570742905432e+23,0.0,0.0,5.818589980586982e+19,9.054205575851672,0.2897588734079795,1077.7743516734806,0.9736287759569999,3591.0433922089023,-2513.2690405354215
110,WETH_DAI,20026631,1717602599,0x6b75d8af000000e20b7a7ddf000ba900b4009a80,0x7ab0b158cc1f29fd23d4463953938224cb2820068e76777d847696f95d845670,0x6b75d8af000000e20b7a7ddf000ba900b4009a80,0x6b75d8af000000e20b7a7ddf000ba900b4009a80,0,0,1.6190563102011802e+22,0.0,0.0,4.213364708494803e+18,22383227362.0,0x710d06aa614b62cb5a3f6c825507be16e6cc87a0a25c83365da29ca47e6034ff,0x6b75d8af000000e20b7a7ddf000ba900b4009a80,0x6b75d8af000000e20b7a7ddf000ba900b4009a80,4,0.0,4.187010286655374e+18,1.619193754432308e+22,0.0,317343613258.0,1,0x3b1dd88e6260c7b6d698515e633f0bd8d1dbab5ff34e9cf9393fca4428345302,5e+22,0.0,0.0,1.2905780925585551e+19,1.3744423112781332,0.02635442183942912,98.57768315524808,0.050959026093,187.95261442925005,-89.37493127400197
111,WETH_DAI,20026640,1717602707,0x6b75d8af000000e20b7a7ddf000ba900b4009a80,0x1347c377e6dda502e8c447b5b91dc483ec00096e5aa326e0d81178d6541b961a,0x6b75d8af000000e20b7a7ddf000ba900b4009a80,0x6b75d8af000000e20b7a7ddf000ba900b4009a80,0,0,1.6194197788386067e+22,0.0,0.0,4.212511174090031e+18,21072162795.0,0xcbc2566223a1e7eafd76c2fc3ebea2af1be8743a231a7d61d47a9d15d5a28789,0x6b75d8af000000e20b7a7ddf000ba900b4009a80,0x6b75d8af000000e20b7a7ddf000ba900b4009a80,7,0.0,4.186177823360155e+18,1.6195585741496227e+22,0.0,21072162795.0,1,0x4ac561e5f3308ab674281c41e04eb32db91e39a9b144a770bcab6383f96ebd08,5e+22,0.0,0.0,1.290028966502259e+19,1.3879531101602447,0.026333350729875967,98.51347719945336,0.0063216488385,23.316191807341475,75.1972853921119
112,WETH_DAI,20026643,1717602743,0x6b75d8af000000e20b7a7ddf000ba900b4009a80,0x5b3b89b453682ddc90fc444427cfc9aeafb7009ee5c4f89b48b19ad3f9132280,0x6b75d8af000000e20b7a7ddf000ba900b4009a80,0x6b75d8af000000e20b7a7ddf000ba900b4009a80,0,0,1.7736169502202755e+22,0.0,0.0,4.611093841540285e+18,23638899863.0,0xf8782a1866a546498205500d6b18b26abda2e1aade81b0169c9583736b1b2da9,0x6b75d8af000000e20b7a7ddf000ba900b4009a80,0x6b75d8af000000e20b7a7ddf000ba900b4009a80,3,0.0,4.5822837549694976e+18,1.7737682148727598e+22,0.0,334389342454.0,1,0xbe3d5de9cc5e7fd475cfa4098308136b2d1b4478f4e3a24474a96c0aebd1233e,5e+22,0.0,0.0,1.2890807098307762e+19,1.5126465248430654,0.02881008657078733,107.77313672789914,0.05370423634755,198.0777970329956,-90.30466030509645
113,WETH_DAI,20026646,1717602779,0x6b75d8af000000e20b7a7ddf000ba900b4009a80,0xc08bdc72e08737054c3f1559083da8770b445dba739564dfd01b2f9dbc264ae5,0x6b75d8af000000e20b7a7ddf000ba900b4009a80,0x6b75d8af000000e20b7a7ddf000ba900b4009a80,0,0,4.878537891590465e+22,0.0,0.0,1.267315405644156e+19,23886357051.0,0x5771dade98af010369d5e9548ec0cfc5b6a0fba787dba412dc0493ed57d02168,0x6b75d8af000000e20b7a7ddf000ba900b4009a80,0x6b75d8af000000e20b7a7ddf000ba900b4009a80,4,0.0,1.2594149752234312e+19,4.878995232132624e+22,0.0,420081989777.0,1,0x7b43414014ba7d82df29e9e469a797c743441c51e869d9b6912092da75e1a592,5e+22,0.0,0.0,1.2831097662642784e+19,4.573405421594739,0.07900430420724736,295.9656604426475,0.0665952520242,245.62384107734277,50.34181936530473
114,WETH_DAI,20026653,1717602863,0x6b75d8af000000e20b7a7ddf000ba900b4009a80,0x94e1b00f7f5546a969f2554f4071091cf4881ba8f37c78a7fbc2fd4ce02c2d3b,0x6b75d8af000000e20b7a7ddf000ba900b4009a80,0x6b75d8af000000e20b7a7ddf000ba900b4009a80,0,0,1.6180632946308427e+22,0.0,0.0,4.216812145968414e+18,22237671357.0,0x3f25365c556af03ce27148d2c946e2406757a64c8fd3732d59af0a4416b5453c,0x6b75d8af000000e20b7a7ddf000ba900b4009a80,0x6b75d8af000000e20b7a7ddf000ba900b4009a80,2,0.0,4.1904059568881664e+18,1.6182010203369472e+22,0.0,288308800019.0,1,0xd3fb8e3da8add1cea617f2a110a4ceeafe8802e47ddf4dce11f53838465bc997,5e+22,0.0,0.0,1.2924219708636178e+19,1.3772570610452397,0.02640618908024781,98.77143146477171,0.0465819707064,171.8086833833208,-73.0372519185491
115,WETH_DAI,20026658,1717602923,0x6b75d8af000000e20b7a7ddf000ba900b4009a80,0x2d3d79261f474c14a2c7ca0df105bc6073778b75e7dea4588286f80092cdc36a,0x6b75d8af000000e20b7a7ddf000ba900b4009a80,0x6b75d8af000000e20b7a7ddf000ba900b4009a80,0,0,1.6198640870893445e+22,0.0,0.0,4.212232744547123e+18,21865858554.0,0x292025fb10b5172afe82849aefc526e02df867fdfa69bba611a4d3741a8a441f,0x6b75d8af000000e20b7a7ddf000ba900b4009a80,0x6b75d8af000000e20b7a7ddf000ba900b4009a80,2,0.0,4.1859132193169736e+18,1.6200020098279327e+22,0.0,303472020051.0,1,0xca30a45d1387b57bbf5098867b1ef009b4fd26043fe7187d1741c7c5e4e9ce97,5e+22,0.0,0.0,1.2895921278104189e+19,1.3792273858822144,0.026319525230149632,98.45375876556952,0.04880068179075,179.99197456721612,-81.5382158016466
116,WETH_DAI,20026662,1717602971,0x6b75d8af000000e20b7a7ddf000ba900b4009a80,0x9caeaa3f91193fd1eccb72a2a51c5334fef7fd914c300156c533ae4911811f0a,0x6b75d8af000000e20b7a7ddf000ba900b4009a80,0x6b75d8af000000e20b7a7ddf000ba900b4009a80,0,0,1.619026023493686e+22,0.0,0.0,4.2146827135814205e+18,20567885045.0,0xf6f62779cc3928c038f336bf7519b32d4a432edfa3ef9e9a3a82ab468eb9cb1a,0x6b75d8af000000e20b7a7ddf000ba900b4009a80,0x6b75d8af000000e20b7a7ddf000ba900b4009a80,5,0.0,4.188324752688939e+18,1.6191653817546556e+22,0.0,357259598982.0,1,0xe2092c4a77d543410b074e24e39e0ef1bd26884e0ed1d0a91b8ce28203e31e83,5e+22,0.0,0.0,1.2910059448421073e+19,1.393582609696555,0.026357960892481536,98.60987657349246,0.05667412260405,209.03165406801753,-110.42177749452507
117,WETH_DAI,20026667,1717603031,0x429cf888dae41d589d57f6dc685707bec755fe63,0xa77951a58e345d8502ee991154414594391e36fd8057a93de16799d1197b4c56,0x429cf888dae41d589d57f6dc685707bec755fe63,0x429cf888dae41d589d57f6dc685707bec755fe63,0,0,1.6141817457959584e+22,0.0,0.0,4.2278498377704407e+18,21266743580.0,0xa7eb0a6234d7758197897322676304d0b7543b8eb6f630da5dbbcecea884620e,0x429cf888dae41d589d57f6dc685707bec755fe63,0x429cf888dae41d589d57f6dc685707bec755fe63,4,0.0,4.2008898813768494e+18,1.6141817457959584e+22,0.0,199021361216.0,1,0x0083ce074dc999cd401a0898f91c56cf8ca62c5a2cd8b654729be2a23167b4a0,5e+22,0.0,0.0,1.2989013535663792e+19,0.0,0.026959956393591295,99.43663915056878,0.0330432157194,121.87357686696524,-22.436937716396457
118,WETH_DAI,20026671,1717603079,0x6b75d8af000000e20b7a7ddf000ba900b4009a80,0xd0141ff55f6c31498ba809fe712caf1db317af4e578599abe2ed7707400286c0,0x6b75d8af000000e20b7a7ddf000ba900b4009a80,0x6b75d8af000000e20b7a7ddf000ba900b4009a80,0,0,3.425698381668945e+22,0.0,0.0,8.900397295917335e+18,22184751518.0,0xa88ce2f653be2d323ec685b04ac5556763252f55641f1a69c23fe997995f536c,0x6b75d8af000000e20b7a7ddf000ba900b4009a80,0x6b75d8af000000e20b7a7ddf000ba900b4009a80,3,0.0,8.844903904681393e+18,3.4260143373303023e+22,0.0,344975667579.0,1,0xa50923f38f42aa6a9e11e8eb5cc09f1b6adb591204ed6f058c557f703fdd8669,5e+22,0.0,0.0,1.2856126750510504e+19,3.1595566135729194,0.055493391235941374,207.8363090166796,0.05507406286455,203.13013996268182,4.706169053997769
119,WETH_DAI,20026677,1717603151,0x6b75d8af000000e20b7a7ddf000ba900b4009a80,0x47f838d25e1d50f199f5698ded2a456b35d91f323c1c693760b4eeab6769c467,0x6b75d8af000000e20b7a7ddf000ba900b4009a80,0x6b75d8af000000e20b7a7ddf000ba900b4009a80,0,0,1.6143922698370847e+22,0.0,0.0,4.2277790833683983e+18,22187734236.0,0x4377483b1423e4ea30e03a23d530c6d1d9760436128ef30ae3c412bf8d0d83b6,0x6b75d8af000000e20b7a7ddf000ba900b4009a80,0x6b75d8af000000e20b7a7ddf000ba900b4009a80,4,0.0,4.2011868964344294e+18,1.6145305021981473e+22,0.0,132260958406.0,1,0x84fd6958f30580b5e8a7a5b4c3ec8ba1e26fb0920d5937e1b892139cc086f2a7,5e+22,0.0,0.0,1.298711294479783e+19,1.3823236106260317,0.026592186933968896,99.46251549869977,0.0231673038963,85.44816630992626,14.014349188773508
120,WETH_DAI,20026681,1717603199,0x6b75d8af000000e20b7a7ddf000ba900b4009a80,0x35f2604b2573ddcc915cb5e435ab4d832b9f2ff4d0e4f6c96c205f9db5cfab03,0x6b75d8af000000e20b7a7ddf000ba900b4009a80,0x6b75d8af000000e20b7a7ddf000ba900b4009a80,0,0,1.6088206978530784e+22,0.0,0.0,4.17627668748016e+18,20971289960.0,0x0b3d20d0568363b8dd13ba94296a370ba0c23ee194f8ac45bd11d7e951006a94,0x6b75d8af000000e20b7a7ddf000ba900b4009a80,0x6b75d8af000000e20b7a7ddf000ba900b4009a80,2,0.0,4.1421984455637074e+18,1.6090078224175958e+22,0.0,629381682858.0,1,0x0f958ec9c03ac43b50a361c83481ce4c616897e6735ccd6258b4b5c68e5baffc,5.8e+22,0.0,0.0,1.4919049589206469e+19,1.8712456451745383,0.03407824191645287,127.56231854088693,0.0975529459227,359.80536986685763,-232.2430513259707
121,WETH_DAI,20085635,1718314763,0x6b75d8af000000e20b7a7ddf000ba900b4009a80,0x765dd29c4bf56dfbb27fe070929ab2001ff8de1826a450fa524ce007ccd2c935,0x6b75d8af000000e20b7a7ddf000ba900b4009a80,0x6b75d8af000000e20b7a7ddf000ba900b4009a80,0,0,2.265568584383515e+22,0.0,0.0,6.481334960165749e+18,8564082999.0,0x275b2318ecdb13dd62dbde28c329921ef6501ba90c500249738b85c5764ffe6d,0x6b75d8af000000e20b7a7ddf000ba900b4009a80,0x6b75d8af000000e20b7a7ddf000ba900b4009a80,4,0.0,6.444320223339217e+18,2.2657661798171657e+22,0.0,200152713526.0,1,0x8021f0250405da9538100bbfe3f3a3b81cd9a4f5d038c57377416cf42237f317,4.56471552654537e+22,0.0,0.0,1.2943778404601864e+19,1.975954336508805,0.03701473682653184,134.20784405855431,0.03130751947875,111.84335802753704,22.36448603101728
122,WETH_DAI,20091328,1718383559,0x6b75d8af000000e20b7a7ddf000ba900b4009a80,0xd1aba7cc1e76c74186e545cf737894166e2baea90a10d28856b86843137cb4d2,0x6b75d8af000000e20b7a7ddf000ba900b4009a80,0x6b75d8af000000e20b7a7ddf000ba900b4009a80,0,1,0.0,5.618155287560061e+18,1.891116174120846e+22,0.0,25774472050.0,0xb8d63eb8537fbdd082239c31bb2ba557aec8bc72184b8d8eb0de873389329acc,0x6b75d8af000000e20b7a7ddf000ba900b4009a80,0x6b75d8af000000e20b7a7ddf000ba900b4009a80,5,1.8911161459733485e+22,0.0,0.0,5.683037215312052e+18,687111905118.0,1,0xf3ec3dcf8a69a5a76f047522a4e74c00c3572292bd5283d8ae58705d5644a146,0.0,1.9749672051115938e+19,6.57357606489967e+22,0.0,0.000281474976710656,0.0648819277519913,231.78525824415783,0.1069329565752,382.0085764156706,-150.22331817151274
123,WETH_DAI,20091333,1718383619,0x6b75d8af000000e20b7a7ddf000ba900b4009a80,0xdea5d566a9c68b26095ca96d0843fad954ea48c279def33174bb9f7c7cf83896,0x6b75d8af000000e20b7a7ddf000ba900b4009a80,0x6b75d8af000000e20b7a7ddf000ba900b4009a80,0,1,0.0,8.694407166519411e+18,2.9305022135966596e+22,0.0,27625691603.0,0x311ccc06073d446415ffd5ca20e1c94657f80aaacc9839337fc25ed05031cde6,0x6b75d8af000000e20b7a7ddf000ba900b4009a80,0x6b75d8af000000e20b7a7ddf000ba900b4009a80,2,2.930502185449162e+22,0.0,0.0,8.769582172374827e+18,567058002996.0,1,0xd24d4c71bfaf5ea0e332c62953648d67fd4784f2fb2fcae1ae6c9329325efbf5,0.0,1.6493791033368558e+19,5.497511439883998e+22,0.0,0.000281474976710656,0.07517500585541632,268.5563738960431,0.08920255418985,318.6682743101979,-50.111900414154775
124,WETH_DAI,20456727,1722793019,0x3bc1588f8d987c9ed07b3796aa50ccbf10514326,0x4a4253041ab0c72e1a4607408e5908ab295c871febad8b67395b9913d5865645,0x3bc1588f8d987c9ed07b3796aa50ccbf10514326,0x3bc1588f8d987c9ed07b3796aa50ccbf10514326,0,1,0.0,5.042253284376795e+18,1.3661305104150492e+22,0.0,26754375034.0,0xed701e9e84193687b88d13718cec0a17cb208d07aa30c7228f650fe299598174,0x3bc1588f8d987c9ed07b3796aa50ccbf10514326,0x3bc1588f8d987c9ed07b3796aa50ccbf10514326,2,8.832774685670244e+22,0.0,0.0,3.313147997538309e+19,26754375034.0,1,0x54dda9b53bc4d6ab91dfd2261b2331ef3ea5a76d684eb04b16043c5fa8b23051,0.0,4.141489811401741e+19,1.101208113217782e+23,0.0,-74666.44175255195,28.089226691006292,-5741.002215380475,0.0080263125102,19.694992806810312,-5760.6972081872855
125,WETH_DAI,20615325,1724706155,0x3bc1588f8d987c9ed07b3796aa50ccbf10514326,0xeea53713618dc4bd28440ec5ffe63f8df416a9d7c195a65d15fe953dab426f4e,0x3bc1588f8d987c9ed07b3796aa50ccbf10514326,0x3bc1588f8d987c9ed07b3796aa50ccbf10514326,0,0,1.2229161856902292e+22,0.0,0.0,4.531128276644275e+18,1069646868.0,0x95b2ed90acb4bc5a5e8bf41d9745b6fc9e4b22267fb704e8b811f03b95384f85,0x3bc1588f8d987c9ed07b3796aa50ccbf10514326,0x3bc1588f8d987c9ed07b3796aa50ccbf10514326,2,0.0,2.998978261448664e+18,8.127231716744426e+21,0.0,1069646868.0,1,0xbbee72809ca570ac8d86e3076b9aa0549b41cd2dd50800af0443f51bfd1a8b53,3.171757806753419e+22,0.0,0.0,1.167497061000776e+19,-4101.930140157866,1.5321500151956111,-329.1850595524106,0.0003208940604,0.7901651116160742,-329.9752246640267
126,WETH_DAI,20641001,1725016175,0x00000000009e50a7ddb7a7b0e2ee6604fd120e49,0xaa856caacb658a76f302ef8902432a41f960b83802601e622b8db4e00a67c037,0x00000000009e50a7ddb7a7b0e2ee6604fd120e49,0x6c027635a22faaf29b9f565d543f91236c1864fe,0,1,0.0,6999999992823808.0,1.7585343100656548e+19,0.0,1052141276.0,0x60276b58a718c7c4c79bd237d71fb48ca23003c9fc922dc8beaa872a7327c2c9,0x00000000009e50a7ddb7a7b0e2ee6604fd120e49,0x00000000009e50a7ddb7a7b0e2ee6604fd120e49,2,1.859882302450539e+19,0.0,0.0,7359578161283072.0,3497136204.0,1,0xff401fb9103ea0eaebb96fc854eeec544a906d9d64cf40fda2336a8619070025,0.0,8.852739131940525e+16,2.223895120240528e+20,0.0,-1.0134799238488412,0.000359578168459264,-0.10685107557981299,0.000682391622,1.720560324819561,-1.8274114003993738
127,WETH_DAI,21130498,1730918879,0x53522fa4156dc18ec0fd5219d4d5a98c358aa6fb,0xc0a219e02b29dc0d8fc0e0b50fdb21f787c46884f9ee9b23063495f72cbf9b1f,0x53522fa4156dc18ec0fd5219d4d5a98c358aa6fb,0x53522fa4156dc18ec0fd5219d4d5a98c358aa6fb,0,1,0.0,9.193407126755033e+18,2.4374900060441608e+22,0.0,13853340187.0,0x5f144d5db083867357fd00b859f8544714f897c92571860d5d46aa95dc19455a,0x53522fa4156dc18ec0fd5219d4d5a98c358aa6fb,0x53522fa4156dc18ec0fd5219d4d5a98c358aa6fb,2,4.594757431802393e+22,0.0,0.0,1.7296755964259537e+19,329195486759.0,1,0x594dd4475c0de5e82beecafa8f9cafe134eaeb6d9cf0b4505766a481aa6a58a9,0.0,9.833189073536666e+18,2.5895796528004393e+22,0.0,-21572.674257582323,8.103348837504504,3146.025986978053,0.0514573240419,156.96697672596392,2989.059010252089
128,WETH_DAI,21267362,1732569035,0x1f2f10d1c40777ae1da742455c65828ff36df387,0x21feccd4e6826dceea9f7bd5feb798be5a469a13ff17eb4fae8d90c3f1560f7e,0x1f2f10d1c40777ae1da742455c65828ff36df387,0x1f2f10d1c40777ae1da742455c65828ff36df387,0,1,0.0,8.348222881188021e+18,2.8904201769130622e+22,0.0,9468764471.0,0x2e9bcaf15ad0fb8ba32c9211ea5b47502b941af22f49623b8cd767311ced4b20,0x1f2f10d1c40777ae1da742455c65828ff36df387,0x1f2f10d1c40777ae1da742455c65828ff36df387,2,2.8904201487655645e+22,0.0,0.0,8.523627782188564e+18,1448624074214.0,1,0x552286d41ba845bfd89316e7280bb7a04a0d77e0742f8434151215532aaf3697,0.0,2.867e+19,9.755802454861357e+22,0.0,0.000281474976710656,0.17540490100054323,583.9190746003985,0.21871392580275,728.093518858229,-144.1744442578305
129,WETH_DAI,21454090,1734822887,0x1f2f10d1c40777ae1da742455c65828ff36df387,0x96f90500f780949a17aa5d5e68a238a65101e115be4d31c004e5e58f25c85514,0x1f2f10d1c40777ae1da742455c65828ff36df387,0x1f2f10d1c40777ae1da742455c65828ff36df387,0,0,1.5824866027194712e+22,0.0,0.0,4.746350263692952e+18,8753321243.0,0x3b3174a8d609ceb3be6e86131c4a167f42841064ae1c2958304b2c9918640279,0x1f2f10d1c40777ae1da742455c65828ff36df387,0x1f2f10d1c40777ae1da742455c65828ff36df387,2,0.0,4.710365790736482e+18,1.5825775754319443e+22,0.0,289392313310.0,1,0x4eefbde660c19a4d6b6da8683676cf113a4f26f23fcb9aa58b20f1685e6f0e26,4.339608676427813e+22,0.0,0.0,1.2894965227846636e+19,0.9097271247309373,0.03598447295646925,125.92860717498455,0.04472184518295,155.37465298760424,-29.446045812619687
130,WETH_DAI,21577069,1736306915,0x3328f7f4a1d1c57c35df56bbf0c9dcafca309c49,0x3d5bc7316bb6ef60d8a5555647d9219ab4e0c5f758bfa4380f4d9662a420ff4f,0x3328f7f4a1d1c57c35df56bbf0c9dcafca309c49,0x3328f7f4a1d1c57c35df56bbf0c9dcafca309c49,1,0,2.476567460142429e+22,0.0,0.0,7.247497903567176e+18,40444980817.0,0xe67261c48228364dff8fa83440cd03bc70380276514ff69f4a700d79e0368b4d,0x3328f7f4a1d1c57c35df56bbf0c9dcafca309c49,0x0a09cdb390d3b6ba9119843a92c14b2428e101bf,8,0.0,1.9900497512437809e+18,6.705427673551336e+21,0.0,15444980817.0,1,0x6dce33fc55645277005106da77892585b8518a3dba6e127e5cdaf22348089527,6.210856534738316e+21,0.0,0.0,1.8320845971720384e+18,-18060.24692787295,5.257448152323395,-987.6889579468552,0.0083834942451,27.223795146084306,-1014.9127530929395
131,WETH_DAI,21589245,1736453747,0xd03c7dfb28983067f5acd43d0b983a287014ed2d,0x94cdb4633d05dd444a1521d4064ace740610abf2b5f5e06db1dc1410f7e0cd92,0xd03c7dfb28983067f5acd43d0b983a287014ed2d,0xd03c7dfb28983067f5acd43d0b983a287014ed2d,7,1,0.0,9.475770291630813e+18,2.986361000981662e+22,0.0,14118246829.0,0x0fd4fc90a0016f69b01aa333d0d364249c4fb77eec5586f55f76d03805cf42ed,0xd03c7dfb28983067f5acd43d0b983a287014ed2d,0xd03c7dfb28983067f5acd43d0b983a287014ed2d,9,4.128179542572916e+22,0.0,0.0,1.3090946290000032e+19,14118246829.0,1,0x414d240c2a71bc617bb7c58be0e3f54c0197cb3e301fa11c0bbd209aa9d3575f,0.0,7.104974215201457e+18,2.2202817068295678e+22,0.0,-11418.18541591254,3.6151759983692187,321.4076367299713,0.0042354740487,13.753892407782017,307.65374432218925
132,WETH_DAI,23976916,1765303859,0x1f2f10d1c40777ae1da742455c65828ff36df387,0x8bf250095ec3afaf924c8fc3f8846fbad1f4f40fc4bd5f90a06ea4ed7728dae6,0x1f2f10d1c40777ae1da742455c65828ff36df387,0x1f2f10d1c40777ae1da742455c65828ff36df387,0,1,0.0,3.4495952916318425e+21,4.1912042326550063e+24,0.0,208875867.0,0xd4a7689533e296111208d752ff08b3faac63e55c43063bc56a0a8227064144ca,0x1f2f10d1c40777ae1da742455c65828ff36df387,0x1f2f10d1c40777ae1da742455c65828ff36df387,2,4.191204160597413e+24,0.0,0.0,3.4585808689904233e+21,3038557476690.0,1,0x2faf4a59e6d6384772696fd56aeb418006321efa40fa5c2df3e9aa1e4c459dcd,0.0,1.9e+19,8.319338875093543e+21,0.0,0.07205759350105702,8.985577358580777,30301.864197918785,0.45581495288355,1537.1310496302965,28764.733148288487
133,WETH_DAI,23976967,1765304471,0x1f2f10d1c40777ae1da742455c65828ff36df387,0xa97cc3fe07999489a5c907281898afb0b9845a2e7a1ba9d07d492b0e20b7acf2,0x1f2f10d1c40777ae1da742455c65828ff36df387,0x1f2f10d1c40777ae1da742455c65828ff36df387,1,1,0.0,1.9905173659252876e+21,3.3187194989439174e+24,0.0,202236141.0,0x0c76f36d6fd70ac98630e12bf09f65889fc8976a293e7fb30077c41ef2ae36ed,0x1f2f10d1c40777ae1da742455c65828ff36df387,0x1f2f10d1c40777ae1da742455c65828ff36df387,3,3.3187194268863234e+24,0.0,0.0,1.999640842825338e+21,96578992860344.0,1,0x376f755f84ec4b19be9777368027726f3c249c3f66c8c58705559fdc8a3ed884,0.0,2e+19,1.6446744253565569e+22,0.0,0.07205759403792794,9.12347690005037,30764.10003513198,14.48687926447275,48849.22315055058,-18085.123115418595
1,WETH_WBTC,10310357,1592759588,0x693c188e40f760ecf00d2946ef45260b84fbc43e,0x6519f803b086447801df0e240a8c24062d27c666a0608247bf38c216e8f9e4bf,0x693c188e40f760ecf00d2946ef45260b84fbc43e,0x693c188e40f760ecf00d2946ef45260b84fbc43e,117,0,9435307.0,0.0,0.0,3.866020647431816e+18,35980300000.0,0x539a3f7d45496be391144bf935c3cccab7a22fdeecbff76a18ceb7bcb3d2958a,0x693c188e40f760ecf00d2946ef45260b84fbc43e,0x693c188e40f760ecf00d2946ef45260b84fbc43e,123,0.0,3.836311424370583e+18,9498104.0,0.0,35980000000.0,1,0xb1cfaf43a8e576d75665a75aa31701bc497cf08f615c98ed68fb8fe384a8d33b,35277022.0,0.0,0.0,1.4269118145580329e+19,0.00062797,0.02970922306123315,8.994559043288575,0.010794045,2.4812348426177335,6.513324200670842
2,WETH_WBTC,10376779,1593649295,0xc11ab1163743991ea647a3db5ca076733e21ba8a,0xaf6199b4ec6af43e2a44f130493fe714fccc817b74e4385bf6b8745bfe2529ed,0xc11ab1163743991ea647a3db5ca076733e21ba8a,0xc11ab1163743991ea647a3db5ca076733e21ba8a,33,1,0.0,3e+18,7497835.0,0.0,44000000201.0,0x5e574cb35c8cbff593d7b8dcfaa50151fc8da6d1728947eb0834488b7065b03e,0xc11ab1163743991ea647a3db5ca076733e21ba8a,0xc11ab1163743991ea647a3db5ca076733e21ba8a,43,7497835.0,0.0,0.0,3.0136845443377e+18,43999999898.0,1,0xa946a86f979b2b402dbb8ca851f0ae22bf9e613b56276cd09cfba548e03fcae4,0.0,1.5011554444851812e+19,37144851.0,0.0,0.0,0.01368454433769984,3.1763860074152284,0.01320000001485,3.0639160727874,0.1124699346278284
3,WETH_WBTC,10459633,1594756718,0xf9371cd738239fc4e705133bb22944045c10698c,0xb3f6d63117124112b27892f4cf4d57b1b830e53283bda18713645dab7ca0e774,0xf9371cd738239fc4e705133bb22944045c10698c,0xf9371cd738239fc4e705133bb22944045c10698c,124,1,0.0,1.1e+19,28406237.0,0.0,32495475786.0,0x604751d6a968d1affb653442c4fb0f374e0e5c3b61aaf4fbe0b18b483cebd095,0xf9371cd738239fc4e705133bb22944045c10698c,0xf9371cd738239fc4e705133bb22944045c10698c,147,28406237.0,0.0,0.0,1.0950461892947175e+19,31999999999.0,1,0x9b07835077b476c28ee40cd99c8151d794242f247e160578a62e25c33bcc6142,0.0,1.9489770095587504e+19,50000000.0,0.0,0.0,-0.049538107052824576,-11.546680805459326,0.00967432136775,2.2549569914677363,-13.801637796927062
4,WETH_WBTC,10475026,1594963243,0xf9371cd738239fc4e705133bb22944045c10698c,0xc555adc91610c8fe0bbfbb38881f73f133a2edd53219c0a1d82ab8e2f99868b7,0xf9371cd738239fc4e705133bb22944045c10698c,0xf9371cd738239fc4e705133bb22944045c10698c,31,1,0.0,1.1e+19,27859484.0,0.0,47068847987.0,0x9a1493176a29c24b67e8bf4c4ee06bc526f0c1043c564d6e391edd7640071404,0xf9371cd738239fc4e705133bb22944045c10698c,0xf9371cd738239fc4e705133bb22944045c10698c,191,27859484.0,0.0,0.0,1.0929038864280031e+19,46999999999.0,1,0xcc127fdb1514592363915da92983b2d5bfac597b564da6c279ae97bc11a45309,0.0,1.9869649249233633e+19,50000000.0,0.0,0.0,-0.07096113571996877,-16.464417792905547,0.0141103271979,3.2738811156801773,-19.738298908585723
5,WETH_WBTC,11076252,1602974895,0xf7ca8f55c54cbb6d0965bc6d65c43adc500bc591,0x6e5f0332936a98e11a72cdc9e8ea2315f043059ed5d513f5d0e7f53bf290a219,0xf7ca8f55c54cbb6d0965bc6d65c43adc500bc591,0xf7ca8f55c54cbb6d0965bc6d65c43adc500bc591,11,1,0.0,4e+18,12879104.0,0.0,100000000000.0,0xf50f9cd6daa2e2675fc9004afd78727940a871e57bfa7b9cfe7a1da9f9072663,0xf7ca8f55c54cbb6d0965bc6d65c43adc500bc591,0xf7ca8f55c54cbb6d0965bc6d65c43adc500bc591,40,3219782.0,0.0,0.0,9.940439571572901e+17,30000000000.0,1,0x29a48354cc479e437b0a3219235fd1e997ffc3d0e1bf3568122802eeeb944471,0.0,1.3e+19,41856218.0,0.0,0.09659322,-3.00595604284271,-591.5834593426308,0.0195,7.408766637080732,-598.9922259797115
6,WETH_WBTC,11076257,1602974985,0xf7ca8f55c54cbb6d0965bc6d65c43adc500bc591,0x13b362b6cdb1307a0d99901c4b5e05ec494017452774c4d7fee11a1cec90c2d2,0xf7ca8f55c54cbb6d0965bc6d65c43adc500bc591,0xf7ca8f55c54cbb6d0965bc6d65c43adc500bc591,41,1,0.0,6.8e+17,2189049.0,0.0,20400001750.0,0xe0ed5dabece3c01d21d722bfccb8f2dc83c9480413327b2b526473a9735af6b1,0xf7ca8f55c54cbb6d0965bc6d65c43adc500bc591,0xf7ca8f55c54cbb6d0965bc6d65c43adc500bc591,114,7085451.0,0.0,0.0,2.187810528198852e+18,19000000000.0,1,0xfbdf4e862883dc75116b90af3d7ea68de065178a2e735bf20b16981cc6f95a8e,0.0,5e+17,1609597.0,0.0,-0.04896402,1.507810528198852,293.8241727927398,0.0059100002625,2.2454262958947884,291.578746496845
7,WETH_WBTC,12377416,1620259674,0xd78a3280085ee846196cb5fab7d510b279486d44,0x531e840f6d305a9d6189a003b6a3550604053d3c8d5edb0c2e227f251a5842d4,0xd78a3280085ee846196cb5fab7d510b279486d44,0xf6da21e95d74767009accb145b96897ac3630bad,0,1,0.0,2e+20,1222095797.0,0.0,1000000000.0,0xd4d5d8e87217232852eb6116527a8d3d951e75b3bdeb1f4aa0d3ee35e962aaf1,0xd78a3280085ee846196cb5fab7d510b279486d44,0xf6da21e95d74767009accb145b96897ac3630bad,2,1222095797.0,0.0,0.0,2.00110885438459e+20,1000000000.0,1,0x5a81a9ee258e81f83c1ddf3b52a5745fc4699a35e7798b8f0bb8369848853ef7,0.0,1.7304497440720867e+20,1049930434.0,0.0,0.0,0.11088543845898649,434.23644466113615,0.0003,1.1748245324973352,433.0616201286388
8,WETH_WBTC,12478305,1621608788,0xd78a3280085ee846196cb5fab7d510b279486d44,0x726eb5cfe598fcfd37aeb264588896a69227f625a649e643efa32e0dc4f0d77c,0xd78a3280085ee846196cb5fab7d510b279486d44,0xf6da21e95d74767009accb145b96897ac3630bad,3,1,0.0,2e+20,1316161462.0,0.0,1000000000.0,0x64b214f9a019e17f53d9d531e13fa0e9bdad6159f3f95937d049d890d0bcd624,0xd78a3280085ee846196cb5fab7d510b279486d44,0xf6da21e95d74767009accb145b96897ac3630bad,5,1316161462.0,0.0,0.0,2.0078691219873445e+20,1000000000.0,1,0x6e9541c7116e4029c29962f085326ca4eaccd30327d859f6fe4f1c28b16ac0a4,0.0,1.8665404294327298e+20,1215731120.0,0.0,0.0,0.7869121987344466,1936.700590864572,0.0003,0.7383418101711761,1935.9622490544007
9,WETH_WBTC,12603119,1623279079,0x1d6e8bac6ea3730825bde4b005ed7b2b39a2932d,0xf6d1fdfbd74c27f7b8178255ab1cce698558dc478bcb74b17b32a4cee8c0cfcf,0x1d6e8bac6ea3730825bde4b005ed7b2b39a2932d,0x1d6e8bac6ea3730825bde4b005ed7b2b39a2932d,1,1,0.0,7.422e+19,519143665.0,0.0,0.0,0xe244aa16fecb4bdec2b2642961496dee2f17e2ae421c5d01f318985c93cb008d,0x1d6e8bac6ea3730825bde4b005ed7b2b39a2932d,0x1d6e8bac6ea3730825bde4b005ed7b2b39a2932d,3,519143665.0,0.0,0.0,7.427262635075222e+19,0.0,1,0x4aaababbec83eda96742e462c01b57efd2c5d1e2349c06302bb45c7791e5fe2d,0.0,1e+20,695384577.0,0.0,0.0,0.052626350752219136,126.37148291158333,0.0,0.0,126.37148291158333
10,WETH_WBTC,12783636,1625705345,0x00000000003b3cc22af3ae1eac0440bcee416b40,0xfd5effd961a82abb0039cccd81269a76b6151f7cbbb80c239b74adb187e7528e,0x00000000003b3cc22af3ae1eac0440bcee416b40,0x00000000003b3cc22af3ae1eac0440bcee416b40,0,1,0.0,7.3654756583632626e+19,502148660.0,0.0,3231674583063.0,0x909a09776a4f70f4a0cd41cb16773b8ef5169c331a90c4a9700a8b8a1163c9de,0x00000000003b3cc22af3ae1eac0440bcee416b40,0x00000000003b3cc22af3ae1eac0440bcee416b40,2,502148660.0,0.0,0.0,7.387170747222417e+19,0.0,1,0xeb3f986bfa044e8cde874d70d9c1bd4173f02c1c4360ed4c636372027bab633c,0.0,1.3387062492385413e+20,906364412.0,0.0,0.0,0.21695088859154843,460.31297031685506,0.48475118745945,1028.515072755386,-568.2021024385309
11,WETH_WBTC,12931263,1627706678,0x00000000032962b51589768828ad878876299e14,0xf93425118d5db721692a8da83f82de2a645a9e1dd66df9353abe0e35d9d01927,0x00000000032962b51589768828ad878876299e14,0x9a13867048e01c663ce8ce2fe0cdae69ff9f35e3,3,1,0.0,6.733148193359375e+18,39414206.0,0.0,0.0,0xfd4cc7b790a9b459227144ef19b52cf67026cc5b5ca21247de4fae05831214da,0x00000000032962b51589768828ad878876299e14,0x00000000032962b51589768828ad878876299e14,5,40759990.0,0.0,0.0,6.925918656013691e+18,0.0,1,0x415bf0b4e9c83eae839465ecf85d454e024148ebf38c3a65dc287890258f42e8,0.0,1.019214560252233e+19,59629231.0,0.0,-0.01345784,0.19277046265431552,-23.617907611537362,0.0,0.0,-23.617907611537362
12,WETH_WBTC,13079247,1629690540,0x00000000003b3cc22af3ae1eac0440bcee416b40,0x8c9e2dbe09e6b785b677e090c3ced4c25130b355e6ce0204458cffa8b9491695,0x00000000003b3cc22af3ae1eac0440bcee416b40,0x00000000003b3cc22af3ae1eac0440bcee416b40,0,1,0.0,2.1e+20,1379424116.0,0.0,78590430286.0,0xf0be44247e0f9b74da8c65b63dc305fa84dfe7671e6d2d30eea0b5ababa44581,0x00000000003b3cc22af3ae1eac0440bcee416b40,0x00000000003b3cc22af3ae1eac0440bcee416b40,2,1379424116.0,0.0,0.0,2.1162441410602847e+20,15926017342033.0,1,0xdb957fa3b5e8fb7a02580dfdd7eafe0491e574a6d57d2a97bafca2c7c8a8210d,0.0,1.6283763563244614e+20,1052880484.0,0.0,0.0,1.6244141060284745,5229.9534070162335,2.40069116584785,7729.2501311236765,-2499.296724107443
13,WETH_WBTC,13110127,1630103164,0x00000000003b3cc22af3ae1eac0440bcee416b40,0x2fd21acb3490b70b17b094e4bf0a506c469ceeaaabbbbd5a6eb5127e0026cfc0,0x00000000003b3cc22af3ae1eac0440bcee416b40,0x00000000003b3cc22af3ae1eac0440bcee416b40,0,1,0.0,5.8386800547030065e+19,388077233.0,0.0,68012629985.0,0x179e0beab29705609a884c078457a7a9b189ff95b93b0a5fa23a352efaaa93fb,0x00000000003b3cc22af3ae1eac0440bcee416b40,0x00000000003b3cc22af3ae1eac0440bcee416b40,2,388077233.0,0.0,0.0,5.8451787707268686e+19,68012629985.0,1,0xcb6381ab19028fe666291cc2e45b2606ca5d85f377bfb314d6a79eb1877509a6,0.0,8.34e+19,550985534.0,0.0,0.0,0.06498716023862067,211.0274860475627,0.0204037889955,66.25555389334363,144.77193215421906
14,WETH_WBTC,13255737,1632049062,0x0000000061b4f7c843533200f852200dbfee086f,0xb4c4baae7171e10d27a8f995451c62da82f8297eaf40eef3d2c00bae4aae05fe,0x0000000061b4f7c843533200f852200dbfee086f,0x0de0fa91b6dbab8c8503aaa2d1dfa91a192cb149,2,1,0.0,2.978372496696604e+18,21124247.0,0.0,91529563379.0,0x95d4098420e620f08634ad259c24f4a7901c5e84f94f05a0dd54246ddca1ae5d,0x0000000061b4f7c843533200f852200dbfee086f,0x0000000061b4f7c843533200f852200dbfee086f,4,21482657.0,0.0,0.0,3.010845436840818e+18,91529563379.0,2,0xad2ca847e5547a7ed4640981ae66958b515d7db431cdd6bb2dbafe890eb7cc7e;0xad2ca847e5547a7ed4640981ae66958b515d7db431cdd6bb2dbafe890eb7cc7e,0.0,3.5e+17,2482037.0,0.0,-0.0035841,0.032472940144214014,-61.340119571148676,0.0274588690137,79.11903482428785,-140.45915439543654
15,WETH_WBTC,13540927,1635902198,0x00000000008c4fb1c916e0c88fd4cc402d935e7d,0x17336285725a6ed8fdc4e60abff24629339709774879debcc088b4bfd0f1e934,0x00000000008c4fb1c916e0c88fd4cc402d935e7d,0x00000000008c4fb1c916e0c88fd4cc402d935e7d,1,0,385590775.0,0.0,0.0,5.268029097883499e+19,165361125535.0,0x83b6fb28ad03079d41a317161f366a7cea26d6a4469bffdb75c83f79bf3b1e33,0x00000000008c4fb1c916e0c88fd4cc402d935e7d,0x00000000008c4fb1c916e0c88fd4cc402d935e7d,3,0.0,5.268029097883499e+19,386800754.0,0.0,1311248222862.0,1,0x329a3d1bace87d9f97482a290a5fa67e5f73c02dfb5c3538870710a8211af33d,707418468.0,0.0,0.0,9.596865529930141e+19,0.01209979,0.0,829.57974092547,0.22149140225955002,1012.3855047825712,-182.80576385710117
16,WETH_WBTC,13714338,1638269381,0x00000000008c4fb1c916e0c88fd4cc402d935e7d,0x89f25b2344f5b1c445400aa427cf6a02c324556b4220a81a8c60f59d2380659b,0x00000000008c4fb1c916e0c88fd4cc402d935e7d,0x00000000008c4fb1c916e0c88fd4cc402d935e7d,3,0,981766810.0,0.0,0.0,1.2463428963311342e+20,84074750027.0,0x0b6f05b7b967e83778a29f252eea744b5306723fe9b786bbf054d38bd950e878,0x00000000008c4fb1c916e0c88fd4cc402d935e7d,0x00000000008c4fb1c916e0c88fd4cc402d935e7d,5,0.0,1.2463428963311342e+20,982972088.0,0.0,1393683059416.0,1,0x3eaaf2fbb85520cd5846c7041d4f4e2498bdb3af27a6c9130142a032f0bdd46e,565670148.0,0.0,0.0,7.11023798052029e+19,0.01205278,0.0,831.9669635500484,0.22166367141645,1020.051537972703,-188.08457442265467
17,WETH_WBTC,13810014,1639574904,0x00000000008c4fb1c916e0c88fd4cc402d935e7d,0x74c79bc650161a3f63ee8ec9ae565bb9f58effc7e3d6319432e0eeb1874b490f,0x00000000008c4fb1c916e0c88fd4cc402d935e7d,0x00000000008c4fb1c916e0c88fd4cc402d935e7d,0,0,244083990.0,0.0,0.0,3.0346272551473295e+19,43267898399.0,0xd75882b5729e2606b2ae8578874f30d6a28a8422ce4dff37e686a221d72b80b5,0x00000000008c4fb1c916e0c88fd4cc402d935e7d,0x00000000008c4fb1c916e0c88fd4cc402d935e7d,2,0.0,3.0346272551473295e+19,244323670.0,0.0,246609292986.0,1,0x999342039e151175047de8c23901ebd64dc0866d99e7469ea423c250e734d000,298625420.0,0.0,0.0,3.689210604013844e+19,0.0023968,0.0,133.4355072401693,0.04348157870775,161.38146724721759,-27.945960007048285
18,WETH_WBTC,13849900,1640108047,0x00000000008c4fb1c916e0c88fd4cc402d935e7d,0x169eee1c7b61c633b20490d2b46e5f2fa27096bb8be9ae2d71661c4f7f8f2187,0x00000000008c4fb1c916e0c88fd4cc402d935e7d,0x00000000008c4fb1c916e0c88fd4cc402d935e7d,0,0,472802026.0,0.0,0.0,5.711368060966269e+19,79513210303.0,0x956d14e7452059af240539cc05cd52d9f0d0ec522d59b4c4d98a4122532923b1,0x00000000008c4fb1c916e0c88fd4cc402d935e7d,0x00000000008c4fb1c916e0c88fd4cc402d935e7d,2,0.0,5.711368060966269e+19,473275217.0,0.0,468027565806.0,1,0x69c4d5622dcf96ece0e9816a371ee8a9a78668dd2440dc6987b356c69a4bba8e,304190885.0,0.0,0.0,3.641790345758192e+19,0.00473191,0.0,287.8801647745725,0.08213111641635,333.1131167901677,-45.232952015595174
19,WETH_WBTC,13850869,1640120556,0x00000000003b3cc22af3ae1eac0440bcee416b40,0x5d668d5130b438837cc64526a1b0f068ec2180efea78e00fbbd347cb7d4029ec,0x00000000003b3cc22af3ae1eac0440bcee416b40,0x00000000003b3cc22af3ae1eac0440bcee416b40,0,0,1457424087.0,0.0,0.0,1.7282204533150024e+20,80660904737.0,0x1a01b6561f22523790262a4a6135a0602e38e06e1dcc79960a1a6441f8fc222f,0x00000000003b3cc22af3ae1eac0440bcee416b40,0x4585fe77225b41b697c938b018e2ac67ac5a20c0,2,0.0,2.0646079540514787e+20,1740078847.0,0.0,2284707143045.0,1,0xd57dd956543e1526f3e8285ebddd0755f025b9c4ba697b6737266011269ed56f,380000000.0,0.0,0.0,4.4124237032581186e+19,2.8265476,-33.63875007364763,35527.245424578316,0.35480520716729996,1439.0437336043817,34088.20169097393
20,WETH_WBTC,13902638,1640812903,0x000000000035b5e5ad9019092c665357240f594e,0xb657ebb1e5863fed840dcc65c7fac4a9efc22d80e937135b23b7ecab18190945,0x000000000035b5e5ad9019092c665357240f594e,0x000000000035b5e5ad9019092c665357240f594e,3,1,0.0,3.1502545799505977e+19,247338215.0,0.0,114013247747.0,0x19fb91450ee5b54338c20e6e56075189b680ea554995a454b12e5a2cf3303771,0x000000000035b5e5ad9019092c665357240f594e,0x000000000035b5e5ad9019092c665357240f594e,5,247338214.0,0.0,0.0,3.153874716545867e+19,317400597480.0,1,0xbf28f2ccd315e1efa43e67389d92017b729c62271db21a0ba4bba76cb9871ff0,0.0,3.845952538888029e+19,300000000.0,0.0,1e-08,0.03620136595269222,135.75004971720293,0.06471207678405,242.66021489867873,-106.9101651814758
21,WETH_WBTC,13955950,1641526885,0x000000000035b5e5ad9019092c665357240f594e,0x1004146eae207b7715ec539d3c5a81bfef89c91e2d6ec9df84470dbb223ccfa2,0x000000000035b5e5ad9019092c665357240f594e,0x000000000035b5e5ad9019092c665357240f594e,1,0,844474061.0,0.0,0.0,1.067818194179556e+20,224774255958.0,0x4026ab2afc28a173dd2a8ad4d5e34537a531a1aec12ba4053178f173e276e374,0x000000000035b5e5ad9019092c665357240f594e,0x000000000035b5e5ad9019092c665357240f594e,3,0.0,1.3449316366067828e+20,1063679446.0,0.0,1628244309544.0,1,0x7439f786c012e4b237d511f7a75d1bf768c12cf89a0d09d9c40724682953c459,366373372.0,0.0,0.0,4.566803664194718e+19,2.19205385,-27.711344242722685,16518.576668019872,0.2779527848253,888.1742524660102,15630.402415553863
22,WETH_WBTC,13999671,1642110411,0x7cf09d7a9a74f746edcb06949b9d64bcd9d1604f,0x3fe01b12d950a1e063284ba031e1b4572071c9b4356ae7337136dccdc68ecd1f,0x7cf09d7a9a74f746edcb06949b9d64bcd9d1604f,0x0c1183339f38b3b8080a15fcfb2eb61d6a6c175e,0,1,0.0,3129126748160.0,23.0,0.0,133199771632.0,0x5c3ba94ab4aa264376b73cfe269fe73591e78db9e4e9a353cb7903e94b384292,0x7cf09d7a9a74f746edcb06949b9d64bcd9d1604f,0x7cf09d7a9a74f746edcb06949b9d64bcd9d1604f,3,2326089.0,0.0,0.0,3.0278744168250266e+17,238845050041.0,1,0x0f6d99138e7561b2699e9390033321ff04c28a328c283d576bd01b4cbaf3bea8,0.0,3.080842165542312e+17,2352601.0,0.0,-0.02326066,0.3027843125557545,-150.9404194221321,0.05580672325095,182.6207682288098,-333.56118765094186
23,WETH_WBTC,14005853,1642193030,0x7cf09d7a9a74f746edcb06949b9d64bcd9d1604f,0x54ed06fb842f8849d06475e4c516a13ab0586000effb2d91e8b21c3925a7af95,0x7cf09d7a9a74f746edcb06949b9d64bcd9d1604f,0x7cf09d7a9a74f746edcb06949b9d64bcd9d1604f,0,1,0.0,1.0918262723952876e+20,825499270.0,0.0,122533048796.0,0x98f4f9021e3265af92dcf88e02cbf0487427c16279c15ef7bba2bcecaa37cb14,0x7cf09d7a9a74f746edcb06949b9d64bcd9d1604f,0x7cf09d7a9a74f746edcb06949b9d64bcd9d1604f,2,825499270.0,0.0,0.0,1.0924262209149836e+20,122533048796.0,1,0x5d52984ae6be6aeaecbbbfd54dd59708c4a9b9e56a242a22c71cf331a1cc2807,0.0,3.5642744299573748e+19,265912327.0,0.0,0.0,0.05999485196959744,196.00784177939602,0.0367599146388,120.09749663183243,75.91034514756359
24,WETH_WBTC,14029767,1642512654,0x7cf09d7a9a74f746edcb06949b9d64bcd9d1604f,0x8b08f32bafed50737788ad7c120ba63536572b100c94347c6be56af453cfcf9a,0x7cf09d7a9a74f746edcb06949b9d64bcd9d1604f,0x7cf09d7a9a74f746edcb06949b9d64bcd9d1604f,0,0,708683744.0,0.0,0.0,9.265683969782523e+19,116817968250.0,0x7799f43d6f0c9db6e28230d71f951ec4bbd63fdb561756250fa28472e3a8f9d2,0x7cf09d7a9a74f746edcb06949b9d64bcd9d1604f,0x4585fe77225b41b697c938b018e2ac67ac5a20c0,2,0.0,1.3711755742710804e+20,1047449861.0,0.0,1814563307904.0,1,0x2692c6f7d3991c236f1ca49b1243d4f0f8316c28493b93ffb428e040a29c3585,367716580.0,0.0,0.0,4.7454571096219296e+19,3.38766117,-44.4607177292828,18293.638852252654,0.28970719142310003,834.0623339409606,17459.576518311693
25,WETH_WBTC,14046667,1642737668,0x00000000003b3cc22af3ae1eac0440bcee416b40,0x185362d4157b933e8da6df1f621aeb6aecf9ebf6f42e313bfe3a7740b3770fff,0x00000000003b3cc22af3ae1eac0440bcee416b40,0x00000000003b3cc22af3ae1eac0440bcee416b40,12,0,341736303.0,0.0,0.0,4.603542517131422e+19,180249364271.0,0x9b4c108e45c50ba44cb78f974424d59ef8fd630873faa6a4c3b55de3a7df4192,0x00000000003b3cc22af3ae1eac0440bcee416b40,0x4585fe77225b41b697c938b018e2ac67ac5a20c0,14,0.0,7.099404358030912e+19,527435783.0,0.0,672085591289.0,1,0xebeec88d76b062f3b0ff10a852b7cf9c72b1c8021e944e18af336d9f8c0ddb57,370879030.0,0.0,0.0,4.952666775341327e+19,1.8569948,-24.958618408994898,8338.411349227841,0.127850243334,368.0787895746144,7970.332559653227
26,WETH_WBTC,14046767,1642738735,0x00000000003b3cc22af3ae1eac0440bcee416b40,0x011a42b7ad11d8490c25c1bda9d9b1a232d282976cdbad2721a49a65d7945d5e,0x00000000003b3cc22af3ae1eac0440bcee416b40,0x00000000003b3cc22af3ae1eac0440bcee416b40,1,0,871261680.0,0.0,0.0,1.1647395984489103e+20,118228798663.0,0x5827503b91a5d691cee2c9f47d5f41ba3d8a5d2e944887956cf2174729571f67,0x00000000003b3cc22af3ae1eac0440bcee416b40,0x4585fe77225b41b697c938b018e2ac67ac5a20c0,3,0.0,1.501875573910728e+20,1123856524.0,0.0,1953939481838.0,1,0x6e1bf45c30c85b14fb7a269893be3e16cd8329526bde97091c1cd8ded3a77b2e,387890886.0,0.0,0.0,5.106317611467109e+19,2.52594844,-33.71359754618175,12021.568733559689,0.31082524207515,894.860861338951,11126.707872220737
27,WETH_WBTC,14053100,1642823636,0x000000000035b5e5ad9019092c665357240f594e,0x573bfcf1e2b3e3da963ca259371fd4c83f1267378804891aad4c532eb3a3ca2d,0x000000000035b5e5ad9019092c665357240f594e,0x000000000035b5e5ad9019092c665357240f594e,1,0,437620254.0,0.0,0.0,6.150279553775066e+19,134001542687.0,0x632d8dbc1620ad4591724432cdcbf7056f53e5df561c5701288ceea9adb8fe24,0x000000000035b5e5ad9019092c665357240f594e,0x000000000035b5e5ad9019092c665357240f594e,3,0.0,9.417526590632408e+19,671002453.0,0.0,1485104261314.0,1,0xe05f78f2f65267470c34bf797f33f39efd2d3173abc5e5c7dc3378d587b32597,410228953.0,0.0,0.0,5.704328044368631e+19,2.33382199,-32.672470368573414,5537.154527478429,0.24286587060015002,575.9600805363903,4961.19444694204
28,WETH_WBTC,14055380,1642853921,0x00000000008c4fb1c916e0c88fd4cc402d935e7d,0xe1cbddd5edcdb444432db1f37e19a7425418c6c67f102fb490643d2a47e60142,0x00000000008c4fb1c916e0c88fd4cc402d935e7d,0x00000000008c4fb1c916e0c88fd4cc402d935e7d,11,0,814597588.0,0.0,0.0,1.1694492656077894e+20,138948054193.0,0x5836512c8442622bcb8178d00382f7e8af44fc8a27f0d6c22df2896fe4af9588,0x00000000008c4fb1c916e0c88fd4cc402d935e7d,0x00000000008c4fb1c916e0c88fd4cc402d935e7d,13,0.0,1.1694492656077894e+20,815521711.0,0.0,567675116682.0,1,0xeefdd2833f8c1c73a94015f4914a27fe11d8892011fbbe61bc843de84df389e8,282526411.0,0.0,0.0,4e+19,0.00924123,0.0,328.73574796054635,0.10599347563125,251.36512845567754,77.37061950486881
29,WETH_WBTC,14055408,1642854459,0x7cf09d7a9a74f746edcb06949b9d64bcd9d1604f,0xbcb619566ef81246f72f454300858dd5a0993f72072b8d3ac2cc8dfdc6f6e7c9,0x7cf09d7a9a74f746edcb06949b9d64bcd9d1604f,0x7cf09d7a9a74f746edcb06949b9d64bcd9d1604f,2,0,795609445.0,0.0,0.0,1.1389954168530217e+20,124444127281.0,0xb58ee54c59280391708827a55320a8bd617d49e0f6f3bc947b27048d9f320fd9,0x7cf09d7a9a74f746edcb06949b9d64bcd9d1604f,0x4585fe77225b41b697c938b018e2ac67ac5a20c0,4,0.0,1.4853602746300367e+20,1036943340.0,0.0,1079633250788.0,1,0x806008bbe89c7b3546ff462c1032c54ef9cf251478392f449849b317dd925115,335889966.0,0.0,0.0,4.7402837941281645e+19,2.41333895,-34.6364857777015,3708.097394690354,0.18061160671035,428.3231533917956,3279.7742412985585
30,WETH_WBTC,14199499,1644778190,0x000000000035b5e5ad9019092c665357240f594e,0xd7338a0c3407828a443fd11725140fc83faa50dfd68ce19172dd681b0133ec56,0x000000000035b5e5ad9019092c665357240f594e,0x000000000035b5e5ad9019092c665357240f594e,4,0,370250763.0,0.0,0.0,5.377738061531443e+19,44093201453.0,0x81d0a8018be7027657c03f7357b16b61e3d3537081907e8b014ac0fdb8d8fbe0,0x000000000035b5e5ad9019092c665357240f594e,0x000000000035b5e5ad9019092c665357240f594e,6,0.0,9.209980042716245e+19,637045992.0,0.0,44093201453.0,1,0x25b80cd9abd1ffc126e10ef195e8c6632bd5cc6893381102259bfa4a0c63bb6d,340084400.0,0.0,0.0,4.849691810100683e+19,2.66795229,-38.32241981184802,4824.955423773266,0.0132279604359,37.61309050642521,4787.342333266841
31,WETH_WBTC,14266075,1645669150,0x000000000035b5e5ad9019092c665357240f594e,0x3771d2d544d2495757660bdeaee4ce1997347488f48fc37d4627abd5a5193d69,0x000000000035b5e5ad9019092c665357240f594e,0x000000000035b5e5ad9019092c665357240f594e,0,1,0.0,1.403059208209527e+19,97099062.0,0.0,56784072791.0,0xc05d26663b89240c5b8c4701556651d9c7ce7f6bc8a799bad015ebfbae2d8538,0x000000000035b5e5ad9019092c665357240f594e,0x000000000035b5e5ad9019092c665357240f594e,2,97099061.0,0.0,0.0,1.4060620477956e+19,306905123224.0,1,0x0f16952fcd02cfb16b911aa758b5d3b88ec8740a53d1733f674548e421e6428a,0.0,2.2826486483542364e+19,156935343.0,0.0,1e-08,0.030028395860729855,78.62887115725756,0.05455337940225,142.8464321951102,-64.21756103785263
32,WETH_WBTC,14267128,1645683674,0x00000000003b3cc22af3ae1eac0440bcee416b40,0x666b4d409c0aeef91b9a6f6bd77458e77a0ea4af82db497b3c24b24d0348a4e3,0x00000000003b3cc22af3ae1eac0440bcee416b40,0x00000000003b3cc22af3ae1eac0440bcee416b40,1,0,390415556.0,0.0,0.0,5.720278252191934e+19,98912071477.0,0x06520adb5e9f6dbfd20e0f2526c9c587655b445d2c40f9b00dcabdadedb41d51,0x00000000003b3cc22af3ae1eac0440bcee416b40,0x4585fe77225b41b697c938b018e2ac67ac5a20c0,3,0.0,7.640067205034846e+19,520771951.0,0.0,702850389252.0,1,0xe05e19625ce1d56eab21597d4eff6987577dfed508d9bfbee5892b967d23cc31,156513488.0,0.0,0.0,2.2608528051802305e+19,1.30356395,-19.19788952842912,931.048941047171,0.12026436910935,314.9087414144306,616.1401996327404
33,WETH_WBTC,14267841,1645692704,0x00000000008c4fb1c916e0c88fd4cc402d935e7d,0xa595552dd247823581129d270204e0b36ae69731ee440e757b357592375b3bb9,0x00000000008c4fb1c916e0c88fd4cc402d935e7d,0x00000000008c4fb1c916e0c88fd4cc402d935e7d,0,0,410486757.0,0.0,0.0,6.015298656721593e+19,56648009501.0,0xd3028268fa22b31b8a41ad861d37b055617ccea9a088e832fa55a43a10c378af,0x00000000008c4fb1c916e0c88fd4cc402d935e7d,0x00000000008c4fb1c916e0c88fd4cc402d935e7d,2,0.0,6.015298656721593e+19,414246297.0,0.0,4838681212510.0,1,0xa962fd492ce187737cc46f9fe4660f79958f6d93eab00f0b76ce27ca125ddef4,293758548.0,0.0,0.0,4.226894832702895e+19,0.0375954,0.0,1476.6368690057404,0.73429938330165,1922.7415096375169,-446.1046406317764
34,WETH_WBTC,14289046,1645976080,0x000000000035b5e5ad9019092c665357240f594e,0xc3f94893681be5efd34712ddd0a26c89e463225a21f6e766df7a37233009e15c,0x000000000035b5e5ad9019092c665357240f594e,0x000000000035b5e5ad9019092c665357240f594e,0,0,114651246.0,0.0,0.0,1.5948595449828575e+19,28393643549.0,0x25aa94f421cd9a58067cd6054c725f89799ddfff11eb3602eb73b2cec421d7c4,0x000000000035b5e5ad9019092c665357240f594e,0x000000000035b5e5ad9019092c665357240f594e,2,0.0,3.4113661033426006e+19,245713960.0,0.0,747407966152.0,1,0x74ad8b0d03322954942ad6f56faa7697fd028a5de9565e0df009ec1e37722d95,221596936.0,0.0,0.0,3.056219723843443e+19,1.31062714,-18.165065583597432,4379.6213326070865,0.11637024145515,341.05830987319865,4038.563022733888
35,WETH_WBTC,14291489,1646008756,0x000000000035b5e5ad9019092c665357240f594e,0xaef1496dc290a01bf66cdbbf49f714184f30bc06a2fe3f61400dfc854da469e0,0x000000000035b5e5ad9019092c665357240f594e,0x000000000035b5e5ad9019092c665357240f594e,0,0,343578384.0,0.0,0.0,4.892369547026155e+19,56533609314.0,0x17f0be32587c5b507d0caa4f4e207d0acc81a00a2e67d2938f80e23fda89b009,0x000000000035b5e5ad9019092c665357240f594e,0x000000000035b5e5ad9019092c665357240f594e,2,0.0,7.5055617187573e+19,527420766.0,0.0,2402334562721.0,1,0x9257b4de22b452a216c45c785230ed8eaab3b3ea9b284d6b8bf713e57c610c63,220793383.0,0.0,0.0,3.098510124341807e+19,1.83842382,-26.131921717311457,4233.356847870164,0.36883022580525,1080.9689132747073,3152.3879345954565
36,WETH_WBTC,14323424,1646436068,0x00000000008c4fb1c916e0c88fd4cc402d935e7d,0x49742eb0d8e013c9cc535bbd61a24edde94b9271cdc6d7696f793faabc7827c4,0x00000000008c4fb1c916e0c88fd4cc402d935e7d,0x00000000008c4fb1c916e0c88fd4cc402d935e7d,2,0,365549414.0,0.0,0.0,5.398289334665413e+19,65098957420.0,0x12a5c31c1edf9e3ac4f40c918e6b83b5518c5a85eabd46ca4639cddce2acab7e,0x00000000008c4fb1c916e0c88fd4cc402d935e7d,0x00000000008c4fb1c916e0c88fd4cc402d935e7d,4,0.0,5.398289334665413e+19,367966382.0,0.0,3118804623452.0,1,0xbe4433c3d9907b2dd52b14487e5a53b1f892f4e8d32e34a0efd6e711c3d2454c,233016568.0,0.0,0.0,3.3855560123657126e+19,0.02416968,0.0,945.6317537268416,0.4775855371308,1245.6930860802295,-300.0613323533879
37,WETH_WBTC,14327797,1646495710,0x00000000003b3cc22af3ae1eac0440bcee416b40,0xef730e3fde402d0d56ffd5998dc5a339ac9f4eaa01c9318df1d95dfd2612f11d,0x00000000003b3cc22af3ae1eac0440bcee416b40,0x00000000003b3cc22af3ae1eac0440bcee416b40,0,0,82991040.0,0.0,0.0,1.2204348283633517e+19,23352534395.0,0x3071b269f6e8d44594b7e66a279318d83966ed08714a578bc122693b78a13545,0x00000000003b3cc22af3ae1eac0440bcee416b40,0x4585fe77225b41b697c938b018e2ac67ac5a20c0,2,0.0,5.1605957236788494e+19,351954547.0,0.0,2541869393480.0,1,0x4f78f686b1402849b026ae5747291d7c264f4652776f28cdf75f55214ecd83de,298788927.0,0.0,0.0,4.348464928575984e+19,2.68963507,-39.40160895315498,2437.3155084369064,0.38478328918125,994.6137165682989,1442.7017918686074
38,WETH_WBTC,14339732,1646656654,0x1d6e8bac6ea3730825bde4b005ed7b2b39a2932d,0x345dcd8e3b3c66a785c8a30458d4e063c0074533ba75f84262a8e0a0a0c76e60,0x1d6e8bac6ea3730825bde4b005ed7b2b39a2932d,0x1d6e8bac6ea3730825bde4b005ed7b2b39a2932d,4,1,0.0,1.313642563173794e+19,86655350.0,0.0,21860682574.0,0xd8673eb295aa540b1704f9289118f31ecdc07d985835ec150aa615f1a001a951,0x1d6e8bac6ea3730825bde4b005ed7b2b39a2932d,0x1d6e8bac6ea3730825bde4b005ed7b2b39a2932d,6,86655350.0,0.0,0.0,1.3189393108916582e+19,635512406298.0,1,0x08a52ac62e9ddd389b05579f274dedfb1aa9ad2c75f4bc2d9e9f87464168887c,0.0,2.754449078569428e+19,180357346.0,0.0,0.0,0.05296747717864243,136.91389625052156,0.0986059633308,254.8833237351084,-117.96942748458684
39,WETH_WBTC,14365678,1647003551,0x00000000008c4fb1c916e0c88fd4cc402d935e7d,0x19fa86cdaa9f46b0d1eddb73c7064be43eb36d8f170355f6566c306c2ccb3d71,0x00000000008c4fb1c916e0c88fd4cc402d935e7d,0x00000000008c4fb1c916e0c88fd4cc402d935e7d,2,0,376300120.0,0.0,0.0,5.579890303279524e+19,22502987454.0,0xdaaa87e98f34361671d65b25ef23bac2a0ce5b712502b2f71e9b3c784cbac580,0x00000000008c4fb1c916e0c88fd4cc402d935e7d,0x00000000008c4fb1c916e0c88fd4cc402d935e7d,4,0.0,5.579890303279524e+19,376704806.0,0.0,519055734713.0,1,0xfa38af8e4ffe7bb3ca58fda190d3cb6552e5e85dd809d77f052a29e990f89de7,129422459.0,0.0,0.0,1.8926767070996554e+19,0.00404686,0.0,158.06476274706094,0.08123380832505,211.5253577660911,-53.460595019030166
40,WETH_WBTC,14385874,1647276237,0x00000000008c4fb1c916e0c88fd4cc402d935e7d,0x93eab6a82094bf8424de3a30624c97f7adb68cf1e819fa8e3b143e2e53c77f09,0x00000000008c4fb1c916e0c88fd4cc402d935e7d,0x00000000008c4fb1c916e0c88fd4cc402d935e7d,0,1,0.0,5.163586409940204e+18,34049769.0,0.0,29380793322.0,0x325d26b839827c581de2f8506b9170d63f86b8e532931ae1a46c99c695a6ecc6,0x00000000008c4fb1c916e0c88fd4cc402d935e7d,0x4585fe77225b41b697c938b018e2ac67ac5a20c0,2,233294748.0,0.0,0.0,3.5564048672354566e+19,1305922310546.0,1,0xcd98d6365af0f6724b8ee11e2c1ae6493b0b0433dedd96e23c9c7ed905740dec,0.0,4.592097009757816e+19,300000000.0,0.0,-1.99244979,30.40046226241436,1390.1325191153446,0.2002954655802,542.0067870375595,848.1257320777851
41,WETH_WBTC,14391169,1647347497,0x00000000003b3cc22af3ae1eac0440bcee416b40,0xb78038388ce3b61b880801b269e6a83cd2aca5ec233f7d3336c8dda856353054,0x00000000003b3cc22af3ae1eac0440bcee416b40,0x00000000003b3cc22af3ae1eac0440bcee416b40,0,1,0.0,5.397520702078399e+19,349894397.0,0.0,26727744632.0,0x2244eda185f88eebe6a9ea4eaab95e4b6a7f9a25db5331da708c3b8c6b0601a4,0x00000000003b3cc22af3ae1eac0440bcee416b40,0x00000000003b3cc22af3ae1eac0440bcee416b40,2,349894397.0,0.0,0.0,5.424235165013298e+19,3270963728290.0,1,0xf7a77be5aee741941e63f30771e7d9b3cea179a9b7aeed66058e1d11b833eb46,0.0,3.027589727494595e+19,193282726.0,0.0,0.0,0.26714462934899097,722.9030462989164,0.4946537209383,1338.5508913310362,-615.6478450321198
42,WETH_WBTC,14391789,1647355793,0x00000000008c4fb1c916e0c88fd4cc402d935e7d,0x1f0c9d339b5cd3e9370dccded3a6d2e9dfa812450c9b6f7fd11db74b6339619a,0x00000000008c4fb1c916e0c88fd4cc402d935e7d,0x00000000008c4fb1c916e0c88fd4cc402d935e7d,0,1,0.0,5.172491769778268e+18,33692072.0,0.0,45881649966.0,0x9fd96c82fc1c8d8ce0d43b7e741fe90a60a86c4eee2ffc15a408dac3d95d1c21,0x00000000008c4fb1c916e0c88fd4cc402d935e7d,0x4585fe77225b41b697c938b018e2ac67ac5a20c0,2,294404702.0,0.0,0.0,4.535964508766111e+19,2068440232916.0,1,0x9fd8da479a07b162ca848712199ae9bcf302aeee727973de510407eb5f8e1969,0.0,4.6490702785278796e+19,300000000.0,0.0,-2.6071263,40.187153317882846,2923.219501518033,0.31714828243230003,858.2147432927412,2065.004758225292
43,WETH_WBTC,14607766,1650265787,0x00000000008c4fb1c916e0c88fd4cc402d935e7d,0x832d4f29fb44959c580f7640114c06a699d55d75968b85bc5056afa528154864,0x00000000008c4fb1c916e0c88fd4cc402d935e7d,0x00000000008c4fb1c916e0c88fd4cc402d935e7d,0,1,0.0,1.3032752222441685e+19,96976875.0,0.0,17452923251.0,0xb70c4f44e6b30ad0da0baca01c95c603ad5ca98569bd7ae12ec22f5f5b79bf2a,0x00000000008c4fb1c916e0c88fd4cc402d935e7d,0x4585fe77225b41b697c938b018e2ac67ac5a20c0,2,301352954.0,0.0,0.0,4.072894975728228e+19,1673079028984.0,1,0x41b739c19301d17cdfbf8fd12c19c32cfcd1bb9ecfd01ed9331ed193d9f4a7a1,0.0,4.4246688179135816e+19,325640209.0,0.0,-2.04376079,27.696197534840593,-9104.228948988297,0.25357979283525,779.8923473163529,-9884.12129630465
44,WETH_WBTC,14635815,1650645793,0x00000000003b3cc22af3ae1eac0440bcee416b40,0xb7734073d9a336d0af1d6707d6978276e467cf42a83bd47927b3c68dcebccfbd,0x00000000003b3cc22af3ae1eac0440bcee416b40,0x00000000003b3cc22af3ae1eac0440bcee416b40,0,0,397242122.0,0.0,0.0,5.211207911922516e+19,64245099817.0,0x0eb562c81726c95493a31db99cf6f599031c25781db30d150ab6b08894e9a358,0x00000000003b3cc22af3ae1eac0440bcee416b40,0x4585fe77225b41b697c938b018e2ac67ac5a20c0,2,0.0,1.0213199381313801e+20,781500958.0,0.0,64245099817.0,1,0x2c05c8ee1b93e84a80b13e9e2f447dd70a2c622fcbfa029f77ea7a733525acf1,383689324.0,0.0,0.0,4.933102021466749e+19,3.84258836,-50.01991469391285,22439.37966634371,0.0192735299451,56.764814897122676,22382.614851446586
45,WETH_WBTC,14635855,1650646392,0x00000000003b3cc22af3ae1eac0440bcee416b40,0x61642545894b9bdbaf8b3586f98ad178d50e198cda3e47b19758a8d875525d2d,0x00000000003b3cc22af3ae1eac0440bcee416b40,0x00000000003b3cc22af3ae1eac0440bcee416b40,0,0,112537478.0,0.0,0.0,1.4886637415686844e+19,64472041052.0,0x77d236b08d6728d2bf2c8c5a41a41114bafff0f9ef7c0ab01a46e375d6a814dc,0x00000000003b3cc22af3ae1eac0440bcee416b40,0x4585fe77225b41b697c938b018e2ac67ac5a20c0,2,0.0,6.250021496101765e+19,474445604.0,0.0,4751761212289.0,1,0x3c1a8f742de20a88d39b92cc239b9208ce536fc1b65bff600084aeeab5c3ecdb,377789051.0,0.0,0.0,4.9344814548457185e+19,3.61908126,-47.613577545330806,19652.406821770594,0.7224349880011499,2127.7310635832023,17524.67575818739
46,WETH_WBTC,14635868,1650646520,0x00000000003b3cc22af3ae1eac0440bcee416b40,0xd74b49ce73f8f1732f15bace666bccf15a90766221f92613ed2a61a18925e1b6,0x00000000003b3cc22af3ae1eac0440bcee416b40,0x00000000003b3cc22af3ae1eac0440bcee416b40,0,0,113169596.0,0.0,0.0,1.4973500400405604e+19,48605777784.0,0x50cf3245341ca0958276466ca4785f61d8671b006d07a2be0820fa84ffffd5e5,0x00000000003b3cc22af3ae1eac0440bcee416b40,0x4585fe77225b41b697c938b018e2ac67ac5a20c0,2,0.0,6.307040322143622e+19,478642733.0,0.0,3942215012820.0,1,0xfaa5ada732ba6c94948e243a48f4ddbbb3fd4946439c5e6107a7f270e887ffed,378464766.0,0.0,0.0,4.944207737245713e+19,3.65473137,-48.09690282103062,19803.86888535184,0.5986231185905999,1763.0776830568498,18040.79120229499
47,WETH_WBTC,14635890,1650646851,0x00000000003b3cc22af3ae1eac0440bcee416b40,0x150cf36bfc80cd0cef7ea9b9fff0a07801edd41a6148e23b455bd21183ae3758,0x00000000003b3cc22af3ae1eac0440bcee416b40,0x00000000003b3cc22af3ae1eac0440bcee416b40,2,0,110428832.0,0.0,0.0,1.4627656040745409e+19,77849776418.0,0x2303996c659def16d42c9355343bdd78821fdcc7fc6d249adde5af67f47ac373,0x00000000003b3cc22af3ae1eac0440bcee416b40,0x4585fe77225b41b697c938b018e2ac67ac5a20c0,4,0.0,6.146827266061654e+19,466070197.0,0.0,4559853086500.0,1,0xacdcb3f6dd5bad739c07b1b39c637a5f41bf0b00e2c4d947d0823e50a98402a3,378432085.0,0.0,0.0,4.949783344560211e+19,3.55641365,-46.84061661987113,19160.39807215336,0.6956554294377,2048.8593317722184,17111.53874038114
48,WETH_WBTC,14635914,1650647214,0x000000000035b5e5ad9019092c665357240f594e,0x013485648ad480ff4c498869c1204c4389c678e286e09518b463a4427c9641d0,0x000000000035b5e5ad9019092c665357240f594e,0x000000000035b5e5ad9019092c665357240f594e,0,0,159875522.0,0.0,0.0,2.1134440481561117e+19,69396610481.0,0x77125504ab0837825759f1720556811dc00c92a136534146dd02a98d07dba42f,0x000000000035b5e5ad9019092c665357240f594e,0x000000000035b5e5ad9019092c665357240f594e,2,0.0,6.9263516539393065e+19,525757970.0,0.0,5083403338722.0,1,0x8a0280feff3fc4bb0545cc0573c02e280af9eae9da52839dbd666ad4c3a7efe2,366007616.0,0.0,0.0,4.773013666284276e+19,3.65882448,-48.129076057831945,19889.93831039284,0.7729199923804501,2276.4205842280685,17613.517726164773
49,WETH_WBTC,14635951,1650647701,0x000000000035b5e5ad9019092c665357240f594e,0x4cc2b5999734668ff7a3a7f4b051ce11cf63c83e26845be331d21a10d578e68d,0x000000000035b5e5ad9019092c665357240f594e,0x000000000035b5e5ad9019092c665357240f594e,0,0,103610619.0,0.0,0.0,1.3715383741173592e+19,66139156159.0,0xf0f8993b0beb960efc8e00b6c6a58b0cea6300bd921afa5434341b431ed54932,0x000000000035b5e5ad9019092c665357240f594e,0x000000000035b5e5ad9019092c665357240f594e,2,0.0,5.026901612614877e+19,380071155.0,0.0,2547259951747.0,1,0x0223b97f38a764440dd4d8179f54b1830d8bfe54f1240be6563a5940c90eeb7e,270883171.0,0.0,0.0,3.551176380303171e+19,2.76460536,-36.55363238497518,14477.083207077536,0.39200986618590006,1154.5558885826085,13322.527318494927
50,WETH_WBTC,14746485,1652156249,0x00000000008c4fb1c916e0c88fd4cc402d935e7d,0x6b704b8151a1d499e14d0e3c3bffbf1d640575bac7efd4088750dd87ff3741c6,0x00000000008c4fb1c916e0c88fd4cc402d935e7d,0x00000000008c4fb1c916e0c88fd4cc402d935e7d,2,1,0.0,1.236818187427958e+19,91979111.0,0.0,39366542236.0,0xe3653e18d4d6b1e44d18c5ceea384a4dd04549bdd68a41dd98d1156311f80639,0x00000000008c4fb1c916e0c88fd4cc402d935e7d,0x4585fe77225b41b697c938b018e2ac67ac5a20c0,4,296085987.0,0.0,0.0,3.9912805133574136e+19,1575198884050.0,1,0x657e22beea3bd7de7857129745fee2c08b9bc7bafcc6466d6959814ed96c9ca9,0.0,3.515046931122668e+19,258948895.0,0.0,-2.04106876,27.544623259294557,-7292.951605768358,0.2421848139429,575.0594016892566,-7868.011007457614
51,WETH_WBTC,14757220,1652304361,0x00000000003b3cc22af3ae1eac0440bcee416b40,0xab8c51d9340a3a8249ba369eaa852604bb70f33c8a6822186a014e2ed536f35d,0x00000000003b3cc22af3ae1eac0440bcee416b40,0x00000000003b3cc22af3ae1eac0440bcee416b40,0,0,155395754.0,0.0,0.0,2.140971757262177e+19,283445579834.0,0xb7ffa7f7620a261a7640b5afc8fafe193309a1d2c893b962c913f280d7df0985,0x00000000003b3cc22af3ae1eac0440bcee416b40,0x4585fe77225b41b697c938b018e2ac67ac5a20c0,2,0.0,9.340610404680906e+19,683254663.0,0.0,10786082526526.0,1,0xdd3d43a009fbbdd89ec4127dd419be89da0f6b31b0bf6e9e59aab37e8b7cbb14,520530212.0,0.0,0.0,7.04216585756902e+19,5.27858909,-71.99638647418729,14416.898644929199,1.660429215954,3332.8794669492117,11084.019177979986
52,WETH_WBTC,14759983,1652343139,0xe8c060f8052e07423f71d445277c61ac5138a2e5,0xd6000429afe0fee057ff02b96cf2ca350dc402c60a26435b5b74e0f8962ef707,0xe8c060f8052e07423f71d445277c61ac5138a2e5,0xe8c060f8052e07423f71d445277c61ac5138a2e5,0,0,1213592639.0,0.0,0.0,1.722158993382145e+20,394688639836.0,0xd91dc6f41d0969cf2e6d47e98279beb1032b948ea554de38f159464a3271362f,0xe8c060f8052e07423f71d445277c61ac5138a2e5,0x4585fe77225b41b697c938b018e2ac67ac5a20c0,2,0.0,1.7714186645171234e+20,1253699699.0,0.0,4281845223299.0,1,0xb598496389ad2c8fff40ee3dfaa9336d473d3ab332c2c9411295d6ea47034538,207659916.0,0.0,0.0,2.833549297744155e+19,0.4010706,-4.925967113497838,2188.075728072252,0.7014800794702499,1408.0386751066824,780.0370529655695
53,WETH_WBTC,14834434,1653376623,0x000000000035b5e5ad9019092c665357240f594e,0xaf6cd80e0086a9166fef40015d6cd0b3a9f8a8280538f50ce1064baf3ec7beff,0x000000000035b5e5ad9019092c665357240f594e,0x000000000035b5e5ad9019092c665357240f594e,0,1,0.0,1.287877401615867e+19,86529693.0,0.0,13837485413.0,0xd8cf3885696e4a6e7c228daea5ffed97025c6a29d47ce4fa4055dd4b15ccb928,0x000000000035b5e5ad9019092c665357240f594e,0x000000000035b5e5ad9019092c665357240f594e,2,86529692.0,0.0,0.0,1.2926686424285966e+19,568787342555.0,1,0xbc1c91c47d24a3210fbb6ea8ebe544c36544a5006a6aa1abec2338cd9e74bc9a,0.0,2.5199753907321872e+19,168071972.0,0.0,1e-08,0.04791240812729549,85.40614163903618,0.0873937241952,155.78297379045478,-70.3768321514186
54,WETH_WBTC,15033814,1656324162,0x00000000003b3cc22af3ae1eac0440bcee416b40,0xe677b46f36b06079c9dedad26dc8b14ceee898da51f1808423a91e6dd49e23c3,0x00000000003b3cc22af3ae1eac0440bcee416b40,0x00000000003b3cc22af3ae1eac0440bcee416b40,0,0,80532264.0,0.0,0.0,1.390519897002784e+19,22268072989.0,0x457d5c57dda69368c42d0e3b3c5eb6739cb624d856bbf91a10829189a40be14d,0x00000000003b3cc22af3ae1eac0440bcee416b40,0x4585fe77225b41b697c938b018e2ac67ac5a20c0,2,0.0,4.3774480310209634e+19,253783496.0,0.0,1659508627055.0,1,0x6c434c4665ca706be5d86c055b7ea1c16453ac7f7ab09ab623583ff8ea40e1a5,200000000.0,0.0,0.0,3.4233233458829672e+19,1.73251232,-29.869281340181796,-4237.166089219751,0.2522665050066,275.37511160546535,-4512.541200825216
55,WETH_WBTC,15119185,1657513408,0x00000000003b3cc22af3ae1eac0440bcee416b40,0x5a3f557c80f5d104b6865f59c5159d68f37dcb02ae76c73882fe70aa5670f784,0x00000000003b3cc22af3ae1eac0440bcee416b40,0x00000000003b3cc22af3ae1eac0440bcee416b40,0,0,86483607.0,0.0,0.0,1.5341210924495737e+19,18039384271.0,0x9c4d08b68a85cd613f45fb368d2f350901ed6b6567dd4d5e920c5fa2a9b2fb99,0x00000000003b3cc22af3ae1eac0440bcee416b40,0x4585fe77225b41b697c938b018e2ac67ac5a20c0,2,0.0,4.383202802825214e+19,247970293.0,0.0,1581202987563.0,1,0xd80969118fc60e7fbc954eceb42f32a8a8fe5df86c1ef6b21499361ea17c0c4a,229186826.0,0.0,0.0,4.02446713863421e+19,1.61486686,-28.490817103756406,-4862.300502482511,0.2398863557751,273.3013886118417,-5135.601891094352
56,WETH_WBTC,15194525,1658520880,0x00000000003b3cc22af3ae1eac0440bcee416b40,0x8027653547248f9adb6c8ac8cee58df0b11696d083f9717e6bac4e8691cf6a11,0x00000000003b3cc22af3ae1eac0440bcee416b40,0x00000000003b3cc22af3ae1eac0440bcee416b40,0,0,81360744.0,0.0,0.0,1.1986767760935797e+19,29845867161.0,0xc76086f7b3ee1e46c2c3996370b87ebaa5773917f8015d92d2f70b1efb259cde,0x00000000003b3cc22af3ae1eac0440bcee416b40,0x4585fe77225b41b697c938b018e2ac67ac5a20c0,2,0.0,3.0084872746320482e+19,204609294.0,0.0,891036424578.0,1,0xdec15884e99d4c05b0c90a1ec491963b25307074fd334f527f32f27c69fce55c,192208545.0,0.0,0.0,2.808149238460226e+19,1.2324855,-18.098104985384687,607.637355657771,0.13813234376085,215.67117559866952,391.9661800591015
57,WETH_WBTC,15308186,1660050767,0x00000000726422a6fecb4759b44d47e48cf746aa,0x207149150660b8d64a0cad8c1482d9c3a2d2c2d0261cd052ae1c4e05a2c71c95,0x00000000726422a6fecb4759b44d47e48cf746aa,0x00000000726422a6fecb4759b44d47e48cf746aa,0,0,158367924.0,0.0,0.0,2.1425978707805123e+19,12022184669.0,0x9a8698a42d0dffd4045d282c5f8497a50c908736dc83017b7527874b2a407665,0x00000000726422a6fecb4759b44d47e48cf746aa,0x4585fe77225b41b697c938b018e2ac67ac5a20c0,2,0.0,4.258743915995834e+19,316897710.0,0.0,2326826830014.0,1,0x37cfe67b61014b3f5db9d585b7676159ed5fa7037b611a461dcfc19adf11fece,290365212.0,0.0,0.0,3.875687836774307e+19,1.58529786,-21.161460452153218,4960.113368696744,0.35082735220245,664.6823870554902,4295.430981641254
58,WETH_WBTC,15416213,1661528367,0x00000000003b3cc22af3ae1eac0440bcee416b40,0x01cf5581c6090702d6e068f254331d1f83ca1ac3fb13dfebfd7f93830880111a,0x00000000003b3cc22af3ae1eac0440bcee416b40,0x00000000003b3cc22af3ae1eac0440bcee416b40,0,1,0.0,2.230847197124808e+19,170511618.0,0.0,15815026552.0,0xc75ec871331e6109703481756209365a59e1c26b8d1945ff37302695ad98c17c,0x00000000003b3cc22af3ae1eac0440bcee416b40,0x00000000003b3cc22af3ae1eac0440bcee416b40,2,170511618.0,0.0,0.0,2.2533037394336154e+19,2708557762788.0,1,0x6c4ca8f6ec8b3857014e0f3bbc3331098986398a3d8ba1ff8710b164cbbccbcc,0.0,3.569946109054189e+19,269324336.0,0.0,0.0,0.22456542308807476,331.0301276278679,0.408655918401,602.3964818978864,-271.36635427001846
59,WETH_WBTC,15481035,1662425676,0x00000000008c4fb1c916e0c88fd4cc402d935e7d,0x43628f8630972bac877b15e845162fafdecdd1d96cc0b21ef34ebd5b677d0158,0x00000000008c4fb1c916e0c88fd4cc402d935e7d,0x00000000008c4fb1c916e0c88fd4cc402d935e7d,5,0,167970538.0,0.0,0.0,2.0297773932313997e+19,11291956232.0,0xd3ce22c541ee46bed9ea65d3c0677798a1537d6de8a05d647b569066af325157,0x00000000008c4fb1c916e0c88fd4cc402d935e7d,0x00000000008c4fb1c916e0c88fd4cc402d935e7d,7,0.0,2.0297773932313997e+19,168649647.0,0.0,704944367737.0,1,0x5ccd467f6a8bf71dcb762be4b43d83dc27f64b46509c67d230c454843c44a0a2,168338378.0,0.0,0.0,2.01387440166862e+19,0.00679109,0.0,166.14137280630447,0.10743544859535,175.2244280637581,-9.083055257453623
60,WETH_WBTC,15699216,1665182027,0xe8c060f8052e07423f71d445277c61ac5138a2e5,0x5b0b8e8051631e4133c948b33f1a8cbe4a7afd3920781162e946117769b6fadd,0xe8c060f8052e07423f71d445277c61ac5138a2e5,0xece9ff3fb48eb6c81166908c0d3dd86200ecb377,0,1,0.0,2.154399490239365e+17,1462366.0,0.0,7070852653.0,0xcabde2bbed74cc480a6ef10602ac1bc77ea92c1d8cff187c69045dad98424b51,0xe8c060f8052e07423f71d445277c61ac5138a2e5,0xe8c060f8052e07423f71d445277c61ac5138a2e5,2,1846572.0,0.0,0.0,2.7046147633063456e+17,359063379966.0,1,0xfd63e7120d591c1bfd41e2fe161045723ccb486dbfb988fadbed7fb156ef012a,0.0,3.237773571724648e+17,2197377.0,0.0,-0.00384206,0.05502152730669805,-3.4780611541082607,0.05492013489285,73.20364325093485,-76.6817044050431
61,WETH_WBTC,15742323,1665701939,0x46c4128981525aa446e02ffb2ff762f1d6a49170,0xbcc865fcca26864a49b2914ed8ed2d671ec3058a03b2165074808a8dd5c09915,0x46c4128981525aa446e02ffb2ff762f1d6a49170,0x46c4128981525aa446e02ffb2ff762f1d6a49170,0,1,0.0,1.6030919002926386e+20,1016934241.0,0.0,13858533171.0,0xa553ef40075a93f8a6a59c914ab0385884d00d374ec3bdc650b91a99e6f80f8b,0x46c4128981525aa446e02ffb2ff762f1d6a49170,0x46c4128981525aa446e02ffb2ff762f1d6a49170,2,1016934240.0,0.0,0.0,1.6089074581810404e+20,7133680472917.0,1,0x831b0a8bcdf73b27f59c3f2b7439090342e5d062f11b045afe907d908b4436f9,0.0,1.660195198322106e+19,99950342.0,0.0,1e-08,0.5815557888401736,755.073965871246,1.0721308509132,1392.021024059089,-636.9470581878431
62,WETH_WBTC,15825346,1666703867,0x000000000035b5e5ad9019092c665357240f594e,0x6e777395543a65bb4408d8470243d5b38ffde9815d56f44b64d0b29488f9c59a,0x000000000035b5e5ad9019092c665357240f594e,0x000000000035b5e5ad9019092c665357240f594e,0,0,11638207080.0,0.0,0.0,1.0899841456215017e+21,21979540845.0,0xacc7f64cbff7b1a83d973235e646a9c67b50bd30a552d3a02f3ce775b4505de6,0x000000000035b5e5ad9019092c665357240f594e,0x000000000035b5e5ad9019092c665357240f594e,2,0.0,1.0899841456215017e+21,11794212041.0,0.0,21979540845.0,1,0xa9716a10d5991ae20c324a9ce06edcd2cc2d96e9ca46c21cca84cc03acf4e784,354408271.0,0.0,0.0,2.1532348185596686e+19,1.56004961,0.0,36365.40745875638,0.0065938622535,10.247045394726948,36355.16041336166
63,WETH_WBTC,15825348,1666703891,0x00000000008c4fb1c916e0c88fd4cc402d935e7d,0x7fadcda98123c4fb0f774a759b25150ccc4c4f061ff93020c744716c0bc48bfc,0x00000000008c4fb1c916e0c88fd4cc402d935e7d,0x00000000008c4fb1c916e0c88fd4cc402d935e7d,0,0,1262782074.0,0.0,0.0,1.692866253202946e+20,23855136018.0,0x0a6cad4dbdb733098e088de020ba90d6b603d9f9029fb428e40fec03d93285a2,0x00000000008c4fb1c916e0c88fd4cc402d935e7d,0x00000000008c4fb1c916e0c88fd4cc402d935e7d,2,0.0,1.692866253202946e+20,1264302686.0,0.0,804919566813.0,1,0x3d209709572a1151ad2860ca43d28d0c01eca663e46049f9b53b0741ed0d7c94,83515344.0,0.0,0.0,1.055734002593344e+19,0.01520612,0.0,354.4610031130642,0.12431620542465,193.19084192430935,161.27016118875483
64,WETH_WBTC,15825354,1666703963,0x000000000035b5e5ad9019092c665357240f594e,0x55bec916dc35ca54c77db0eaea424bff865f2e659ec5437ce44ddb2c7776029b,0x000000000035b5e5ad9019092c665357240f594e,0x000000000035b5e5ad9019092c665357240f594e,0,0,11789253902.0,0.0,0.0,1.0917784367212688e+21,24191291619.0,0x1c8e10b4fa1333177f285322f250c7f26e4c31c91de96abb811e5f01d51816c0,0x000000000035b5e5ad9019092c665357240f594e,0x000000000035b5e5ad9019092c665357240f594e,2,0.0,1.0917784367212688e+21,11838147961.0,0.0,24191291619.0,1,0x017eedc0dbb1e2456087f5dd65d7ffac79918432ce14b7e52955c2ae0caf01b6,166756147.0,0.0,0.0,1.0048551204667296e+19,0.48894059,0.0,11397.409200643782,0.0072573874857,11.278182065998957,11386.131018577784
65,WETH_WBTC,15828225,1666738823,0x00000000003b3cc22af3ae1eac0440bcee416b40,0x0eeead0c580f9ce8ecef15e1841971b71173113e00442a2cdec1e06d996af752,0x00000000003b3cc22af3ae1eac0440bcee416b40,0x00000000003b3cc22af3ae1eac0440bcee416b40,0,0,67037171.0,0.0,0.0,9.152202424026948e+18,14945996944.0,0x8dbc870ac9e61a1401c0b97d00b67e731caacff9f0ee20c4459edb7c4db2c4e0,0x00000000003b3cc22af3ae1eac0440bcee416b40,0x4585fe77225b41b697c938b018e2ac67ac5a20c0,2,0.0,1.8469261224415736e+19,135101220.0,0.0,184614363325.0,1,0xd91d1a07caac8ab0cd1ee410bac10972071ca37f120ccaf3db6551ef0ef8ffe3,87335018.0,0.0,0.0,1.1842829710330628e+19,0.68064049,-9.317058800388788,1387.0452783585442,0.02993405404035,46.51835279647551,1340.5269255620688
66,WETH_WBTC,15897145,1667570855,0xe8c060f8052e07423f71d445277c61ac5138a2e5,0x2421e56a3e917e8c246e9bb71e486ae8eda9ad0041e442fd7fdff24edf605702,0xe8c060f8052e07423f71d445277c61ac5138a2e5,0xe8c060f8052e07423f71d445277c61ac5138a2e5,4,0,58337051.0,0.0,0.0,7.465861324191216e+18,27069582023.0,0xb9fc5160e90f5484a706731ea45c2ecddc974911931801b977f054568ee4566e,0xe8c060f8052e07423f71d445277c61ac5138a2e5,0x4585fe77225b41b697c938b018e2ac67ac5a20c0,6,0.0,1.2738863125806186e+19,99619511.0,0.0,121807140290.0,1,0x015d12c05ecf23d748b849302cec5f8c583107d7623c8e0dccac714365ec2d66,100380382.0,0.0,0.0,1.2759674016820896e+19,0.4128246,-5.273001801614971,1488.5300251998506,0.02233150834695,36.15652237846633,1452.3735028213841
67,WETH_WBTC,15927892,1667941583,0x00000000008c4fb1c916e0c88fd4cc402d935e7d,0xa2757acc5631fcf8dbbe741a3b9b070bd615470d7b7d1e4a64b585de2edf17dc,0x00000000008c4fb1c916e0c88fd4cc402d935e7d,0x00000000008c4fb1c916e0c88fd4cc402d935e7d,3,0,113180572.0,0.0,0.0,1.560654568921576e+19,88143255561.0,0xf8db53ca5c4660ac30e36aedf433854720db9264e0275ed483d9d30586dd4b16,0x00000000008c4fb1c916e0c88fd4cc402d935e7d,0x00000000008c4fb1c916e0c88fd4cc402d935e7d,5,0.0,1.560654568921576e+19,113380433.0,0.0,181176550080.0,1,0xd718ba2cbb4298dfea366a38604e875a3091765a43d934776ff773139a9b6b18,87581230.0,0.0,0.0,1.1969375493122243e+19,0.00199861,0.0,37.63911045268125,0.04039797084615,50.720039985871416,-13.080929533190165
68,WETH_WBTC,15935932,1668038795,0xe8c060f8052e07423f71d445277c61ac5138a2e5,0x8f6482a64fabd33c3df1de853d4040c254287cfd2fafdd4e027377fa5e5188ac,0xe8c060f8052e07423f71d445277c61ac5138a2e5,0xe8c060f8052e07423f71d445277c61ac5138a2e5,2,0,222142956.0,0.0,0.0,3.1729267035559625e+19,58023936994.0,0x77aa5864aa96ec0876c91ed8c335b350905d3cbe469a117e602113358033c258,0xe8c060f8052e07423f71d445277c61ac5138a2e5,0x4585fe77225b41b697c938b018e2ac67ac5a20c0,4,0.0,4.704445877100059e+19,329427659.0,0.0,1226536770918.0,1,0xc88d29063e8258dd4f2d69f3dea44fb5726b2d519783b7d3b12a43be7fd3287a,130248876.0,0.0,0.0,1.8339641233894824e+19,1.07284703,-15.315191735440965,976.1759282955645,0.1926841061868,241.91674397843596,734.2591843171285
69,WETH_WBTC,15966282,1668404855,0x00000000003b3cc22af3ae1eac0440bcee416b40,0x1fdb014f6fe09284d81e9a403b04c6ee8a41438e8c372ee27cb8c19776bf51dd,0x00000000003b3cc22af3ae1eac0440bcee416b40,0x00000000003b3cc22af3ae1eac0440bcee416b40,0,0,261295409.0,0.0,0.0,3.467312936709477e+19,11945868594.0,0xdf68cd91acb90e0686d86738b00270f557e8112cc65344399c3c72d80214a261,0x00000000003b3cc22af3ae1eac0440bcee416b40,0x4585fe77225b41b697c938b018e2ac67ac5a20c0,2,0.0,4.220080597512929e+19,318659984.0,0.0,936753358985.0,1,0xf87ba9c6783cd390e31d9bdb4e501bfe087f29d931ed2320f5af6a80111bd685,130424170.0,0.0,0.0,1.7041639821283072e+19,0.57364575,-7.527676608034521,1353.6180424586364,0.14230488413685,178.85304939897674,1174.7649930596597
70,WETH_WBTC,15977009,1668534335,0x00000000003b3cc22af3ae1eac0440bcee416b40,0xcbae8c3581d854c6fa59125d4ebe3fad0d77df611b81414099b37a4d3c265ab0,0x00000000003b3cc22af3ae1eac0440bcee416b40,0x00000000003b3cc22af3ae1eac0440bcee416b40,0,0,104828307.0,0.0,0.0,1.3933782988897864e+19,15611791045.0,0xed970d535227d6761bc57d7e86c3ab6f992863bc2340d64ebb61b9121735ce9b,0x00000000003b3cc22af3ae1eac0440bcee416b40,0x4585fe77225b41b697c938b018e2ac67ac5a20c0,2,0.0,3.121686974791796e+19,236141742.0,0.0,1721517949723.0,1,0x9ac6b31050f76dde86c0828753b151aa3b518046b92674fe9cd12257c2fe9e51,199046905.0,0.0,0.0,2.611353145758187e+19,1.31313435,-17.283086759020094,2910.702763846435,0.2605694611152,314.19333815232807,2596.509425694107
71,WETH_WBTC,16051596,1669434767,0x000000000035b5e5ad9019092c665357240f594e,0x2546acc4b0ad0a50424a1496d444f2fc906a8e168c67de02bf88a963511e8a8f,0x000000000035b5e5ad9019092c665357240f594e,0x000000000035b5e5ad9019092c665357240f594e,0,0,12926501.0,0.0,0.0,1.7413034688209272e+18,7990404838.0,0x3e67b73cc45235926efd429f7aebb191a02a45c44d2dba95c8a74412e9cf3613,0x000000000035b5e5ad9019092c665357240f594e,0x000000000035b5e5ad9019092c665357240f594e,2,0.0,2.2354171831615967e+19,166117058.0,0.0,1075539536651.0,1,0x27d591662be1d5d5f2e300a8236e92c7a3faf2b2d374ded7d4a22edcef94426d,154253517.0,0.0,0.0,2.0622177641125847e+19,1.53190557,-20.61286836279504,2811.3546822497083,0.16252949122335,193.14583962842917,2618.208842621279
72,WETH_WBTC,16051627,1669435139,0xe8c060f8052e07423f71d445277c61ac5138a2e5,0x789bd1421184937ee3e74c88a381e922030a02abf656ba8cbd91148b708a557d,0xe8c060f8052e07423f71d445277c61ac5138a2e5,0xe8c060f8052e07423f71d445277c61ac5138a2e5,0,0,16384574.0,0.0,0.0,2.2078526030536425e+18,8633864658.0,0xea6c625132f6d6c39c381a6abb94892f255e29c96fa2b1406c4ede4c10c4fd38,0xe8c060f8052e07423f71d445277c61ac5138a2e5,0x4585fe77225b41b697c938b018e2ac67ac5a20c0,2,0.0,1.169189856661188e+20,898157505.0,0.0,8633864658.0,1,0x2dc890b8135db876c809ed4ff96d6fe4819204617e2dbd5f394423ea58cf2c2d,895316649.0,0.0,0.0,1.1583590473301582e+20,8.81772931,-114.71113306306516,20861.67766986211,0.0025901593974,3.0780783709880706,20858.599591491122
73,WETH_WBTC,16055035,1669476251,0x00000000003b3cc22af3ae1eac0440bcee416b40,0xa7f03e9c9e2edd6d3d1832f8629eb2f945ae16e6b696f1af1567251b3d751f33,0x00000000003b3cc22af3ae1eac0440bcee416b40,0x00000000003b3cc22af3ae1eac0440bcee416b40,0,0,54823935.0,0.0,0.0,7.383942530238242e+18,11355460847.0,0x93e91e394987aff3f75b5e51d7a1bc23f3a4a96ff028aa617ac9cc4f0b4f5d3d,0x00000000003b3cc22af3ae1eac0440bcee416b40,0x4585fe77225b41b697c938b018e2ac67ac5a20c0,2,0.0,2.3573058490105967e+19,175004067.0,0.0,881644782296.0,1,0xf5a8a67de8058c0dd864cf25049cfbbce775adced51aec1f11da54e5323ef5c8,125069983.0,0.0,0.0,1.6707866483774212e+19,1.20180132,-16.189115959867724,2184.117341946512,0.13395003647145,159.18275549748356,2024.9345864490285
74,WETH_WBTC,16113321,1670179583,0x00000000003b3cc22af3ae1eac0440bcee416b40,0x8c5976f01fd2af2eb89c2fce287be2bb2fc0f12534c86ce7434996ffd4f9c2da,0x00000000003b3cc22af3ae1eac0440bcee416b40,0x00000000003b3cc22af3ae1eac0440bcee416b40,0,0,20675961.0,0.0,0.0,2.766415892868252e+18,13008490264.0,0xdd2b9bdae0c5251c35ffc423dc0a2595121095dad2da599b1959903da42fc9ab,0x00000000003b3cc22af3ae1eac0440bcee416b40,0x4585fe77225b41b697c938b018e2ac67ac5a20c0,2,0.0,4.722140984140089e+19,357521133.0,0.0,5344734575027.0,1,0x323292dc3c66e78d2ff479540ee1bdd3cf25bf49274f0dec6462c9bf38d7248d,378521269.0,0.0,0.0,4.9743111417366634e+19,3.36845172,-44.45499394853264,7676.577121974282,0.80366145979365,1016.0722712021422,6660.504850772139
75,WETH_WBTC,16115180,1670202011,0x000000000035b5e5ad9019092c665357240f594e,0xab93a426386f30551b2d3d60a2a47f1ff960366cddedd9c0a3f569a96f9ba74d,0x000000000035b5e5ad9019092c665357240f594e,0x39993cf130593b571165f4f932799d3bcb62a1d2,2,1,0.0,1.662027548964749e+17,1244711.0,0.0,11850411329.0,0x75ce408662c662f192f764efeb40d394918a380a90d1889bb0418fc6a458034c,0x000000000035b5e5ad9019092c665357240f594e,0x000000000035b5e5ad9019092c665357240f594e,4,1419521.0,0.0,0.0,1.8843782326278746e+17,165965081876.0,1,0x370fb1b6185787e162f6bc5f8c721e1be59b58159e5aad56ef6ff754da33581b,0.0,2.3577772114878528e+17,1765524.0,0.0,-0.0017481,0.022235068366312543,-5.040060829933168,0.02667232398075,33.72192168119961,-38.76198251113278
76,WETH_WBTC,16170905,1670875655,0xe8c060f8052e07423f71d445277c61ac5138a2e5,0x95345892a4235a144f33c68a25e40c7c5c873120083d976ae9ad91b01c883842,0xe8c060f8052e07423f71d445277c61ac5138a2e5,0xe8c060f8052e07423f71d445277c61ac5138a2e5,0,0,110607310.0,0.0,0.0,1.4848072545269033e+19,20244452039.0,0x3cb8058d342cfd1b71857569094b1f9092a0e1ff9981889b691fa53ecf908a02,0xe8c060f8052e07423f71d445277c61ac5138a2e5,0x4585fe77225b41b697c938b018e2ac67ac5a20c0,2,0.0,3.813740523434069e+19,284971703.0,0.0,20244452039.0,1,0xf042b8c0c9ece85a675d0b04930ec13abcd62a91281413960d4f0f11bc133202,187525184.0,0.0,0.0,2.4835122251977527e+19,1.74364393,-23.28933268907166,3638.758317939395,0.0060733356117,7.712699519094529,3631.0456184203003
77,WETH_WBTC,16183595,1671028907,0xe8c060f8052e07423f71d445277c61ac5138a2e5,0x6c0ab771f991e3e763b6d7786c331f10a543d49740783ac94221866b9d6092ad,0xe8c060f8052e07423f71d445277c61ac5138a2e5,0xe8c060f8052e07423f71d445277c61ac5138a2e5,0,1,0.0,1.490862762532379e+19,110112917.0,0.0,13041397708.0,0xcb16e9bc329befb2fadeaaeffb5761eb57322c38787a13b8e4904a5773e6a185,0xe8c060f8052e07423f71d445277c61ac5138a2e5,0xe8c060f8052e07423f71d445277c61ac5138a2e5,3,110112917.0,0.0,0.0,1.5048220839902183e+19,13041397708.0,1,0xc5ec271095b944e08152432d98bd3082a350b2bc39ea7e27f5de2f7ad90443e8,0.0,2.2809402634257617e+19,166339396.0,0.0,0.0,0.13959321457839308,167.7988134540015,0.0039124193124,4.702945772386108,163.0958676816154
78,WETH_WBTC,16389173,1673507795,0x000000000035b5e5ad9019092c665357240f594e,0xe9ffe5531d2ae5048eb3e8dc23a1ad1742f17512d91c66302186e5e1f851efa2,0x000000000035b5e5ad9019092c665357240f594e,0x000000000035b5e5ad9019092c665357240f594e,0,0,11153532.0,0.0,0.0,1.4440356375506035e+18,15236429808.0,0x40d0ce40f15f170101648ab2f8c66c37824e5d74f1e0a35b278839a5619cec12,0x000000000035b5e5ad9019092c665357240f594e,0x000000000035b5e5ad9019092c665357240f594e,2,0.0,2.6340425673657106e+19,205145673.0,0.0,1490029376412.0,1,0xa5644c17db28a00de75c3b37bd4bbe4cfec13880a726468bf255a7111a3d9ff6,273138213.0,0.0,0.0,3.495741358095173e+19,1.93992141,-24.896390036106503,5907.688606793134,0.225789870933,317.41061587666076,5590.277990916473
79,WETH_WBTC,16453640,1674285599,0x000000000035b5e5ad9019092c665357240f594e,0x9b7759f77d0e0c45773dcb393a5929a1d4186e6c8c403df88dae1aaa92e12002,0x000000000035b5e5ad9019092c665357240f594e,0xd67c1b48bb4ffc8be1e1c8395b5d092bfa4ce535,4,1,0.0,1.1006323490295192e+17,803343.0,0.0,13282832405.0,0x01e51d198f7bb067c77ed34f55ec4cf693e9f9b034bc4e38eace3ae1531e49ba,0x000000000035b5e5ad9019092c665357240f594e,0x000000000035b5e5ad9019092c665357240f594e,6,899591.0,0.0,0.0,1.2251397229451672e+17,86558739661.0,1,0x3ade51aec40449f3c4fbae2280ab648eea07c5b923bf2fe622f85bf7742e2fc7,0.0,4e+16,291943.0,0.0,-0.00096248,0.0124507373915648,-3.2371496681021625,0.0149762358099,24.405350785649564,-27.642500453751726
80,WETH_WBTC,16478242,1674582251,0xe8c060f8052e07423f71d445277c61ac5138a2e5,0x7b6957d4191fbee8469d9abf4cdf247376d1cdbd2d3c7f1e16236f421c0f5d18,0xe8c060f8052e07423f71d445277c61ac5138a2e5,0xe8c060f8052e07423f71d445277c61ac5138a2e5,0,1,0.0,4.424279319226456e+19,308160589.0,0.0,20944427209.0,0x14dced7b3fa426f9537b199a4e9226bc618fc70976d0f6d5aa102a917c2de862,0xe8c060f8052e07423f71d445277c61ac5138a2e5,0xe8c060f8052e07423f71d445277c61ac5138a2e5,2,308160589.0,0.0,0.0,4.436246953538984e+19,20944427209.0,1,0xbe36db2fe4866e031333f56f1b623142df67c2c1874c1a522e6fae472ec71cc2,0.0,1.2959786321338948e+19,88539751.0,0.0,0.0,0.11967634312528691,188.82870965111735,0.0062833281627,9.914012396209925,178.91469725490742
81,WETH_WBTC,16502910,1674879935,0xe8c060f8052e07423f71d445277c61ac5138a2e5,0x9c27b5f1ad6e1b4a0d17c1c56dbd2f12c3f645df7958f799cc7de6a3566c9695,0xe8c060f8052e07423f71d445277c61ac5138a2e5,0x39993cf130593b571165f4f932799d3bcb62a1d2,0,1,0.0,1.7435961762984755e+17,1205138.0,0.0,14117141596.0,0x0aaee449c30e39c83a3e1ba6d5aeccb82d6e81b7d0bf759dd1e54286bc7d2da4,0xe8c060f8052e07423f71d445277c61ac5138a2e5,0xe8c060f8052e07423f71d445277c61ac5138a2e5,2,1592412.0,0.0,0.0,2.2908491497551072e+17,14117141596.0,1,0x5fdddb42f30e259bb8b3cc5ce86495db86ac57c80e4813a7a9e7c3322fc18eff,0.0,5.1052300563644634e+17,3527816.0,0.0,-0.00387274,0.05472529734566317,-5.269430716990954,0.0042351424788,6.630451087162468,-11.899881804153422
82,WETH_WBTC,16803572,1678522283,0x000000000035b5e5ad9019092c665357240f594e,0x3e49d05fa28d308f26aa662da5073953e21a0f0e822311fb1cb4d8028df5e77a,0x000000000035b5e5ad9019092c665357240f594e,0x000000000035b5e5ad9019092c665357240f594e,0,0,2289990455.0,0.0,0.0,2.902448005481639e+20,251911517384.0,0x01f812c8c046732ee98eb19bae4455ccdfe2937fc39a403597aaebb894c0c822,0x000000000035b5e5ad9019092c665357240f594e,0x000000000035b5e5ad9019092c665357240f594e,2,0.0,3.580919944024441e+20,2905899143.0,0.0,251911517384.0,1,0x9fbe75c9f0531e3249ea4041a235dfd0a8e9da79102405196dcb0628c53a0cd7,665308756.0,0.0,0.0,7.269460335935869e+19,6.15908688,-67.84719385428018,41353.96963259377,0.0755734552152,127.35842723422567,41226.61120535954
83,WETH_WBTC,16863090,1679245067,0x4870525eae23fceb31df613d179ef6275e1b93a9,0x5ef624aaa50961806d86ba8ecad9128c31fa9ac56154fda7603909864c35e9f3,0x4870525eae23fceb31df613d179ef6275e1b93a9,0x4870525eae23fceb31df613d179ef6275e1b93a9,0,1,0.0,6.620389247581405e+18,42870028.0,0.0,23751339066.0,0xcc5d99bd1467ba6fbefaf025a57a35db172c000825b680ef8959dfe3d3b1f54d,0x4870525eae23fceb31df613d179ef6275e1b93a9,0x4870525eae23fceb31df613d179ef6275e1b93a9,2,42870023.0,0.0,0.0,6.656403491173804e+18,400943610856.0,1,0xa9637834a7c461ffcac6c1d6f44662710cd846db576333fa9dd7ddd210cfaacb,0.0,1.550832639497006e+19,99607101.0,0.0,5e-08,0.03601424359239885,63.25513433625311,0.0637042424883,111.88730066127604,-48.632166325022936
84,WETH_WBTC,17012650,1681066715,0x4870525eae23fceb31df613d179ef6275e1b93a9,0x05c45ae3a0a3a1620a22e344e4d6d84dcb8e2d89642cff665ffb344681c57952,0x4870525eae23fceb31df613d179ef6275e1b93a9,0x4870525eae23fceb31df613d179ef6275e1b93a9,0,0,70817379.0,0.0,0.0,1.0643604640752337e+19,18850155456.0,0x70fb270ca38f125419d0a5a0631527f7ec616ea9d5ec0825b6f2e235ea577909,0x4870525eae23fceb31df613d179ef6275e1b93a9,0xcbcdf9626bc03e24f779434178a73a0b4bad62ed,3,0.0,1.54100434216014e+19,102547871.0,0.0,58910940478.0,1,0xca973a08645ed64424a8d06d4a14ccd617a36f753fbbf7922ef99c24ffb32ad4,69530009.0,0.0,0.0,1.0366025527925803e+19,0.31730492,-4.766438780849064,-13.169158679764223,0.0116641643901,22.37547854791682,-35.544637227681044
85,WETH_WBTC,17203327,1683397643,0x00000000a991c429ee2ec6df19d40fe0c80088b8,0x2675d59140f710f32dac5d6dfd683af4de2df9107d59e7d52e96d3a1ed8dc959,0x00000000a991c429ee2ec6df19d40fe0c80088b8,0x00000000a991c429ee2ec6df19d40fe0c80088b8,27,1,0.0,9.432616925050962e+18,61463725.0,0.0,161913597279.0,0x185807a9182bdc33af0571bb6f93ca9c16f14c8268468180565b7be969cf8b61,0x00000000a991c429ee2ec6df19d40fe0c80088b8,0x00000000a991c429ee2ec6df19d40fe0c80088b8,29,61463719.0,0.0,0.0,9.471971663201032e+18,317804614169.0,1,0x4ad961e4f447849bb1f5326abecb3d48b3339d160fdd88b26f023e5b23770e5a,0.0,1.3389472136757873e+19,86492895.0,0.0,6e-08,0.03935473815007027,72.83256299488683,0.0719577317172,133.1668415152551,-60.33427852036827
86,WETH_WBTC,17229331,1683713543,0x00000000003b3cc22af3ae1eac0440bcee416b40,0xdfc0a70bad5c96384ad6e7f8e450e9c161e33d8f09cdbb43895f5c0cb83db7ad,0x00000000003b3cc22af3ae1eac0440bcee416b40,0x9a13867048e01c663ce8ce2fe0cdae69ff9f35e3,5,1,0.0,1.0838055554132212e+18,7193091.0,0.0,72384712873.0,0x5272e4dd26a9f0439d5092998530da2e61429c420d0944212109e4fbd4f6189f,0x00000000003b3cc22af3ae1eac0440bcee416b40,0x00000000003b3cc22af3ae1eac0440bcee416b40,7,7489388.0,0.0,0.0,1.122144857469485e+18,190535200613.0,1,0x6b1810237cbc75ab7181c4cb38a98d6d3d821aeaa7eacafaafebd211f11e4db9,0.0,5.471187342685968e+17,3628883.0,0.0,-0.00296297,0.038339302056263805,-11.038077226994773,0.0394379870229,71.30251718648266,-82.34059441347743
87,WETH_WBTC,17282713,1684367615,0xe8c060f8052e07423f71d445277c61ac5138a2e5,0x4aaef07a7ab4b4a415a264449520ae13dc9fbdcab28e976cc2518ea99410bb4f,0xe8c060f8052e07423f71d445277c61ac5138a2e5,0xe8c060f8052e07423f71d445277c61ac5138a2e5,0,0,62735903.0,0.0,0.0,9.32807706092392e+18,44956327681.0,0x40c1533499a38e80ba107fc256f77f80922be6c950b0f7235499a983bafbc15d,0xe8c060f8052e07423f71d445277c61ac5138a2e5,0x4585fe77225b41b697c938b018e2ac67ac5a20c0,2,0.0,2.7145861269859336e+19,182725805.0,0.0,44956327681.0,1,0x60069c8620c6e4b64c5f76909d2ba76662fd0391c03d6335b2dffdcb20955c5b,120000000.0,0.0,0.0,1.7656468129300744e+19,1.19989902,-17.817784208935414,326.9432143594422,0.0134868983043,24.40189960873446,302.5413147507077
88,WETH_WBTC,17295334,1684521191,0xfd0000000100069ad1670066004306009b487ad7,0xc6f25d6761e51027c61538cf6128ceb1f989bc8187514c8343edfda95befa687,0xfd0000000100069ad1670066004306009b487ad7,0xfd0000000100069ad1670066004306009b487ad7,0,1,0.0,2.0335207258865664e+19,135391813.0,0.0,50998007508.0,0xe0c15af79af1e930f09ce1d9643117924abcb6b019ae88d719d1cd81cc0e4769,0xfd0000000100069ad1670066004306009b487ad7,0xfd0000000100069ad1670066004306009b487ad7,2,135391808.0,0.0,0.0,2.0362743603812897e+19,162194632286.0,1,0xb5ca690f990f65ce1c763d785971f13d71ceb8474d40db4738be320f05442aab,0.0,9.56167271036894e+18,62931642.0,0.0,5e-08,0.02753634494723277,49.82297717810508,0.0319788959691,57.85954571833208,-8.036568540227002
89,WETH_WBTC,17302432,1684607483,0x6b75d8af000000e20b7a7ddf000ba900b4009a80,0x012c549b99ecea61a7632deef0941cc3a5a6a568a6450f62f289d70e33b05f6f,0x6b75d8af000000e20b7a7ddf000ba900b4009a80,0x6b75d8af000000e20b7a7ddf000ba900b4009a80,0,1,0.0,4.3159723532521313e+18,28966278.0,0.0,30880592985.0,0x85bd2e04319848a480561d3b5fd017290b44e32b470cd6020b8fb22d4298317b,0x6b75d8af000000e20b7a7ddf000ba900b4009a80,0x6b75d8af000000e20b7a7ddf000ba900b4009a80,6,28966277.0,0.0,0.0,4.321387688537096e+18,384090316908.0,1,0x0ec3d7ce68d0bee83aeb262f9a743c530c26c4e560b3463ddd30b8d053e03b70,0.0,9.377784314654614e+18,62605415.0,0.0,1e-08,0.005415335284964864,10.047421032777393,0.06224563648395,115.48514755340393,-105.43772652062654
90,WETH_WBTC,17520033,1687253471,0xf70a5d557976191e4dac37a425b6432773511b79,0x91c46c20e3d3ba2ad8dd47b2531e3c33f7d477ed9bc07d845b367a84f1a77ac8,0xf70a5d557976191e4dac37a425b6432773511b79,0xf70a5d557976191e4dac37a425b6432773511b79,0,0,7266554368.0,0.0,0.0,7.800423183545995e+20,14888316684.0,0x12f06a0dc60822f2450f32cc3aa730bb9498deca47fde2e66419b402178002f5,0xf70a5d557976191e4dac37a425b6432773511b79,0xf70a5d557976191e4dac37a425b6432773511b79,2,0.0,7.800423183545995e+20,7293259958.0,0.0,14888316684.0,1,0xf5a6b50fb917062820286351f63c4da1193f7b15a83b154e5a0d560a5d19d27a,109424658.0,0.0,0.0,8.088018748693721e+18,0.2670559,0.0,7132.981807689227,0.0044664950052,7.953248144234072,7125.028559544993
91,WETH_WBTC,17880719,1691624915,0x6b75d8af000000e20b7a7ddf000ba900b4009a80,0xa7cd1e0bea461ec438b84f74286671f3326d9151132753ca9797ff2e3dcec3d9,0x6b75d8af000000e20b7a7ddf000ba900b4009a80,0x6b75d8af000000e20b7a7ddf000ba900b4009a80,0,0,80056400.0,0.0,0.0,1.2652334829170328e+19,18502099750.0,0xf0c6102e15d66b4a30a9dc6659e98078d7a119e1ae089167e2ebeb1c6c7fa5f6,0x6b75d8af000000e20b7a7ddf000ba900b4009a80,0x6b75d8af000000e20b7a7ddf000ba900b4009a80,4,0.0,1.2617563010165113e+19,80057967.0,0.0,615365434939.0,1,0xbf50ac0ca2248412faa89185bddcee5566a93665246e858ac08c15af2c62a63d,71918300.0,0.0,0.0,1.1261196296457665e+19,1.567e-05,0.03477181900521472,64.71439120693918,0.09508013020335,175.76701135624927,-111.05262014931009
92,WETH_WBTC,17881217,1691630951,0xcc2687c14915fd68226ccf388842515739a739bd,0x86adbaf91af930c877b35bb867d56f6a715768b7545e0878634de75069ac2ac8,0xcc2687c14915fd68226ccf388842515739a739bd,0xcc2687c14915fd68226ccf388842515739a739bd,0,0,524307693.0,0.0,0.0,8.04665405068223e+19,20881680489.0,0xb5759fa8778e4466a074e6cf632159ade9ec10cc81e6008527f2df677aceb85b,0xcc2687c14915fd68226ccf388842515739a739bd,0x4585fe77225b41b697c938b018e2ac67ac5a20c0,2,0.0,1.1034756081844494e+20,723217009.0,0.0,20881680489.0,1,0x689f85178796da0f8b615f4dd4b07bf0a969a3dda57fabf4226f011dc9d6d9d6,200000000.0,0.0,0.0,2.9389859506231726e+19,1.98909316,-29.88102031162265,-82.49079799483297,0.0062645041467,11.580686407763189,-94.07148440259616
93,WETH_WBTC,17948626,1692445739,0x6b75d8af000000e20b7a7ddf000ba900b4009a80,0x2a9a991069f3985f96bc82c1619581b8bb745676ed0902f844a15f166bb753ed,0x6b75d8af000000e20b7a7ddf000ba900b4009a80,0x6b75d8af000000e20b7a7ddf000ba900b4009a80,0,1,0.0,6.272793211752677e+18,39964028.0,0.0,12137480038.0,0x664e4e2c0595deb4b9aa6e411511455cef40c7aa3c71fe3d30acc17b08d083d4,0x6b75d8af000000e20b7a7ddf000ba900b4009a80,0x6b75d8af000000e20b7a7ddf000ba900b4009a80,4,39964027.0,0.0,0.0,6.390397477970772e+18,1246054854820.0,1,0x5d0ae4f25a06d8b81153ab46aa625468eb9738e87d4c3d00935ae2f8982dd649,0.0,3.185167246972792e+19,199961100.0,0.0,1e-08,0.1176042662180946,195.37249980223507,0.1887288502287,313.52927415245784,-118.15677435022278
94,WETH_WBTC,17970801,1692713927,0xe8c060f8052e07423f71d445277c61ac5138a2e5,0x27035e2500df0502159eb41f49388eb22e42a2555a3c96470c75835d3b07b16b,0xe8c060f8052e07423f71d445277c61ac5138a2e5,0x39993cf130593b571165f4f932799d3bcb62a1d2,0,1,0.0,1.5779187577480806e+17,1005774.0,0.0,135482604264.0,0x6e76eb3cdce4fc7b94d7c9c4b1ffeeeae8089529abee3485e4837d27f8c7200c,0xe8c060f8052e07423f71d445277c61ac5138a2e5,0xe8c060f8052e07423f71d445277c61ac5138a2e5,2,2924677.0,0.0,0.0,4.5661588170402176e+17,135482604264.0,1,0xf9b515ec0ecc95e159ef62f41d7a6a1dd3638d3368e65a2002e7420162178bdd,0.0,1.626192868284523e+18,10358267.0,0.0,-0.01918903,0.2988240059292137,17.663688085407898,0.0406447812792,65.3349487812806,-47.671260695872704
95,WETH_WBTC,18085631,1694102795,0x6b75d8af000000e20b7a7ddf000ba900b4009a80,0xd53317d7cc23a4d471692fb2d332a5efb060482eade016cfae7fa1904f8897a3,0x6b75d8af000000e20b7a7ddf000ba900b4009a80,0x6b75d8af000000e20b7a7ddf000ba900b4009a80,1,0,419907803.0,0.0,0.0,6.440357033668557e+19,27495888411.0,0xaec2e26a641ee8ec050f063e5f4e2bc2fd0654ebc01baf19aaf09214b6b15ffa,0x6b75d8af000000e20b7a7ddf000ba900b4009a80,0x6b75d8af000000e20b7a7ddf000ba900b4009a80,3,0.0,6.43305056024616e+19,419911222.0,0.0,470911815940.0,1,0x6274f128d10c69e7e40884b38369ceb4e388bb0f289290fb30d3b6cd11523b79,59377775.0,0.0,0.0,8.847699884483959e+18,3.419e-05,0.0730647342239744,120.33164895069777,0.07476115565265,122.26730779524381,-1.9356588445460403
96,WETH_WBTC,18278042,1696433219,0x6b75d8af000000e20b7a7ddf000ba900b4009a80,0xb50e182b84d0c35722451b3fc2f7938feea91362c94bcc2aa2273ea8fa54c939,0x6b75d8af000000e20b7a7ddf000ba900b4009a80,0x6b75d8af000000e20b7a7ddf000ba900b4009a80,0,1,0.0,5.679907576796414e+18,33601007.0,0.0,16483698839.0,0x6564f0391f2fff38f2fcef6237d6b391125051bb70b15016043a27748a8988ab,0x6b75d8af000000e20b7a7ddf000ba900b4009a80,0x6b75d8af000000e20b7a7ddf000ba900b4009a80,2,33601006.0,0.0,0.0,5.710887326226317e+18,587042936235.0,1,0x226c564af62adaa1737cf4cc41a29b2853df1168a0fa70b88ee44fe11efd7088,0.0,1.123e+19,65863386.0,0.0,1e-08,0.03097974942990336,50.84922998357798,0.0905289952611,148.59085358329307,-97.7416235997151
97,WETH_WBTC,18286368,1696533827,0x429cf888dae41d589d57f6dc685707bec755fe63,0x5c02f13a3af81390aa874e3a2055dbe744ef45126853f768d1062b274705a443,0x429cf888dae41d589d57f6dc685707bec755fe63,0x429cf888dae41d589d57f6dc685707bec755fe63,2,1,0.0,9.91359999997798e+18,57709415.0,0.0,16216366725.0,0x873b10036ca7a9e982e819a54d2eecd1c8c3249dcaf2c5df9cd5ae1be8ce2110,0x429cf888dae41d589d57f6dc685707bec755fe63,0x429cf888dae41d589d57f6dc685707bec755fe63,5,57709291.0,0.0,0.0,9.921976135728497e+18,72797026544.0,1,0xba38a1010cb38040a3c821c7b52c51452c68dbc338c5bc923697766c485f8bb5,0.0,6.766771914225346e+18,39059240.0,0.0,1.24e-06,0.008376135750516735,13.778800341015861,0.01335200899035,21.915480307781806,-8.136679966765945
98,WETH_WBTC,18292435,1696607087,0x6b75d8af000000e20b7a7ddf000ba900b4009a80,0xbef851f237a3e0cc319838d9dc833fdda1b26e807bc638e8ff24d0aacffe1135,0x6b75d8af000000e20b7a7ddf000ba900b4009a80,0x6b75d8af000000e20b7a7ddf000ba900b4009a80,1,0,46859005.0,0.0,0.0,7.871443716509008e+18,18834346256.0,0xe656c226e176d4aafe25a8f19220ff24de6b0bd827467211504df038adddf6e0,0x6b75d8af000000e20b7a7ddf000ba900b4009a80,0x6b75d8af000000e20b7a7ddf000ba900b4009a80,5,0.0,7.851157563767784e+18,46859799.0,0.0,172884668081.0,1,0xa1c07bb643e7eb02ebe9395f076af33f86834fff563f24e095b71145bc6faebb,50000000.0,0.0,0.0,8.329350349953476e+18,7.94e-06,0.020286152741223425,33.49240664448281,0.02875785215055,47.20204599584818,-13.709639351365368
99,WETH_WBTC,18398199,1697885435,0x6b75d8af000000e20b7a7ddf000ba900b4009a80,0x0baac159c0b15ca82d8acf7d09dbac4a1a4b89c50e506df4aface3bb22a06401,0x6b75d8af000000e20b7a7ddf000ba900b4009a80,0x6b75d8af000000e20b7a7ddf000ba900b4009a80,0,0,55021226.0,0.0,0.0,1.0141203627432215e+19,6024888128.0,0x633e81a2724e16966c4d7be9c5f45cbe593c6786aa1a2bb2e9221b7a8261c4fa,0x6b75d8af000000e20b7a7ddf000ba900b4009a80,0x6b75d8af000000e20b7a7ddf000ba900b4009a80,4,0.0,1.0124460655206463e+19,55021893.0,0.0,81670361414.0,1,0xe38b89fb8d7375dcbdc6dc7ac947abc8c949691e2d096788ea5bf7d939e47f0d,42368975.0,0.0,0.0,7.740629456599643e+18,6.67e-06,0.01674297222575104,27.003235634664836,0.0131542874313,21.089345982719855,5.913889651944981
100,WETH_WBTC,18422561,1698180059,0x6b75d8af000000e20b7a7ddf000ba900b4009a80,0x20321478713bdd185ce04660e710c60916016cd8d468ece87be43aa7a9155a91,0x6b75d8af000000e20b7a7ddf000ba900b4009a80,0x6b75d8af000000e20b7a7ddf000ba900b4009a80,0,0,66232062.0,0.0,0.0,1.245746343993846e+19,24804732806.0,0xbfe7c38d178e9a20c4ec8a288e3daafffac9fce8a90fbbdd3546f9f3a5705c63,0x6b75d8af000000e20b7a7ddf000ba900b4009a80,0x6b75d8af000000e20b7a7ddf000ba900b4009a80,2,0.0,1.2442474536585134e+19,66232504.0,0.0,138339882565.0,1,0x29cce9833aa9d851a754313cde579e773d43663e6e583409ea202d5c638a7c95,39428268.0,0.0,0.0,7.344567506960282e+18,4.42e-06,0.014988903353325568,26.9397797974087,0.02447169230565,43.78964445130038,-16.849864653891682
101,WETH_WBTC,18456690,1698592775,0x6b75d8af000000e20b7a7ddf000ba900b4009a80,0xcd91b5f0d0aa9005688f156d57290dbaccbfcf781d672e44e100c9d742b2fae9,0x6b75d8af000000e20b7a7ddf000ba900b4009a80,0x6b75d8af000000e20b7a7ddf000ba900b4009a80,1,1,0.0,8.154217740438076e+18,42057687.0,0.0,22105300024.0,0xb69f89dfd870e566f96cf6bbeba4c220e94dcfe2266b0f95b25ac10f0f9ba0d6,0x6b75d8af000000e20b7a7ddf000ba900b4009a80,0x6b75d8af000000e20b7a7ddf000ba900b4009a80,6,42057686.0,0.0,0.0,8.164787581939089e+18,116124868430.0,1,0x145deeb88f4f2e0d0d7b623aac9f711fe05be2349e20246374b949efee75bb89,0.0,7.574979198652806e+18,38774701.0,0.0,1e-08,0.010569841501012991,19.129296157775116,0.0207345252681,37.52480543682028,-18.395509279045164
102,WETH_WBTC,18457745,1698605603,0x6b75d8af000000e20b7a7ddf000ba900b4009a80,0x3d893c8dfd15bcca437e49619367e69a5b333f8898e70268700c38331bf96562,0x6b75d8af000000e20b7a7ddf000ba900b4009a80,0x6b75d8af000000e20b7a7ddf000ba900b4009a80,1,0,33548636.0,0.0,0.0,6.419659382216196e+18,14933318329.0,0x1eac44fa1b43de85669637e2f6583160fdcb2ced73c964a81481f47dea5eb711,0x6b75d8af000000e20b7a7ddf000ba900b4009a80,0x6b75d8af000000e20b7a7ddf000ba900b4009a80,6,0.0,6.392841778218664e+18,33549632.0,0.0,177593083708.0,1,0x3782c61316c951d7a929e86be2d82648be5e3a3fe6d4969bf34e3181b646f5fd,55054267.0,0.0,0.0,1.0448550713727228e+19,9.96e-06,0.02681760399753216,48.804183608592304,0.02887896030555,52.264392488920585,-3.460208880328281
103,WETH_WBTC,18491079,1699009007,0x6b75d8af000000e20b7a7ddf000ba900b4009a80,0xd3ec958db0e1f53702e33f618b767a7dc05fbed881982fdeb5ce7b9554bac00a,0x6b75d8af000000e20b7a7ddf000ba900b4009a80,0x6b75d8af000000e20b7a7ddf000ba900b4009a80,3,0,196683019.0,0.0,0.0,3.694522016540768e+19,17286516215.0,0x279d8f9dd5663a5a8f8e1bef4991f4c0d8dedfe17d047dd87676d5a831316eb1,0x6b75d8af000000e20b7a7ddf000ba900b4009a80,0x6b75d8af000000e20b7a7ddf000ba900b4009a80,5,0.0,3.649480990840691e+19,196701666.0,0.0,2592098048659.0,1,0x5dcf4d3745fe9ad110344c59577fcf47e44edc26b8cf82e5d0c628cf840a36eb,100000000.0,0.0,0.0,1.827890495856194e+19,0.00018647,0.4504102570007675,835.3342096693715,0.39140768473110005,721.4275320208337,113.90667764853777
104,WETH_WBTC,18516606,1699318103,0x6b75d8af000000e20b7a7ddf000ba900b4009a80,0x3d4fb8539b55281fe70dba25980645965832cddacd704335c3c984989bbb9efe,0x6b75d8af000000e20b7a7ddf000ba900b4009a80,0x6b75d8af000000e20b7a7ddf000ba900b4009a80,0,0,155271321.0,0.0,0.0,2.8152647779390407e+19,29802142434.0,0x5e2cdabf429e623f316b4e25a6769888f0a7464b2f4a4e2e03a88c4cb8a6d688,0x6b75d8af000000e20b7a7ddf000ba900b4009a80,0x6b75d8af000000e20b7a7ddf000ba900b4009a80,2,0.0,2.7771575981263815e+19,155287640.0,0.0,3254249184243.0,1,0x447be2de36cf42e849fcd991e2de3b2ecb5a43d16caaa50ae891410d50331447,110000000.0,0.0,0.0,1.947506795611682e+19,0.00016319,0.381071798126592,722.1640950656858,0.49260769900155,927.5759270993606,-205.41183203367473
105,WETH_WBTC,18625906,1700639459,0x000000000005af2ddc1a93a03e9b7014064d3b8d,0x8b8bb9a9294c53af905aa48a0ed6a021c88544dc3b054f98c225ad53537fb7c9,0x000000000005af2ddc1a93a03e9b7014064d3b8d,0x000000000005af2ddc1a93a03e9b7014064d3b8d,2,1,0.0,4.827901721000671e+18,26221892.0,0.0,21889163310.0,0x006eb0e0b68a773eff35b2e46a1e7536f4be9cbee905a75a08e0757781a908f9,0x000000000005af2ddc1a93a03e9b7014064d3b8d,0x000000000005af2ddc1a93a03e9b7014064d3b8d,4,26221892.0,0.0,0.0,4.941344949693262e+18,1219475866499.0,1,0x8fe58324c0408910fd07c91574b0dc8b3e66d0d955065115833c9f3bfe70c2a4,0.0,2.9472252059857342e+19,157370926.0,0.0,0.0,0.11344322869259059,236.2102682552706,0.18620475447135001,387.7135331124185,-151.50326485714788
106,WETH_WBTC,18625910,1700639507,0x000000000005af2ddc1a93a03e9b7014064d3b8d,0x7945aa3ca330dfd4ad95605a7bc697a0ccc116697e32dc1bd2a0c79f262e4039,0x000000000005af2ddc1a93a03e9b7014064d3b8d,0x000000000005af2ddc1a93a03e9b7014064d3b8d,2,1,0.0,4.73521649837494e+18,25699245.0,0.0,24005718861.0,0xacf6f36507d9233eda6b1540be057232536319db1529af3dfe29f67bfb8f3d00,0x000000000005af2ddc1a93a03e9b7014064d3b8d,0x000000000005af2ddc1a93a03e9b7014064d3b8d,4,25699245.0,0.0,0.0,4.836464179516191e+18,1082970238970.0,1,0x5ad303f3fef47fba4fced93a9abc6dd51955b66797ab43e96c8a95846b079d31,0.0,2.7381651586075845e+19,146256652.0,0.0,0.0,0.10124768114125107,210.81683056999458,0.16604639367465,345.7400114994353,-134.92318092944072
107,WETH_WBTC,18708971,1701644147,0x6b75d8af000000e20b7a7ddf000ba900b4009a80,0xfcc90e659084c3da3ba33c84c10211f475e304da9607ed8dc2225e8a559bc04c,0x6b75d8af000000e20b7a7ddf000ba900b4009a80,0x6b75d8af000000e20b7a7ddf000ba900b4009a80,0,1,0.0,7.622368036049124e+18,41752666.0,0.0,37470422464.0,0xf3f635968c6c48dd9e2c985cd1d8622fb70b33946e4bafa3b6245e38c6163255,0x6b75d8af000000e20b7a7ddf000ba900b4009a80,0x6b75d8af000000e20b7a7ddf000ba900b4009a80,2,41752665.0,0.0,0.0,7.668006775148249e+18,390680691178.0,1,0xc0ac73a8f924aba041601fd15380413f3edd7810071a301d8d8a4ac29a368d38,0.0,1.197e+19,64926831.0,0.0,1e-08,0.045638739099124734,103.9886903976695,0.0642226670463,146.33202454786266,-42.34333415019316
108,WETH_WBTC,18722531,1701808187,0x6b75d8af000000e20b7a7ddf000ba900b4009a80,0xa8348efafc321a28595a9bb5d4252adee8319c9d444eaf22865abe9d62ee6ca4,0x6b75d8af000000e20b7a7ddf000ba900b4009a80,0x6b75d8af000000e20b7a7ddf000ba900b4009a80,0,0,46776993.0,0.0,0.0,8.907132692907164e+18,61975412808.0,0xfa691ddfae2dc9817055764e9f29e3ff6269fac153651b215a77fad643caa8a3,0x6b75d8af000000e20b7a7ddf000ba900b4009a80,0x6b75d8af000000e20b7a7ddf000ba900b4009a80,3,0.0,7.617758140276145e+18,46838641.0,0.0,46333255448528.0,1,0xc05d2ee8919267c0a7f2f080e56a075be35557f5de2aea4017036ad1c7287609,909973003.0,0.0,0.0,1.5900323066056285e+20,0.00061648,1.2893745526310185,2958.923366533384,6.9592846292004005,15856.803462577258,-12897.880096043875
109,WETH_WBTC,18744902,1702079267,0x6b75d8af000000e20b7a7ddf000ba900b4009a80,0x648a870e9c748e946aeebd63f6672fac2b11ec360cfcda6bc3763a41f0751343,0x6b75d8af000000e20b7a7ddf000ba900b4009a80,0x6b75d8af000000e20b7a7ddf000ba900b4009a80,1,0,162629913.0,0.0,0.0,2.9962383445414904e+19,40616246355.0,0x3edb7e987fcfe51aabdce8a3d6d0300c3d50b602197ca0e1c3b6022678f5ed51,0x6b75d8af000000e20b7a7ddf000ba900b4009a80,0x6b75d8af000000e20b7a7ddf000ba900b4009a80,5,0.0,2.7902048424767255e+19,162722844.0,0.0,16027315583982.0,1,0x8f91325aad721af052393fd2268d63136aefcbcb21db16897750f47f84780592,430004619.0,0.0,0.0,7.508794613606937e+19,0.00092931,2.060335020647649,4884.476585701078,2.41018977455055,5675.485357593745,-791.008771892667
110,WETH_WBTC,18747739,1702113635,0x6b75d8af000000e20b7a7ddf000ba900b4009a80,0xfb7a8bdd3e96f43097e9bf7fd06bf56fb6caf7a0d6aa187b68aa76b1241235ed,0x6b75d8af000000e20b7a7ddf000ba900b4009a80,0x6b75d8af000000e20b7a7ddf000ba900b4009a80,0,1,0.0,1.0132718412732824e+19,54231660.0,0.0,35090919278.0,0xdcd32f9ef57d0f2d3bbbabeb4e1ec0f51b9bc01ffbb2759dd3860f031c6e0a22,0x6b75d8af000000e20b7a7ddf000ba900b4009a80,0x6b75d8af000000e20b7a7ddf000ba900b4009a80,2,54231659.0,0.0,0.0,1.018326013187824e+19,525238394597.0,1,0x9787bf39bede4d9ebad3844b5b29b03038b0c8be1fb9fc9ed1dee9b8622d24b4,0.0,1.11e+19,58786429.0,0.0,1e-08,0.050541719145416705,119.01537435313494,0.08404939708125,197.91849068738637,-78.90311633425142
111,WETH_WBTC,18747764,1702113935,0x6b75d8af000000e20b7a7ddf000ba900b4009a80,0xf5ffea1f4553f0f7201952185fcd40172400bcad56cdc8772086aaa092907011,0x6b75d8af000000e20b7a7ddf000ba900b4009a80,0x6b75d8af000000e20b7a7ddf000ba900b4009a80,0,1,0.0,3.095361150448042e+18,16636301.0,0.0,30852211521.0,0x3238dc4c3130b1119108fd49804a2eb952b58704ed1f52688a77204e396ed007,0x6b75d8af000000e20b7a7ddf000ba900b4009a80,0x6b75d8af000000e20b7a7ddf000ba900b4009a80,2,16636300.0,0.0,0.0,3.1095720762440417e+18,243375096219.0,1,0x7325da66eeba9758fd43d7e9d039e3975a2d99eb17fe740b17b51d74eca347c3,0.0,1.0660578553980873e+19,56906188.0,0.0,1e-08,0.014210925795999745,33.4640672064472,0.041134096161,96.86206576954848,-63.39799856310128
112,WETH_WBTC,18792108,1702650455,0x6b75d8af000000e20b7a7ddf000ba900b4009a80,0x6fc2266de78114637de7ca503373d7157a9a0d8dcca59723874a88430b30b79a,0x6b75d8af000000e20b7a7ddf000ba900b4009a80,0x6b75d8af000000e20b7a7ddf000ba900b4009a80,0,1,0.0,4.990334497066058e+18,26377555.0,0.0,64521929667.0,0xfbef4cd7f910337ebf72966ab77fbb0d78d1811c87433f39ca4271e6c09e113b,0x6b75d8af000000e20b7a7ddf000ba900b4009a80,0x6b75d8af000000e20b7a7ddf000ba900b4009a80,3,26377554.0,0.0,0.0,5.026150633074328e+18,524601827201.0,1,0xb1d90801d8f07310ee18e97a6f75a39afd7e210bafbf0e5e2fc829db4669efd8,0.0,1.3363514847824445e+19,70000000.0,0.0,1e-08,0.03581613600826982,80.32534966751487,0.0883685635302,198.1845846199789,-117.85923495246402
113,WETH_WBTC,18792399,1702653983,0x6b75d8af000000e20b7a7ddf000ba900b4009a80,0x3429ea6d76503205440570b980770872db77019c477fbd26f75a53b523512f90,0x6b75d8af000000e20b7a7ddf000ba900b4009a80,0x6b75d8af000000e20b7a7ddf000ba900b4009a80,0,0,26729560.0,0.0,0.0,4.984565531380538e+18,105437264770.0,0x660df3f15522782e04a1b356b9e533dca2f2d6b642f7b1e3d64638a73664ca05,0x6b75d8af000000e20b7a7ddf000ba900b4009a80,0x6b75d8af000000e20b7a7ddf000ba900b4009a80,2,0.0,4.933375778952839e+18,26730952.0,0.0,805189576817.0,1,0xaaec2fc07d5e1a7ddef0bdb1d9e168c717be684a27915a421f87d454778aaafa,88527617.0,0.0,0.0,1.633375447319726e+19,1.392e-05,0.0511897524276992,115.27177036741767,0.13659402623805,306.34005205150777,-191.0682816840901
114,WETH_WBTC,18828596,1703093207,0x6b75d8af000000e20b7a7ddf000ba900b4009a80,0x924525a2e230c6cc29e070494a47cf5d0e9dff095230844c001e6f63fc015e81,0x6b75d8af000000e20b7a7ddf000ba900b4009a80,0x6b75d8af000000e20b7a7ddf000ba900b4009a80,0,0,22391457.0,0.0,0.0,4.3779418508181934e+18,70240119236.0,0x859f08f27899321fde19940d7fb27773a0405dc51d0355b322cb36c5aebe0676,0x6b75d8af000000e20b7a7ddf000ba900b4009a80,0x6b75d8af000000e20b7a7ddf000ba900b4009a80,2,0.0,4.3463708905276703e+18,22392236.0,0.0,278501822364.0,1,0x022c7d04f27e492affde1e77ef72d2f5650cdbaa304a70128ddc8db3082d0b72,70000000.0,0.0,0.0,1.3566944149857016e+19,7.79e-06,0.031570960290523135,72.51160163808972,0.05231129124,119.70456389356117,-47.19296225547146
115,WETH_WBTC,18868890,1703581871,0x6b75d8af000000e20b7a7ddf000ba900b4009a80,0x86e2eb715facd056245361757c5b7a165d5378e0a402ddec8ae85dc15706d925,0x6b75d8af000000e20b7a7ddf000ba900b4009a80,0x6b75d8af000000e20b7a7ddf000ba900b4009a80,0,0,526659063.0,0.0,0.0,9.578836669058857e+19,13944467091.0,0x1d912a3d99540421433c08af55e837a80131e85753f3e958230c756e2a8eb9f8,0x6b75d8af000000e20b7a7ddf000ba900b4009a80,0x6b75d8af000000e20b7a7ddf000ba900b4009a80,3,0.0,9.496609392563742e+19,526693175.0,0.0,9745786972431.0,1,0x75df738973c17ace2bd9cbc3af69ac07642eb158c66700f9682fd6adb0760160,79894088.0,0.0,0.0,1.3741956132430967e+19,0.00034112,0.8222727649511505,1843.9416486913465,1.4639597159283,3262.6182472653277,-1418.6765985739812
116,WETH_WBTC,18869082,1703584175,0x6b75d8af000000e20b7a7ddf000ba900b4009a80,0x2cf77ff300dd05c8d46a9e89eb12c0746f985d0bea959028609eaa3e9a8122ee,0x6b75d8af000000e20b7a7ddf000ba900b4009a80,0x6b75d8af000000e20b7a7ddf000ba900b4009a80,0,0,26394280.0,0.0,0.0,4.998138409693217e+18,15667839408.0,0x7ff417345f238cccfe1fcac246c5e445f6410516f0c147b7ae4269b07723a0e9,0x6b75d8af000000e20b7a7ddf000ba900b4009a80,0x6b75d8af000000e20b7a7ddf000ba900b4009a80,2,0.0,4.961580382509072e+18,26395692.0,0.0,432697412510.0,1,0xb315546ea89963e3bac238a043996ac933d3fcd088536379e990201e5f138521,71410419.0,0.0,0.0,1.339912237755559e+19,1.412e-05,0.03655802718414439,81.94618186178131,0.0672547877877,149.88574853848925,-67.93956667670794
117,WETH_WBTC,18871621,1703614919,0x6b75d8af000000e20b7a7ddf000ba900b4009a80,0xedd36ac51ef84d9a3c63e6ebc0f88842fa174e256568883f9248acc0bb324df5,0x6b75d8af000000e20b7a7ddf000ba900b4009a80,0x6b75d8af000000e20b7a7ddf000ba900b4009a80,3,0,93776898.0,0.0,0.0,1.7658527475163392e+19,26593267324.0,0xe41b004848e82a0af9b096c14aeef9a1282e2d9683ea1d2557ff09feef87910f,0x6b75d8af000000e20b7a7ddf000ba900b4009a80,0x6b75d8af000000e20b7a7ddf000ba900b4009a80,5,0.0,1.7599742257689264e+19,93779148.0,0.0,432122434810.0,1,0x448a288b347d3190d0738e92652f66fb4f54688e3384ff199885abc90a1e5958,50000000.0,0.0,0.0,9.289163680932266e+18,2.25e-05,0.05878521747412787,131.76240764021787,0.0688073553201,153.34584044279958,-21.58343280258171
118,WETH_WBTC,18910525,1704087047,0x2d2a7d56773ae7d5c7b9f1b57f7be05039447b4d,0x8adc25dcdbf9d340b31a17f51886fc5608a4e79695b44a0e4ace22eb18fc809b,0x2d2a7d56773ae7d5c7b9f1b57f7be05039447b4d,0x2d2a7d56773ae7d5c7b9f1b57f7be05039447b4d,0,1,0.0,2.0115092458738447e+18,10792578.0,0.0,9181196800.0,0xa283cc0b140f1003da686f9a47abecc9be32d9e5d77d9b4a34620e9d4a57ec2c,0x2d2a7d56773ae7d5c7b9f1b57f7be05039447b4d,0x2d2a7d56773ae7d5c7b9f1b57f7be05039447b4d,2,10792576.0,0.0,0.0,2.0743819096605924e+18,4021699448512.0,1,0xe61215d2107383128f156448dd424d34c400c589b820a998e5bbcb66101e4ddf,0.0,3.704181867551423e+19,194929502.0,0.0,2e-08,0.06287266378674765,148.40892692258075,0.6046320967968,1427.208059936836,-1278.7991330142552
119,WETH_WBTC,18918785,1704187403,0x2d2a7d56773ae7d5c7b9f1b57f7be05039447b4d,0xf928ee5916bb44210ac3721be3d24af677fa2062daf08cecbae0d2d43b163afb,0x2d2a7d56773ae7d5c7b9f1b57f7be05039447b4d,0x2d2a7d56773ae7d5c7b9f1b57f7be05039447b4d,0,0,377150460.0,0.0,0.0,6.8568676241004356e+19,16841612763.0,0xff50321474d9f46a4e1185542310f871bf2f4c198a50194ffce6ecc4d5c7d8b1,0x2d2a7d56773ae7d5c7b9f1b57f7be05039447b4d,0x4585fe77225b41b697c938b018e2ac67ac5a20c0,2,0.0,7.971385103330592e+19,440949246.0,0.0,6532827498605.0,1,0x279af5e2d9702d65cfb6f62b4b4a43c59ba9c055857a324a5dcb97341100dd0c,96020757.0,0.0,0.0,1.671367822690547e+19,0.63798786,-11.145174792301567,-3718.5621899352373,0.9824503667052,2319.0318365132853,-6037.5940264485225
120,WETH_WBTC,18960979,1704700847,0x6b75d8af000000e20b7a7ddf000ba900b4009a80,0x123d0307e1200570f4b3c0e6ae36e7880f28e637dfe7c8262fc4c303a3c0b700,0x6b75d8af000000e20b7a7ddf000ba900b4009a80,0x6b75d8af000000e20b7a7ddf000ba900b4009a80,89,0,12703703.0,0.0,0.0,2.5007487754300293e+18,41222753333.0,0xfd74bd62d21b70d98dc1d55ac6f078ba39748f90f11bc9d5f32206db211b65a9,0x6b75d8af000000e20b7a7ddf000ba900b4009a80,0x6b75d8af000000e20b7a7ddf000ba900b4009a80,94,0.0,2.4916632230869074e+18,12703777.0,0.0,150661907997.0,1,0x133bfcf3ac88689f360eaadf1d693c82344fb07124b17e9fcee8321e65a5272a,50000000.0,0.0,0.0,9.783244952216588e+18,7.4e-07,0.00908555234312192,21.65800387851472,0.0287826991995,68.52804607490962,-46.870042196394905
121,WETH_WBTC,18972069,1704835547,0x6b75d8af000000e20b7a7ddf000ba900b4009a80,0x6c88b7a1981300fd045e6f2222e54025eb2b8bd3b73281019ee1c74f1957277e,0x6b75d8af000000e20b7a7ddf000ba900b4009a80,0x6b75d8af000000e20b7a7ddf000ba900b4009a80,2,0,20511742.0,0.0,0.0,4.129873834088071e+18,65388898951.0,0xd3de2cd83322bf0bad62a91b925f75542a607b3796c2be3a89d71294ac6d8458,0x6b75d8af000000e20b7a7ddf000ba900b4009a80,0x6b75d8af000000e20b7a7ddf000ba900b4009a80,6,0.0,4.1192325071513846e+18,20511740.0,0.0,512066695589.0,1,0x7393fbe22fdff56ae493396c8519be179db2ad19e48428822c6a853f4ba5279c,43955989.0,0.0,0.0,8.794646255400969e+18,-2e-08,0.010641326936686592,25.334968730600522,0.086618339181,206.2275500009683,-180.89258127036777
122,WETH_WBTC,19116746,1706586623,0x6b75d8af000000e20b7a7ddf000ba900b4009a80,0xae79df658171c94af3f0353a3a7a17181237754107a1c0aaaa45036f4cfa01c2,0x6b75d8af000000e20b7a7ddf000ba900b4009a80,0x6b75d8af000000e20b7a7ddf000ba900b4009a80,0,0,27829132.0,0.0,0.0,5.183028891995865e+18,12535831370.0,0x979011bb16fc50dfa0ecf02605cecd2ffba4bb7087b10351db51453e93ead14b,0x6b75d8af000000e20b7a7ddf000ba900b4009a80,0x6b75d8af000000e20b7a7ddf000ba900b4009a80,3,0.0,5.022985671673905e+18,27836001.0,0.0,3155858272231.0,1,0x624939b462916cd77896823290841665f42c57cb98fad43609f1047f139a5668,200583506.0,0.0,0.0,3.6566780132603662e+19,6.869e-05,0.16004322032195994,376.25508029943524,0.47525911554015,1110.1675856763354,-733.9125053769002
123,WETH_WBTC,19238442,1708061951,0x429cf888dae41d589d57f6dc685707bec755fe63,0x3cd58a6a017196e076ff6534fa5923284fa43117287a370760ca3d9193c68d56,0x429cf888dae41d589d57f6dc685707bec755fe63,0x429cf888dae41d589d57f6dc685707bec755fe63,0,1,0.0,3.07216376364689e+19,164747334.0,0.0,18157188701.0,0x8e6069c3e64f6fc3719a94bcba3b2106980a32c263f38fb25a1d386a0460cb59,0x429cf888dae41d589d57f6dc685707bec755fe63,0x429cf888dae41d589d57f6dc685707bec755fe63,5,164747333.0,0.0,0.0,3.082551986872333e+19,723989394708.0,1,0xd2bdc408ac4eaa2da3815aa9241d2ba329569a7226d763862581869e330d22dc,0.0,9.309809637005e+18,48921063.0,0.0,1e-08,0.10388223225443123,283.6712385021409,0.11132198751135,303.98654116846154,-20.315302666320633
124,WETH_WBTC,19344718,1709349095,0x6b75d8af000000e20b7a7ddf000ba900b4009a80,0x20aaf0abb421e9f5dbee850f9fc868ef5dec833e5100b64aaf0bc4989e2cda24,0x6b75d8af000000e20b7a7ddf000ba900b4009a80,0x6b75d8af000000e20b7a7ddf000ba900b4009a80,0,0,26977152.0,0.0,0.0,4.855034906767524e+18,44981372615.0,0x8cf3673bc40008aeb06ae1030e4e182da27c3cc4482ed8c7aa4e8ac9526f9156,0x6b75d8af000000e20b7a7ddf000ba900b4009a80,0x6b75d8af000000e20b7a7ddf000ba900b4009a80,7,0.0,4.799355509087928e+18,26979261.0,0.0,372377835499.0,1,0x238b996cf397a4d2df6da72ca5b6af8f7f858c6b2f01542eaa4d0410aa8932d1,94552080.0,0.0,0.0,1.6824921470754943e+19,2.109e-05,0.05567939767959552,191.1806394227158,0.0626038812171,213.74212395399846,-22.561484531282645
125,WETH_WBTC,19366018,1709606159,0x6b75d8af000000e20b7a7ddf000ba900b4009a80,0x1b20df44218d1db7e1764fdebbec3238ea01b463126b626da4fa99fa89e8c84d,0x6b75d8af000000e20b7a7ddf000ba900b4009a80,0x6b75d8af000000e20b7a7ddf000ba900b4009a80,0,1,0.0,5.016866938427958e+19,260031206.0,0.0,83347835813.0,0x0d22dab188e35734563d77016af6ec6899463d97f07642c461d71d145e92c689,0x6b75d8af000000e20b7a7ddf000ba900b4009a80,0x6b75d8af000000e20b7a7ddf000ba900b4009a80,4,260031205.0,0.0,0.0,5.018363483704525e+19,528005641371.0,1,0x7041aea8d233d6d16b1fad6548be0db473089787fc4c1d02deccb3748b03e22d,0.0,6.297340066167723e+18,31727893.0,0.0,1e-08,0.014965452765667329,52.9387787756787,0.0917030215776,324.3869323790236,-271.4481536033449
126,WETH_WBTC,19381363,1709791223,0x429cf888dae41d589d57f6dc685707bec755fe63,0xb860527a6ff43558089c37fb58018e3b296b9dad0b45b642b2c951b9f1d0eb05,0x429cf888dae41d589d57f6dc685707bec755fe63,0x429cf888dae41d589d57f6dc685707bec755fe63,1,1,0.0,4.742879631651111e+18,27014524.0,0.0,54452265631.0,0xfebf84d2fdf5757f2b607b883a3ce711b21e7425e201ae8661844bcd9894f4bf,0x429cf888dae41d589d57f6dc685707bec755fe63,0x429cf888dae41d589d57f6dc685707bec755fe63,4,27014523.0,0.0,0.0,4.749408809108111e+18,77415304116.0,1,0xe883a691388589a6832a921c1d6dd8886538ef6c3a80bea4d595ca5a7fb4f55a,0.0,7.032667698242094e+18,39809783.0,0.0,1e-08,0.006529177457000448,25.63916080539273,0.01978013546205,77.6720232219648,-52.03286241657207
127,WETH_WBTC,19391729,1709916383,0x6b75d8af000000e20b7a7ddf000ba900b4009a80,0x3f41e454cac5c18f439dbd7ed1acde64b72ffe7551cb56dbfcc61e95c20e1ee3,0x6b75d8af000000e20b7a7ddf000ba900b4009a80,0x6b75d8af000000e20b7a7ddf000ba900b4009a80,0,1,0.0,3.17568138084352e+18,18174135.0,0.0,78436942185.0,0xbb84a168c3dd8c1d8f2fa5148528fefd50fb057f28e220493a327c2ac0c78342,0x6b75d8af000000e20b7a7ddf000ba900b4009a80,0x6b75d8af000000e20b7a7ddf000ba900b4009a80,2,18174134.0,0.0,0.0,3.2153739266998927e+18,830433504844.0,1,0xfd42225af7676f7837d733b859d04f9d7dcb7e4a3e8fdb6fc8faff6c7e6b1628,0.0,1.757284012939148e+19,99479353.0,0.0,1e-08,0.03969254585637274,155.8640485659772,0.13633056705435,535.338647726918,-379.4745991609408
128,WETH_WBTC,19401339,1710033119,0x6b75d8af000000e20b7a7ddf000ba900b4009a80,0xdd466f5167ca15f3921d73e1eadf435485ea62f12770e3be1e7925deea866078,0x6b75d8af000000e20b7a7ddf000ba900b4009a80,0x6b75d8af000000e20b7a7ddf000ba900b4009a80,0,0,29804116.0,0.0,0.0,5.187152779923161e+18,59077748603.0,0x3cab43cdeeed74bf5cc726f4a17bed84b8bec9e27280b2aa58e14143052a9467,0x6b75d8af000000e20b7a7ddf000ba900b4009a80,0x6b75d8af000000e20b7a7ddf000ba900b4009a80,5,0.0,5.032736087018045e+18,29810816.0,0.0,2431823076977.0,1,0xec0ef6a2bc1d2d491100a28f87f0058c74078f708561a6e516a09fd2c567f4a5,200000000.0,0.0,0.0,3.40876315738194e+19,6.7e-05,0.15441669290511564,626.6779515084592,0.373635123837,1506.5393359260836,-879.8613844176244
129,WETH_WBTC,19543615,1711763351,0x00000000003b3cc22af3ae1eac0440bcee416b40,0xcce7466d8df7daea12486ed6a3381335b401ab3f0911bdfe4a0a5fa205029361,0x00000000003b3cc22af3ae1eac0440bcee416b40,0x00000000003b3cc22af3ae1eac0440bcee416b40,0,1,0.0,1.3683775417192808e+19,68112433.0,0.0,17468226060.0,0xc14ffe74d7123d7b1f617c2ab247d620ce1faafb36ae1d25dfaeb6cdab42e35e,0x00000000003b3cc22af3ae1eac0440bcee416b40,0x00000000003b3cc22af3ae1eac0440bcee416b40,2,68112433.0,0.0,0.0,1.3906673817444415e+19,17468226060.0,1,0x27443ce8622b65576e7c4ab029592dcb89d46f85aefe1e557c3694223be324be,0.0,2.2423802705484456e+19,109633410.0,0.0,0.0,0.22289840025160704,789.6418482377296,0.005240467818,18.564927737322456,771.0769205004071
130,WETH_WBTC,19561166,1711976771,0x1111111254eeb25477b68fb85ed929f73a960582,0x16a1c7fec75d1d24c68c526acf993cd2134f9e6d4dd93c2e327eb7d06058b933,0x1111111254eeb25477b68fb85ed929f73a960582,0x817c0e59b67525bef88dac8d559a1bb85db920e1,10,0,180101699.0,0.0,0.0,3.4616410010853167e+19,20322937902.0,0x57bef9eff82705c124881f4322d57180ba1369fb9e996a1b4218e576c1dc7fdf,0x1111111254eeb25477b68fb85ed929f73a960582,0xdd9fecb78f920f08c50e2617ee5d76773b0d7c3b,17,0.0,5.860866424487415e+19,306944177.0,0.0,41273123632.0,1,0x75b4de9fa6928c41ecdc217f33b9d952975747087ed6f199e4bdf55162f5bc88,128644071.0,0.0,0.0,2.399225423402098e+19,1.26842478,-23.992254234020983,-16443.17931392076,0.0092394092301,30.593809193914122,-16473.77312311467
131,WETH_WBTC,19610895,1712578643,0x6b75d8af000000e20b7a7ddf000ba900b4009a80,0x604482af044813fe432536381eb4be30448d8d54f91ca7d0f14d112fa59fb24a,0x6b75d8af000000e20b7a7ddf000ba900b4009a80,0x6b75d8af000000e20b7a7ddf000ba900b4009a80,0,0,251703612.0,0.0,0.0,4.876766836558922e+19,21815840294.0,0x5ea7f7932c186ae8842a5d4fda193abae0e392a0e6aa7adbe8ea5c22a75cf54a,0x6b75d8af000000e20b7a7ddf000ba900b4009a80,0x6b75d8af000000e20b7a7ddf000ba900b4009a80,3,0.0,4.867839591985866e+19,251710453.0,0.0,739738805381.0,1,0xf7870dd490e6155de8a6e9a2afec01effb1d54ef23ed80d3ced569f5e1d48270,40000000.0,0.0,0.0,7.53058831452961e+18,6.841e-05,0.08927244573055386,318.6004915947102,0.11423319685125,403.0489331400405,-84.4484415453303
132,WETH_WBTC,19655144,1713114263,0x6b75d8af000000e20b7a7ddf000ba900b4009a80,0x3ab9eeca19706a8fca436335b3274c330d91127257d5643faea90fc887ce929e,0x6b75d8af000000e20b7a7ddf000ba900b4009a80,0x6b75d8af000000e20b7a7ddf000ba900b4009a80,0,1,0.0,5.366253892952654e+18,25509201.0,0.0,9695081825.0,0x1e3b065720fc6a81195061ba73d5d664e336035c13e20b9eb3b92ebf7fc1b198,0x6b75d8af000000e20b7a7ddf000ba900b4009a80,0x6b75d8af000000e20b7a7ddf000ba900b4009a80,2,25509200.0,0.0,0.0,5.40141360763424e+18,353530656195.0,1,0x33126a8d743f3c73528898840e0c882aaf01b5542c2d59867684054381d9708b,0.0,1.2893640240549771e+19,60749406.0,0.0,1e-08,0.035159714681585665,108.91790490908103,0.054483860703,168.77960176669666,-59.86169685761563
133,WETH_WBTC,19655205,1713114995,0x6b75d8af000000e20b7a7ddf000ba900b4009a80,0x6be578fdee18d3589c47a69c00d7a561cf9b7213b509a8e3c2b468b415c7a566,0x6b75d8af000000e20b7a7ddf000ba900b4009a80,0x6b75d8af000000e20b7a7ddf000ba900b4009a80,3,1,0.0,5.132084099380412e+18,24351175.0,0.0,15742622176.0,0x2932bc7bc6aaa47c935e1e45a9dfae8efd22c7c6d404db3f5751226a3570f5bd,0x6b75d8af000000e20b7a7ddf000ba900b4009a80,0x6b75d8af000000e20b7a7ddf000ba900b4009a80,5,24351174.0,0.0,0.0,5.189891052059754e+18,839236499031.0,1,0x48be35bc742d71f4f8bc5f14c674a57c4f4519b25e3dc36d8ce333cd78dc53fd,0.0,1.7737888064168747e+19,83234970.0,0.0,1e-08,0.05780695267934208,179.07431014646644,0.12824686818105,397.28196680878403,-218.2076566623176
134,WETH_WBTC,19656385,1713129239,0x6b75d8af000000e20b7a7ddf000ba900b4009a80,0xa20279d7902d0b530b7235a4fa77b39276b3e2eb5149d36cdaa31ddafebc34ed,0x6b75d8af000000e20b7a7ddf000ba900b4009a80,0x6b75d8af000000e20b7a7ddf000ba900b4009a80,8,1,0.0,5.106406073082839e+18,24355913.0,0.0,9810482854.0,0x2a57e254895005fa5d8d5329bfe8d36f7ad316745621e0142b589be00720050c,0x6b75d8af000000e20b7a7ddf000ba900b4009a80,0x6b75d8af000000e20b7a7ddf000ba900b4009a80,10,24355912.0,0.0,0.0,5.113259698425954e+18,198506787184.0,1,0x7b1a31de5827e44faf668801e9b6da81a1c09605718e24382bd01420819569f9,0.0,7.529069882065512e+18,35690390.0,0.0,1e-08,0.006853625343115264,21.231562119196596,0.0312475905057,96.79849800787818,-75.56693588868158
135,WETH_WBTC,19657538,1713143291,0x6b75d8af000000e20b7a7ddf000ba900b4009a80,0x3ea2a415a6b1259b947ce05c5c9c43669ab09f626b2707de7c6ee6d99ae650f0,0x6b75d8af000000e20b7a7ddf000ba900b4009a80,0x6b75d8af000000e20b7a7ddf000ba900b4009a80,1,1,0.0,5.131542796548702e+18,24292342.0,0.0,8218821285.0,0x7f39dd48808fe0b19f55e832e774633789ff86640e123dfa2f81d382d230dc5b,0x6b75d8af000000e20b7a7ddf000ba900b4009a80,0x6b75d8af000000e20b7a7ddf000ba900b4009a80,7,24292341.0,0.0,0.0,5.161298003557876e+18,137080754868.0,1,0x5a7e03910837cf5a920b5818d63989379e3e0c7e57560cc2794dfe419ec29eab,0.0,1.2146264421450682e+19,57019034.0,0.0,1e-08,0.029755207009173505,92.17587082916947,0.02179493642295,67.51615327056705,24.659717558602424
136,WETH_WBTC,19687641,1713507335,0x429cf888dae41d589d57f6dc685707bec755fe63,0x363fb3d5c3e0764ae0aebff8bb24befb75da781a3f647baab825536d0641587c,0x429cf888dae41d589d57f6dc685707bec755fe63,0x429cf888dae41d589d57f6dc685707bec755fe63,0,0,24608385.0,0.0,0.0,5.075574286333247e+18,7764273335.0,0xf19cc7b3a710661360ac7bfdbdac25a597a46e7317357508ec5376fa26336db8,0x429cf888dae41d589d57f6dc685707bec755fe63,0x429cf888dae41d589d57f6dc685707bec755fe63,2,0.0,5.072883523682042e+18,24608385.0,0.0,25395485795.0,1,0x0fa0c09db16d4f295c1c18a3c006440f2c968913acee206c7111b6be82fbdb00,32200000.0,0.0,0.0,6.603181733025479e+18,0.0,0.002690762651205632,8.506995113243875,0.0049739638695,15.725462189067093,-7.218467075823218
137,WETH_WBTC,19733798,1714065215,0x6b75d8af000000e20b7a7ddf000ba900b4009a80,0x4721d36fde8548482599ff39559c0a99f7c1a551ba54b34d40617980dfa29766,0x6b75d8af000000e20b7a7ddf000ba900b4009a80,0x6b75d8af000000e20b7a7ddf000ba900b4009a80,72,0,32539603.0,0.0,0.0,6.607934904976015e+18,22799090505.0,0xe1f3b5f821439835b7a661a0fdf302879b9e7bfd1c911359ba442477de06bce3,0x6b75d8af000000e20b7a7ddf000ba900b4009a80,0x6b75d8af000000e20b7a7ddf000ba900b4009a80,74,0.0,6.581543808410845e+18,32541354.0,0.0,334749766475.0,1,0x26b5a397807da431eff6d455e6c2d7acdc833c431532a72f52546b998cf780c0,50000000.0,0.0,0.0,1.006970483236133e+19,1.751e-05,0.026391096565170177,85.77719550437753,0.053632328547,172.5997776666282,-86.82258216225067
138,WETH_WBTC,19741490,1714158299,0x6b75d8af000000e20b7a7ddf000ba900b4009a80,0x4ec14f420b8cb5c95efeadb5220e427ca0fce744a5f56efe67638e0eb6f89f1f,0x6b75d8af000000e20b7a7ddf000ba900b4009a80,0x6b75d8af000000e20b7a7ddf000ba900b4009a80,0,0,17919873.0,0.0,0.0,3.6326290462752113e+18,6055356571.0,0xa445c217e1c59e3357174e8fa76a5148ebed102fbbfcd991a3a005127e6275ce,0x6b75d8af000000e20b7a7ddf000ba900b4009a80,0x6b75d8af000000e20b7a7ddf000ba900b4009a80,4,0.0,3.618172474119684e+18,17920923.0,0.0,930851087243.0,1,0x03b6cd0debeab958af1f35528edfe2689b3aab7b003ca2a036cc92786e580e0f,50000000.0,0.0,0.0,1.006681698605292e+19,1.05e-05,0.014456572155527168,47.031066395664524,0.1405359665721,452.273418694702,-405.24235229903746
139,WETH_WBTC,19774268,1714554275,0x6b75d8af000000e20b7a7ddf000ba900b4009a80,0x60ddf4007645d2f6ec5174b726c7c4bb011b34af0afd65fc9bf1ee82a3b88d47,0x6b75d8af000000e20b7a7ddf000ba900b4009a80,0x6b75d8af000000e20b7a7ddf000ba900b4009a80,2,0,161019488.0,0.0,0.0,3.1557408680952463e+19,17151851722.0,0xb60b7e37af1413df0fe7a5e352e157a5499169a91e2fed5956f928886a372647,0x6b75d8af000000e20b7a7ddf000ba900b4009a80,0x6b75d8af000000e20b7a7ddf000ba900b4009a80,4,0.0,3.1261004037143654e+19,161043101.0,0.0,3808139616848.0,1,0x05f6cf0d68e42f643450d73d2c5c7259a89dc7c15da831bc9e2895cfd3e16406,78984327.0,0.0,0.0,1.5117110903463596e+19,0.00023613,0.296404643808809,857.7233893395274,0.5737937202855,1640.8130804069892,-783.0896910674618
140,WETH_WBTC,19926383,1716392543,0xe8c060f8052e07423f71d445277c61ac5138a2e5,0x666cbdd714e071ee05c44fa9e9706187c9bb6b55752c264ea37608aa763d752c,0xe8c060f8052e07423f71d445277c61ac5138a2e5,0xe8c060f8052e07423f71d445277c61ac5138a2e5,0,1,0.0,1.517171125572023e+19,80020606.0,0.0,19149279663.0,0xaa03c0280920281dabf8ebbd929e9942444494c4852394d9441f60844644f558,0xe8c060f8052e07423f71d445277c61ac5138a2e5,0xe8c060f8052e07423f71d445277c61ac5138a2e5,2,80020606.0,0.0,0.0,1.525773843275186e+19,19149279663.0,1,0xc93aa8908cbfbda2d19c8eedb782d43ee3f800ca47f68c486304f343c44e275c,0.0,1.1371051578487544e+19,59160570.0,0.0,0.0,0.0860271770316288,322.2048287359382,0.0057447838989,21.516422787993047,300.6884059479451
141,WETH_WBTC,19956886,1716760715,0x6b75d8af000000e20b7a7ddf000ba900b4009a80,0xbb7fafaacc8dbd1e5c81551df247ebc9d571ecd78f357e76cfe0e534af0f9a07,0x6b75d8af000000e20b7a7ddf000ba900b4009a80,0x6b75d8af000000e20b7a7ddf000ba900b4009a80,0,1,0.0,4.70977903419877e+18,26224669.0,0.0,6466169074.0,0x0d15dc704af53bfb159c8a0659127f5c50395054b913328e0ae890a9f863f594,0x6b75d8af000000e20b7a7ddf000ba900b4009a80,0x6b75d8af000000e20b7a7ddf000ba900b4009a80,5,26224668.0,0.0,0.0,4.714280598011642e+18,157706877393.0,1,0x75402fdb913ee9474ca2ed264ca6a9800b608ac7f541ea1939dc4c25209a67b0,0.0,6.578931201872804e+18,36414103.0,0.0,1e-08,0.004501563812872192,17.421998012757708,0.02462595697005,95.30445319906624,-77.88245518630853
142,WETH_WBTC,19956895,1716760823,0x6b75d8af000000e20b7a7ddf000ba900b4009a80,0xc2e51baff0a6e821c08b3428928793690eb9e8a829f1c108a085defc05c754ad,0x6b75d8af000000e20b7a7ddf000ba900b4009a80,0x6b75d8af000000e20b7a7ddf000ba900b4009a80,2,1,0.0,5.044335365691802e+18,28074700.0,0.0,5232674668.0,0xffe31b9756007789fae4494e8e16888dad1488c9da554c4c6e4269cd0105a5b8,0x6b75d8af000000e20b7a7ddf000ba900b4009a80,0x6b75d8af000000e20b7a7ddf000ba900b4009a80,8,28074699.0,0.0,0.0,5.048783659025302e+18,211559577144.0,1,0x2003d18afc837b2785d94ed2062d1e14ad9a69db336f5f4694a679ae2db057fa,0.0,6.510635329034113e+18,36014599.0,0.0,1e-08,0.004448293333499904,17.215836931813623,0.0325188377718,125.85054283493488,-108.63470590312126
143,WETH_WBTC,19961324,1716814259,0x6b75d8af000000e20b7a7ddf000ba900b4009a80,0x48b2d4f19d09809e1a4d2daa0a5e1536194c770210238c2a21f258dce6eadd28,0x6b75d8af000000e20b7a7ddf000ba900b4009a80,0x6b75d8af000000e20b7a7ddf000ba900b4009a80,1,1,0.0,4.936444241028055e+18,27947396.0,0.0,14133163970.0,0x7b825315e9deac9c3226cb991c6329449acfb9c4a91e1e75edecf02e78813f0d,0x6b75d8af000000e20b7a7ddf000ba900b4009a80,0x6b75d8af000000e20b7a7ddf000ba900b4009a80,6,27947395.0,0.0,0.0,4.999705948202205e+18,482885303208.0,1,0xa9a7719ce4ba3c4740ee97053a18611828cc54bf69ebbb6965d37435b6a2e108,0.0,1.7637350902470853e+19,98661200.0,0.0,1e-08,0.06326170717415014,244.82852437663314,0.0745527700767,288.52527417622525,-43.69674979959211
144,WETH_WBTC,19968568,1716901751,0x6b75d8af000000e20b7a7ddf000ba900b4009a80,0x8c3254a4970444e13f32482e1e1b21e59656c37c5c7d9038df72be5c2a7cd78d,0x6b75d8af000000e20b7a7ddf000ba900b4009a80,0x6b75d8af000000e20b7a7ddf000ba900b4009a80,1,1,0.0,3.697301079914971e+18,20917687.0,0.0,17429888465.0,0x5225c51daee82295b5fd5c934871b5b4e0bf8e2135968018ea4e8df44ee3e43e,0x6b75d8af000000e20b7a7ddf000ba900b4009a80,0x6b75d8af000000e20b7a7ddf000ba900b4009a80,5,20917686.0,0.0,0.0,3.7513557387111306e+18,749608188507.0,1,0xfbac1e99a5e9fa9bd22a1c856f997222ac38ecce2117ccde73157a93b73b4b81,0.0,1.9321971723838358e+19,107986357.0,0.0,1e-08,0.05405465879615949,209.19649950511536,0.1150557115458,445.2749466604667,-236.07844715535134
145,WETH_WBTC,19972448,1716948611,0x6b75d8af000000e20b7a7ddf000ba900b4009a80,0xa2f598cce885d2035f6d064e21f8df49e86dfeaa6df0d486c9d3bae8ce5331a4,0x6b75d8af000000e20b7a7ddf000ba900b4009a80,0x6b75d8af000000e20b7a7ddf000ba900b4009a80,0,0,46809856.0,0.0,0.0,8.275097363211616e+18,7819453429.0,0x7d6331665cc93673e8e5c549e4116a621fdaf9c0b32314a824d28945918e0808,0x6b75d8af000000e20b7a7ddf000ba900b4009a80,0x6b75d8af000000e20b7a7ddf000ba900b4009a80,5,0.0,8.19072634704416e+18,46817352.0,0.0,767919652348.0,1,0xafc6c797aa9f1361e953e9ba96d3de50d7c327c6be5354af9d6eeda194ac3f17,87234036.0,0.0,0.0,1.5228111858960855e+19,7.496e-05,0.08437101616745676,330.8742031335374,0.11636086586655,450.3259998654551,-119.45179673191774
146,WETH_WBTC,20121883,1718752871,0x6b75d8af000000e20b7a7ddf000ba900b4009a80,0x53d2394b49686f63a018ac99e3e23cb83ceec86900f7352bdcb5859deeed48b3,0x6b75d8af000000e20b7a7ddf000ba900b4009a80,0x6b75d8af000000e20b7a7ddf000ba900b4009a80,0,1,0.0,4.819331027463832e+18,25575220.0,0.0,4208226003.0,0x506be2b70116a65e62fa3c4f6541b4a0f8ab8bbadd4b985196cbcfdaa849d719,0x6b75d8af000000e20b7a7ddf000ba900b4009a80,0x6b75d8af000000e20b7a7ddf000ba900b4009a80,5,25575219.0,0.0,0.0,4.883873012849312e+18,447612519247.0,1,0x0d62bfe5f6fd1d5505fd424157c771c24d025789d077fdf3b15ab79ff3c1a551,0.0,1.9120823844935115e+19,100250000.0,0.0,1e-08,0.06454198538548019,229.38341278233932,0.0677731117875,240.86633613602248,-11.482923353683162
147,WETH_WBTC,20295995,1720854539,0x6b75d8af000000e20b7a7ddf000ba900b4009a80,0xfff8c9da25cf2f0e51f2e40bc16a529d84a2a325708808898b64b0a0db422fbe,0x6b75d8af000000e20b7a7ddf000ba900b4009a80,0x6b75d8af000000e20b7a7ddf000ba900b4009a80,1,1,0.0,5.486788796148089e+18,29424266.0,0.0,1634878837.0,0x7c8208cab9fd4279c1e06a80b8a106e244f9a78ecd607374688ff1b04f0d7e17,0x6b75d8af000000e20b7a7ddf000ba900b4009a80,0x6b75d8af000000e20b7a7ddf000ba900b4009a80,4,29424265.0,0.0,0.0,5.538260921173934e+18,5128797326197.0,1,0xffbfdf1f00738aee75933d163a6226a29b9d39b52390d1c1edb619c697c6865f,0.0,1.5074834412846512e+19,80000000.0,0.0,1e-08,0.05147212502584525,162.28496547730296,0.7695648307551001,2426.331494555637,-2264.046529078334
148,WETH_WBTC,20341323,1721401067,0x6b75d8af000000e20b7a7ddf000ba900b4009a80,0xdbe3476aa7a151941c4f104ec7e9b3599d9babdfa2cbc8bafba97023bf8d3169,0x6b75d8af000000e20b7a7ddf000ba900b4009a80,0x6b75d8af000000e20b7a7ddf000ba900b4009a80,0,0,26269527.0,0.0,0.0,4.941971908145971e+18,13239943564.0,0xfabc187ddfa01ba68c6b8d64be2124f78a19921681df65cfc380cbad7a398d37,0x6b75d8af000000e20b7a7ddf000ba900b4009a80,0x6b75d8af000000e20b7a7ddf000ba900b4009a80,3,0.0,4.924547741222175e+18,26270158.0,0.0,167420090316.0,1,0xeaf35235be31e0ca7058792d0d3403470476f5bd3f2ed1bf612aafabab4605ef,50000000.0,0.0,0.0,9.337942512979368e+18,6.31e-06,0.01742416692379648,61.10755864582195,0.027099005082,94.52430774833866,-33.416749102516704
149,WETH_WBTC,20341338,1721401247,0x6b75d8af000000e20b7a7ddf000ba900b4009a80,0x4ae725e0e489aa32be99f9de71256d941f6209eadc929089a1502ceb51cb5d74,0x6b75d8af000000e20b7a7ddf000ba900b4009a80,0x6b75d8af000000e20b7a7ddf000ba900b4009a80,0,0,26282200.0,0.0,0.0,4.938863279788261e+18,11922867439.0,0x9d2075c2177143c5ed7510a7e862b38e9b3567791139077c696c5ec4cae20284,0x6b75d8af000000e20b7a7ddf000ba900b4009a80,0x6b75d8af000000e20b7a7ddf000ba900b4009a80,3,0.0,4.921599190590554e+18,26283482.0,0.0,270042047562.0,1,0x37a12118b7789b7bf3b4e750cc26be13677dcf01d93ba60ec7e235d32d815309,50000000.0,0.0,0.0,9.327596689981805e+18,1.282e-05,0.017264089197707264,60.88980387678042,0.04229473725015,147.5286914730245,-86.63888759624409
150,WETH_WBTC,20486229,1723148531,0x1f2f10d1c40777ae1da742455c65828ff36df387,0xf1715ac38df2b1baec76410790c9c473e12ee54732f2b6f1a59fb5fe845f8c07,0x1f2f10d1c40777ae1da742455c65828ff36df387,0x1f2f10d1c40777ae1da742455c65828ff36df387,0,1,0.0,1.2477116200683307e+19,53285998.0,0.0,4491655278.0,0xd7a056a097245d443e17b0ea4375f05f2286fb90c784dea99c84abc60ce46070,0x1f2f10d1c40777ae1da742455c65828ff36df387,0x1f2f10d1c40777ae1da742455c65828ff36df387,2,53285997.0,0.0,0.0,1.248540719696157e+19,192843994219.0,1,0x0d0b2a7be5d4ff4e62240ab17e36778ef80aa632afbe1310770a1f089f1cab5e,0.0,7.126080052469704e+18,30154997.0,0.0,1e-08,0.008290996278263808,21.807896079714673,0.02960034742455,77.85670146121345,-56.048805381498774
151,WETH_WBTC,20541364,1723813367,0x1f2f10d1c40777ae1da742455c65828ff36df387,0xba6ec9d73f1ced85617a055ee840a9ec634f5a38fe14d2d8b8c732ff92b5f3ef,0x1f2f10d1c40777ae1da742455c65828ff36df387,0x1f2f10d1c40777ae1da742455c65828ff36df387,0,1,0.0,7.176064652728179e+19,308419226.0,0.0,3951178521.0,0xdf5bf5228f5aed2e95b00ad26110ad139dd9df496e2051535de34f5526dad0bf,0x1f2f10d1c40777ae1da742455c65828ff36df387,0x1f2f10d1c40777ae1da742455c65828ff36df387,4,308419225.0,0.0,0.0,7.1833680693803614e+19,300010246354.0,1,0xa2964481581598d1b0cb408a29cee7b49b29211b1244b2e6dd424b39bf1db975,0.0,7.514015924910896e+18,31112418.0,0.0,1e-08,0.07303416652182323,189.77345439099872,0.04559421373125,118.47268314526313,71.30077124573559
152,WETH_WBTC,20842967,1727452235,0x1f2f10d1c40777ae1da742455c65828ff36df387,0x001466e1de72d0c430616c947be616525d3561f81d055d2e5591bc59d10f4e9c,0x1f2f10d1c40777ae1da742455c65828ff36df387,0x1f2f10d1c40777ae1da742455c65828ff36df387,0,1,0.0,5.468281383895958e+18,22144870.0,0.0,18195810764.0,0xd47a7c2160b389d66cc6b1bdb55e927fdfe1436e07a94926bf83ddfa57ec241e,0x1f2f10d1c40777ae1da742455c65828ff36df387,0x1f2f10d1c40777ae1da742455c65828ff36df387,2,22144869.0,0.0,0.0,5.483361619662602e+18,274482337530.0,1,0x1bd85eddd7a4ed54daeecd63c106a1bbe233201a07e2bd492ea8b331c49a430e,0.0,9.615370426695498e+18,38672489.0,0.0,1e-08,0.015080235766644736,40.09001459521237,0.0439017222441,116.7092614708701,-76.61924687565774
153,WETH_WBTC,20850026,1727537255,0x1f2f10d1c40777ae1da742455c65828ff36df387,0x98a7005bbca52dfce55ca53edaa8cc62aebec69ec4542281461704dfd4218f6b,0x1f2f10d1c40777ae1da742455c65828ff36df387,0x1f2f10d1c40777ae1da742455c65828ff36df387,96,0,22580013.0,0.0,0.0,5.510023454256005e+18,7901113881.0,0x5ca723600b6831e62fb5624b986c03c195be68545a19ad8b36e07244a422749d,0x1f2f10d1c40777ae1da742455c65828ff36df387,0x1f2f10d1c40777ae1da742455c65828ff36df387,98,0.0,5.481987544130257e+18,22581750.0,0.0,331255824353.0,1,0xb50720bf19cb6af1adb796f099cf480a67e1b81b4244114db487cc93ac3945e0,50000000.0,0.0,0.0,1.210249433915e+19,1.737e-05,0.028035910125748225,69.33197135070571,0.0508735407351,124.65032209259942,-55.31835074189371
154,WETH_WBTC,20850039,1727537411,0x1f2f10d1c40777ae1da742455c65828ff36df387,0x413f89e102936538920af0c1eaa5810fb06741da6b3df27d69dbb172bcfddf16,0x1f2f10d1c40777ae1da742455c65828ff36df387,0x1f2f10d1c40777ae1da742455c65828ff36df387,0,0,22624582.0,0.0,0.0,5.496951560648786e+18,7524937133.0,0x107af51cf54678b5056508747d0d99a2e84a5a2c80e1a72763b2e48eee0fd87e,0x1f2f10d1c40777ae1da742455c65828ff36df387,0xe6ff8b9a37b0fab776134636d9981aa778c4e718,2,0.0,1.7519362945472004e+19,72079397.0,0.0,647235654420.0,1,0x295ad41eea5d2c7d0112cc7d6cd5d2f09908bccdadb46d8bfef73f583a865f1e,50000000.0,0.0,0.0,1.205015118712215e+19,0.49454815,-12.022411384823219,-11281.181736874696,0.09821408873295,240.64410728437366,-11521.82584415907
155,WETH_WBTC,20850048,1727537519,0x1f2f10d1c40777ae1da742455c65828ff36df387,0xaec791393c5a9c61a3b174642bb957b9af562e75508675330b7afffe63b28d26,0x1f2f10d1c40777ae1da742455c65828ff36df387,0x1f2f10d1c40777ae1da742455c65828ff36df387,0,0,22608266.0,0.0,0.0,5.499673107192873e+18,7135531965.0,0x84506508fafc6351649cbabcd9b7a211dac541ad19511bf3248544b092d636c9,0x1f2f10d1c40777ae1da742455c65828ff36df387,0x1f2f10d1c40777ae1da742455c65828ff36df387,2,0.0,5.471788676268687e+18,22610007.0,0.0,570724237427.0,1,0x21de395b8507f4b1512e53a517c36852250592d9403c549073e2527e10c676da,50000000.0,0.0,0.0,1.2064783627116378e+19,1.741e-05,0.0278844309241856,68.96228721234812,0.0866789654088,212.3807543319988,-143.41846711965067
156,WETH_WBTC,20945072,1728682283,0x1f2f10d1c40777ae1da742455c65828ff36df387,0x6b00e301c19e064c48fc8283e7696212dd744db28c344b58b2e64de9b2860aa7,0x1f2f10d1c40777ae1da742455c65828ff36df387,0x1f2f10d1c40777ae1da742455c65828ff36df387,1,1,0.0,1.107162754744687e+19,42876475.0,0.0,10689322206.0,0x638a8ab9665c85da5c3f389dd9680ddba7525c2b40db6b657ffd207caebae3ab,0x1f2f10d1c40777ae1da742455c65828ff36df387,0x1f2f10d1c40777ae1da742455c65828ff36df387,3,42876474.0,0.0,0.0,1.108294762954018e+19,132522407257.0,1,0xc19fb65d6233075fe40fee06544b9ef12fb64f00a9b05ea33c74f5db5595f6d9,0.0,7.82901823245683e+18,30062522.0,0.0,1e-08,0.011320082093309952,27.70588126334965,0.02148175941945,52.57587219919807,-24.869990935848424
157,WETH_WBTC,20945089,1728682487,0x1f2f10d1c40777ae1da742455c65828ff36df387,0x57089c47877dbd7b1edce535dd880ed4e36a165077d5a99eaf2607ea048c0099,0x1f2f10d1c40777ae1da742455c65828ff36df387,0x1f2f10d1c40777ae1da742455c65828ff36df387,0,1,0.0,1.1084483616346997e+19,42820239.0,0.0,9108155264.0,0x0147ee561ab1dc41ba8562694ef49327a5898318bb1f2ed3e5eecfd6217e6f20,0x1f2f10d1c40777ae1da742455c65828ff36df387,0x1f2f10d1c40777ae1da742455c65828ff36df387,4,42820238.0,0.0,0.0,1.1091101778698043e+19,83458990830.0,1,0xc202a12262c516cb46327fa748925d6e1b838dbb017181b88ab0b2f959dbeefc,0.0,7.362218546463453e+18,28206255.0,0.0,1e-08,0.006618162351046656,16.19809334741689,0.0138850719141,33.983239090342956,-17.785145742926066
158,WETH_WBTC,20945235,1728684239,0xb2245aaeb6583e4e868ff102ec1cad2ab7a46543,0x0be31cd4ac0e6a4f989116e01bce5d711ab93d764eeeedf31584ef0f1f170617,0xb2245aaeb6583e4e868ff102ec1cad2ab7a46543,0xbadc0de76438f9524d42c219b390636196bfbdfc,0,1,0.0,1.1084414240469346e+19,42778196.0,0.0,15247468905.0,0x353f9b142282bc0911c6aee6f1f74455df503443789dc354802e212d3588b68e,0xb2245aaeb6583e4e868ff102ec1cad2ab7a46543,0xbadc0de76438f9524d42c219b390636196bfbdfc,2,42778153.0,0.0,0.0,1.1100751683315657e+19,15247468905.0,1,0x8e4695b09ca88793cabfb72d0f26b92bc721ce440573e450b80680b551a7d5ea,0.0,8.350047807817832e+18,31945693.0,0.0,4.3e-07,0.0163374428463104,40.001119309947285,0.0045742406715,11.19529775272548,28.805821557221805
159,WETH_WBTC,21439173,1734642743,0x429cf888dae41d589d57f6dc685707bec755fe63,0x191041391dde406a5b1383335401f81ad8452aee22f57e44d06f58a1ff547321,0x429cf888dae41d589d57f6dc685707bec755fe63,0x429cf888dae41d589d57f6dc685707bec755fe63,5,0,8527014.0,0.0,0.0,2.423064203003691e+18,34581849427.0,0x7f9f009c4afeb6d29023cee5597b5687d53edfe3eddceb036ff374d79818e91b,0x429cf888dae41d589d57f6dc685707bec755fe63,0x429cf888dae41d589d57f6dc685707bec755fe63,7,0.0,2.413372755329155e+18,8527014.0,0.0,84036437005.0,1,0x63cb02be26edf3e6e21eee31308bc4c851a92489b1c6059f7dddc719c3336b4e,38902513.0,0.0,0.0,1.0987434160853205e+19,0.0,0.009691447674535936,33.648139993890496,0.0177927429648,61.77536383217055,-28.127223838280052
160,WETH_WBTC,21644900,1737125183,0x1f2f10d1c40777ae1da742455c65828ff36df387,0x88265122df1ce4d645064e9e6bdf0c2be76487c87352ccdcb1a21e71c478e972,0x1f2f10d1c40777ae1da742455c65828ff36df387,0x1f2f10d1c40777ae1da742455c65828ff36df387,1,1,0.0,5.667332617985327e+18,18790743.0,0.0,10412554583.0,0x628874e172def32f84e17fa15f7e7819b0241cb65e317137739526163d5d5773,0x1f2f10d1c40777ae1da742455c65828ff36df387,0x1f2f10d1c40777ae1da742455c65828ff36df387,3,18790742.0,0.0,0.0,5.678259306844127e+18,52508157148.0,1,0xcd74d1569e7c82fd35f61c7043124ff8355c5b5d746bf434f46586e96faab835,0.0,9.022383704015203e+18,29722155.0,0.0,1e-08,0.010926688858800129,37.89714936403958,0.00943810675965,32.73383511976529,5.163314244274289
161,WETH_WBTC,21648005,1737162647,0x1f2f10d1c40777ae1da742455c65828ff36df387,0x85afa27303ec85ec8e01fbd5415fecac4ca2f64e36a2c56c61f9522b16e1a83f,0x1f2f10d1c40777ae1da742455c65828ff36df387,0x1f2f10d1c40777ae1da742455c65828ff36df387,0,1,0.0,2.296503564427172e+19,75690540.0,0.0,4919207691.0,0xa578c13d3151b7674028ab3e5a5f0ec91770352c1edd2955b90794894b012193,0x1f2f10d1c40777ae1da742455c65828ff36df387,0x1f2f10d1c40777ae1da742455c65828ff36df387,3,75690539.0,0.0,0.0,2.3370972867640422e+19,2810124797988.0,1,0x6e07e6f334913f32636a04de8d828a99c901bb1fac1b19cd5e763d4aa0592950,0.0,2.699156375537849e+19,87040826.0,0.0,1e-08,0.405937223368704,1407.8975145323022,0.42225660085184996,1464.4968850754526,-56.59937054315037
162,WETH_WBTC,21694164,1737719315,0x1f2f10d1c40777ae1da742455c65828ff36df387,0xebe93481a9be8e84b5d666a991af1fa1026f5578d06d618fca5f1db0337568c9,0x1f2f10d1c40777ae1da742455c65828ff36df387,0x1f2f10d1c40777ae1da742455c65828ff36df387,0,1,0.0,2.3297348969829495e+19,74291251.0,0.0,14904952888.0,0xd2ba1239c78ca1b592636712148fc2f96fda182ca4bc5366b6f859f7a17d8d50,0x1f2f10d1c40777ae1da742455c65828ff36df387,0x1f2f10d1c40777ae1da742455c65828ff36df387,2,74291250.0,0.0,0.0,2.355849017549652e+19,2377224105449.0,1,0xc7f257f6bcaf98a030b6bcd6742414e7f2505f92c3403ebd7cb389273bb24cd1,0.0,1.9944438759813226e+19,62425601.0,0.0,1e-08,0.2611412056670249,860.5563565484598,0.35881935875055004,1182.4411313049607,-321.88477475650086
163,WETH_WBTC,22872542,1751954471,0xb2245aaeb6583e4e868ff102ec1cad2ab7a46543,0x4eb7750a1084dd65ebff957ddd978bb59722b5b7720835c515c507dd55ec4504,0xb2245aaeb6583e4e868ff102ec1cad2ab7a46543,0xbadc0de76438f9524d42c219b390636196bfbdfc,0,1,0.0,2.3886270200530567e+19,55568834.0,0.0,318924603.0,0x3c41a2c469031eba80f10331b9f1296bc35187957479a90216248634892d2e0f,0xb2245aaeb6583e4e868ff102ec1cad2ab7a46543,0xbadc0de76438f9524d42c219b390636196bfbdfc,2,55568833.0,0.0,0.0,2.392617948629817e+19,318924603.0,1,0xcff1d35c68e224292112f571cf7c418850e982f578ca8264b3335f3341b61d8e,0.0,1.0174843603393632e+19,23367634.0,0.0,1e-08,0.03990928576760218,101.906708750902,9.56773809e-05,0.24430731234091863,101.66240143856108
164,WETH_WBTC,23425721,1758630395,0x5fcc980f941a957e09a1265223aeed78328a0936,0x51ae2fa49852ee6911d806b9079da2f9babffcd452b128e56ca3879b89351fc3,0x5fcc980f941a957e09a1265223aeed78328a0936,0x5fcc980f941a957e09a1265223aeed78328a0936,4,1,0.0,10000000000000.0,37.0,0.0,448836827.0,0xd22d1d7666d909f67aa1d5e4c72cb327b11cf8921095ac22506148f679bf065d,0x5fcc980f941a957e09a1265223aeed78328a0936,0x5fcc980f941a957e09a1265223aeed78328a0936,6,37.0,0.0,0.0,9919565879803.0,10448836827.0,1,0x35efe7a7df2dd51c920778becb43c9fc876d051791b162cb5654f099cda9defe,0.0,10000000000000.0,37.0,0.0,0.0,-8.0434120197e-08,-0.00033721751974363486,0.0016346510481,6.853223118951637,-6.85356033647138
1,USDC_USDT,11803957,1612630213,0x13b9fea0e1de634a591f237b97d71a25d0f13102,0xd4129bf48a4df41063671bfd76f4e55e667b69d54c12c9370c9490f22e17919f,0x13b9fea0e1de634a591f237b97d71a25d0f13102,0x13b9fea0e1de634a591f237b97d71a25d0f13102,111,1,0.0,34768075892.0,34731349420.0,0.0,176301000001.0,0xdb1a87b4ce6589ee5b56a6ccea0e183081c80326d8d0c91b7d62a60f4f7f8298,0x13b9fea0e1de634a591f237b97d71a25d0f13102,0x13b9fea0e1de634a591f237b97d71a25d0f13102,117,34731349420.0,0.0,0.0,34926323517.0,171000000000.0,1,0xc85120dcdaa2b2513adba9dc7b23fd1de7e8c2b8861a75c0ec0b283b2b6ea8d6,0.0,100000000000.0,99186673012.0,0.0,0.0,158.247625,158.247625,0.05209515000015,91.09272115800553,67.15490384199447
2,USDC_USDT,11803980,1612630518,0x13b9fea0e1de634a591f237b97d71a25d0f13102,0x9ccd039ae1944610b0ce44ed3032a9ec2b42f1ce31d303ada8f9e43513d065b4,0x13b9fea0e1de634a591f237b97d71a25d0f13102,0x13b9fea0e1de634a591f237b97d71a25d0f13102,92,1,0.0,34926323517.0,34813032978.0,0.0,135454000001.0,0x929c8db9724206717e737502e62da919ca815afc2ed825ec981f39cf640ca172,0x13b9fea0e1de634a591f237b97d71a25d0f13102,0x13b9fea0e1de634a591f237b97d71a25d0f13102,106,34813032978.0,0.0,0.0,35084879154.0,131000000000.0,1,0x552139da2ac959b9520885dbe12f013d18c55d785ab895e66331550398e025b7,0.0,100000000000.0,98969440752.0,0.0,0.0,158.555637,158.555637,0.03996810000015,69.88756128964907,88.66807571035092
3,USDC_USDT,12201337,1617913537,0xf73d5d4962e08c1d572f56e2f3e2728a77507e16,0x58c73085efd27d25ca5c67350f4594fe521adaf5fe4f42ba8c7f6ba347ea99fd,0xf73d5d4962e08c1d572f56e2f3e2728a77507e16,0xf73d5d4962e08c1d572f56e2f3e2728a77507e16,0,0,65478568046.0,0.0,0.0,65232059823.0,0.0,0x8605b7caae71952fe1ac0d8cf411b92a46e4bac8fdd6a0ec757d05f8f09577c5,0xf73d5d4962e08c1d572f56e2f3e2728a77507e16,0x397ff1542f962076d0bfe58ea045ffa2d347aca0,2,0.0,65232059823.0,66069097983.0,0.0,0.0,1,0x58abd26f2a00b6ecd82c9a35e9ac32cca48b66ff4e56838967a68608d1c0cc38,205670276617.0,0.0,0.0,202880380636.0,590.529937,0.0,590.529937,0.0,0.0,590.529937
4,USDC_USDT,12676387,1624261551,0x1ced55180af96c2fab38069aa3e13fa81e024270,0x1351ffd8c364fe41c7266e1a582f1c883a000dc24e4e5ad583b1e9ded9b5256e,0x1ced55180af96c2fab38069aa3e13fa81e024270,0x1ced55180af96c2fab38069aa3e13fa81e024270,0,1,0.0,193565408100.0,191456257642.0,0.0,1.0,0x7784653d923e8ce9db5e040d6e4f6663987ca774b522b684be36ffed5648594e,0x1ced55180af96c2fab38069aa3e13fa81e024270,0x1ced55180af96c2fab38069aa3e13fa81e024270,2,191456257642.0,0.0,0.0,193833952866.0,1.0,1,0x3957a6a295bd60cec463bdaa8cacc9d43c3caf048bdb6b6793c9682aec219d71,0.0,81198552045.0,79312871551.0,0.0,0.0,268.544766,268.544766,3e-13,6.069445515229121e-10,268.54476599939306
5,USDC_USDT,13002476,1628665992,0x66f049111958809841bbe4b81c034da2d953aa0c,0xb9a7a1897843cc7227946957d729ee8aabde60b0841909af6dd6806d3e1e0071,0x66f049111958809841bbe4b81c034da2d953aa0c,0x66f049111958809841bbe4b81c034da2d953aa0c,5,0,92520435723.0,0.0,0.0,91957687500.0,42051794538.0,0x58e9c34ed0afb6829afb579fec8f7c886a8054c44b0b8d3a202582d1539a430a,0x66f049111958809841bbe4b81c034da2d953aa0c,0x66f049111958809841bbe4b81c034da2d953aa0c,7,0.0,91957687499.0,92653119268.0,0.0,42051794538.0,1,0x2d1499a9418f289395754908f19ae0654bb8b00d3df75826a28b9e59c0db9496,141853093217.0,0.0,0.0,140126000000.0,132.683545,1e-06,132.683546,0.0126155383614,40.9321814504569,91.7513645495431
6,USDC_USDT,13155823,1630712755,0x00000000003b3cc22af3ae1eac0440bcee416b40,0x9cdd5659c61272771c780e103c94d1116eee76d61990aa9999fe58ccc1b10f4d,0x00000000003b3cc22af3ae1eac0440bcee416b40,0x00000000003b3cc22af3ae1eac0440bcee416b40,1,0,1177099649234.0,0.0,0.0,1145660572893.0,111951405234.0,0x237f6c8ba10409ebb10e034756b312697f374e23a4fbcae1128865d39c89c6ba,0x00000000003b3cc22af3ae1eac0440bcee416b40,0x00000000003b3cc22af3ae1eac0440bcee416b40,3,0.0,1145660572893.0,1179080128805.0,0.0,656953052631.0,1,0x2ef549183521790556d57717110e909cfb8e3c9c82cb4485660fb28306f13189,168903223924.0,0.0,0.0,159397048696.0,1980.479571,0.0,1980.479571,0.11533566867975,452.00633163523383,1528.4732393647662
7,USDC_USDT,13250971,1631985243,0x00000000008c4fb1c916e0c88fd4cc402d935e7d,0x808c9c9a338ca0163d9dc84fed53537f8ba1ba7db543ab56dcc757c7ddc14009,0x00000000008c4fb1c916e0c88fd4cc402d935e7d,0x00000000008c4fb1c916e0c88fd4cc402d935e7d,0,0,95506237696.0,0.0,0.0,95135439892.0,60481679058.0,0x29668b30199e82be7f984060ee4fa3da70e4ae8dcadab65df7d9fe62f6edf04e,0x00000000008c4fb1c916e0c88fd4cc402d935e7d,0x00000000008c4fb1c916e0c88fd4cc402d935e7d,2,0.0,95135439892.0,95964238848.0,0.0,893421401296.0,1,0x28a2fe32f14b8bdbd053f512c47d70fa77aae6739e72a94106d2f96ba4abaf1a,200509251594.0,0.0,0.0,198144883244.0,458.001152,0.0,458.001152,0.1430854620531,412.28149817023706,45.71965382976293
8,USDC_USDT,13332762,1633082492,0x00000000008c4fb1c916e0c88fd4cc402d935e7d,0xd8e7aab381e75b24b13e76f6706e79f5d974768648ca85c8b8c7c28cb6a8df9d,0x00000000008c4fb1c916e0c88fd4cc402d935e7d,0x00000000008c4fb1c916e0c88fd4cc402d935e7d,0,1,0.0,74459088128.0,74122368528.0,0.0,77924129110.0,0x0d46579817958c5fe41476bd5c05dbd5a0207c9f63a00ef32ec46535e04f761e,0x00000000008c4fb1c916e0c88fd4cc402d935e7d,0x00000000008c4fb1c916e0c88fd4cc402d935e7d,2,74122368528.0,0.0,0.0,74651423232.0,423850297975.0,1,0xa25b2307a8618ca90dffaa0d2f3bc47e1b09c6335cbb424b6feba0a091294f64,0.0,128869359541.0,127420000000.0,0.0,0.0,192.335104,192.335104,0.07526616406275,262.3884937938151,-70.05338979381509
9,USDC_USDT,13386565,1633809855,0x5ede0fedbfe6e1b1fe8b1f9228478bb8f23c6e0e,0x7264f0b6358572018d6e8cdc41f6e8d9fc0b2f18676d10ac93195da4016758bd,0x5ede0fedbfe6e1b1fe8b1f9228478bb8f23c6e0e,0x5ede0fedbfe6e1b1fe8b1f9228478bb8f23c6e0e,0,0,88807639411.0,0.0,0.0,88379934155.0,91299741588.0,0x144eb1a3949ca194933cafb3b67e40bcf0bd1dd8ecc677e5b7b364460dc28c3a,0x5ede0fedbfe6e1b1fe8b1f9228478bb8f23c6e0e,0x5ede0fedbfe6e1b1fe8b1f9228478bb8f23c6e0e,2,0.0,288260255987.0,290835531261.0,0.0,2515488943684.0,1,0xd4e2f2bfc87f5b748430c7299a07f6f045cc5e36847c70f0b4ceabf428065c05,280592654557.0,0.0,0.0,276362091121.0,202027.89185,-199880.321832,2147.5700180000276,0.3910183027908,1407.3728283348305,740.1971896651971
10,USDC_USDT,13386856,1633813542,0x000000000035b5e5ad9019092c665357240f594e,0xa4f845ee6d2e4e1cf31f349b4d9ed8b9bfc9f6bbebc79f93f79b898e2b830898,0x000000000035b5e5ad9019092c665357240f594e,0x000000000035b5e5ad9019092c665357240f594e,0,0,1345915808120.0,0.0,0.0,1292801827832.0,57590545031.0,0x689f311bda247fed1ac471c4a34321c19ee537c194d1463a52912c0d81089e1e,0x000000000035b5e5ad9019092c665357240f594e,0x397ff1542f962076d0bfe58ea045ffa2d347aca0,2,0.0,1292801827832.0,1370956197867.0,0.0,57590545031.0,1,0x0845a374bf0586276d5df49f7a027cd3878f8714c555a3adec171e51feb5791a,550242681327.0,0.0,0.0,497202303478.0,25040.389747,0.0,25040.389747,0.0172771635093,62.18483968689295,24978.20490731311
11,USDC_USDT,13458853,1634790035,0x0000000099cb7fc48a935bceb9f05bbae54e8987,0xf29601c803c879972600c45b06fd640af6243a0d651981186970fc10923fe2a8,0x0000000099cb7fc48a935bceb9f05bbae54e8987,0x0000000099cb7fc48a935bceb9f05bbae54e8987,0,1,0.0,297966909443.0,293453323908.0,0.0,58309466139.0,0xcd168013aff8c76f8204bc60175f820f117206f6cef73200ef5872ba82a2f0a4,0x0000000099cb7fc48a935bceb9f05bbae54e8987,0x0000000099cb7fc48a935bceb9f05bbae54e8987,2,293453323907.0,0.0,0.0,299619369974.0,58309466139.0,1,0x66ffe903651d069a448e328a313d84329586277d2d550bb540b1ca1fda0b10ad,0.0,163000800000.0,157919263997.0,0.0,1e-06,1652.460531,1652.460532,0.0174928398417,69.80242457144942,1582.6581074285507
12,USDC_USDT,13501054,1635360285,0x00000000008c4fb1c916e0c88fd4cc402d935e7d,0x9de9bb1fa999711d3a43da6c973477199485c0994c0877f271ef9db6fe120dde,0x00000000008c4fb1c916e0c88fd4cc402d935e7d,0x00000000008c4fb1c916e0c88fd4cc402d935e7d,0,0,345331551744.0,0.0,0.0,341048573762.0,199311893702.0,0x6af12a469eac5ff4b11588bca7dd5afd7dcd55cc25b348ace997e65361953269,0x00000000008c4fb1c916e0c88fd4cc402d935e7d,0x00000000008c4fb1c916e0c88fd4cc402d935e7d,2,0.0,341048573762.0,347757723904.0,0.0,4831515325279.0,1,0xf4d4200fd2e67332e2deeaf4cf8e1f3670630068e468218ebdae78a30f31e24d,199990000000.0,0.0,0.0,194014737822.0,2426.17216,0.0,2426.17216,0.75462408284715,3248.412169597092,-822.240009597092
13,USDC_USDT,13528471,1635732912,0x11111112542d85b3ef69ae05771c2dccff4faa26,0x197320a41f3c581445f3d9aa05666688d790b1fe4e16b2447ec2c050c4f5dd20,0x11111112542d85b3ef69ae05771c2dccff4faa26,0xbcc0dbe38c56b646ef031ffcba6710e76b96af19,176,0,585982500.0,0.0,0.0,585485926.0,121273160932.0,0xcba353966ec0e160e176f181af589708a43ac04e48d7d7178d005266b52c13a1,0x11111112542d85b3ef69ae05771c2dccff4faa26,0x74de5d4fcbf63e00296fd95d33236b9794016631,306,0.0,500000000.0,497492435.0,0.0,108672898987.0,1,0xe3842d5f7ef114604c646ad2756d7a6f6bd0928724a23e80d7090b9da0b77c75,1984000000.0,0.0,0.0,1982151216.0,-88.490065,85.485926,-3.004138999999995,0.03449190898785,157.6544657505929,-160.65860475059287
14,USDC_USDT,13530201,1635756017,0x00000000008c4fb1c916e0c88fd4cc402d935e7d,0xf2131fe17eddc0e40c5a77321308e2b557c62ec89d7811c1bf289a5458cddfaf,0x00000000008c4fb1c916e0c88fd4cc402d935e7d,0x00000000008c4fb1c916e0c88fd4cc402d935e7d,0,0,349674689792.0,0.0,0.0,344737686755.0,121517694144.0,0xda06fa61c7fa1c486545295e531a66a551a59dea3649bee50fa840793452c156,0x00000000008c4fb1c916e0c88fd4cc402d935e7d,0x00000000008c4fb1c916e0c88fd4cc402d935e7d,2,0.0,344737686755.0,351366206976.0,0.0,3109888634410.0,1,0x6bf3af6eeb31730f0a7e81c58cdd69c1f6e9da2bac5237d9a989cf2412f02ab2,167002311000.0,0.0,0.0,161892632004.0,1691.517184,0.0,1691.517184,0.48471094928310005,2215.5006201485744,-523.9834361485744
15,USDC_USDT,13530262,1635756924,0x00000000008c4fb1c916e0c88fd4cc402d935e7d,0x677c2bd1764e8e3ea8dd4838cece88abd112e4ec14ce8004a18a2f550271cb1b,0x00000000008c4fb1c916e0c88fd4cc402d935e7d,0x00000000008c4fb1c916e0c88fd4cc402d935e7d,0,0,322911416832.0,0.0,0.0,318112279618.0,123926631726.0,0x1b3d01b33c8e813b22274556872763dd528e958dea8f945f921f82f33c6c138f,0x00000000008c4fb1c916e0c88fd4cc402d935e7d,0x00000000008c4fb1c916e0c88fd4cc402d935e7d,2,0.0,318112279618.0,327255048960.0,0.0,8213914286715.0,1,0x5e5518654f1c41b7bbf097fd1fac2282c12d9d3a587cadbf9b324662316d86b1,300000000000.0,0.0,0.0,289614383104.0,4343.632128,0.0,4343.632128,1.25067613776615,5716.548724397752,-1372.916596397752
16,USDC_USDT,13533274,1635798083,0x00000000008c4fb1c916e0c88fd4cc402d935e7d,0x2dcbd4da641ae31bed25275cd2d9b0c4a11fa68afc31abf1f1570f64dfc22e17,0x00000000008c4fb1c916e0c88fd4cc402d935e7d,0x00000000008c4fb1c916e0c88fd4cc402d935e7d,0,0,364105370624.0,0.0,0.0,359888063103.0,201560358979.0,0x8ac80384636b1d9edc9906424c1d8ec72bfa894bf8d4ddab5ee2d0efe75294ef,0x00000000008c4fb1c916e0c88fd4cc402d935e7d,0x00000000008c4fb1c916e0c88fd4cc402d935e7d,2,0.0,359888063103.0,369528136192.0,0.0,10015326485020.0,1,0x99cfd594b6242f5c3e654fb695023f6c99d067ec6076a987a0dad0d69b76a7d7,349964950000.0,0.0,0.0,338594610604.0,5422.765568,0.0,5422.765568,1.53253302659985,7004.850779318926,-1582.0852113189258
17,USDC_USDT,13533293,1635798321,0x00000000008c4fb1c916e0c88fd4cc402d935e7d,0x125571d602fbafedf7181afc6299cdc46b8f719485f807cf6df0f1f61d568797,0x00000000008c4fb1c916e0c88fd4cc402d935e7d,0x00000000008c4fb1c916e0c88fd4cc402d935e7d,2,0,394749218560.0,0.0,0.0,387700617366.0,185233373212.0,0x87af6de51a90adf071c24b31058f1820099f4fab3f3a38a30aecfde9dd3317d7,0x00000000008c4fb1c916e0c88fd4cc402d935e7d,0x00000000008c4fb1c916e0c88fd4cc402d935e7d,4,0.0,387700617366.0,397780684800.0,0.0,5605342945297.0,1,0xe2873e72b151929ce9442f6021d54fd464a53f5bb46356af882e57eba7c89e3a,229965980000.0,0.0,0.0,221679022019.0,3031.46624,0.0,3031.46624,0.86858644777635,3970.105929208572,-938.6396892085718
18,USDC_USDT,13534371,1635812452,0x0000000099cb7fc48a935bceb9f05bbae54e8987,0xaf41e4b0e22b068cdceb6de62ff49ea3d71b0712859fba490a8c2498fb54f4fd,0x0000000099cb7fc48a935bceb9f05bbae54e8987,0x0000000099cb7fc48a935bceb9f05bbae54e8987,1,0,394856632151.0,0.0,0.0,390196158755.0,196923693709.0,0x6450ebff115bdae3fca231f6266b897fec08d31d5dc529b03ccec792c33acc04,0x0000000099cb7fc48a935bceb9f05bbae54e8987,0x0000000099cb7fc48a935bceb9f05bbae54e8987,3,0.0,390196158754.0,397199307966.0,0.0,196923693709.0,1,0x87c8ac40be87670b77b8ccc73c94969a320e487899aa4043353315ca6100db9a,199974500700.0,0.0,0.0,194118419036.0,2342.675815,1e-06,2342.675816,0.0590771081127,270.02767289217223,2072.6481431078278
19,USDC_USDT,13537128,1635850669,0x0000000099cb7fc48a935bceb9f05bbae54e8987,0xe3edcbaeda11d5f6d9db8c9ceb5d164cd3625fe90ce8c0c9372aac8778ae2dd1,0x0000000099cb7fc48a935bceb9f05bbae54e8987,0x0000000099cb7fc48a935bceb9f05bbae54e8987,0,0,377076213134.0,0.0,0.0,372339971345.0,101731092968.0,0x974c05ea64417789d0b864124b196642bca7da01b40d4cd95a4c1f1e1a2295a5,0x0000000099cb7fc48a935bceb9f05bbae54e8987,0x0000000099cb7fc48a935bceb9f05bbae54e8987,2,0.0,372339971344.0,378369173812.0,0.0,101731092968.0,1,0xab496127988b04ea513f01ba863262e32613dd0e8f31a7f13d29b28578e6169d,158000000000.0,0.0,0.0,153531907797.0,1292.960678,1e-06,1292.960679,0.0305193278904,139.49672473399679,1153.4639542660032
20,USDC_USDT,13580709,1636440727,0x00000000008c4fb1c916e0c88fd4cc402d935e7d,0x05179ed35f83c5aa21907b4f6a9bd2498efa34966e0c9d5675caaca5ad3e2017,0x00000000008c4fb1c916e0c88fd4cc402d935e7d,0x00000000008c4fb1c916e0c88fd4cc402d935e7d,0,0,363073140992.0,0.0,0.0,357927981826.0,142888055008.0,0x5030adf148978c4d0e2d522d1ef8e910c1a9405e6edb0c059b026dd13c6b8d4b,0x00000000008c4fb1c916e0c88fd4cc402d935e7d,0x00000000008c4fb1c916e0c88fd4cc402d935e7d,2,0.0,357927981826.0,371399023872.0,0.0,15071904690731.0,1,0x2b306829cf97a585ad0a7bc3c9f908b3bb7a7be6828840fd7330283374e6d48c,500000000000.0,0.0,0.0,480765254542.0,8325.88288,0.0,8325.88288,2.28221891186085,10770.733740942085,-2444.850860942086
21,USDC_USDT,13580736,1636441103,0x00000000008c4fb1c916e0c88fd4cc402d935e7d,0x2cc60ef71c0d8a9a8410a867c981a5bb2dcc630c023fe74fd7fc7bfb4ccac71b,0x00000000008c4fb1c916e0c88fd4cc402d935e7d,0x00000000008c4fb1c916e0c88fd4cc402d935e7d,0,0,388526913536.0,0.0,0.0,382620112696.0,103028540122.0,0xa6ac101d87cbe66604bc9117bf15eba8019f5c87fe82dc0168b3f3e76ed175aa,0x00000000008c4fb1c916e0c88fd4cc402d935e7d,0x00000000008c4fb1c916e0c88fd4cc402d935e7d,2,0.0,382620112696.0,389389415680.0,0.0,1494273572748.0,1,0x46ff1f338b1e9adb3cd44a3cf451470b780e55a49c14f80c32ef5ebd2539a7c4,142000000000.0,0.0,0.0,137700661490.0,862.502144,0.0,862.502144,0.2395953169305,1130.7492681019344,-268.24712410193433
22,USDC_USDT,13602407,1636735149,0x00000000008c4fb1c916e0c88fd4cc402d935e7d,0xb6e03caf544cc49cdfe611b9b68fd63c21538184764559e34af3630323bab086,0x00000000008c4fb1c916e0c88fd4cc402d935e7d,0x00000000008c4fb1c916e0c88fd4cc402d935e7d,0,0,356978109696.0,0.0,0.0,352934178760.0,123948753068.0,0x7433cd96c1d8768a43990f589a3cefea9bc0e686d6b5fe1315e4ee2998fe1836,0x00000000008c4fb1c916e0c88fd4cc402d935e7d,0x00000000008c4fb1c916e0c88fd4cc402d935e7d,2,0.0,352934178760.0,360839650816.0,0.0,7481401223098.0,1,0xea66b1ddb76582eca87278f132bf47cabaa95945fb22e9078783727e9d23cde8,274000000000.0,0.0,0.0,265678472203.0,3861.54112,0.0,3861.54112,1.1408024964249,5210.111572126126,-1348.570452126126
23,USDC_USDT,13633464,1637158939,0x00000000b7ca7e12dcc72290d1fe47b2ef14c607,0xe0e9a0a812ca10cab5e252db1b3e4bc014c52cf66d2d127e4ed7897f55cdcad8,0x00000000b7ca7e12dcc72290d1fe47b2ef14c607,0x00000000b7ca7e12dcc72290d1fe47b2ef14c607,0,0,81598330635.0,0.0,0.0,81348119100.0,110413689875.0,0xcede8f9afec5f535f4b77d847fad43ee251aa4e0cc25f0527a42d5f83d072b9a,0x00000000b7ca7e12dcc72290d1fe47b2ef14c607,0x00000000b7ca7e12dcc72290d1fe47b2ef14c607,2,0.0,81348119099.0,81996776035.0,0.0,760049443488.0,1,0xad3dafa2addbaba872fe9cdf5baa9edd7f64fe17c2d14bd543e911fa41107435,178784628342.0,0.0,0.0,176829046259.0,398.4454,1e-06,398.445401,0.13056947000445,560.4102126880505,-161.96481168805047
24,USDC_USDT,13682560,1637830953,0x00000000008c4fb1c916e0c88fd4cc402d935e7d,0xdd7b8dc63102a9367d01f10650bf688e35fabb7a117ee03d0c604206bd8f4190,0x00000000008c4fb1c916e0c88fd4cc402d935e7d,0x00000000008c4fb1c916e0c88fd4cc402d935e7d,0,0,529779782144.0,0.0,0.0,521466430765.0,134493018703.0,0x61cddc9d865aba49c5295422c47e56960f317cceded5eb2e71aff249a5d53cdd,0x00000000008c4fb1c916e0c88fd4cc402d935e7d,0x00000000008c4fb1c916e0c88fd4cc402d935e7d,2,0.0,521466430765.0,530496279040.0,0.0,1361143521348.0,1,0xd2b9de18129332285fafedf2fb25600726d4debc4c472db274a9c005e89b58c8,150000000000.0,0.0,0.0,145196286548.0,716.496896,0.0,716.496896,0.22434548100764998,919.8615783989105,-203.36468239891053
25,USDC_USDT,13753595,1638811847,0x00000000008c4fb1c916e0c88fd4cc402d935e7d,0x245c98cabecbb64f0ce90c089d15441b7272a4afaaf7e97e0b0597b1a5f3e1bb,0x00000000008c4fb1c916e0c88fd4cc402d935e7d,0x00000000008c4fb1c916e0c88fd4cc402d935e7d,0,0,914181200128.0,0.0,0.0,892202377436.0,136205742716.0,0xe1b09fa944404c9f209a295abefee6576fa6c957f25d854093b50874f9c9a15b,0x00000000008c4fb1c916e0c88fd4cc402d935e7d,0x00000000008c4fb1c916e0c88fd4cc402d935e7d,2,0.0,892202377436.0,916038870016.0,0.0,3766484871775.0,1,0xeef9abc6c67e3a94672c8ce0ef73500d8ed970bab03cbb2c51bcdc183d8f21ac,144201331407.0,0.0,0.0,136612732758.0,1857.669888,0.0,1857.669888,0.58540359217365,2390.409431712411,-532.739543712411
26,USDC_USDT,13803911,1639493188,0x00000000003b3cc22af3ae1eac0440bcee416b40,0xd04359c3d6ab632fc2af990b81a2c74c424416d801067b77931d34b8eb6acf41,0x00000000003b3cc22af3ae1eac0440bcee416b40,0x00000000003b3cc22af3ae1eac0440bcee416b40,0,0,371324322924.0,0.0,0.0,366165655523.0,42171779100.0,0x6b6905ab34580294c8df453157530cf525eba70c9ef69be5c79a8ecc15c004e6,0x00000000003b3cc22af3ae1eac0440bcee416b40,0x88e6a0c2ddd26feeb64f039a2c41296fcb3f5640,2,0.0,366165655380.0,372442909088.0,0.0,42171779100.0,1,0x5ae68a8bf640f123d210fb103f3d36df5cade3e563ca7f53600c806d064e6737,159984603300.0,0.0,0.0,155407927984.0,1118.586164,0.000143,1118.586307,0.01265153373,46.956047525274286,1071.6302594747258
27,USDC_USDT,13886746,1640600807,0x00000000008c4fb1c916e0c88fd4cc402d935e7d,0x6ae7ba96a974ed309e544c3084f59842efd4017a9deabd4778815b4e5ea73318,0x00000000008c4fb1c916e0c88fd4cc402d935e7d,0x00000000008c4fb1c916e0c88fd4cc402d935e7d,0,0,453290460928.0,0.0,0.0,446779145498.0,49702985708.0,0x5b3c24c46e91b34ad14893b3bf19563af295cad5437a6f9dc992fb55697b2d76,0x00000000008c4fb1c916e0c88fd4cc402d935e7d,0x00000000008c4fb1c916e0c88fd4cc402d935e7d,2,0.0,446779145498.0,454318877440.0,0.0,2114884430125.0,1,0x347f9c58293cbe7152b97768e88ea5dc37b35b12f4e834bdaebe347d736f6db9,179122124800.0,0.0,0.0,173979799064.0,1028.416512,0.0,1028.416512,0.32468811237495,1235.1600391460272,-206.7435271460272
28,USDC_USDT,13889010,1640631646,0x00000000008c4fb1c916e0c88fd4cc402d935e7d,0x2b45062d60121ef0165e521ea5124fc08a8c159bb91312971d2776ec46e4f3ac,0x00000000008c4fb1c916e0c88fd4cc402d935e7d,0x00000000008c4fb1c916e0c88fd4cc402d935e7d,0,0,470239143936.0,0.0,0.0,463890458404.0,87326526202.0,0xb31bf4fff4a9eb508c9d4bc1d8373cd066e3d86951aa58b44f54d755957efb4e,0x00000000008c4fb1c916e0c88fd4cc402d935e7d,0x00000000008c4fb1c916e0c88fd4cc402d935e7d,2,0.0,463890458404.0,470678924800.0,0.0,833945675534.0,1,0xbc5abdb9d4a98df46ad81232b0eff742ee3af764f2e80b8689f15298e01a0fa3,149983884600.0,0.0,0.0,145845173107.0,439.780864,0.0,439.780864,0.1381908302604,525.697692057624,-85.91682805762395
29,USDC_USDT,13956860,1641539127,0x00000000008c4fb1c916e0c88fd4cc402d935e7d,0xfa581b45b505787ae34b756efe1cf31770f92ed7e6883673009c18e40c36fb09,0x00000000008c4fb1c916e0c88fd4cc402d935e7d,0x00000000008c4fb1c916e0c88fd4cc402d935e7d,0,0,309925912576.0,0.0,0.0,306753660438.0,106382582148.0,0x474946eee7ccc699bb0a77ce4c031fa04855a4e925066be487e361c0a2e112f5,0x00000000008c4fb1c916e0c88fd4cc402d935e7d,0x00000000008c4fb1c916e0c88fd4cc402d935e7d,2,0.0,306753660438.0,311901100800.0,0.0,5439020575624.0,1,0x6b1a6625f0cd3f609001733d4fdec5cda77f747261cdfd13026cbb5b5b92799d,180000000000.0,0.0,0.0,175168000062.0,1975.188224,0.0,1975.188224,0.8318104736658,2657.9789301476817,-682.7907061476817
30,USDC_USDT,14010730,1642258956,0x00000000008c4fb1c916e0c88fd4cc402d935e7d,0x44e1d1a535102c5d74c02586bc63a498004e589f46a06ee7e037e75d720be36c,0x00000000008c4fb1c916e0c88fd4cc402d935e7d,0x00000000008c4fb1c916e0c88fd4cc402d935e7d,0,0,383354285056.0,0.0,0.0,378091592446.0,114203026755.0,0x1c4b54ddda65398c295304850ae24dadc2967c8400e86a4c118cc62f43c3b5be,0x00000000008c4fb1c916e0c88fd4cc402d935e7d,0x00000000008c4fb1c916e0c88fd4cc402d935e7d,2,0.0,378091592446.0,387340098048.0,0.0,10470691003782.0,1,0x3005c2d0387a7fdef1a983dc06a246310df634224dc0b42a2ce9a7b3dc0bf576,289934000000.0,0.0,0.0,280537530277.0,3985.812992,0.0,3985.812992,1.58773410458055,5187.250654707526,-1201.4376627075262
31,USDC_USDT,14058240,1642892274,0x00000000008c4fb1c916e0c88fd4cc402d935e7d,0xfae86534d78a8cca4488642a7560872e37d33c7642c1de99cb4cd48329b6145b,0x00000000008c4fb1c916e0c88fd4cc402d935e7d,0x00000000008c4fb1c916e0c88fd4cc402d935e7d,0,0,308762468608.0,0.0,0.0,304070092663.0,135666767958.0,0x99f4b0c4875b39512bdcc691a25631eb262e490e27e4c73c1af821f5c98d3331,0x00000000008c4fb1c916e0c88fd4cc402d935e7d,0x00000000008c4fb1c916e0c88fd4cc402d935e7d,2,0.0,304070092663.0,310105679872.0,0.0,135666767958.0,1,0x75e1a640a67a040e1e8df92603d2fe991d13aeb6f95952d459406c9085ecc47d,150000000000.0,0.0,0.0,145389245804.0,1343.211264,0.0,1343.211264,0.0407000303874,96.5207368241306,1246.6905271758694
32,USDC_USDT,14131628,1643872571,0x00000000008c4fb1c916e0c88fd4cc402d935e7d,0x95915f13ef542a83c136c0d19b1055ea3dddb30c63e5cea05c082fa4fc2ea325,0x00000000008c4fb1c916e0c88fd4cc402d935e7d,0x00000000008c4fb1c916e0c88fd4cc402d935e7d,0,0,282935408128.0,0.0,0.0,278531356918.0,66044509679.0,0xaf893d673f224aa4900494da29f0d8813546fa67481ff62a2fed56dd42abb2fa,0x00000000008c4fb1c916e0c88fd4cc402d935e7d,0x00000000008c4fb1c916e0c88fd4cc402d935e7d,2,0.0,278531356918.0,285001494528.0,0.0,6776821066311.0,1,0x6442b692c3ab9304869d1a59dfa0288b4999fcd9f83286afcd4b8917476c12fe,180000000000.0,0.0,0.0,174178560290.0,2066.0864,0.0,2066.0864,1.0264298363985,3090.7263253188867,-1024.6399253188865
33,USDC_USDT,14139338,1643975350,0x00000000008c4fb1c916e0c88fd4cc402d935e7d,0x6ff2681907eba6be87d329a6f13bad6d47511b0fb8bcada9da278dcbb60f0ba1,0x00000000008c4fb1c916e0c88fd4cc402d935e7d,0x00000000008c4fb1c916e0c88fd4cc402d935e7d,0,0,286447256064.0,0.0,0.0,282011544447.0,63713404703.0,0xad8ba513f9d86e5b52c6d4031641597db9340243f9e97ff36347b4155e879d77,0x00000000008c4fb1c916e0c88fd4cc402d935e7d,0x00000000008c4fb1c916e0c88fd4cc402d935e7d,2,0.0,282011544447.0,287226891520.0,0.0,2367351748990.0,1,0x0587631a6b59162c1a265092ac8b8be5df6ecaf3a08de1f278eb5e26e33054d7,117000000000.0,0.0,0.0,113461217357.0,779.635456,0.0,779.635456,0.36465977305395003,1098.0424773282646,-318.4070213282646
34,USDC_USDT,14139340,1643975375,0x0000000099cb7fc48a935bceb9f05bbae54e8987,0x77230e4b042207c78ac16df9b25883d88f8c40954478988accfb3817f32538b4,0x0000000099cb7fc48a935bceb9f05bbae54e8987,0x0000000099cb7fc48a935bceb9f05bbae54e8987,0,0,263205339277.0,0.0,0.0,258921909934.0,66208062376.0,0x06538b1743811a574b4eed83ca3cf9fe8847e4f252ee5ba7a098d42b9dde307d,0x0000000099cb7fc48a935bceb9f05bbae54e8987,0x0000000099cb7fc48a935bceb9f05bbae54e8987,2,0.0,258921909933.0,264956200602.0,0.0,66208062376.0,1,0x6105050c1385781d2c00cd6a42c50c8300db9b2212bb9b3b74f74a60e5acfb98,170000000000.0,0.0,0.0,164547269604.0,1750.861325,1e-06,1750.8613260000002,0.0198624187128,59.80856968807337,1691.0527563119267
35,USDC_USDT,14145282,1644054656,0x0000000099cb7fc48a935bceb9f05bbae54e8987,0x68828b750bdbf50c571fa88332031f12c10ae1d60dae553812464bbd70758dc0,0x0000000099cb7fc48a935bceb9f05bbae54e8987,0x0000000099cb7fc48a935bceb9f05bbae54e8987,4,0,66811167146.0,0.0,0.0,66589816776.0,45578380854.0,0xc8554175ff3fdff55b9e8a94c652f107abb0f1c0ffe783eae49e4d96d49cc6b0,0x0000000099cb7fc48a935bceb9f05bbae54e8987,0x0000000099cb7fc48a935bceb9f05bbae54e8987,6,0.0,66589816775.0,66857979264.0,0.0,89334092358.0,1,0x0a91ca419ecb67e66d9c4e21849b56d73c37d33ad896b03f9262933deed256b6,89902063936.0,0.0,0.0,89081732913.0,46.812118,1e-06,46.812118999999996,0.0202368709818,60.93609876442454,-14.123979764424547
36,USDC_USDT,14153397,1644162382,0x00000000008c4fb1c916e0c88fd4cc402d935e7d,0xe829c365976fff42770d19527164c410cc1f320d7ec168a55589b7c1609c2b4b,0x00000000008c4fb1c916e0c88fd4cc402d935e7d,0x00000000008c4fb1c916e0c88fd4cc402d935e7d,0,1,0.0,268027458560.0,264787948054.0,0.0,92533043201.0,0xefba326a836474b58d3994e05d8da29459e2c6994d7e707e1e9b110c6905ab5a,0x00000000008c4fb1c916e0c88fd4cc402d935e7d,0x00000000008c4fb1c916e0c88fd4cc402d935e7d,2,264787948054.0,0.0,0.0,271698649856.0,10772052421036.0,1,0xd5ee436d3e976e19c4c31d1b15cbc03bdcbad356898629b41aa14c01a2da2cc4,0.0,259203391000.0,250977413444.0,0.0,0.0,3671.191296,3671.191296,1.62968781963555,5224.347066089409,-1553.155770089409
37,USDC_USDT,14160996,1644264150,0x00000000008c4fb1c916e0c88fd4cc402d935e7d,0x902a0d1d783006dea3614c32977a04cbd461b78d8b17cf87eb880ad63ba3876e,0x00000000008c4fb1c916e0c88fd4cc402d935e7d,0x00000000008c4fb1c916e0c88fd4cc402d935e7d,0,0,309563587840.0,0.0,0.0,305639437136.0,139553676493.0,0x0fd5cd24b8ded84ddeff048dda10f678272d7b77be7bb332689f0983f89b6c33,0x00000000008c4fb1c916e0c88fd4cc402d935e7d,0x00000000008c4fb1c916e0c88fd4cc402d935e7d,2,0.0,305639437136.0,310877796352.0,0.0,3519590277698.0,1,0x9187af6dc47bd52865a023db0adf4e1d67b1591820c24840c187307f3812d474,140985000000.0,0.0,0.0,136925829021.0,1314.208512,0.0,1314.208512,0.54887159312865,1759.5368037190985,-445.3282917190986
38,USDC_USDT,14184983,1644585594,0x00000000008c4fb1c916e0c88fd4cc402d935e7d,0xa211ca005427f079de32ab8414d867b3aff9b0c487f4237fb10cb644c0317560,0x00000000008c4fb1c916e0c88fd4cc402d935e7d,0x00000000008c4fb1c916e0c88fd4cc402d935e7d,0,0,312298425088.0,0.0,0.0,307443029239.0,41761932282.0,0xb849c44239fc000c1f2223b48f6d003f78d50d1e4b41add72e2fd34c6641587d,0x00000000008c4fb1c916e0c88fd4cc402d935e7d,0x00000000008c4fb1c916e0c88fd4cc402d935e7d,2,0.0,307443029239.0,314760581888.0,0.0,6975073089091.0,1,0xed1046a63f1d56a46fd32f33951db23dbcb513553ef16c63c3182baf95612415,207358000000.0,0.0,0.0,200597084690.0,2462.1568,0.0,2462.1568,1.05252525320595,3096.010412912017,-633.8536129120166
39,USDC_USDT,14203279,1644828046,0x00000000008c4fb1c916e0c88fd4cc402d935e7d,0x978304b0ce4a69b162156401d65ab74c0019c6b01fda0c5960762c447734a388,0x00000000008c4fb1c916e0c88fd4cc402d935e7d,0x00000000008c4fb1c916e0c88fd4cc402d935e7d,0,1,0.0,73695142702.0,73284594756.0,0.0,31249345591.0,0xd63dcc62b985a8ed75369b66c6c7c64e96f1f8b72de64de4d3b669eda0941e91,0x00000000008c4fb1c916e0c88fd4cc402d935e7d,0x3416cf6c708da44db2624d63ea0aaef7113527c6,2,144952859111.0,0.0,0.0,145629279071.0,542139116128.0,1,0x6b6501d57cc00733fc22d5434e57ad2753c19a58b58f15e928f1a59e1f3d67d7,0.0,110868300000.0,109562548529.0,0.0,-71668.264355,71934.136369,265.8720139999932,0.08600826925785,262.6099566156175,3.262057384375737
40,USDC_USDT,14281515,1645875710,0x00000000008c4fb1c916e0c88fd4cc402d935e7d,0x9447d02ed720f9e035a03f1dd32e966864f27295bc30a3dca8ed46be4e28e0d3,0x00000000008c4fb1c916e0c88fd4cc402d935e7d,0x00000000008c4fb1c916e0c88fd4cc402d935e7d,0,0,296278327808.0,0.0,0.0,292027465135.0,26482562415.0,0x69dd4a2e5e1d3f8d6d1431c3e00ef45e0ec8739eb817cc5c237f519f5c0ced3e,0x00000000008c4fb1c916e0c88fd4cc402d935e7d,0x00000000008c4fb1c916e0c88fd4cc402d935e7d,2,0.0,292027465135.0,296594296576.0,0.0,991829252179.0,1,0xb40b7350d41e8fbe7f6026f359533e68eb78a870c14b314cee5351a9c3261b2a,100000000000.0,0.0,0.0,97190023942.0,315.968768,0.0,315.968768,0.1527467721891,447.6707731287039,-131.7020051287039
41,USDC_USDT,14289316,1645979149,0x00000000008c4fb1c916e0c88fd4cc402d935e7d,0xac2c683e4d3f3ab5d12b4a7f0ff78f61d470910c404758d498d7c145d9ca108c,0x00000000008c4fb1c916e0c88fd4cc402d935e7d,0x00000000008c4fb1c916e0c88fd4cc402d935e7d,0,0,296368321070.0,0.0,0.0,291938307448.0,30470812505.0,0x8972f3c9e049847e7f3b40b37aa99c81f3211d7db135a5103c9a77b8ff146d4f,0x00000000008c4fb1c916e0c88fd4cc402d935e7d,0x3416cf6c708da44db2624d63ea0aaef7113527c6,2,0.0,651272921814.0,667205875947.0,0.0,18768532473511.0,1,0x00329acbb2a0239e31b5ccd0ead00d18cee297995a2585d9eb165775eda8dd2a,400000000000.0,0.0,0.0,384423690589.0,370837.554877,-359334.614366,11502.940510999993,2.8198504929024,8264.427667919364,3238.512843080629
42,USDC_USDT,14303151,1646164807,0x00000000008c4fb1c916e0c88fd4cc402d935e7d,0x54a3a9083e7d34f9f1b549f1b4cf69ae0afe9d9c722394211c6f0790e2e3e5f1,0x00000000008c4fb1c916e0c88fd4cc402d935e7d,0x00000000008c4fb1c916e0c88fd4cc402d935e7d,0,0,296344507905.0,0.0,0.0,292947817368.0,43209330654.0,0x24f550c79ca1b5508c0446952a605631f64e479a3d24e63fe5c85613ccfb0d12,0x00000000008c4fb1c916e0c88fd4cc402d935e7d,0x3416cf6c708da44db2624d63ea0aaef7113527c6,2,0.0,677363972567.0,694547445146.0,0.0,21284853098899.0,1,0x5cf29311088e8786a7a58bbff706758c2310d7dd9d7419d88c7cc224e73cee36,476015000000.0,0.0,0.0,457870061592.0,398202.937241,-384416.155199,13786.782042000035,3.19920936443295,8296.475372912206,5490.3066690878295
43,USDC_USDT,14318219,1646367052,0x00000000008c4fb1c916e0c88fd4cc402d935e7d,0x182a9adaf50e144ee21e85afe9c3d7b1ccae60dca69f3b5a34d225f62e20df36,0x00000000008c4fb1c916e0c88fd4cc402d935e7d,0x00000000008c4fb1c916e0c88fd4cc402d935e7d,0,0,295096171264.0,0.0,0.0,291308072917.0,37427620738.0,0x58e59c908e6dab9eab5e86ad6f114168ed1222e38fbc93f22db5c47a1809ce73,0x00000000008c4fb1c916e0c88fd4cc402d935e7d,0x00000000008c4fb1c916e0c88fd4cc402d935e7d,2,0.0,291308072917.0,295418526976.0,0.0,1012793327408.0,1,0x73fc26741ae70a2e4cb19a9e382b98274e5e30b3bdc9ed7784daefdbafeb725f,100000000000.0,0.0,0.0,97338036224.0,322.355712,0.0,322.355712,0.1575331422219,408.529010133454,-86.17329813345401
44,USDC_USDT,14327116,1646486546,0x00000000008c4fb1c916e0c88fd4cc402d935e7d,0xc1d3e32e2697b160118e379e417b7c3831d3bb2c30d5e582679f4d068e3ef763,0x00000000008c4fb1c916e0c88fd4cc402d935e7d,0x00000000008c4fb1c916e0c88fd4cc402d935e7d,0,0,257590022656.0,0.0,0.0,254638564687.0,16686225846.0,0xd733d55bca751baeb42a7528aa21ecc3c9b5a0b667160ec00dce6648ee32b7e2,0x00000000008c4fb1c916e0c88fd4cc402d935e7d,0x00000000008c4fb1c916e0c88fd4cc402d935e7d,2,0.0,254638564687.0,258410295040.0,0.0,2723875543479.0,1,0xb4c6d2d245d7b15f9b6083f57aa2647a44130ffae0334bb8c9f5afe2fa478152,123724481627.0,0.0,0.0,120580711477.0,820.272384,0.0,820.272384,0.41108426539875004,1062.5982482269487,-242.32586422694874
45,USDC_USDT,14334180,1646581038,0x00000000008c4fb1c916e0c88fd4cc402d935e7d,0x19146f2ec8e190285b832588e0a612a350461b97d1af6b2d6bd732206839b05b,0x00000000008c4fb1c916e0c88fd4cc402d935e7d,0x00000000008c4fb1c916e0c88fd4cc402d935e7d,2,0,301958567680.0,0.0,0.0,297770901814.0,34334566984.0,0x2edce2425ab8bfc83783a38d6181b7e7af26f1563d762240286996e924c29ac4,0x00000000008c4fb1c916e0c88fd4cc402d935e7d,0x00000000008c4fb1c916e0c88fd4cc402d935e7d,4,0.0,297770901814.0,306680601344.0,0.0,15853413483456.0,1,0x652633e6d9e49dabebfe0220aedb3e2854ee46a68ffa65329f399330fc0cc412,312031384100.0,0.0,0.0,301207260408.0,4722.033664,0.0,4722.033664,2.383162207566,6160.157904715561,-1438.1242407155614
46,USDC_USDT,14413377,1647646468,0x00000000008c4fb1c916e0c88fd4cc402d935e7d,0xdc88f8a61a12348ca9cb01baec40a8ae7aa29ca1fafbb7d4907eedee7a62a313,0x00000000008c4fb1c916e0c88fd4cc402d935e7d,0x00000000008c4fb1c916e0c88fd4cc402d935e7d,0,0,252491921664.0,0.0,0.0,248618544108.0,45951315343.0,0xbf86863e4339b0f093ee5859e5cb4c4fc20e4da84bf2cee640ce40f217cae85f,0x00000000008c4fb1c916e0c88fd4cc402d935e7d,0x00000000008c4fb1c916e0c88fd4cc402d935e7d,2,0.0,248618544108.0,256000876544.0,0.0,10260906566006.0,1,0xad281040be5a31397a39b9992d8cd18def059c891c1efb7b739f87663b0b69bb,239975000000.0,0.0,0.0,231504022142.0,3508.95488,0.0,3508.95488,1.5460286822023501,4453.6906836990165,-944.7358036990167
47,USDC_USDT,14433265,1647913755,0x00000000008c4fb1c916e0c88fd4cc402d935e7d,0xc234af07aa51352c51958442e902834078ab3fc8feffd639a24356524b2e2c33,0x00000000008c4fb1c916e0c88fd4cc402d935e7d,0x00000000008c4fb1c916e0c88fd4cc402d935e7d,0,0,251484473856.0,0.0,0.0,247725886330.0,48428940914.0,0x88555ac230eb1f21869d0720fa7afcc36d92b2832db7bd36b398300485c4bf41,0x00000000008c4fb1c916e0c88fd4cc402d935e7d,0x00000000008c4fb1c916e0c88fd4cc402d935e7d,2,0.0,247725886330.0,252079716864.0,0.0,1731516097452.0,1,0x246f81bfd02c5551c8c8812c5b5a8c41d319d52c8945dc541e4c76f759b2c9af,100586749800.0,0.0,0.0,97636897916.0,595.243008,0.0,595.243008,0.2669917557549,815.0864903728748,-219.84348237287475
48,USDC_USDT,14441649,1648026594,0x00000000008c4fb1c916e0c88fd4cc402d935e7d,0x0fab293fb95512080b4fb3f1a8935e6b0a22436dc41862f62bb6a05504b98228,0x00000000008c4fb1c916e0c88fd4cc402d935e7d,0x00000000008c4fb1c916e0c88fd4cc402d935e7d,0,1,0.0,59386215264.0,59135304627.0,0.0,24240702432.0,0xfe21d95cc326c19288223fdc50481bd173f0b761db3fffccf93ee1c174d9e4ac,0x00000000008c4fb1c916e0c88fd4cc402d935e7d,0x00000000008c4fb1c916e0c88fd4cc402d935e7d,2,59135304627.0,0.0,0.0,59527930816.0,381917877601.0,1,0x38a263a3f1d647b4828f3e9a9aaf5190a8e1d50769e81980d562eb4ca762cabf,0.0,100000000000.0,98913498811.0,0.0,0.0,141.715552,141.715552,0.06092378700495,185.9913449000865,-44.275792900086486
49,USDC_USDT,14559332,1649612446,0x0000000099cb7fc48a935bceb9f05bbae54e8987,0xdbbfa50d0708d1e5189eedf893180f72fcb9ca70fc31bc89687737fd8730389f,0x0000000099cb7fc48a935bceb9f05bbae54e8987,0x0000000099cb7fc48a935bceb9f05bbae54e8987,0,0,279918026009.0,0.0,0.0,276075256242.0,31038334916.0,0x4244700395695a69a5f209a397e63f720241acdf2f6620daa0ce3711ee3a83ee,0x0000000099cb7fc48a935bceb9f05bbae54e8987,0x0000000099cb7fc48a935bceb9f05bbae54e8987,2,0.0,276075256241.0,281165850410.0,0.0,31038334916.0,1,0xd6f1816c3e98b39f563e561bb1720d90f80a04a4de4d8d8e7d239706f374df56,140000000000.0,0.0,0.0,135918931452.0,1247.824401,1e-06,1247.8244020000002,0.0093115004748,27.913061471313455,1219.9113405286867
50,USDC_USDT,14596347,1650112226,0x0000000099cb7fc48a935bceb9f05bbae54e8987,0x992970ed43b99971fc87bfc8f0ba95dcad2ff9b680f65eca97c2492c78a1f7bf,0x0000000099cb7fc48a935bceb9f05bbae54e8987,0x0000000099cb7fc48a935bceb9f05bbae54e8987,0,0,163209127213.0,0.0,0.0,161334610425.0,18249036640.0,0x767033e150c1b7e71a4121c02638448a8b4adb177f159a914ae5d9fdf71e67a0,0x0000000099cb7fc48a935bceb9f05bbae54e8987,0x0000000099cb7fc48a935bceb9f05bbae54e8987,2,0.0,161334610424.0,164143382511.0,0.0,2334843410591.0,1,0xc9f6cb1cb39372ec6429e01b12da2e8a8641318c71870c923f8ee557521bc65c,99464000000.0,0.0,0.0,96804506505.0,934.255298,1e-06,934.255299,0.35296386708465,1066.1535130202508,-131.89821402025075
51,USDC_USDT,14664108,1651029882,0x0000000099cb7fc48a935bceb9f05bbae54e8987,0x6462dd86701f161cf20b595ad1554ad494d1ec1994d16b6d75bbf1baa34a87d5,0x0000000099cb7fc48a935bceb9f05bbae54e8987,0x0000000099cb7fc48a935bceb9f05bbae54e8987,0,0,183468601989.0,0.0,0.0,180828302654.0,50168286064.0,0x81d65162061f3faa41e36387209e0b371dc441b8f586c460f91df91f3870554f,0x0000000099cb7fc48a935bceb9f05bbae54e8987,0x0000000099cb7fc48a935bceb9f05bbae54e8987,2,0.0,180828302653.0,183860496543.0,0.0,1023085885391.0,1,0xc69ab888a16dc2e2c75982164a4a19072f5cdbc7cbb0de395225ea88ef4b65c1,70000000000.0,0.0,0.0,67979486544.0,391.894554,1e-06,391.894555,0.16098812571825,462.9054368872694,-71.01088188726936
52,USDC_USDT,14784922,1652686006,0x0000000099cb7fc48a935bceb9f05bbae54e8987,0x9282e1b8a98c73b2a1ee129eb166ce83fc5fc1babba7cd5c3e80cbfe27534400,0x0000000099cb7fc48a935bceb9f05bbae54e8987,0x0000000099cb7fc48a935bceb9f05bbae54e8987,0,0,164228710883.0,0.0,0.0,162185041405.0,20358123392.0,0xc82fe3f3d2124996053b2ab0052be4213b83f8c337539a3126d08c25a1f471e7,0x0000000099cb7fc48a935bceb9f05bbae54e8987,0x0000000099cb7fc48a935bceb9f05bbae54e8987,2,0.0,162185041404.0,165146001859.0,0.0,20358123392.0,1,0xc7535af18a2b3409b508d1be638d32634d798f5f8d11dcb26eeaaa4a98485185,91000000000.0,0.0,0.0,88412220495.0,917.290976,1e-06,917.290977,0.0061074370176,12.428168399472055,904.862808600528
53,USDC_USDT,14931889,1654767394,0x46c4128981525aa446e02ffb2ff762f1d6a49170,0xc16fe1e1bd614d781ef36f1258ec2acc8a9f07bf76954ecb01ac17ce4a5196ff,0x46c4128981525aa446e02ffb2ff762f1d6a49170,0x46c4128981525aa446e02ffb2ff762f1d6a49170,2,0,22614370728.0,0.0,0.0,22541821741.0,46392825747.0,0x65884d0149d65abff6a02ec0246e5910e3a244798354e5ad87f1756c4b2f9f02,0x46c4128981525aa446e02ffb2ff762f1d6a49170,0x46c4128981525aa446e02ffb2ff762f1d6a49170,4,0.0,22541821740.0,22671606537.0,0.0,217881237476.0,1,0xa2a3617b94b0124eeba07fd35ac76c8ddf8ee1a33fe719e90da2314006e4bda0,40396876313.0,0.0,0.0,40000000000.0,57.235809,1e-06,57.23581,0.03964110948345,57.91185219850296,-0.6760421985029623
54,USDC_USDT,14953360,1655084317,0x00000000008c4fb1c916e0c88fd4cc402d935e7d,0xfd9196877a96b227d839d5cf13a7d91b23627a37ffd7fd3bd4f86ec2daaa23a6,0x00000000008c4fb1c916e0c88fd4cc402d935e7d,0x00000000008c4fb1c916e0c88fd4cc402d935e7d,0,0,1515473715200.0,0.0,0.0,1306473879561.0,98981564794.0,0x404cafd453a87fa470d6fdf142ab845f33fda5b5618c12aaa4bcae2a156c51e7,0x00000000008c4fb1c916e0c88fd4cc402d935e7d,0x00000000008c4fb1c916e0c88fd4cc402d935e7d,2,0.0,1306473879561.0,1520788295680.0,0.0,24993672304137.0,1,0x25343fee399916445016633707ad9d11341b9bbed91004b968a15f084b1d7188,51542624455.0,0.0,0.0,38142524568.0,5314.58048,0.0,5314.58048,3.7638980803396502,4196.763981126122,1117.8164988738772
55,USDC_USDT,15006571,1655883597,0x0000000099cb7fc48a935bceb9f05bbae54e8987,0x8beedfbc3e15a30e27fce970c2b42f8648ad8b12f20e94442519dd72421ae84b,0x0000000099cb7fc48a935bceb9f05bbae54e8987,0x0000000099cb7fc48a935bceb9f05bbae54e8987,1,0,76985181630.0,0.0,0.0,76011626018.0,15290227223.0,0xa7bc4382b3a8723a8ba62a52224d7bd7605ff25bd3d852cecbfd18a1265cd796,0x0000000099cb7fc48a935bceb9f05bbae54e8987,0x0000000099cb7fc48a935bceb9f05bbae54e8987,3,0.0,76011626017.0,77028915608.0,0.0,336601751574.0,1,0x90b998c992bd3236d7ffaae693168ca268762b09480aa615ca8277b7a4b2255b,25678916359.0,0.0,0.0,25022500000.0,43.733978,1e-06,43.733979,0.05278379681955,64.84670534731418,-21.112726347314187
56,USDC_USDT,15031931,1656294757,0x0000000099cb7fc48a935bceb9f05bbae54e8987,0x1d6ea16fe13780d299282b18695faf153189599a38263a90e8da150f4007a1f7,0x0000000099cb7fc48a935bceb9f05bbae54e8987,0x0000000099cb7fc48a935bceb9f05bbae54e8987,0,1,0.0,26675712472.0,26511717380.0,0.0,22672230955.0,0xd313e882aa3d5d46f68f49ba305d74e6ebcf204db464659909b0aab790b4e355,0x0000000099cb7fc48a935bceb9f05bbae54e8987,0x0000000099cb7fc48a935bceb9f05bbae54e8987,2,26511717379.0,0.0,0.0,26900589305.0,1597165178418.0,1,0xea9fba30dce3342e62657e2b827fc4656326e0bf56490845d2b5a35b5bd507f7,0.0,47603048484.0,46784530186.0,0.0,1e-06,224.876833,224.876834,0.24297561140595,265.2331355150345,-40.35630151503452
57,USDC_USDT,15052070,1656617110,0x00000000008c4fb1c916e0c88fd4cc402d935e7d,0x2a138fdbae18d789d837ea5b7d5a097c0df775d8b2e6ec281d9d36891437a6be,0x00000000008c4fb1c916e0c88fd4cc402d935e7d,0x00000000008c4fb1c916e0c88fd4cc402d935e7d,3,0,13811414779.0,0.0,0.0,13793952747.0,22881449938.0,0x10764d967e7a8749c84b8353439236d3568cdf2a3269d81733de8b9be60664d2,0x00000000008c4fb1c916e0c88fd4cc402d935e7d,0x3416cf6c708da44db2624d63ea0aaef7113527c6,5,0.0,42979272296.0,43178431109.0,0.0,1047125779038.0,1,0x56ac93f64a397ba1a2494811a4c7a745cb6152af8544632067018970d58b1c8d,49963912518.0,0.0,0.0,49480430330.0,29367.01633,-29185.319549,181.69678099999874,0.1605010843464,172.25182396869192,9.444957031306814
58,USDC_USDT,15205229,1658664649,0x00000000008c4fb1c916e0c88fd4cc402d935e7d,0x6d63eb38b0b3a321e0eff7b93b3065a5ab37fe1f6089f9a90f58de6202e6a9c7,0x00000000008c4fb1c916e0c88fd4cc402d935e7d,0x00000000008c4fb1c916e0c88fd4cc402d935e7d,15,0,174272151808.0,0.0,0.0,169557067433.0,8476176955.0,0x6d25e7e9ba0cfbfc900922130f139ab58ec9d62ed1ac1dd63aab242389d44e82,0x00000000008c4fb1c916e0c88fd4cc402d935e7d,0x00000000008c4fb1c916e0c88fd4cc402d935e7d,17,0.0,169557067433.0,175393816064.0,0.0,5671563759527.0,1,0x586f5dcd7ff414d030b9f8bab6c21305e5e748abb46de6a295033c3586bbca52,44941965777.0,0.0,0.0,42403455138.0,1121.664256,0.0,1121.664256,0.8520059904723001,1247.403044981364,-125.738788981364
59,USDC_USDT,15356817,1660713515,0x0000000099cb7fc48a935bceb9f05bbae54e8987,0xc428ce39c2308eb0bc9baae761eab482c05817a346a7edeb53eee05bc2c4e4cf,0x0000000099cb7fc48a935bceb9f05bbae54e8987,0x0000000099cb7fc48a935bceb9f05bbae54e8987,0,0,94836998698.0,0.0,0.0,92974896706.0,3773436105.0,0x67a1c2bb4b2297d1ec6b9de6c1542d7946af72532d28a289aa295dd5c9f190c9,0x0000000099cb7fc48a935bceb9f05bbae54e8987,0x0000000099cb7fc48a935bceb9f05bbae54e8987,2,0.0,92974896705.0,94931996425.0,0.0,430577500959.0,1,0x0d1477802dd341ef28873e6266f431a57fcfff33eec2c5d2959ca7c0c433b6f4,20502248610.0,0.0,0.0,19705966150.0,94.997727,1e-06,94.997728,0.0651526405596,111.22906650167228,-16.231338501672283
60,USDC_USDT,15551990,1663401791,0x00000000008c4fb1c916e0c88fd4cc402d935e7d,0x66538db9039614691b01bdbf9ea89cce7ca3f89c4d03890079e9a1561be2c740,0x00000000008c4fb1c916e0c88fd4cc402d935e7d,0x00000000008c4fb1c916e0c88fd4cc402d935e7d,0,0,17024196563.0,0.0,0.0,16886363663.0,5906132260.0,0x646da77493f4dc2185fbcf67dc88d2cdcb28e6cf970e9886dc74c84b9b06157a,0x00000000008c4fb1c916e0c88fd4cc402d935e7d,0x3416cf6c708da44db2624d63ea0aaef7113527c6,2,0.0,50529366006.0,50909272197.0,0.0,985529051776.0,1,0x4851475a2339e288e75b3b2d246e3f1479716d258cf301d15b059905eb1513c2,35554851884.0,0.0,0.0,35000000000.0,33885.075634,-33643.002343,242.0732910000006,0.1487152776054,203.40374535655337,38.669545643447236
61,USDC_USDT,15738847,1665659903,0x00000000008c4fb1c916e0c88fd4cc402d935e7d,0x7af0e025e2307a7ab946af03e233a34722224b79adcfcf3b36c244cb8d36f399,0x00000000008c4fb1c916e0c88fd4cc402d935e7d,0x00000000008c4fb1c916e0c88fd4cc402d935e7d,0,0,34130645423.0,0.0,0.0,33837843335.0,9962809070.0,0x1280307318c79e1e3a24ce55789c802d146d6436c7c20ca6a8e3cc9dac47da9f,0x00000000008c4fb1c916e0c88fd4cc402d935e7d,0x3416cf6c708da44db2624d63ea0aaef7113527c6,2,0.0,55814228071.0,56274401382.0,0.0,637134419871.0,1,0xacd70ca7880af0554493890a4809cbad6704f6d80897c85a56a72d4aa9411513,30332557865.0,0.0,0.0,29791066596.0,22143.755959,-21976.384736,167.37122299999828,0.09706458434115,126.02560776919242,41.34561523080586
62,USDC_USDT,15952170,1668234839,0x00000000008c4fb1c916e0c88fd4cc402d935e7d,0x1c248f94a778c707de637e50062ab2a598c405be36160d7ee7d03762d5b8fc30,0x00000000008c4fb1c916e0c88fd4cc402d935e7d,0x00000000008c4fb1c916e0c88fd4cc402d935e7d,15,0,22659618784.0,0.0,0.0,22578067669.0,28034578813.0,0x7cbbbcc7d485bac940cef6d4b7dd32fa60ba70bc55a9f2457f3f1d64de360aca,0x00000000008c4fb1c916e0c88fd4cc402d935e7d,0x00000000008c4fb1c916e0c88fd4cc402d935e7d,17,0.0,22578067669.0,22708261056.0,0.0,288474039048.0,1,0x082db2abec3bbba8d951634cb0d78c4e3374bda29b20a33b3e30e2dda426d44a,22353967200.0,0.0,0.0,22091219176.0,48.642272,0.0,48.642272,0.04747629267915,59.66962955156553,-11.02735755156553
63,USDC_USDT,16223376,1671508823,0x00000000008c4fb1c916e0c88fd4cc402d935e7d,0x4d9f7cf42f89465a7355d0a567c06abb16bb8f46341b264ff147a2f3b9d3cb84,0x00000000008c4fb1c916e0c88fd4cc402d935e7d,0x00000000008c4fb1c916e0c88fd4cc402d935e7d,0,0,13529765136.0,0.0,0.0,13453456935.0,12352952708.0,0x09b8adeeb6e311ff94bc38c4020588032269803a8fd813c4a78274e95653502c,0x00000000008c4fb1c916e0c88fd4cc402d935e7d,0x3416cf6c708da44db2624d63ea0aaef7113527c6,2,0.0,30047455318.0,30222377847.0,0.0,395146646207.0,1,0x7415c0319c3e3528e5be305bbaa5fbac67d5f6aaced4c348453fc1fad81a950e,25078974000.0,0.0,0.0,24760903059.0,16692.612711,-16593.998383,98.6143280000033,0.06112493983725,72.84273176954622,25.771596230457078
64,USDC_USDT,16235519,1671655151,0x00000000008c4fb1c916e0c88fd4cc402d935e7d,0xb804e70cdf9d852768043231366aeeec635656189acb5c1455fda15bbdf5316a,0x00000000008c4fb1c916e0c88fd4cc402d935e7d,0x00000000008c4fb1c916e0c88fd4cc402d935e7d,0,0,13597884649.0,0.0,0.0,13525735950.0,12341487405.0,0x75ab8e258bf6807ac2529f0c9a11273d9b2d58f1fe70bf13f614df28e902e847,0x00000000008c4fb1c916e0c88fd4cc402d935e7d,0x3416cf6c708da44db2624d63ea0aaef7113527c6,2,0.0,28992527884.0,29155780280.0,0.0,339789665422.0,1,0x45072b531add9585e2804042bfcf2d2aba911baf0b7572c68178b60ad44baa79,24988581200.0,0.0,0.0,24680877989.0,15557.895631,-15466.791934,91.10369699999865,0.05281967292405,64.25025363870448,26.85344336129417
65,USDC_USDT,16384362,1673449643,0x00000000008c4fb1c916e0c88fd4cc402d935e7d,0x0d44643596165aa419250ad94671214262a058b212f0915e518201e22ccbec96,0x00000000008c4fb1c916e0c88fd4cc402d935e7d,0x00000000008c4fb1c916e0c88fd4cc402d935e7d,0,0,20320676064.0,0.0,0.0,20206192838.0,26358657161.0,0x301c1cc25ba6ba46ea022698e7dd1b72bf58752a6e19523e71120f0bc5fdb1fa,0x00000000008c4fb1c916e0c88fd4cc402d935e7d,0x00000000008c4fb1c916e0c88fd4cc402d935e7d,2,0.0,20206192838.0,20408082448.0,0.0,545188000401.0,1,0x7078ef71b515128e26913b611f9c96a52d4aa4589cf198df8441b23e5f6507ea,27400011889.0,0.0,0.0,27002000000.0,87.406384,0.0,87.406384,0.0857319986343,120.52022694554381,-33.11384294554381
66,USDC_USDT,16509633,1674960971,0x00000000008c4fb1c916e0c88fd4cc402d935e7d,0x63cb61abbd6067c2bd1195226a5aa395b6b0c31a715f15d2db11b9dad84155d0,0x00000000008c4fb1c916e0c88fd4cc402d935e7d,0x00000000008c4fb1c916e0c88fd4cc402d935e7d,0,1,0.0,2942366503.0,2942406398.0,0.0,14978072647.0,0xbfe07ff1818775dca8ed2e3123f2658fc0525e411d597a8f57b1804cae726595,0x00000000008c4fb1c916e0c88fd4cc402d935e7d,0x3416cf6c708da44db2624d63ea0aaef7113527c6,2,55591671888.0,0.0,0.0,56201855465.0,2344912253712.0,1,0xe9e8e307c1f5e0412e83e6fc2b663395e82817978f1c8830680daa3ea5a60192,0.0,69435404371.0,68450405885.0,0.0,-52649.26549,53259.488962,610.2234720000051,0.35398354895385,554.1892908556196,56.03418114438557
67,USDC_USDT,16780035,1678235951,0x00000000008c4fb1c916e0c88fd4cc402d935e7d,0x7a8e1e2da705e535de4a524bf4ef4e97cf8f9a257dbdefd35f8c09648c7354c6,0x00000000008c4fb1c916e0c88fd4cc402d935e7d,0x00000000008c4fb1c916e0c88fd4cc402d935e7d,0,1,0.0,3115621465.0,3104122727.0,0.0,35061900741.0,0xcbfdaafaab6ed21c6a377bf210a3609938729b07b2d356136ec5313d69020bd1,0x00000000008c4fb1c916e0c88fd4cc402d935e7d,0x3416cf6c708da44db2624d63ea0aaef7113527c6,2,33950439286.0,0.0,0.0,34117456120.0,557667275348.0,1,0x0296a456cf5a3362e2826579b6a24df13f66ba97438545fb9f6429f87388bedc,0.0,40888410171.0,40483605534.0,0.0,-30846.316559,31001.834655,155.5180959999998,0.08890937641335,125.43334209407443,30.084753905925353
68,USDC_USDT,16801212,1678493627,0x6b75d8af000000e20b7a7ddf000ba900b4009a80,0xbeb4049eaba37e992f5e3ef925e7c64e3a84b907ce4339df7f79bbd0069fd322,0x6b75d8af000000e20b7a7ddf000ba900b4009a80,0x6b75d8af000000e20b7a7ddf000ba900b4009a80,3,0,13574741993.0,0.0,0.0,13331945216.0,50317234787.0,0x54a641684ecd2692df73d94504cb0cf9c5b67117a8364e67f0d102012b759a2c,0x6b75d8af000000e20b7a7ddf000ba900b4009a80,0x6b75d8af000000e20b7a7ddf000ba900b4009a80,5,0.0,13331945216.0,13644703658.0,0.0,415191645482.0,1,0x872fb368124539a8ce744756ce03c44cb16f51d150243620e73954ff33cd5324,30379904369.0,0.0,0.0,29596705433.0,69.961665,0.0,69.961665,0.06982633204035,117.67322008594844,-47.71155508594845
69,USDC_USDT,16802544,1678509791,0x00000000008c4fb1c916e0c88fd4cc402d935e7d,0x9886b7a50760d3787565729ec84c4bcdbdbe1768890f2fe436389f906c185849,0x00000000008c4fb1c916e0c88fd4cc402d935e7d,0x00000000008c4fb1c916e0c88fd4cc402d935e7d,0,0,381523670016.0,0.0,0.0,341038058348.0,152436949351.0,0x7389e16275485c12e5e919f56ea761c72e07c197fea0f844e391035cb1e13929,0x00000000008c4fb1c916e0c88fd4cc402d935e7d,0x00000000008c4fb1c916e0c88fd4cc402d935e7d,2,0.0,341038058348.0,382529815296.0,0.0,5119620942838.0,1,0x8ab423394a36987d33402618422855001b010ebb68ad56b34ddc6e5c8bf19a50,25135115201.0,0.0,0.0,20918958227.0,1006.14528,0.0,1006.14528,0.7908086838283499,1332.692146055137,-326.5468660551371
70,USDC_USDT,16802546,1678509815,0x00000000008c4fb1c916e0c88fd4cc402d935e7d,0xd13cf2f7f6b45cf22e1643a746d424c6a4931e4311f12243be0ad2cf2b15f70d,0x00000000008c4fb1c916e0c88fd4cc402d935e7d,0x00000000008c4fb1c916e0c88fd4cc402d935e7d,0,0,86135091200.0,0.0,0.0,79617241825.0,156128849204.0,0x5a1a267d3703ee5b2cc73c4975240fc663dad8dbee6b265fd4a3466470b2987a,0x00000000008c4fb1c916e0c88fd4cc402d935e7d,0x00000000008c4fb1c916e0c88fd4cc402d935e7d,2,0.0,79617241825.0,86533764096.0,0.0,2084320465547.0,1,0x10a992cbdb05d54c22ec0184627ea297d4193bd62cd9cda26a44464c914dc291,30000000000.0,0.0,0.0,27161193772.0,398.672896,0.0,398.672896,0.33606739721265,566.3498517015587,-167.6769557015587
71,USDC_USDT,16802617,1678510679,0x6b75d8af000000e20b7a7ddf000ba900b4009a80,0x724eaa9008d7350f8dea6e62dd6ce72bca6851df218b79068eaf5a21c5860391,0x6b75d8af000000e20b7a7ddf000ba900b4009a80,0x6b75d8af000000e20b7a7ddf000ba900b4009a80,15,1,0.0,9789333420.0,10308422912.0,0.0,106957919161.0,0x5d8b006c14688a90e73027398908cc0892d9cf28ab6e849fead2ac61998c246f,0x6b75d8af000000e20b7a7ddf000ba900b4009a80,0x6b75d8af000000e20b7a7ddf000ba900b4009a80,17,10308422912.0,0.0,0.0,9885318782.0,519357203427.0,1,0x6830c23be33631e77c6583c7aa775e87cc99db334f7015415710995237ce8727,0.0,41065980589.0,42823336369.0,0.0,0.0,95.985362,95.985362,0.0939472683882,158.32247329173774,-62.33711129173774
72,USDC_USDT,16802642,1678510979,0x00000000008c4fb1c916e0c88fd4cc402d935e7d,0x883a7c8af6fa5b49f0f2a88549d4b7fa05114ded0cfc7add73bcf087d11ee96b,0x00000000008c4fb1c916e0c88fd4cc402d935e7d,0x00000000008c4fb1c916e0c88fd4cc402d935e7d,0,1,0.0,25358061540.0,26765240824.0,0.0,109024898150.0,0xeb725e36e98560c2da483208883c71601692fa870603c1c7c93125d8859409ca,0x00000000008c4fb1c916e0c88fd4cc402d935e7d,0x7858e59e0c01ea06df3af3d20ac7b0003275d4bf,2,137037998391.0,0.0,0.0,131589714337.0,11997131232273.0,1,0xeb06ba62b3b65364f7509f6a7b1b6ed9a264611c95d47160a3cace4181dcab04,0.0,104188049806.0,107281580644.0,0.0,-110272.757567,106231.652797,-4041.104769999991,1.8159234195634502,3060.2431771160072,-7101.347947115998
73,USDC_USDT,16802667,1678511291,0x0000000099cb7fc48a935bceb9f05bbae54e8987,0x29bb6d315122c3e189b8908bb3211c0bb802342980f904437013344247f90056,0x0000000099cb7fc48a935bceb9f05bbae54e8987,0x0000000099cb7fc48a935bceb9f05bbae54e8987,6,1,0.0,10866375160.0,11604413323.0,0.0,116702322529.0,0xfacc280bef71a2cf875b24d932aa04f6fd3babd32cbe19e55bb896c350b8ab6c,0x0000000099cb7fc48a935bceb9f05bbae54e8987,0x0000000099cb7fc48a935bceb9f05bbae54e8987,8,11604413322.0,0.0,0.0,10922735325.0,231128727292.0,1,0x51a0314fc7a8aabcbb06b79aa90fbb25bf1a4206fddc4ea3edd4b6d8e3bd8c7f,0.0,28883700000.0,30608962289.0,0.0,1e-06,56.360165,56.360166,0.05217465747315,87.92614150488578,-31.565975504885778
74,USDC_USDT,16802668,1678511303,0x00000000008c4fb1c916e0c88fd4cc402d935e7d,0x64cc374d18d78bdbd345d5935711904428bf2da086d1f0a2749c692cd542f209,0x00000000008c4fb1c916e0c88fd4cc402d935e7d,0x00000000008c4fb1c916e0c88fd4cc402d935e7d,0,1,0.0,1053280894464.0,926249482020.0,0.0,118003299597.0,0x09241fa9820ccd349527e8b5a7a08fed3120f6c830f285988916c440cb59f4ed,0x00000000008c4fb1c916e0c88fd4cc402d935e7d,0x00000000008c4fb1c916e0c88fd4cc402d935e7d,2,926249482020.0,0.0,0.0,1068774356224.0,69728323791773.0,1,0x10aa492bd23094cbdad329983d5f11e1a91843f460df053db3a902cd389280c4,0.0,66981624762.0,48401440716.0,0.0,0.0,15493.46176,15493.46176,10.476949063705499,17656.03744286994,-2162.5756828699396
75,USDC_USDT,17666749,1689034499,0x6b75d8af000000e20b7a7ddf000ba900b4009a80,0x51cff892f27aba005794faac63305ea769ba1fa8c14c7efa546957bf1645b0c9,0x6b75d8af000000e20b7a7ddf000ba900b4009a80,0x6b75d8af000000e20b7a7ddf000ba900b4009a80,0,1,0.0,16079597730.0,16003627520.0,0.0,18680641718.0,0x85aee570bae028ceed3d73fc7a8c79166f38f34d82f66b2bea244e9e24cf4354,0x6b75d8af000000e20b7a7ddf000ba900b4009a80,0x6b75d8af000000e20b7a7ddf000ba900b4009a80,9,16003627521.0,0.0,0.0,16101609216.0,224877662216.0,1,0x2eb4cd39feec0cb6fa1a6adeb5e0afb665e173887e2283765626d16cc9c456cf,0.0,40397585140.0,40000000000.0,0.0,-1e-06,22.011486,22.011485,0.0365337455901,68.53472756707805,-46.52324256707805
76,USDC_USDT,17676746,1689156023,0x6b75d8af000000e20b7a7ddf000ba900b4009a80,0x5c0a0415e0e33f9874ddb3354e76f512cf0f0a4d4b89fd7ac5361d22f626d8c5,0x6b75d8af000000e20b7a7ddf000ba900b4009a80,0x6b75d8af000000e20b7a7ddf000ba900b4009a80,0,0,55799813262.0,0.0,0.0,55346462208.0,21905920154.0,0x3ddc719a2418f147b2698b1e56c2d27e05a1f23b74ae4e6e507389c0954e61e1,0x6b75d8af000000e20b7a7ddf000ba900b4009a80,0x6b75d8af000000e20b7a7ddf000ba900b4009a80,6,0.0,55346462209.0,56070690816.0,0.0,852725761725.0,1,0xf9666c7997f8330c7dde8ce656c755eb0e6fedb7393eb0e33fa07fc95f2776d0,59700000000.0,0.0,0.0,58595248313.0,270.877554,-1e-06,270.877553,0.13119475228185,247.94698524569372,22.930567754306253
77,USDC_USDT,17676979,1689158831,0x6b75d8af000000e20b7a7ddf000ba900b4009a80,0x61290a2d5612598d9029934fb06d2e5e8f479a48b80b1c2c9924831e5da5660f,0x6b75d8af000000e20b7a7ddf000ba900b4009a80,0x6b75d8af000000e20b7a7ddf000ba900b4009a80,0,1,0.0,56694369567.0,56168702464.0,0.0,17323064467.0,0xec25be23840316cb66d0d81ec0fa1537866d929d06a4670dce59a172db9c12ff,0x6b75d8af000000e20b7a7ddf000ba900b4009a80,0x6b75d8af000000e20b7a7ddf000ba900b4009a80,2,56168702465.0,0.0,0.0,56977665792.0,1105985260443.0,1,0x29e70b7b50561401ae2f0f441d82552b93c08fa4de9c5e39865b6fb9d2378266,0.0,60523427476.0,59325848922.0,0.0,-1e-06,283.296225,283.296224,0.1684962487365,327.3249370480486,-44.02871304804859
78,USDC_USDT,17742371,1689952847,0x6b75d8af000000e20b7a7ddf000ba900b4009a80,0x1f4aa246a81827d58b573800a0a5ee35ab3389fa2409159ce04f07b02a7ebdca,0x6b75d8af000000e20b7a7ddf000ba900b4009a80,0x6b75d8af000000e20b7a7ddf000ba900b4009a80,0,0,70028402492.0,0.0,0.0,69539318528.0,29822784011.0,0xabc5b36e34f83caa4882acb6998da6c0d7c8f3cc6c9c5bd40f90a0955e597a6d,0x6b75d8af000000e20b7a7ddf000ba900b4009a80,0x6b75d8af000000e20b7a7ddf000ba900b4009a80,2,0.0,69539318529.0,70517093632.0,0.0,1480950787233.0,1,0x80ecfb05c872c38ee4e48603e12a73e600df50365263728664bcaa0bd572cb92,71406999943.0,0.0,0.0,70000700007.0,488.69114,-1e-06,488.691139,0.2266160356866,428.8403876820983,59.85075131790171
79,USDC_USDT,17857530,1691344427,0x6b75d8af000000e20b7a7ddf000ba900b4009a80,0x293cb532817ddcdcf2194f819f8906080104f8e9eee2d349c03d5b670fa3ce97,0x6b75d8af000000e20b7a7ddf000ba900b4009a80,0x6b75d8af000000e20b7a7ddf000ba900b4009a80,0,0,126672493589.0,0.0,0.0,125028537600.0,13644983761.0,0x5732d18293126d65c5e21b3d10a6e23e227fef3519642f021c2c10076d9ca4b3,0x6b75d8af000000e20b7a7ddf000ba900b4009a80,0x6b75d8af000000e20b7a7ddf000ba900b4009a80,2,0.0,125028537345.0,126715950336.0,0.0,188708433335.0,1,0x4979569beb6198a360b56f1401717f72932cc2820dfef912256db1ccb64f62be,34910000000.0,0.0,0.0,33953387223.0,43.456747,0.000255,43.457002,0.0303530125644,56.47730871122754,-13.02030671122754
80,USDC_USDT,18115374,1694462627,0x6b75d8af000000e20b7a7ddf000ba900b4009a80,0x4a49360f8c54aa320afd1fb53f7b7001fbcb049a75eae2bbcbd03517c2eab97d,0x6b75d8af000000e20b7a7ddf000ba900b4009a80,0x6b75d8af000000e20b7a7ddf000ba900b4009a80,0,0,10241614758.0,0.0,0.0,10227443712.0,137543173545.0,0x14830d6c71c14342b73cc7bc541e37430344c381d543d3802fd1b85aa2b8b221,0x6b75d8af000000e20b7a7ddf000ba900b4009a80,0x6b75d8af000000e20b7a7ddf000ba900b4009a80,3,0.0,10227443457.0,10458128640.0,0.0,3558492187259.0,1,0x64d0935999d7125d34a9ce7647c93e5725dfcee0ddb6fb2fa86ff808834216c3,147305848942.0,0.0,0.0,145000000000.0,216.513882,0.000255,216.514137,0.5544053041206,888.0682271219307,-671.5540901219307
81,USDC_USDT,18542685,1699633055,0x6b75d8af000000e20b7a7ddf000ba900b4009a80,0xd0259a91804d60bf5dfe10342f19b7e7d32030e1386fb253912d70b2031bd705,0x6b75d8af000000e20b7a7ddf000ba900b4009a80,0x6b75d8af000000e20b7a7ddf000ba900b4009a80,0,1,0.0,66333192777.0,65777073408.0,0.0,57519735850.0,0x201422b42a7ede24c7fc80a601dea09507522bb40e583c4d5183672e9548d0d1,0x6b75d8af000000e20b7a7ddf000ba900b4009a80,0x6b75d8af000000e20b7a7ddf000ba900b4009a80,2,65777073153.0,0.0,0.0,66533685760.0,536261099092.0,1,0x56daed214c4b4d01ef06b94aee36a75dc7624747e5b1a1b96d52600cb9ff792c,0.0,45889964293.0,45004500450.0,0.0,0.000255,200.492983,200.49323800000002,0.0890671252413,183.64897598840915,16.84426201159087
82,USDC_USDT,18643112,1700847575,0x6b75d8af000000e20b7a7ddf000ba900b4009a80,0xdb96b8075ce0ca764b33566fa4b83bad7bd1252983901e6b1f86b0cb8fa0529a,0x6b75d8af000000e20b7a7ddf000ba900b4009a80,0x6b75d8af000000e20b7a7ddf000ba900b4009a80,1,0,5091012200.0,0.0,0.0,5071761152.0,30950421438.0,0x6971be4528a628df5693ac359de51ac054482d5fe45597beabc862bbc9a21729,0x6b75d8af000000e20b7a7ddf000ba900b4009a80,0x6b75d8af000000e20b7a7ddf000ba900b4009a80,3,0.0,5071760897.0,5113720320.0,0.0,133558822588.0,1,0xcaa227aa3c06d56e9f379b4424aea5900d924bd77d03e203ad78416878877909,10675343948.0,0.0,0.0,10553105499.0,22.70812,0.000255,22.708375,0.0246763866039,51.38090625993164,-28.67253125993164
83,USDC_USDT,18669921,1701172067,0x6b75d8af000000e20b7a7ddf000ba900b4009a80,0x219fcd7a1a892f856f182141ee7fd1b3af1478613b17f814512c55d5fd0c61ce,0x6b75d8af000000e20b7a7ddf000ba900b4009a80,0x6b75d8af000000e20b7a7ddf000ba900b4009a80,6,0,5090329728.0,0.0,0.0,5073005824.0,28043005403.0,0x5d19d3591cc57c1a234dd4436a13c54c12b800795781f4ce6f440ef9a8169243,0x6b75d8af000000e20b7a7ddf000ba900b4009a80,0x6b75d8af000000e20b7a7ddf000ba900b4009a80,8,0.0,5073005569.0,5109664000.0,0.0,62963769855.0,1,0x93a43ebc54e707e8c19b3386ab1a5ee7ce52fe1b88e92e12086fc47e9e20e83a,10000000000.0,0.0,0.0,9892511218.0,19.334272,0.000255,19.334526999999998,0.0136510162887,27.98313201866421,-8.648605018664213
84,USDC_USDT,18719384,1701770087,0x6b75d8af000000e20b7a7ddf000ba900b4009a80,0x96cf4eb9caa3cf91cdd94cc4002dc6a9f0dea864f22e401e7a7bba61038c9f17,0x6b75d8af000000e20b7a7ddf000ba900b4009a80,0x6b75d8af000000e20b7a7ddf000ba900b4009a80,0,1,0.0,33994385174.0,33456436992.0,0.0,39059574630.0,0x571d1b2fa09c3c094dcce7b5b9775bf2745ffd4598e1914d29fc16e8e027335d,0x6b75d8af000000e20b7a7ddf000ba900b4009a80,0x6b75d8af000000e20b7a7ddf000ba900b4009a80,4,33456436737.0,0.0,0.0,34037040640.0,211886307715.0,1,0xd06eaa6234fc506868662b5c859f3edee256bee6a9abdbc7bd1be386e597af20,0.0,7474010500.0,7208457668.0,0.0,0.000255,42.655466,42.655721,0.03764188235175,85.76742613870282,-43.11170513870282
85,USDC_USDT,18728521,1701880727,0x6b75d8af000000e20b7a7ddf000ba900b4009a80,0x4abe85eb5572b48455e9a31e0ce31fae99002f3084ee022ee06ccde57db442a2,0x6b75d8af000000e20b7a7ddf000ba900b4009a80,0x6b75d8af000000e20b7a7ddf000ba900b4009a80,0,1,0.0,50327332356.0,49086596096.0,0.0,69747611943.0,0x7bf201ec1fcf47109819373ddba38f10949cae5921250c2c09039fcc7c1e9458,0x6b75d8af000000e20b7a7ddf000ba900b4009a80,0x6b75d8af000000e20b7a7ddf000ba900b4009a80,4,49086595841.0,0.0,0.0,50475485952.0,805109633995.0,1,0x55740e4e6b0a1b8a9e45365c55707a144c47ecd9d0b89d719e005a7c7f61f665,0.0,9304488728.0,8816275830.0,0.0,0.000255,148.153596,148.153851,0.1312285868907,309.0154689311854,-160.8616179311854
86,USDC_USDT,18728627,1701882011,0x6b75d8af000000e20b7a7ddf000ba900b4009a80,0x9474822dd12cc6dde37ca911cd7d5efd5cca2b7058ac9d46c43576da759f71e9,0x6b75d8af000000e20b7a7ddf000ba900b4009a80,0x6b75d8af000000e20b7a7ddf000ba900b4009a80,0,1,0.0,89726466135.0,85850106368.0,0.0,61785934649.0,0xf72e95bb0fa3bb47e063fd790df776ef8ed3be5bf6e647109475542b7404c823,0x6b75d8af000000e20b7a7ddf000ba900b4009a80,0x6b75d8af000000e20b7a7ddf000ba900b4009a80,2,85850106113.0,0.0,0.0,89840945408.0,492199893740.0,1,0x463d599306f29b3a9477088497100a6ae5f253412dab3a8b51bf6f1cf936f7d0,0.0,7640163082.0,6975745402.0,0.0,0.000255,114.479273,114.479528,0.08309787425835,195.67785639966007,-81.19832839966007
87,USDC_USDT,18728669,1701882515,0x6b75d8af000000e20b7a7ddf000ba900b4009a80,0x15594ce7b2a43f07cdf067e58e5a282fd1d19eb2bd8eeedb35941d8e45424502,0x6b75d8af000000e20b7a7ddf000ba900b4009a80,0x6b75d8af000000e20b7a7ddf000ba900b4009a80,0,1,0.0,89656592461.0,86012832000.0,0.0,63648539322.0,0x954b925a74283d03d0c57613d96530f5d940e5e1cc3b426fefcd912255a835a1,0x6b75d8af000000e20b7a7ddf000ba900b4009a80,0x6b75d8af000000e20b7a7ddf000ba900b4009a80,2,86012831745.0,0.0,0.0,89914979328.0,804515219907.0,1,0x2b59917c93c95eb4f4105e2a04c78de36345b605963a138be8808ca48854dc50,0.0,9374643385.0,8575128968.0,0.0,0.000255,258.386867,258.387122,0.13022456388435,306.65120785456986,-48.264085854569885
88,USDC_USDT,18728723,1701883175,0x6b75d8af000000e20b7a7ddf000ba900b4009a80,0xfebe6e65d3083c027b606b8f47bca9a3daec4566303e5370b750d364842d1134,0x6b75d8af000000e20b7a7ddf000ba900b4009a80,0x6b75d8af000000e20b7a7ddf000ba900b4009a80,0,1,0.0,89628682360.0,86062311680.0,0.0,75040138174.0,0x101c20ea9645f0c2cff76f01d9ede44ec4a3aa764e1f68933a24904fa4f168cb,0x6b75d8af000000e20b7a7ddf000ba900b4009a80,0x6b75d8af000000e20b7a7ddf000ba900b4009a80,4,86062311425.0,0.0,0.0,89882029312.0,916690766234.0,1,0x5056dd9aa36e90221b25a6c8c64fa53280ea26aa55003955c6ab8da185d7a36a,0.0,9311828131.0,8525469876.0,0.0,0.000255,253.346952,253.347207,0.1487596356612,350.2973678301171,-96.95016083011708
89,USDC_USDT,18728937,1701885767,0x6b75d8af000000e20b7a7ddf000ba900b4009a80,0xb3b0712ba2c4086c0450d3bb010e75b1bbc314866839dbeff7a2935fafcb3d78,0x6b75d8af000000e20b7a7ddf000ba900b4009a80,0x6b75d8af000000e20b7a7ddf000ba900b4009a80,0,1,0.0,89804001539.0,85957890816.0,0.0,72977983173.0,0xad786a5f18112c568ac00207c52b54fc9a0b40ce83a83b969b83cabee126d5d3,0x6b75d8af000000e20b7a7ddf000ba900b4009a80,0x6b75d8af000000e20b7a7ddf000ba900b4009a80,2,85957890561.0,0.0,0.0,90137111808.0,1006945772177.0,1,0x43071054a78bd7686df9162de3c5fec65191875a70dda0b2b630a3b5c8823639,0.0,10287010248.0,9384203949.0,0.0,0.000255,333.110269,333.110524,0.1619885633025,381.4486845926597,-48.338160592659676
90,USDC_USDT,18817233,1702955255,0x6b75d8af000000e20b7a7ddf000ba900b4009a80,0x8a54068ce18ffdc06d5770001afa4df35e9270e8a49e8f360417a3aeb0829267,0x6b75d8af000000e20b7a7ddf000ba900b4009a80,0x6b75d8af000000e20b7a7ddf000ba900b4009a80,2,1,0.0,15823516187.0,15699306496.0,0.0,50622926193.0,0x420b0efb3c2c76ba86e254a595e4cd6280dfe65dda31741dbaecc57e8bfed27b,0x6b75d8af000000e20b7a7ddf000ba900b4009a80,0x6b75d8af000000e20b7a7ddf000ba900b4009a80,5,15699306241.0,0.0,0.0,15885599488.0,246934578269.0,1,0x4ee744611566d433c0ad7178e129404d70584a3aaadc4722de1c1f3d6b5ea8fe,0.0,10206743622.0,9998844033.0,0.0,0.000255,62.083301,62.083556,0.0446336256693,97.1508119016498,-35.0672559016498
91,USDC_USDT,18835363,1703175263,0x6b75d8af000000e20b7a7ddf000ba900b4009a80,0xcb3d7f5e85e5034b4d2d7415363d76bac65abf02bc5b66857ad2a50c07ba9a90,0x6b75d8af000000e20b7a7ddf000ba900b4009a80,0x6b75d8af000000e20b7a7ddf000ba900b4009a80,1,1,0.0,177200370504.0,162652401152.0,0.0,63109098214.0,0x38716bccf9cb1b93c1191f9a4df0c1727641aa15dc341ae24ae3d10091fe83ea,0x6b75d8af000000e20b7a7ddf000ba900b4009a80,0x6b75d8af000000e20b7a7ddf000ba900b4009a80,3,162652400897.0,0.0,0.0,177750134272.0,2245855969862.0,1,0xe03e3f95330d86202c68063b43594915cd3855991135cfe7f35da7bcca1bc87e,0.0,9987000000.0,8395877088.0,0.0,0.000255,549.763768,549.7640230000001,0.3463447602114,792.5449266338097,-242.78090363380966
92,USDC_USDT,18842766,1703264867,0x6b75d8af000000e20b7a7ddf000ba900b4009a80,0x7f734f0a27f24cc948fa941cfa6f248e37ad20b1dac39c1c69169d7ee98e3a5a,0x6b75d8af000000e20b7a7ddf000ba900b4009a80,0x6b75d8af000000e20b7a7ddf000ba900b4009a80,0,1,0.0,9599006897.0,9494930944.0,0.0,52943650515.0,0x2b807d3ddba026a3e16ac8f7dd021667f6f71e15602d0d1530223ed43aa6f7c3,0x6b75d8af000000e20b7a7ddf000ba900b4009a80,0x6b75d8af000000e20b7a7ddf000ba900b4009a80,5,9494930689.0,0.0,0.0,9625285376.0,338053362876.0,1,0xe20621b0021ef1913a9c01c2c1f71337b0dc59ded1420d34ac03995226e27ee3,0.0,9180416695.0,8999918910.0,0.0,0.000255,26.278479,26.278734,0.05864955200865,134.208483089017,-107.929749089017
93,USDC_USDT,18846903,1703314967,0x6b75d8af000000e20b7a7ddf000ba900b4009a80,0x54bded2dc47043a33c16a8b043a58e34cdd0785bb539030b0b85b43525dfdca8,0x6b75d8af000000e20b7a7ddf000ba900b4009a80,0x6b75d8af000000e20b7a7ddf000ba900b4009a80,7,1,0.0,14605120103.0,14486145024.0,0.0,20064160458.0,0x59010c47e7b35cea6a2f3e5a14bbd149080e6468f1d6a828d30c0119b1186d8d,0x6b75d8af000000e20b7a7ddf000ba900b4009a80,0x6b75d8af000000e20b7a7ddf000ba900b4009a80,9,14486144769.0,0.0,0.0,14645113600.0,110477456385.0,1,0x3e045e7405633b8fba2c5ee06fe6ebcaa4f92ffd54b507bbc1915c6bb019e351,0.0,9177482197.0,8999918910.0,0.0,0.000255,39.993497,39.993752,0.01958124252645,44.80799539756785,-4.81424339756785
94,USDC_USDT,18848919,1703339399,0x6b75d8af000000e20b7a7ddf000ba900b4009a80,0xa09da329a341fea1a042b5110ce16ad2277ccaec2c01747bae1aa0d6acc6d1b2,0x6b75d8af000000e20b7a7ddf000ba900b4009a80,0x6b75d8af000000e20b7a7ddf000ba900b4009a80,0,1,0.0,12022208828.0,11949021440.0,0.0,24761903268.0,0x660b1cd98da67a4e74066017e3079dc17e12cc5cf9d7156af6f780d21d78080f,0x6b75d8af000000e20b7a7ddf000ba900b4009a80,0x6b75d8af000000e20b7a7ddf000ba900b4009a80,2,11949021185.0,0.0,0.0,12089868032.0,166021188345.0,1,0xab45bbdb6a502d4421f02218c7038e7700ab117179ec9a78482853944d92135f,0.0,12201631485.0,11987874367.0,0.0,0.000255,67.659204,67.659459,0.02861746374195,65.69191760136268,1.967541398637323
95,USDC_USDT,18862494,1703504219,0x6b75d8af000000e20b7a7ddf000ba900b4009a80,0x0449d6eb70ee20e2afd45e7275fe658b2b82eea4eb84f17ff966bf0f3dfc3b8e,0x6b75d8af000000e20b7a7ddf000ba900b4009a80,0x6b75d8af000000e20b7a7ddf000ba900b4009a80,0,1,0.0,15192367362.0,15045916928.0,0.0,19063545746.0,0xb936666443bebdb660034f94134115fee0758430615e74a634d9a02c31532495,0x6b75d8af000000e20b7a7ddf000ba900b4009a80,0x6b75d8af000000e20b7a7ddf000ba900b4009a80,3,15045916673.0,0.0,0.0,15245673216.0,115188550377.0,1,0x819665af026fae4f2be9f92fbb4433d7116557af3c30f93e6b3128fa31455bf6,0.0,10000000000.0,9785304815.0,0.0,0.000255,53.305854,53.306109,0.02013781441845,44.87965076280532,8.42645823719468
96,USDC_USDT,18935207,1704386375,0x6b75d8af000000e20b7a7ddf000ba900b4009a80,0xce554f941825bb73039ec57b7654435c5551d771e565f64222a91165c80ef4fb,0x6b75d8af000000e20b7a7ddf000ba900b4009a80,0x6b75d8af000000e20b7a7ddf000ba900b4009a80,1,0,420486336285.0,0.0,0.0,347738674432.0,29662047971.0,0x26cdd83e5c8a2383159be390830dcea288565338795a367e7108362546e65289,0x6b75d8af000000e20b7a7ddf000ba900b4009a80,0x6b75d8af000000e20b7a7ddf000ba900b4009a80,5,0.0,347738674177.0,421441457920.0,0.0,1169177928746.0,1,0xaa8ce40c7cc60bad87be61c87ce06727ca5c0e63cee7e3e6abbf3e9a2c114ca3,9988280798.0,0.0,0.0,6848562383.0,955.121635,0.000255,955.12189,0.17982599650755002,402.5131302185275,552.6087597814725
97,USDC_USDT,18970360,1704814835,0x6b75d8af000000e20b7a7ddf000ba900b4009a80,0xf10776d285efac2c08c5099185c32e3dc491f89fbaa89cd8ff6c4360d47a28cb,0x6b75d8af000000e20b7a7ddf000ba900b4009a80,0x6b75d8af000000e20b7a7ddf000ba900b4009a80,0,1,0.0,3300807403.0,3288352292.0,0.0,21311414287.0,0x1851f838f3f3d8ac27939d0f2138f464e022bca0320c02435e85d38c4003bf90,0x6b75d8af000000e20b7a7ddf000ba900b4009a80,0x6b75d8af000000e20b7a7ddf000ba900b4009a80,3,3288352292.0,0.0,0.0,3307794823.0,124715442253.0,1,0x57367f32425b770f3f9d8f0c110d97dfcf548352ddc36707217e1000bde6b480,0.0,8509755500.0,8430000000.0,0.0,0.0,6.98742,6.98742,0.021904028481,52.15078205723582,-45.16336205723582
98,USDC_USDT,18989169,1705042571,0x6b75d8af000000e20b7a7ddf000ba900b4009a80,0xae3ca0718bb5e4c593f9162a467e0eac87fc5e8835e841e05da8cb156e0f1efb,0x6b75d8af000000e20b7a7ddf000ba900b4009a80,0x6b75d8af000000e20b7a7ddf000ba900b4009a80,0,1,0.0,1617669781.0,1610432251.0,0.0,14035499086.0,0x128dd484487c2832470d1b4535094ade500c4bfcbcd7c0db36bf7af6e7532e3e,0x6b75d8af000000e20b7a7ddf000ba900b4009a80,0x6b75d8af000000e20b7a7ddf000ba900b4009a80,2,1610432251.0,0.0,0.0,1654766841.0,714968424527.0,1,0xa5519c30a19eced69609bb8f155c4be2c5698669830ba13fab02af628203bcec,0.0,30591069443.0,29998145814.0,0.0,0.0,37.09706,37.09706,0.10935058854195,278.0694464581204,-240.9723864581204
99,USDC_USDT,19024066,1705463867,0x6b75d8af000000e20b7a7ddf000ba900b4009a80,0x75b3c46a841d4642cc63eedd11b25cd3d0213ab8b49117a2a3f337ef471c3bff,0x6b75d8af000000e20b7a7ddf000ba900b4009a80,0x6b75d8af000000e20b7a7ddf000ba900b4009a80,0,1,0.0,12838420031.0,12710417920.0,0.0,28566910218.0,0x2a7d293349d2258046ac7d64f8a18aa3ac9a9b5f73853058becfd6b5dc0757d5,0x6b75d8af000000e20b7a7ddf000ba900b4009a80,0x6b75d8af000000e20b7a7ddf000ba900b4009a80,5,12710417665.0,0.0,0.0,12879502592.0,89488653390.0,1,0xb10f83a7eda8ca1fb1ac03756249f83b720169f2d70d4f334b845f091ac8f20e,0.0,9698151635.0,9499089987.0,0.0,0.000255,41.082561,41.082816,0.0177083345412,45.63748757069971,-4.5546715706997105
100,USDC_USDT,19028043,1705511987,0x6b75d8af000000e20b7a7ddf000ba900b4009a80,0x875baec594a0a87c909b029cc0d500f9f4609e9fa3a0db559a6c6581ab7a8b91,0x6b75d8af000000e20b7a7ddf000ba900b4009a80,0x6b75d8af000000e20b7a7ddf000ba900b4009a80,0,1,0.0,10845357153.0,10734012672.0,0.0,41412739538.0,0xd1383c891ae74962ebbd3546ccd7b6d6cb753feb44a641a5bb57a290ffb9d004,0x6b75d8af000000e20b7a7ddf000ba900b4009a80,0x6b75d8af000000e20b7a7ddf000ba900b4009a80,3,10734012417.0,0.0,0.0,10892052992.0,111533084262.0,1,0x7426de104827f57699dbff2242ef67826703675b72e6156bd8c5413a6ea46e01,0.0,10864370532.0,10642446662.0,0.0,0.000255,46.695839,46.696094,0.02294187357,56.6935285618975,-9.9974345618975
101,USDC_USDT,19031405,1705552583,0x6b75d8af000000e20b7a7ddf000ba900b4009a80,0x4afc879aa4a11b6a645e0d71a01392ad52c4191531396895cd871ca7180166f7,0x6b75d8af000000e20b7a7ddf000ba900b4009a80,0x6b75d8af000000e20b7a7ddf000ba900b4009a80,0,1,0.0,8952467258.0,8896425472.0,0.0,23784349056.0,0xf280faca9bfb7806dc352831e5dfb1fc20f98d8908dbe700d3b7fea71615c7e2,0x6b75d8af000000e20b7a7ddf000ba900b4009a80,0x6b75d8af000000e20b7a7ddf000ba900b4009a80,3,8896425217.0,0.0,0.0,9018359552.0,203775942700.0,3,0x54108d0279dae40f4e76527d1fd0d914c06566dd5ace8433bf2ce8f38da21755;0x459426a42ed97a5c0adbadc592dc2191a221bffe45623423fe6dbbd5cd3c6ad7;0x459426a42ed97a5c0adbadc592dc2191a221bffe45623423fe6dbbd5cd3c6ad7,0.0,14051773286.0,13811760790.0,0.0,0.000255,65.892294,65.892549,0.0341340437634,84.35141005937368,-18.458861059373675
102,USDC_USDT,19131999,1706771291,0x6b75d8af000000e20b7a7ddf000ba900b4009a80,0x2034d472e8a7a5e6002179135815666002d30d5c9776de6a44119e52cfadee79,0x6b75d8af000000e20b7a7ddf000ba900b4009a80,0x6b75d8af000000e20b7a7ddf000ba900b4009a80,0,1,0.0,8133143773.0,8060307968.0,0.0,18375184851.0,0x1600c1cf36b5951581139fd010930c7fc0ba0d28d37658040c9c68441c8219f3,0x6b75d8af000000e20b7a7ddf000ba900b4009a80,0x6b75d8af000000e20b7a7ddf000ba900b4009a80,6,8060307713.0,0.0,0.0,8185043712.0,143704940338.0,3,0x7092926b2f04c2a76a969bbccd973bc5ddcf197288e36411c6c122f1826f9949;0x7092926b2f04c2a76a969bbccd973bc5ddcf197288e36411c6c122f1826f9949;0x7092926b2f04c2a76a969bbccd973bc5ddcf197288e36411c6c122f1826f9949,0.0,13045980273.0,12799692348.0,0.0,0.000255,51.899939,51.900194000000006,0.02431201877835,56.13957279919881,-4.2393787991988034
103,USDC_USDT,19172928,1707267803,0x6b75d8af000000e20b7a7ddf000ba900b4009a80,0xb4f40155e74c98a5ce863ba92fe0fee83e6da6821a1bec68663d4c94f2bd433c,0x6b75d8af000000e20b7a7ddf000ba900b4009a80,0x6b75d8af000000e20b7a7ddf000ba900b4009a80,3,1,0.0,12198854449.0,12070132736.0,0.0,28543144817.0,0x38f880bc47343480f9678f0462b4c1727bc55354924ed01396a3d389ae158333,0x6b75d8af000000e20b7a7ddf000ba900b4009a80,0x6b75d8af000000e20b7a7ddf000ba900b4009a80,15,12070132481.0,0.0,0.0,12243735808.0,28543144817.0,1,0xa5c03dcc3de8c27b0e5936e61b953fa4826561b7444f528daa6c28700e5d6a7d,0.0,10212794839.0,9998005397.0,0.0,0.000255,44.881359,44.881614000000006,0.0085629434451,20.391714585745195,24.48989941425481
104,USDC_USDT,19191541,1707493427,0x6b75d8af000000e20b7a7ddf000ba900b4009a80,0x281eed700e32b192594e95693d90528b4d4be1f4df9edaadfe1832dd9ee1c58e,0x6b75d8af000000e20b7a7ddf000ba900b4009a80,0x6b75d8af000000e20b7a7ddf000ba900b4009a80,1,1,0.0,9735334665.0,9653305344.0,0.0,79954463162.0,0xad713b08255b6f37df1bb04a03e4a7cab600fbdefaa510b77251cc6f868b50e3,0x6b75d8af000000e20b7a7ddf000ba900b4009a80,0x6b75d8af000000e20b7a7ddf000ba900b4009a80,3,9653305089.0,0.0,0.0,9776721152.0,210058065800.0,1,0x17f3c3ac857c63d3f5225208dd3f983cceb73b6bb63a5dff14630fe02ae75232,0.0,10802561519.0,10607473611.0,0.0,0.000255,41.386487,41.386742000000005,0.0435018793443,108.40468566764139,-67.01794366764139
105,USDC_USDT,19239705,1708077359,0x6b75d8af000000e20b7a7ddf000ba900b4009a80,0xc57c2e9fa7aa454dccdce1099b7d760a770984a116418b4263656ed7ad59ab67,0x6b75d8af000000e20b7a7ddf000ba900b4009a80,0x6b75d8af000000e20b7a7ddf000ba900b4009a80,0,1,0.0,10479878471.0,10398807296.0,0.0,23094323049.0,0x776bb6792cd07b251f0db5b93036606eb11a026ddda07c85abeae98d884f696d,0x6b75d8af000000e20b7a7ddf000ba900b4009a80,0x6b75d8af000000e20b7a7ddf000ba900b4009a80,2,10398807041.0,0.0,0.0,10549703424.0,190306794482.0,1,0x57d04aa4f18951fdcedb617c98e9fd84e7c90a72242e5cc35b8b3d8c8f5f9fd0,0.0,13350213011.0,13097860191.0,0.0,0.000255,69.824953,69.82520799999999,0.03201016762965,87.41004681548512,-17.584838815485128
106,USDC_USDT,19327631,1709142707,0x6b75d8af000000e20b7a7ddf000ba900b4009a80,0x7e77f9229c7fc19033bd96ff3240fd402cfb26b38dec2653aedcf5912a55a033,0x6b75d8af000000e20b7a7ddf000ba900b4009a80,0x6b75d8af000000e20b7a7ddf000ba900b4009a80,3,0,10538308767.0,0.0,0.0,10455101952.0,151648134214.0,0xa9676eed009b2d72598780f05b7869ad3fbcfad24385d78fbd4c178d8b9bbca6,0x6b75d8af000000e20b7a7ddf000ba900b4009a80,0x6b75d8af000000e20b7a7ddf000ba900b4009a80,5,0.0,10455101697.0,10644023296.0,0.0,170460341151.0,1,0x447990aec1f2e5ebd4aa8541a40a28ef85fd2e1f3feb904d1c6e53c40afd08b0,16820000000.0,0.0,0.0,16470987847.0,105.714529,0.000255,105.714784,0.04831627130475,164.96137698558618,-59.24659298558619
107,USDC_USDT,19371412,1709671199,0x429cf888dae41d589d57f6dc685707bec755fe63,0xc3a6b3984b337750db1fd2e7613b21b9462fa9ac55ed995210122ae8c93e832a,0x429cf888dae41d589d57f6dc685707bec755fe63,0x429cf888dae41d589d57f6dc685707bec755fe63,7,1,0.0,46322820027.0,45797641472.0,0.0,168510287047.0,0xc86efd95780b035d21ae2db8062bf324fef58749937c28d5bfe21a7e2bcceb18,0x429cf888dae41d589d57f6dc685707bec755fe63,0x429cf888dae41d589d57f6dc685707bec755fe63,9,45797641216.0,0.0,0.0,46482428672.0,288625881588.0,1,0x255b026836985322f280c946368f95fd503f244619e292fde22fb8a61cafd558,0.0,10000000000.0,9624712278.0,0.0,0.000256,159.608645,159.608901,0.06857042529525,242.55852785209058,-82.94962685209057
108,USDC_USDT,19380217,1709777339,0x6b75d8af000000e20b7a7ddf000ba900b4009a80,0xaad57a3b09e7977d54cfd64af35f152446ec78988587df9135ee5002ede13553,0x6b75d8af000000e20b7a7ddf000ba900b4009a80,0x6b75d8af000000e20b7a7ddf000ba900b4009a80,5,0,52080616537.0,0.0,0.0,50624888064.0,57898397153.0,0x5cf15f044f7cb2557029da71efb5f1b22482c579dfac17a702149433204be92a,0x6b75d8af000000e20b7a7ddf000ba900b4009a80,0x6b75d8af000000e20b7a7ddf000ba900b4009a80,9,0.0,50624887809.0,52198031104.0,0.0,171030766724.0,1,0xae7f02bf267cbf0efdaf785e61f0063113ccdb713c6627b061fd5c08ac3cae7e,8807838143.0,0.0,0.0,8318789691.0,117.414567,0.000255,117.414822,0.03433937458155,134.8427924087367,-17.427970408736698
109,USDC_USDT,19380233,1709777531,0x6b75d8af000000e20b7a7ddf000ba900b4009a80,0x7c8a0b5ec93f8d60875bd5633f5914aefbdc20075c3636bb9ed12b8533611879,0x6b75d8af000000e20b7a7ddf000ba900b4009a80,0x6b75d8af000000e20b7a7ddf000ba900b4009a80,5,1,0.0,14800635770.0,14781624064.0,0.0,56697820962.0,0x8a40020ef48f668dc63f1de4da89b699803a197e4e5b2f8863c702974a69b02b,0x6b75d8af000000e20b7a7ddf000ba900b4009a80,0x6b75d8af000000e20b7a7ddf000ba900b4009a80,7,14781623809.0,0.0,0.0,14853017600.0,77073142316.0,1,0x093321b94108efe6cd4943bc3a108d553adb727dddb6fea98956ded2cf59ebb7,0.0,10000000000.0,9869338265.0,0.0,0.000255,52.38183,52.382085000000004,0.0200656444917,78.7931512356532,-26.411066235653195
110,USDC_USDT,19405923,1710088523,0x00000000003b3cc22af3ae1eac0440bcee416b40,0x6ee269a775deb917e9b465985a5202ed13ca9ee56d13bd0113cd66c583fa5fb5,0x00000000003b3cc22af3ae1eac0440bcee416b40,0x00000000003b3cc22af3ae1eac0440bcee416b40,5,0,100579274500.0,0.0,0.0,96295267556.0,93315977568.0,0x9cc72bd8248250a98e56add58ec91dc0fc6f871b8d9ab1c0e860e9b8a0f7c22e,0x00000000003b3cc22af3ae1eac0440bcee416b40,0x88e6a0c2ddd26feeb64f039a2c41296fcb3f5640,9,0.0,96295267759.0,100875281410.0,0.0,93315977568.0,1,0xab756958584699bf03ac87685d24f864dc9720ae6833e9e113fcb1271e26b5fd,9706521623.0,0.0,0.0,8825000000.0,296.00691,-0.000203,296.006707,0.0279947932704,112.87819204432066,183.12851495567935
111,USDC_USDT,19430084,1710380807,0x6b75d8af000000e20b7a7ddf000ba900b4009a80,0xb138bf20d62cb49ebe0f967a46588f25e9420e628d4bcd825ab73f254d61ec37,0x6b75d8af000000e20b7a7ddf000ba900b4009a80,0x6b75d8af000000e20b7a7ddf000ba900b4009a80,4,0,32023231006.0,0.0,0.0,31713961216.0,56455833149.0,0xb9a5dd7d0c088205cf3398253aca041b7627ff2b341657cadc469b38ba4154a9,0x6b75d8af000000e20b7a7ddf000ba900b4009a80,0x6b75d8af000000e20b7a7ddf000ba900b4009a80,6,0.0,31713960961.0,32094753024.0,0.0,121419506040.0,1,0x29e301cb1fb2899bfd9881e347e1b5aa36262692a093d5a82f3a81b3a013d573,8697285568.0,0.0,0.0,8447921434.0,71.522018,0.000255,71.522273,0.02668130087835,97.4758560600849,-25.953583060084895
112,USDC_USDT,19460786,1710754043,0x000000d40b595b94918a28b27d1e2c66f43a51d3,0xd207e997701b89d0d494b8afe63e541b79a70c845364cc7a7442b03bcfb95022,0x000000d40b595b94918a28b27d1e2c66f43a51d3,0x000000d40b595b94918a28b27d1e2c66f43a51d3,1,1,0.0,15327096832.0,15180865792.0,0.0,25349919325.0,0xf8a2c2986e1dd863537a3f2765962c8e7c87237a7aa1acb68f6d8309ff7b1076,0x000000d40b595b94918a28b27d1e2c66f43a51d3,0x000000d40b595b94918a28b27d1e2c66f43a51d3,3,15180865792.0,0.0,0.0,15487668992.0,333733788093.0,1,0x20fd04e482948cfcb28affe664f0902ae4fdc7891c190c80e88f4755058749da,0.0,17400732802.0,16969264331.0,0.0,0.0,160.57216,160.57216,0.0538625561127,174.87382756381226,-14.30166756381226
113,USDC_USDT,19502323,1711257959,0x6b75d8af000000e20b7a7ddf000ba900b4009a80,0x5ec8e7748af5dcca6efefd26b9789bce99159b2b0ea29a1b2af68cda5199b805,0x6b75d8af000000e20b7a7ddf000ba900b4009a80,0x6b75d8af000000e20b7a7ddf000ba900b4009a80,107,1,0.0,14005922560.0,13886713344.0,0.0,14954817073.0,0xf859b7d722567af52e7c59c7b74c6482a6fb3af96d77f4c180f5c46e08d91d42,0x6b75d8af000000e20b7a7ddf000ba900b4009a80,0x6b75d8af000000e20b7a7ddf000ba900b4009a80,111,13886713344.0,0.0,0.0,14050953984.0,219654040772.0,1,0x6a7ae3285d2815a8ddf06ed814037bebda0fb16ce452f17f996cf3e554ce26a2,0.0,9690097922.0,9499652882.0,0.0,0.0,45.031424,45.031424,0.03519132867675,127.09618390768276,-82.06475990768276
114,USDC_USDT,19531004,1711609451,0x6b75d8af000000e20b7a7ddf000ba900b4009a80,0xedf5830cc9d87f2927254558ca3ef44ea992e62427eed77bfb604009593d4121,0x6b75d8af000000e20b7a7ddf000ba900b4009a80,0x6b75d8af000000e20b7a7ddf000ba900b4009a80,3,1,0.0,12020675947.0,11908647680.0,0.0,19412500874.0,0x7038c0f0e3b2de7a736253add9856a9209ea8bf3933263042b735cdbcd50a3a8,0x6b75d8af000000e20b7a7ddf000ba900b4009a80,0x6b75d8af000000e20b7a7ddf000ba900b4009a80,5,11908647425.0,0.0,0.0,12045286144.0,47990785566.0,2,0x83aab21eb4ac724331fec691fd8b009c18f48dd9a350f21a647cb8a7c99bd4ec;0x83aab21eb4ac724331fec691fd8b009c18f48dd9a350f21a647cb8a7c99bd4ec,0.0,8469439040.0,8308998649.0,0.0,0.000255,24.610197,24.610452,0.010110492966,35.81752198873955,-11.207069988739551
115,USDC_USDT,19557429,1711931303,0x6b75d8af000000e20b7a7ddf000ba900b4009a80,0xb7a9a95dee5d139f1829dd7068708cea96f93aa37eafe91abdb756f453c3594e,0x6b75d8af000000e20b7a7ddf000ba900b4009a80,0x6b75d8af000000e20b7a7ddf000ba900b4009a80,0,1,0.0,13416179726.0,13322352896.0,0.0,19432212427.0,0xa79b42b2665bdd88cc514a10fa4e660af2db12fbe1f08fdfb0a282763e43c77a,0x6b75d8af000000e20b7a7ddf000ba900b4009a80,0x6b75d8af000000e20b7a7ddf000ba900b4009a80,2,13322352641.0,0.0,0.0,13504593664.0,156968934140.0,1,0x065a2c15dfcdf82e7db8af6861b06f43c71d7c9dad0c625452e49822c7e4d308,0.0,13259178328.0,13000364010.0,0.0,0.000255,88.413938,88.414193,0.02646017198505,87.61571576584556,0.7984772341544328
116,USDC_USDT,19637763,1712903627,0x000000d40b595b94918a28b27d1e2c66f43a51d3,0x57d44e9e3609593ef983e24553fdf87b251ba4c9a0d3502aeb411cbe756e8aa5,0x000000d40b595b94918a28b27d1e2c66f43a51d3,0x000000d40b595b94918a28b27d1e2c66f43a51d3,0,0,5225635072.0,0.0,0.0,5216715520.0,12041305483.0,0xd66c1d37927a9454bfa060f00a75fbd49529b12ee0ba86e65e444aa60de71973,0x000000d40b595b94918a28b27d1e2c66f43a51d3,0x000000d40b595b94918a28b27d1e2c66f43a51d3,3,0.0,5206353920.0,5225634816.0,0.0,202758754895.0,1,0x0204f9b2ad749d3a510d95dee15f3ce806511d7afd19ad11a764ce75b7249c49,8387984023.0,0.0,0.0,8319518811.0,-0.000256,10.3616,10.361343999999999,0.0322200090567,103.28375390695018,-92.92240990695018
117,USDC_USDT,19730777,1714028723,0x000000d40b595b94918a28b27d1e2c66f43a51d3,0x0672ba3cd4a26bead15ed1b4cb824c6302aa2c490f55c325e1a2b8c0299d990f,0x000000d40b595b94918a28b27d1e2c66f43a51d3,0x000000d40b595b94918a28b27d1e2c66f43a51d3,0,1,0.0,7429511424.0,7380570368.0,0.0,5843925679.0,0x97be6587da190e0d0402a2474948a598511746a43edabb1d6bcde91c70f35da8,0x000000d40b595b94918a28b27d1e2c66f43a51d3,0x000000d40b595b94918a28b27d1e2c66f43a51d3,3,7380570368.0,0.0,0.0,7528622336.0,242097814754.0,1,0x6fb0ab903e84c126250a91a5b57fa274178f1f91a701561a037647f135f7947d,0.0,20398494363.0,19999174351.0,0.0,0.0,99.110912,99.110912,0.03719126106495,119.68906748709428,-20.57815548709428
118,USDC_USDT,19730786,1714028831,0x6b75d8af000000e20b7a7ddf000ba900b4009a80,0x9957fc14824948cc8dd69bc80b436537e0d7eaeadd427e90f44bb24b35950138,0x6b75d8af000000e20b7a7ddf000ba900b4009a80,0x6b75d8af000000e20b7a7ddf000ba900b4009a80,0,1,0.0,8153626390.0,8064744448.0,0.0,6941898021.0,0x6c148ce4b4c6f58940212238cf8a1074f190b29825ef693e7b911df501308218,0x6b75d8af000000e20b7a7ddf000ba900b4009a80,0x6b75d8af000000e20b7a7ddf000ba900b4009a80,2,8064744193.0,0.0,0.0,8185341440.0,102956713917.0,1,0x8b8cf53c9c498eb6af772fa3873ea896527867bc3828744c6b92aaaa52dfa84d,0.0,10464473255.0,10259605521.0,0.0,0.000255,31.71505,31.715305,0.0164847917907,53.05142392730647,-21.336118927306472
119,USDC_USDT,19737384,1714108475,0x6b75d8af000000e20b7a7ddf000ba900b4009a80,0x3b215d8f381a5ad75e53702d68fa129ee7f0fabe20e5536692d85d99b018e7f1,0x6b75d8af000000e20b7a7ddf000ba900b4009a80,0x6b75d8af000000e20b7a7ddf000ba900b4009a80,0,1,0.0,13612647936.0,13490107904.0,0.0,6522910561.0,0x28773a01d597a108cec7dbd677f8960d286ff5b8f0fec39e3dda17ffeb7a53ed,0x6b75d8af000000e20b7a7ddf000ba900b4009a80,0x6b75d8af000000e20b7a7ddf000ba900b4009a80,5,13490107904.0,0.0,0.0,13639295744.0,107874392184.0,2,0x232118c0bcfc1b699faaa5375e8a1631527761c369588910064258a2c79abd7b;0x232118c0bcfc1b699faaa5375e8a1631527761c369588910064258a2c79abd7b,0.0,8415269722.0,8252848630.0,0.0,0.0,26.647808,26.647808,0.01715959541175,55.22307968265555,-28.57527168265555
120,USDC_USDT,19742969,1714176167,0x6b75d8af000000e20b7a7ddf000ba900b4009a80,0x7c89f661ca96bf9474f00182cdae630198af7ec3108c71d4e00f33f079111fdf,0x6b75d8af000000e20b7a7ddf000ba900b4009a80,0x6b75d8af000000e20b7a7ddf000ba900b4009a80,2,0,158112912640.0,0.0,0.0,146809320192.0,5468466090.0,0x9d10132dcf7e3e231d849f1b9dd555ddf0120a40e960417f1c4425abbcbdd78f,0x6b75d8af000000e20b7a7ddf000ba900b4009a80,0x6b75d8af000000e20b7a7ddf000ba900b4009a80,5,0.0,146809320192.0,158143548416.0,0.0,98502384286.0,1,0x312d63e22a7f6fe4e97dafbc38c3860594e2d95eb826422a648a571f1eb06b37,6768873814.0,0.0,0.0,5826401942.0,30.635776,0.0,30.635776,0.0155956275564,50.189911975335065,-19.554135975335065
121,USDC_USDT,19803020,1714901567,0xb2245aaeb6583e4e868ff102ec1cad2ab7a46543,0x31b1a5e20d0e35584416b533858413a28c8eaf114314966238021c4b2c1173c2,0xb2245aaeb6583e4e868ff102ec1cad2ab7a46543,0xbadc0de76438f9524d42c219b390636196bfbdfc,0,0,30025817616.0,0.0,0.0,29612248040.0,5820277782.0,0x2201c8c82b7900404dad24ccb9e97dd8124dd01ba037946d85387d8686cb3b18,0xb2245aaeb6583e4e868ff102ec1cad2ab7a46543,0xbadc0de76438f9524d42c219b390636196bfbdfc,2,0.0,29612218427.0,30076301692.0,0.0,5820277782.0,1,0x934e84c6057449b778ea948a0d1a8e1ebbd68257ddb7f503f6201cb9b8de2b09,8158498217.0,0.0,0.0,7902061635.0,50.484076,0.029613,50.513689,0.0017460833346,5.25627569149634,45.25741330850366
122,USDC_USDT,19817397,1715075339,0x6b75d8af000000e20b7a7ddf000ba900b4009a80,0xf387859112c19e211546d31e20bbc465a65f8c63da7cdb0152063f31f26af6fa,0x6b75d8af000000e20b7a7ddf000ba900b4009a80,0x6b75d8af000000e20b7a7ddf000ba900b4009a80,0,0,5362822936.0,0.0,0.0,5343605760.0,5932800835.0,0x0e69e1d7ddc3a245000b726035b2dbd3a8b9f29689bd3ec9424810e37335ba25,0x6b75d8af000000e20b7a7ddf000ba900b4009a80,0x6b75d8af000000e20b7a7ddf000ba900b4009a80,3,0.0,5343605505.0,5420727552.0,0.0,195875418904.0,1,0x94224ba332b389df9ab12bb7814e3af3c5e90735958516104795842ed3d244d9,17948369593.0,0.0,0.0,17690435656.0,57.904616,0.000255,57.904871,0.03027123296085,91.1262038934637,-33.221332893463696
123,USDC_USDT,19860338,1715594171,0x6b75d8af000000e20b7a7ddf000ba900b4009a80,0xf8dd429ddfd06c7a99570e9f9b2d2a488ed293a599662fe6157d42a30bf5f0d9,0x6b75d8af000000e20b7a7ddf000ba900b4009a80,0x6b75d8af000000e20b7a7ddf000ba900b4009a80,0,1,0.0,3158356763.0,3141552829.0,0.0,5589628163.0,0xa5a76aea8c2cd7272db9318ab42133a51d0198b2fcdfd025130188b9276d3bcd,0x6b75d8af000000e20b7a7ddf000ba900b4009a80,0x6b75d8af000000e20b7a7ddf000ba900b4009a80,3,3141552829.0,0.0,0.0,3161776655.0,21509948793.0,1,0x8f46e9b57a8b0bfb85994816194e91477842ade08f3ce4e56e15a5e3f8397076,0.0,7578074002.0,7500000000.0,0.0,0.0,3.419892,3.419892,0.0040649365434,11.799022418597657,-8.379130418597658
124,USDC_USDT,19886980,1715916083,0x6b75d8af000000e20b7a7ddf000ba900b4009a80,0x5dfc0a5e01598f3ea9e19323fbaa360759a01f978e79536100e13bf58d772cf0,0x6b75d8af000000e20b7a7ddf000ba900b4009a80,0x6b75d8af000000e20b7a7ddf000ba900b4009a80,0,1,0.0,13392562978.0,13268045824.0,0.0,3540049678.0,0xde43c0f03d4e82a806d3863219eb691f9d293e085386536ed10a12c1c6c35f64,0x6b75d8af000000e20b7a7ddf000ba900b4009a80,0x6b75d8af000000e20b7a7ddf000ba900b4009a80,4,13268045569.0,0.0,0.0,13414992384.0,40151298391.0,1,0x75e8c7460ccd238d49a6dbe3b7266a360077e82606de6ce1cb5956b224ced216,0.0,8157986519.0,8000400020.0,0.0,0.000255,22.429406,22.429661,0.00655370221035,20.380477040021834,2.0491839599781656
125,USDC_USDT,19886986,1715916155,0x6b75d8af000000e20b7a7ddf000ba900b4009a80,0xbb2185a536153836816a2b05c23efbb866c1d4e9a77b98897fe324f51030b033,0x6b75d8af000000e20b7a7ddf000ba900b4009a80,0x6b75d8af000000e20b7a7ddf000ba900b4009a80,0,1,0.0,7278242939.0,7210402816.0,0.0,3220476042.0,0x9f5e1e928f1bb143945eb00bc60398fbafc006db99feaccff8dec57d622e679c,0x6b75d8af000000e20b7a7ddf000ba900b4009a80,0x6b75d8af000000e20b7a7ddf000ba900b4009a80,3,7210402561.0,0.0,0.0,7332333312.0,163691856980.0,1,0xb37379b6f450fcf9dba6d1fa079bbf3d265fe183e72b3111138ec46683b7d75b,0.0,14272183325.0,13996489824.0,0.0,0.000255,54.090373,54.090628,0.0250368499533,77.85873224783765,-23.76810424783765
126,USDC_USDT,19888165,1715930399,0x6b75d8af000000e20b7a7ddf000ba900b4009a80,0xd611a489a3a27dd4f4ef3df74dba033e60ae405a8c8769b6ff9652908daa9544,0x6b75d8af000000e20b7a7ddf000ba900b4009a80,0x6b75d8af000000e20b7a7ddf000ba900b4009a80,0,1,0.0,752564233.0,749003310.0,0.0,5579054366.0,0x6ce9b69f95066c7721596da907b8f7dbdbb67e2dbd76a105e7f76f7f54e54adf,0x6b75d8af000000e20b7a7ddf000ba900b4009a80,0x6b75d8af000000e20b7a7ddf000ba900b4009a80,5,749003310.0,0.0,0.0,760550477.0,141265805648.0,3,0xa517d5b24e6c6de85bb5c07a8c925d29ca949d2319d0ed223bbec943b37a46fe;0xa517d5b24e6c6de85bb5c07a8c925d29ca949d2319d0ed223bbec943b37a46fe;0xa517d5b24e6c6de85bb5c07a8c925d29ca949d2319d0ed223bbec943b37a46fe,0.0,17570169443.0,17336671433.0,0.0,0.0,7.986244,7.986244,0.0220267290021,68.49796195883422,-60.511717958834225
127,USDC_USDT,19890072,1715953499,0x6b75d8af000000e20b7a7ddf000ba900b4009a80,0x48ed0f7f9eee0ae6094f94ba379b243aaed79febb89b280635623f567e814dff,0x6b75d8af000000e20b7a7ddf000ba900b4009a80,0x6b75d8af000000e20b7a7ddf000ba900b4009a80,0,0,12026710884.0,0.0,0.0,11940397056.0,6798061003.0,0x125d0e3eb4568b216c91fd02ea3e8d8ffe003d8c3d3d8fc2fb6334419e4d1d95,0x6b75d8af000000e20b7a7ddf000ba900b4009a80,0x6b75d8af000000e20b7a7ddf000ba900b4009a80,2,0.0,11940396801.0,12127712768.0,0.0,203096638067.0,1,0x7ba5757850d16a566eec2a0c8f8548dd69abc677751e3f450c51f045cc7b885d,15302359777.0,0.0,0.0,14998200215.0,101.001884,0.000255,101.002139,0.0314842048605,97.9084941133595,3.0936448866405044
128,USDC_USDT,19987072,1717125395,0x6b75d8af000000e20b7a7ddf000ba900b4009a80,0xf47a3194c7650578e1fe1f3df8710f5f420ea0eec6293ca24b5a4d1f7b6510a1,0x6b75d8af000000e20b7a7ddf000ba900b4009a80,0x6b75d8af000000e20b7a7ddf000ba900b4009a80,1,1,0.0,5267969280.0,5226311168.0,0.0,9281026677.0,0xb74cbfc84e8ed5df4ce6d0f50af71f546330cd64eeeb94eec7d7a846d1aff67d,0x6b75d8af000000e20b7a7ddf000ba900b4009a80,0x6b75d8af000000e20b7a7ddf000ba900b4009a80,8,5226311168.0,0.0,0.0,5286249728.0,89348140870.0,1,0x6df2286ce9046c214ff3420e23a507377d8f359ba869d5010e4567df71b2726a,0.0,10062716116.0,9911328244.0,0.0,0.0,18.280448,18.280448,0.01479437513205,56.09981076546397,-37.81936276546397
129,USDC_USDT,20074428,1718179391,0x6b75d8af000000e20b7a7ddf000ba900b4009a80,0xd83ef44491a468ece4b1ffa3617c275624b5335273cec6a4dd9b01f0b0d9774b,0x6b75d8af000000e20b7a7ddf000ba900b4009a80,0x6b75d8af000000e20b7a7ddf000ba900b4009a80,0,1,0.0,5967768576.0,5931413504.0,0.0,10441808229.0,0xa4695dff61cd29e73ef835013e1a7b4042a703a1112c2d70723fa13b139f5240,0x6b75d8af000000e20b7a7ddf000ba900b4009a80,0x6b75d8af000000e20b7a7ddf000ba900b4009a80,3,5931413504.0,0.0,0.0,6005966080.0,390529036682.0,1,0xb7dc93bfb3166c75b178e36ad45db051dae1d9da1930f70b5b7a7cc19952c92e,0.0,14935738314.0,14716524476.0,0.0,0.0,38.197504,38.197504,0.06014562673665,214.86495822397015,-176.66745422397014
130,USDC_USDT,20077643,1718218163,0x6b75d8af000000e20b7a7ddf000ba900b4009a80,0x93e4c73531813c4c21de8ded8c48ae08426ddd003b5259c871393e71e917e68a,0x6b75d8af000000e20b7a7ddf000ba900b4009a80,0x6b75d8af000000e20b7a7ddf000ba900b4009a80,14,0,3498794230.0,0.0,0.0,3482979279.0,18181211210.0,0xc0ef23cad289231a65f146ebf3fbad62a80167a96f589dbec187b448e0eea433,0x6b75d8af000000e20b7a7ddf000ba900b4009a80,0x6b75d8af000000e20b7a7ddf000ba900b4009a80,17,0.0,3482979279.0,3508187305.0,0.0,30680469651.0,2,0x0bf47639c675b12cac103d50b716e5c1512c52e847f2154aa7cd6788247ef3d4;0x7cf2113b683b3bd5816e750189ad1ae2a84f91c92fdf27daabfa805e48591db7,10450078429.0,0.0,0.0,10342681055.0,9.393075,0.0,9.393075,0.00732925212915,26.183108199006398,-16.7900331990064
131,USDC_USDT,20196744,1719656867,0x6b75d8af000000e20b7a7ddf000ba900b4009a80,0xd4dfe7876bedf309172f5f51b9f1e87cec16897bc7f511faab90f571ace3305a,0x6b75d8af000000e20b7a7ddf000ba900b4009a80,0x6b75d8af000000e20b7a7ddf000ba900b4009a80,0,1,0.0,2596291927.0,2578911359.0,0.0,1589965867.0,0x4e85480064dfad76ceb393a529f97d5a1d7865a93ebea0b2bbffdd74ebe8ec30,0x6b75d8af000000e20b7a7ddf000ba900b4009a80,0x6b75d8af000000e20b7a7ddf000ba900b4009a80,4,2578911359.0,0.0,0.0,2598131865.0,16155977938.0,1,0x713b66ea1f9e830b69ab83d0e0e2ba9abfe8aef4be755b80edb06ae55b1d8c3d,0.0,8089704333.0,8000000000.0,0.0,0.0,1.839938,1.839938,0.00266189157075,9.004305099430535,-7.164367099430535
132,USDC_USDT,20214561,1719871751,0x6b75d8af000000e20b7a7ddf000ba900b4009a80,0x8edda86606648be03e47a2f8326f18dcff775781496ee4de15395a0fc919dc0f,0x6b75d8af000000e20b7a7ddf000ba900b4009a80,0x6b75d8af000000e20b7a7ddf000ba900b4009a80,0,1,0.0,12762239993.0,12629591040.0,0.0,3782267213.0,0xb941e6f364a91e1cc571271e7671ac1c2dafebc959f983fa0bba44ecf9c94560,0x6b75d8af000000e20b7a7ddf000ba900b4009a80,0x6b75d8af000000e20b7a7ddf000ba900b4009a80,3,12629590785.0,0.0,0.0,12819934720.0,111507244487.0,1,0x70da2a905027c338fe6b5c2269652b62d8c571f786d57580bfbfaf88a068bf92,0.0,12732828628.0,12468177369.0,0.0,0.000255,57.694727,57.694982,0.017293426755,57.9943814865819,-0.29939948658189763
133,USDC_USDT,20261394,1720436927,0x6b75d8af000000e20b7a7ddf000ba900b4009a80,0x38df0d447da6056fa4435448eb36e7f87767b450ab7fb734e808b45118fbc7e1,0x6b75d8af000000e20b7a7ddf000ba900b4009a80,0x6b75d8af000000e20b7a7ddf000ba900b4009a80,0,0,6559331584.0,0.0,0.0,6536006144.0,3242150916.0,0x7d074002f3a998d519c96c28e8f2cb06b72a6d62454132e2e39efa2001d4300e,0x6b75d8af000000e20b7a7ddf000ba900b4009a80,0x6b75d8af000000e20b7a7ddf000ba900b4009a80,3,0.0,6536006144.0,6566723584.0,0.0,53461137145.0,1,0x388def686ec55e85d3a21b2043e1ad520db7b0aa3f84e4cc21cd033a81faf109,8584205267.0,0.0,0.0,8500000000.0,7.392,0.0,7.392,0.00850549320915,26.049334750609525,-18.657334750609525
134,USDC_USDT,20277654,1720633259,0x6b75d8af000000e20b7a7ddf000ba900b4009a80,0xaacce157ce77f7681e868c258cce66e56e1cf1a72ac19155ee9d160788fb0508,0x6b75d8af000000e20b7a7ddf000ba900b4009a80,0x6b75d8af000000e20b7a7ddf000ba900b4009a80,0,0,11880384669.0,0.0,0.0,11819727616.0,13890365506.0,0xe909ba750f1d36985694eb6fc087c04e21fb94a7f1ffec84884b74000405c421,0x6b75d8af000000e20b7a7ddf000ba900b4009a80,0x6b75d8af000000e20b7a7ddf000ba900b4009a80,2,0.0,11819727361.0,11890032128.0,0.0,16338841209.0,1,0xe0371c3618fea58c6784ca917e7c554757c85e03794a8f9dad6233543900d52e,8067692969.0,0.0,0.0,7959043652.0,9.647459,0.000255,9.647713999999999,0.00453438100725,14.29627629346116,-4.648562293461161
135,USDC_USDT,20284130,1720711319,0x6b75d8af000000e20b7a7ddf000ba900b4009a80,0xb50d0129295e5f8d01959a0a2658f46db3bc6e86222803b5218498c2c842b434,0x6b75d8af000000e20b7a7ddf000ba900b4009a80,0x6b75d8af000000e20b7a7ddf000ba900b4009a80,0,1,0.0,6056001954.0,6007625216.0,0.0,6857715593.0,0x3a1124b69c57f17fa23bd358e4edfcd02c6f89c2eed241db90212a063b37fc2a,0x6b75d8af000000e20b7a7ddf000ba900b4009a80,0x6b75d8af000000e20b7a7ddf000ba900b4009a80,5,6007624961.0,0.0,0.0,6132986368.0,259923342144.0,1,0x9fe49edfa14201f4fb8c625ded694e9c24030412ff85fff3de9e894c1123adf3,0.0,22177696629.0,21740800000.0,0.0,0.000255,76.984414,76.984669,0.04001715866055,126.16856761171434,-49.18389861171434
136,USDC_USDT,20388814,1721973887,0x6b75d8af000000e20b7a7ddf000ba900b4009a80,0x81d047aade15bf9f4d17bee7fe8a7ff9f77d8bb087a58f860ea1fff5ffd8c8e8,0x6b75d8af000000e20b7a7ddf000ba900b4009a80,0x6b75d8af000000e20b7a7ddf000ba900b4009a80,0,1,0.0,3645369751.0,3621919685.0,0.0,1543345276.0,0xc0cb4ba4020788e6c9367582efaa0c05d3e1e3222718a67ddbe529c04124bdf7,0x6b75d8af000000e20b7a7ddf000ba900b4009a80,0x6b75d8af000000e20b7a7ddf000ba900b4009a80,5,3621919685.0,0.0,0.0,3677955200.0,119414651081.0,3,0x35270bf5aec77c9b56d890e79f72e9c9a64ceb71043d83972fd48fe78a56191f;0x35270bf5aec77c9b56d890e79f72e9c9a64ceb71043d83972fd48fe78a56191f;0x35270bf5aec77c9b56d890e79f72e9c9a64ceb71043d83972fd48fe78a56191f,0.0,17602383417.0,17332373745.0,0.0,0.0,32.585449,32.585449,0.01814369945355,60.092915109612306,-27.50746610961231
137,USDC_USDT,20424327,1722402299,0x45ca8f6d7b6cdd13effb1cd06829d1d9273a8913,0xd0804ee33cf94b97556bb6516463352b26483ca0913505c2aa4b2cf5a766e2d0,0x45ca8f6d7b6cdd13effb1cd06829d1d9273a8913,0x45ca8f6d7b6cdd13effb1cd06829d1d9273a8913,1,1,0.0,12912401248.0,12782765890.0,0.0,2589283760.0,0x7cad98b3d04d405197696eee992da070aeaf205212ac8fdf99c0029aa83cb633,0x45ca8f6d7b6cdd13effb1cd06829d1d9273a8913,0x45ca8f6d7b6cdd13effb1cd06829d1d9273a8913,3,12782765890.0,0.0,0.0,12948024807.0,80911296806.0,1,0x225abea52feeb83ac647841774d42c41a044ec0c1953d1844df50c32a9bcd6b6,0.0,10361397203.0,10156716503.0,0.0,0.0,35.623559,35.623559,0.0125250870849,40.967810145937435,-5.344251145937434
138,USDC_USDT,20433672,1722515015,0x6b75d8af000000e20b7a7ddf000ba900b4009a80,0x92676bcce130fbd5e1009cb1780ed442618a20cdc356ea4a132d7bc8c9d83182,0x6b75d8af000000e20b7a7ddf000ba900b4009a80,0x6b75d8af000000e20b7a7ddf000ba900b4009a80,0,1,0.0,9836857725.0,9734717696.0,0.0,8119340671.0,0x88860436086ea1c90d27c77ef6339ca888e632b5161e4e3dc8ef44686b6dddaf,0x6b75d8af000000e20b7a7ddf000ba900b4009a80,0x6b75d8af000000e20b7a7ddf000ba900b4009a80,3,9734717441.0,0.0,0.0,9889860608.0,119436933569.0,1,0x3654e50a80cfe4b03d3e9a601aa82daeee043c2f804c7c0694674c4a7c20ee2c,0.0,13473138540.0,13202370458.0,0.0,0.000255,53.002883,53.003138,0.019133441136,57.52526353208666,-4.522125532086662
139,USDC_USDT,20536053,1723749347,0x1f2f10d1c40777ae1da742455c65828ff36df387,0x2019795086124f1e2aa5db7658d22d5a4cb15ccf01627d8c67d001fad7a915d6,0x1f2f10d1c40777ae1da742455c65828ff36df387,0x1f2f10d1c40777ae1da742455c65828ff36df387,0,1,0.0,1437616589.0,1430199881.0,0.0,8340402922.0,0xf20a2d7ea719e98c5527c21a1696c1279dde0c992b19b71b3068e07ad85a4bba,0x1f2f10d1c40777ae1da742455c65828ff36df387,0x1f2f10d1c40777ae1da742455c65828ff36df387,2,1430199881.0,0.0,0.0,1470005226.0,1040157541795.0,1,0xf3d8e70a6afe7a8551495a8e96f0ee675b0ef21ec3707be046107ce95093d224,0.0,34987228581.0,34298402380.0,0.0,0.0,32.388637,32.388637,0.15727469170755,408.6648982975385,-376.2762612975385
140,USDC_USDT,20618966,1724750207,0x1f2f10d1c40777ae1da742455c65828ff36df387,0x4c7c4fd22ee241b8ec5760736bb132f599565a5ee190cafd543d8b28bc51475f,0x1f2f10d1c40777ae1da742455c65828ff36df387,0x1f2f10d1c40777ae1da742455c65828ff36df387,0,1,0.0,15120137813.0,14996426240.0,0.0,903385136.0,0x1891c6229788c03071ab10aa5db37493ac2e46607bd84c84b8e22463268fd12e,0x1f2f10d1c40777ae1da742455c65828ff36df387,0x1f2f10d1c40777ae1da742455c65828ff36df387,2,14996425985.0,0.0,0.0,15182913024.0,139452210939.0,1,0x4403187a8ae006aad1caa7a01b08ae64d5eaf90884ceff066fa0ff682bc79e31,0.0,12542878832.0,12301393624.0,0.0,0.000255,62.775211,62.775466,0.02105333941125,51.84145279923495,10.934013200765051
141,USDC_USDT,20625095,1724824079,0x1f2f10d1c40777ae1da742455c65828ff36df387,0x2a9e665ef9fd277c30f11e4a7cfb563627e54971bb1e0c9559ae65c2b71a0c4c,0x1f2f10d1c40777ae1da742455c65828ff36df387,0x1f2f10d1c40777ae1da742455c65828ff36df387,1,1,0.0,9747204118.0,9663182080.0,0.0,704229621.0,0x3323be169ce51e6251d5bcf00f033dc60cb99746fdb0e963d3518b28b7477c38,0x1f2f10d1c40777ae1da742455c65828ff36df387,0x1f2f10d1c40777ae1da742455c65828ff36df387,6,9663181825.0,0.0,0.0,9826953472.0,239349795813.0,1,0x2acb658781b3715e0c68729424a66e0fb2abe8bdfcc0f52df8f31fa9ddb694cd,0.0,17509460734.0,17167944956.0,0.0,0.000255,79.749354,79.74960899999999,0.0360081038151,89.11367423051145,-9.364065230511457
142,USDC_USDT,20776182,1726646831,0x1f2f10d1c40777ae1da742455c65828ff36df387,0x9ef264cb2d530dc1f5e7d6df6430334fa0a4e39a7678f0313c666c2f9ae32bd7,0x1f2f10d1c40777ae1da742455c65828ff36df387,0x1f2f10d1c40777ae1da742455c65828ff36df387,3,1,0.0,9176203844.0,9113179904.0,0.0,6148676523.0,0xc9f036d47094f74dfbd2c30988dde396853e8c70d7aaddce2f98d8f1ccaa8db7,0x1f2f10d1c40777ae1da742455c65828ff36df387,0x1f2f10d1c40777ae1da742455c65828ff36df387,5,9113179649.0,0.0,0.0,9290754816.0,483311398388.0,1,0x932843159926a2fbc31e7413a7484ebe59bff9812f0e0328e22d1b1750e67bc6,0.0,22748344247.0,22301507135.0,0.0,0.000255,114.550972,114.551227,0.07341901123665,187.49495348709775,-72.94372648709775
143,USDC_USDT,20917895,1728354827,0x1f2f10d1c40777ae1da742455c65828ff36df387,0xe5325f47716862a068a258a1ce510a5f1a1d4b1908365783948f068bca5c0d2f,0x1f2f10d1c40777ae1da742455c65828ff36df387,0x1f2f10d1c40777ae1da742455c65828ff36df387,0,1,0.0,24522610429.0,24136322304.0,0.0,7760465340.0,0xedebbf494a4b5abc4144044151028cb96e71e51e62945997974bad0e5dba598b,0x1f2f10d1c40777ae1da742455c65828ff36df387,0x1f2f10d1c40777ae1da742455c65828ff36df387,4,24136322049.0,0.0,0.0,24641532928.0,223356445958.0,1,0x5c568c744adb72a76e559e36ff5f4e7f5fe3ca29d6ff0735cb48ba79e3823b1f,0.0,13469121496.0,13054720879.0,0.0,0.000255,118.922499,118.922754,0.0346675366947,84.47174118782047,34.45101281217953
144,USDC_USDT,20969673,1728979679,0x1f2f10d1c40777ae1da742455c65828ff36df387,0x040c07c7660cb57c25e158390e1e967f61ea6974123c0c541049df7084fa1383,0x1f2f10d1c40777ae1da742455c65828ff36df387,0x1f2f10d1c40777ae1da742455c65828ff36df387,0,1,0.0,10284701023.0,10167191040.0,0.0,13131918356.0,0x2e9146be17b3db2eaf0ada709329ad18314b605423cb7f0c97b4d8f7a1f8077d,0x1f2f10d1c40777ae1da742455c65828ff36df387,0x1f2f10d1c40777ae1da742455c65828ff36df387,4,10167190785.0,0.0,0.0,10320329984.0,182797531123.0,1,0xb6d599e39f8bbdf6b62b48ef8b0446fa0f626d48da577f7e9cece69e74e173ba,0.0,11695659803.0,11459479385.0,0.0,0.000255,35.628961,35.629216,0.02938941742185,76.04219571726091,-40.41297971726091
145,USDC_USDT,21089708,1730426891,0x1f2f10d1c40777ae1da742455c65828ff36df387,0xf9930a6c99c9936a11c6e49e05b845a416b017bba8f786a5a6acedad17e7c886,0x1f2f10d1c40777ae1da742455c65828ff36df387,0x1f2f10d1c40777ae1da742455c65828ff36df387,0,1,0.0,9613518359.0,9517245184.0,0.0,7520060608.0,0x23129947550706856a3dd326141c818f4130f16315fd91d45f0ea5eeec5082a8,0x1f2f10d1c40777ae1da742455c65828ff36df387,0x1f2f10d1c40777ae1da742455c65828ff36df387,3,9517244929.0,0.0,0.0,9684112896.0,188988921099.0,1,0x0998656ba62996c27e3e99741f3617ee32ac45ea4c8325b14f6493ba375e2b49,0.0,16487052230.0,16150390892.0,0.0,0.000255,70.594537,70.594792,0.02947634725605,73.88130784949212,-3.286515849492119
146,USDC_USDT,21171376,1731411791,0x1f2f10d1c40777ae1da742455c65828ff36df387,0x6f29d5d136d2cf2562ece981248fcae805c89743a3942391d5698e7a1d0bcc9c,0x1f2f10d1c40777ae1da742455c65828ff36df387,0x1f2f10d1c40777ae1da742455c65828ff36df387,5,1,0.0,1735844675.0,1732419868.0,0.0,22810908187.0,0x00d0085a91f5253647a9113aca4be3f6e29ce0cac30c18f80e6322540b1d95e0,0x1f2f10d1c40777ae1da742455c65828ff36df387,0x1f2f10d1c40777ae1da742455c65828ff36df387,7,1732419868.0,0.0,0.0,1746280296.0,64751157664.0,1,0x8b10e11c8ed946b12881a23f517279dd27c7cab40da8b52d6d25b5792d9c2542,0.0,14163781320.0,14041000000.0,0.0,0.0,10.435621,10.435621,0.01313430987765,42.74040455916974,-32.30478355916974
147,USDC_USDT,21193526,1731678935,0x1f2f10d1c40777ae1da742455c65828ff36df387,0x719afa731a1d1166bca32788fa678eccc4a3fc295cf51d480cef12631c298446,0x1f2f10d1c40777ae1da742455c65828ff36df387,0x1f2f10d1c40777ae1da742455c65828ff36df387,0,1,0.0,9654464910.0,9557620480.0,0.0,29370432583.0,0x618b4a30ea7f253615761c2b91c655758a983cdb33367f102027ac9dabc52a3b,0x1f2f10d1c40777ae1da742455c65828ff36df387,0x1f2f10d1c40777ae1da742455c65828ff36df387,2,9557620225.0,0.0,0.0,9700297472.0,144348478399.0,1,0x9d39e96063b46f7f45809692e0cb997f29e981221eb56a5d0fc877e4fa9a94ed,0.0,12747320195.0,12500675411.0,0.0,0.000255,45.832562,45.832817000000006,0.0260578366473,81.71771044476992,-35.884893444769915
148,USDC_USDT,21329285,1733317115,0x1f2f10d1c40777ae1da742455c65828ff36df387,0xc1aefc78c6c575dcdfee16cf127dd77fa3744989d2f30d895a93f77c9bdd8cba,0x1f2f10d1c40777ae1da742455c65828ff36df387,0x1f2f10d1c40777ae1da742455c65828ff36df387,0,0,24039177229.0,0.0,0.0,23713017344.0,20634461513.0,0x387f4e4221cebedc5fe7d0cc6c7de28fa1c3d098829eeaba704edfd9b06d8f4c,0x1f2f10d1c40777ae1da742455c65828ff36df387,0x1f2f10d1c40777ae1da742455c65828ff36df387,2,0.0,23713017089.0,24291075072.0,0.0,486787816190.0,1,0x7504d885661d30174faaddadca66646e55b325a7f2ed81aa510c3dc3a816b824,19680000000.0,0.0,0.0,19059553273.0,251.897843,0.000255,251.898098,0.07611334165545,303.7208383955528,-51.822740395552785
149,USDC_USDT,21337725,1733418983,0x1f2f10d1c40777ae1da742455c65828ff36df387,0xc72dd6fd15dfbbc781d5bd764d5da260c5529ccd976d5821f96cf7fbd4ac81fb,0x1f2f10d1c40777ae1da742455c65828ff36df387,0x1f2f10d1c40777ae1da742455c65828ff36df387,2,0,23976099428.0,0.0,0.0,23684344832.0,27527157179.0,0xabd94829a416ba4961684c6a4bc53135067c34fc4f56735209c705c960056383,0x1f2f10d1c40777ae1da742455c65828ff36df387,0x1f2f10d1c40777ae1da742455c65828ff36df387,4,0.0,23684344577.0,24022444800.0,0.0,90515123314.0,1,0x5dd1daa410f4e82a4dd5e22680ee12874e4517cd436bee2786047a22dc71f1e1,9446400000.0,0.0,0.0,9200889447.0,46.345372,0.000255,46.345627,0.01770634207395,70.654959336337,-24.309332336337
150,USDC_USDT,21343144,1733484359,0x1f2f10d1c40777ae1da742455c65828ff36df387,0x6e377ca955a0ad68f045ab82a28a4172f27404f33bc4681e33141bfa6ff08252,0x1f2f10d1c40777ae1da742455c65828ff36df387,0x1f2f10d1c40777ae1da742455c65828ff36df387,0,0,24335537225.0,0.0,0.0,23953172224.0,13090974373.0,0x666debaaf317f1d7184c1b6885ecdaffa3ab97a8b2aed22bcaff9d0fe73b2a4f,0x1f2f10d1c40777ae1da742455c65828ff36df387,0x1f2f10d1c40777ae1da742455c65828ff36df387,2,0.0,23953171969.0,24612856832.0,0.0,716619254089.0,1,0x0698813a08ff2e5c96da03e5400811ea79a5312d8b5598e1f425a6eb917b538b,20806561920.0,0.0,0.0,20095421678.0,277.319607,0.000255,277.319862,0.1094565342693,436.7727080836023,-159.4528460836023
151,USDC_USDT,21415481,1734356939,0x1f2f10d1c40777ae1da742455c65828ff36df387,0x4e1eb8e0588e4dd54dc2abc83e8b7ac9aa87d470c06bdef28256a1738f41f97b,0x1f2f10d1c40777ae1da742455c65828ff36df387,0x1f2f10d1c40777ae1da742455c65828ff36df387,0,1,0.0,7416364589.0,7327873024.0,0.0,13870245146.0,0xac9cb9d140f93c72ddeaa4236d15315bd9c650b56f74e0d7f24e7aeda6a5b02e,0x1f2f10d1c40777ae1da742455c65828ff36df387,0x1f2f10d1c40777ae1da742455c65828ff36df387,2,7327872769.0,0.0,0.0,7447996672.0,67636499938.0,1,0x741a64adddbeb69d6a6763fdf70c2433915885c5a18b6c8b637410551e3bdc83,0.0,12189683337.0,11945124371.0,0.0,0.000255,31.632083,31.632338,0.0122260117626,48.26961146388472,-16.63727346388472
152,USDC_USDT,21511320,1735513787,0x1f2f10d1c40777ae1da742455c65828ff36df387,0xba97ad7d43f8669e841bbcaec5004c2915287cbd8643d9753a74680820abaf9b,0x1f2f10d1c40777ae1da742455c65828ff36df387,0x1f2f10d1c40777ae1da742455c65828ff36df387,0,1,0.0,23998578688.0,23631756800.0,0.0,3895875419.0,0x80726ef512b9cd56b1fb97944cac4a488e15ce4f9a3d026bda92b9db049b2538,0x1f2f10d1c40777ae1da742455c65828ff36df387,0x1f2f10d1c40777ae1da742455c65828ff36df387,4,23631756800.0,0.0,0.0,24035195136.0,3895875419.0,1,0x2b4070baab1db27053121154d811247dc0c845a29a1c3182a50a2de7fc4b0f6f,0.0,8967471509.0,8708636482.0,0.0,0.0,36.616448,36.616448,0.0011687626257,3.995733929006566,32.62071407099343
153,USDC_USDT,21545670,1735927967,0x1f2f10d1c40777ae1da742455c65828ff36df387,0x379b78ac59e38eaa2c4f07b7478ad1d1c332d3f097237abdb3f84630dbb251b6,0x1f2f10d1c40777ae1da742455c65828ff36df387,0x1f2f10d1c40777ae1da742455c65828ff36df387,0,1,0.0,13002970275.0,12901392640.0,0.0,19023239281.0,0x7e35b42223cb006ac44beff4faeaddc47f1fa1857a4094418bc23d6becabc087,0x1f2f10d1c40777ae1da742455c65828ff36df387,0x1f2f10d1c40777ae1da742455c65828ff36df387,4,12901392385.0,0.0,0.0,13116581120.0,184632095319.0,1,0xa1cf84d0d6c495a33e73ccfed3ce1d9f62e514255de4befb722b17171042b5d9,0.0,17499281636.0,17140764128.0,0.0,0.000255,113.610845,113.6111,0.03054830019,109.85045435783037,3.760645642169621
154,USDC_USDT,21670308,1737431675,0x000000d40b595b94918a28b27d1e2c66f43a51d3,0x00d9c3d10788a6cb074e4e66f1ee77dccad82905c25a293702210dee46bbab47,0x000000d40b595b94918a28b27d1e2c66f43a51d3,0x000000d40b595b94918a28b27d1e2c66f43a51d3,7,0,4726688256.0,0.0,0.0,4721844992.0,8433564060.0,0x1073d215f882150ed8b3b24bca8b6988c095f987c91bbf152524ac8798e4f9cd,0x000000d40b595b94918a28b27d1e2c66f43a51d3,0x000000d40b595b94918a28b27d1e2c66f43a51d3,9,0.0,4694460928.0,4726688000.0,0.0,68934533953.0,1,0x465ddcee8a6fc26d7a7b7969afcbd97a4c353852e6b30b59e56bc19f434755fa,13975958067.0,0.0,0.0,13851685597.0,-0.000256,27.384064,27.383808,0.01160521470195,38.293960152081695,-10.910152152081697
155,USDC_USDT,21965090,1740989591,0x1f2f10d1c40777ae1da742455c65828ff36df387,0xc5340dab613f948f181c1a5c2dd58b4c1db111a27ac34272420719be81aa3719,0x1f2f10d1c40777ae1da742455c65828ff36df387,0x1f2f10d1c40777ae1da742455c65828ff36df387,0,0,14525543686.0,0.0,0.0,14358360064.0,711643319.0,0x842a4be752756a07ad11bd7b9ee89fcfd0b0b34309ca1bfd9669310276c5bf85,0x1f2f10d1c40777ae1da742455c65828ff36df387,0x1f2f10d1c40777ae1da742455c65828ff36df387,2,0.0,14358359809.0,14582518784.0,0.0,242582594743.0,1,0xc1baf7664bdd4c0616d038b9821e6cc0b555e8134ede25d3fc67e1945a71d739,11828057000.0,0.0,0.0,11563044399.0,56.975098,0.000255,56.975353000000005,0.0364941357093,76.70202656093812,-19.726673560938117
156,USDC_USDT,22139024,1743087815,0x1f2f10d1c40777ae1da742455c65828ff36df387,0x62003497b8ee5550df69125e25ae16dc8e41a30148e4f51825806581c77c056f,0x1f2f10d1c40777ae1da742455c65828ff36df387,0x1f2f10d1c40777ae1da742455c65828ff36df387,1,1,0.0,6796006429.0,6772806144.0,0.0,1940760059.0,0xd3a301076150d434b0dcd7da41642feb7bd9d58734c37f176390f70c9876cdf3,0x1f2f10d1c40777ae1da742455c65828ff36df387,0x1f2f10d1c40777ae1da742455c65828ff36df387,4,6772805889.0,0.0,0.0,6812466944.0,53476617637.0,2,0xfa80290009bb7d1a795dd681898bc3b069cf41d3d447b6915efc1f979c9fb8ab;0xc97ce3770bf073e4ec7afb59dd3ca266253f110c81fd192d49465c59cbaef887,0.0,10000000000.0,9895502860.0,0.0,0.000255,16.460515,16.46077,0.0083126066544,15.643976173659874,0.8167938263401258
157,USDC_USDT,22356669,1745712131,0x3bfe65f217df9ad7358698580aeb47f692241c48,0x526c98364786ec5e22daf706472300d2bb22f3524906cb5ef3361baf61affdb7,0x3bfe65f217df9ad7358698580aeb47f692241c48,0x3bfe65f217df9ad7358698580aeb47f692241c48,3,0,218475782615.0,0.0,0.0,194949822618.0,345186529.0,0xb584eb8c8742a06f832b9a24b0af66996f626a81746c20a1b14a9f3a819034d5,0x3bfe65f217df9ad7358698580aeb47f692241c48,0x3bfe65f217df9ad7358698580aeb47f692241c48,5,0.0,197742001195.0,221438597866.0,0.0,345186529.0,1,0x0a0101a1f7b2fca8e8e3345585516f1969ee64c9d394dfbfcb106c9e7ad6c422,6705855482.0,0.0,0.0,5333314621.0,2962.815251,-2792.178577,170.63667399999986,0.0001035559587,0.18836927336324935,170.44830472663662
158,USDC_USDT,22558204,1748156327,0x1f2f10d1c40777ae1da742455c65828ff36df387,0xf5b2890cda7f5ab469c7a15a597e20b3a22c730fe418b6eefb039375cbcbe4f5,0x1f2f10d1c40777ae1da742455c65828ff36df387,0x1f2f10d1c40777ae1da742455c65828ff36df387,1,0,6041624772.0,0.0,0.0,5996530944.0,363619461.0,0xcd6ead34a2fa20f1e080b0bcf4a915c11ccbbededffefc015df6799ccfce2109,0x1f2f10d1c40777ae1da742455c65828ff36df387,0x1f2f10d1c40777ae1da742455c65828ff36df387,3,0.0,5996530689.0,6135268096.0,0.0,491756358586.0,1,0x8d496f58f08c7d70853d49badd9ebf86f36d0f7d98c2dd118b3a86e75314ce78,20000000000.0,0.0,0.0,19575782588.0,93.643324,0.000255,93.643579,0.07381799670705,194.2454647242139,-100.60188572421389
159,USDC_USDT,22558208,1748156375,0x1f2f10d1c40777ae1da742455c65828ff36df387,0xbdac3bcd5596541892503cc1b8d08c939fbf7af75156a5d045e376d48b875839,0x1f2f10d1c40777ae1da742455c65828ff36df387,0x1f2f10d1c40777ae1da742455c65828ff36df387,0,0,6057639809.0,0.0,0.0,6000839680.0,352760893.0,0xd025c96054580690446382816f3eeb0496b7503e0b283722bd9a853f01fd9bc7,0x1f2f10d1c40777ae1da742455c65828ff36df387,0x1f2f10d1c40777ae1da742455c65828ff36df387,4,0.0,6000839425.0,6151399424.0,0.0,324157556412.0,1,0x4f2b2a268aeb25090bdae07e26c7dfba5d7495ebcc51d2b1bfa8e6273589a0c5,20000000000.0,0.0,0.0,19538162130.0,93.759615,0.000255,93.75986999999999,0.04867654759575,128.08798708572587,-34.32811708572588
160,USDC_USDT,22566822,1748260775,0x1f2f10d1c40777ae1da742455c65828ff36df387,0x55ee6e6e2a658472a1bae177d46ed1860eb88ab669e6cbac6fd5f5f7716a5d37,0x1f2f10d1c40777ae1da742455c65828ff36df387,0x1f2f10d1c40777ae1da742455c65828ff36df387,0,0,10997623542.0,0.0,0.0,10911275008.0,942956643.0,0x88ddfba376f589ad9b572c78245b69c4ade59ab7ede5fd2874be34b20da1844c,0x1f2f10d1c40777ae1da742455c65828ff36df387,0x1f2f10d1c40777ae1da742455c65828ff36df387,4,0.0,10911274753.0,11049527808.0,0.0,52518512277.0,1,0x79ebb819d8cc5d30a160288b8f7744476b6987c2f0658bb71911a90720723af9,10000000000.0,0.0,0.0,9810176115.0,51.904266,0.000255,51.904521,0.008019220338,21.1018620223801,30.802658977619902
161,USDC_USDT,22579613,1748415299,0x1f2f10d1c40777ae1da742455c65828ff36df387,0x8f065dc36a856991dad585c8833f0b8083032f5e9e355ff64bc5679db6cfd92d,0x1f2f10d1c40777ae1da742455c65828ff36df387,0x1f2f10d1c40777ae1da742455c65828ff36df387,1,0,8527499212.0,0.0,0.0,8451146496.0,910440355.0,0x1aea587575c2822f79b5d967b80a04a20777a88d289dabb3978181066feaf40a,0x1f2f10d1c40777ae1da742455c65828ff36df387,0x1f2f10d1c40777ae1da742455c65828ff36df387,3,0.0,8451146241.0,8613497600.0,0.0,310307769637.0,1,0x3f264eab8d6c420efb0eab8d7846fca92dd7034998c6c0b2e0f6b738c6179f4f,15000000000.0,0.0,0.0,14679369852.0,85.998388,0.000255,85.998643,0.0466827314988,120.48527345887578,-34.48663045887578
162,USDC_USDT,22615245,1748846075,0x1f2f10d1c40777ae1da742455c65828ff36df387,0x7b428c1d7af2dfc78a76056227e88ecd2be6dc17bc1f6e673897de556d792274,0x1f2f10d1c40777ae1da742455c65828ff36df387,0x1f2f10d1c40777ae1da742455c65828ff36df387,0,0,6044401220.0,0.0,0.0,6000533504.0,1011681239.0,0x60e18268c339cc3cd6ec3f9425f5226a7629cd60881a92497638f19b6d1ef1df,0x1f2f10d1c40777ae1da742455c65828ff36df387,0x1f2f10d1c40777ae1da742455c65828ff36df387,7,0.0,6000533249.0,6138064896.0,0.0,220821918320.0,1,0x6442eea6e9cbf990b1e44972ac4c75c77b3d90fa1edb4bd033e6d53d903ece9a,20000000000.0,0.0,0.0,19579868747.0,93.663676,0.000255,93.66393099999999,0.03327503993385,86.59631389798946,7.06761710201053
163,USDC_USDT,22739565,1750348631,0x1f2f10d1c40777ae1da742455c65828ff36df387,0x4a0763e1c1c6577d697d67049185e4b2bf9496a4e68c8852ca19c4d58ba26645,0x1f2f10d1c40777ae1da742455c65828ff36df387,0x1f2f10d1c40777ae1da742455c65828ff36df387,3,0,5546213328.0,0.0,0.0,5514691072.0,2720436940.0,0x897041073df3a490c5bb07988c594dc3b0413f29c89eb65aa6b6398d6c24118f,0x1f2f10d1c40777ae1da742455c65828ff36df387,0x1f2f10d1c40777ae1da742455c65828ff36df387,5,0.0,5514690817.0,5638198272.0,0.0,533338696274.0,1,0xcf22b5b16275238f15788b84f0e0dd176b7376ab568399d84c78c894f79c682e,21000000000.0,0.0,0.0,20585956126.0,91.984944,0.000255,91.985199,0.0804088699821,195.4416082655457,-103.45640926554572
164,USDC_USDT,23385201,1758141071,0x1f2f10d1c40777ae1da742455c65828ff36df387,0xd40ef66c777411d66744d4d42c7be448a30985af599589d643cd57f700268581,0x1f2f10d1c40777ae1da742455c65828ff36df387,0x1f2f10d1c40777ae1da742455c65828ff36df387,1,0,9276831584.0,0.0,0.0,9196905984.0,641329193.0,0xf2942cab451019a7b5a09515958402bb70dee460ed130333c6df22e25bf6ae38,0x1f2f10d1c40777ae1da742455c65828ff36df387,0x1f2f10d1c40777ae1da742455c65828ff36df387,3,0.0,9196905729.0,9334790400.0,0.0,100838473488.0,1,0x9806c627a14317e907bbe7d526a5fe53580c25e7f276295389029cb98e275955,11438167435.0,0.0,0.0,11214361158.0,57.958816,0.000255,57.959071,0.01522197040215,68.12710690274835,-10.16803590274835
165,USDC_USDT,23492868,1759441547,0x1f2f10d1c40777ae1da742455c65828ff36df387,0x76c8ab62efda5f4ad46f2bae96ab1c424ce6d7b184af7b169bc20c74456bdb5f,0x1f2f10d1c40777ae1da742455c65828ff36df387,0x1f2f10d1c40777ae1da742455c65828ff36df387,0,0,9235829018.0,0.0,0.0,9158154496.0,357577848.0,0x74180c8b936de155aaef53095a015da19dcd51b8e809b8fa925cb35ff0b89a9c,0x1f2f10d1c40777ae1da742455c65828ff36df387,0x1f2f10d1c40777ae1da742455c65828ff36df387,3,0.0,9158154241.0,9250849024.0,0.0,15631903669.0,1,0x21dd8be67fa28e5f3ed1f023e1da7b4062cc32e6bf1a2553031963f7875369d5,7093469005.0,0.0,0.0,6972200399.0,15.020006,0.000255,15.020261,0.00239842222755,10.794585074502162,4.225675925497837
166,USDC_USDT,23625063,1761039083,0x1f2f10d1c40777ae1da742455c65828ff36df387,0xc000c75696302ce7c8b23947df9da45dd95849a2df3291589bbafde643733e26,0x1f2f10d1c40777ae1da742455c65828ff36df387,0x1f2f10d1c40777ae1da742455c65828ff36df387,1,0,9245093418.0,0.0,0.0,9162302208.0,97159959.0,0x339079d13dc0d0255afe490abea115ded1cd90976d4c2c7c91e8fb5fad412dfc,0x1f2f10d1c40777ae1da742455c65828ff36df387,0x1f2f10d1c40777ae1da742455c65828ff36df387,4,0.0,9162301953.0,9280467200.0,0.0,69785108559.0,1,0x5f793739c554033cd156117f8c02a75a6ece6a4a1867ceac5f61827e29885fa0,9149252685.0,0.0,0.0,8978007244.0,35.373782,0.000255,35.374037,0.0104823402777,40.50362045627746,-5.129583456277459
167,USDC_USDT,23703340,1761986231,0x1f2f10d1c40777ae1da742455c65828ff36df387,0xda404af2f10c42463fc065d4f5ef2c547d356c362a52ea4fce6995548d81ac03,0x1f2f10d1c40777ae1da742455c65828ff36df387,0x1f2f10d1c40777ae1da742455c65828ff36df387,0,0,12215028736.0,0.0,0.0,12085492736.0,89453102.0,0x4a4a82ae39f4bcbf836ffd4e5dc91774c2e68785a61db2c51225ee998a4cc144,0x1f2f10d1c40777ae1da742455c65828ff36df387,0x1f2f10d1c40777ae1da742455c65828ff36df387,3,0.0,12085492736.0,12224377088.0,0.0,19432496075.0,1,0x540c2c0a221264e056f885e94e5ae6351351247c6d6475511dced8b45d4fb587,6000000000.0,0.0,0.0,5875565847.0,9.348352,0.0,9.348352,0.00292829237655,10.655556118352154,-1.3072041183521534
168,USDC_USDT,23730329,1762312163,0x1f2f10d1c40777ae1da742455c65828ff36df387,0x53881cc4e54e905c403bccde016e92482d5552138f69222fbc786b17f6d2df53,0x1f2f10d1c40777ae1da742455c65828ff36df387,0x1f2f10d1c40777ae1da742455c65828ff36df387,0,1,0.0,13391980165.0,13256625408.0,0.0,916330432.0,0x146b5ae1a2bd031190f6bd9827442ebc771891fa6df98805e169fd7ccfa216af,0x1f2f10d1c40777ae1da742455c65828ff36df387,0x1f2f10d1c40777ae1da742455c65828ff36df387,2,13256625153.0,0.0,0.0,13475271168.0,186930072101.0,1,0x161b30ff7ad6a4e854831fad42fc1e46cd57460352315f65b04cc678826c30e7,0.0,10860242514.0,10604335705.0,0.0,0.000255,83.291003,83.291258,0.02817696037995,93.01709635855725,-9.725838358557255
169,USDC_USDT,24447931,1770986531,0x1f2f10d1c40777ae1da742455c65828ff36df387,0x4b6ed2ac3cfb1c5a3f530bdf72f2aff670afdb6d90530c738042757ab2c2fc6e,0x1f2f10d1c40777ae1da742455c65828ff36df387,0x1f2f10d1c40777ae1da742455c65828ff36df387,6,0,8845720985.0,0.0,0.0,8792010496.0,59900417.0,0x5ff77ab08a08d5b2a6a09db688efb424feb11a2c8488da15a9ee1c8b29de69eb,0x1f2f10d1c40777ae1da742455c65828ff36df387,0x1f2f10d1c40777ae1da742455c65828ff36df387,9,0.0,8792010241.0,8877919232.0,0.0,106149395432.0,1,0x3fad3a686c52f805e0e97a7054d6574a65357ab44ce3627205997b3ca3013680,8588241687.0,0.0,0.0,8452801695.0,32.198247,0.000255,32.198502000000005,0.01593139437735,31.40634741518013,0.7921545848198761
