sandwich_id,pair,block_number,timestamp,victim_tx,victim_sender,victim_to,victim_entity,tx_index,log_index,direction,amount0_in,amount1_in,amount0_out,amount1_out,gas_price
1,WETH_USDC,10498510,1595276813,0x0c53b4d11c2b8c1b9dfa590e72ff053429ac875bc95df1db866c980cce4d789e,0x7a250d5630b4cf539739df2c5dacb4c659f2488d,0x8175362afbeee32afb22d05adc0bbd08de32f5ae,0x8175362afbeee32afb22d05adc0bbd08de32f5ae,152,126,0,10000000000.0,0.0,0.0,4.203256382082571e+19,62000000000.0
2,WETH_USDC,12273361,1618873553,0xf70d1ec835a74b95c4ee68e17e1406693249d9500182fba3af2657b4069aa23b,0x7a250d5630b4cf539739df2c5dacb4c659f2488d,0x1107b6081231d7f256269ad014bf92e041cb08df,0x1107b6081231d7f256269ad014bf92e041cb08df,194,209,0,10000000000.0,0.0,0.0,4.555978081715291e+18,220000000000.0
3,WETH_USDC,12573817,1622887121,0x4e5b8585c65be13f31f7901b3d9e4ec631a119bcbca0da5e55ee4c92486fc41c,0x7a250d5630b4cf539739df2c5dacb4c659f2488d,0xc52e09d00c459e746854b350e5b3855cec38a09b,0xc52e09d00c459e746854b350e5b3855cec38a09b,1,8,1,0.0,3.5e+20,933534538229.0,0.0,20000001459.0
4,WETH_USDC,12723529,1624897197,0x68e408b8c865bec210f19a721b269bd0f928ce36ecc03b8e135dfe187ae74dac,0x7a250d5630b4cf539739df2c5dacb4c659f2488d,0x904144473fde753dc0729608cfeea6f4a8b275e6,0x904144473fde753dc0729608cfeea6f4a8b275e6,1,9,1,0.0,5e+20,1041743553398.0,0.0,53000001561.0
5,WETH_USDC,12998450,1628611942,0x02c0b1901c22e16406508c94f1f1713e90798532aa080026d37dcb748fc5bf1b,0x7a250d5630b4cf539739df2c5dacb4c659f2488d,0xf9124e7b6ced254fdd13a43f06920c01d47e3cae,0xf9124e7b6ced254fdd13a43f06920c01d47e3cae,1,13,1,0.0,2.596300412836087e+20,800000000000.0,0.0,232000000000.0
6,WETH_USDC,13198724,1631286395,0x0c38bffca1745707829742a0126a0002cb764254d65f6d154d2b6c90b23b0a98,0x7a250d5630b4cf539739df2c5dacb4c659f2488d,0x3155acd9f75915fcc21d34035f440da7040bd3ba,0x3155acd9f75915fcc21d34035f440da7040bd3ba,1,11,1,0.0,4.5e+18,14586903549.0,0.0,122628171102.0
7,WETH_USDC,13223433,1631617102,0xa3804be37d2458dfb46ebc52e622a7d1a388a82b410e620254b36bcea3ccf5df,0x7a250d5630b4cf539739df2c5dacb4c659f2488d,0xd75d1b30967d94b105f82f572ae7591cc3c48beb,0xd75d1b30967d94b105f82f572ae7591cc3c48beb,230,389,1,0.0,2.3e+17,764569347.0,0.0,36901766675.0
8,WETH_USDC,13599139,1636690396,0x8a660c56e1cf2b7c68fc7714feb3ba1a290dd8cb103e6c774c68d0eed57a9d6e,0x7a250d5630b4cf539739df2c5dacb4c659f2488d,0x40db5eb2c01fd8b2e25e10652812ebe2fcbcff2d,0x40db5eb2c01fd8b2e25e10652812ebe2fcbcff2d,1,11,1,0.0,1.1642481734610064e+20,545231955375.0,0.0,120080871963.0
9,WETH_USDC,13623552,1637023292,0xff040e1c6cf569c5b4f50458107f51bd238020a843036d467488adb8d748b8f1,0x7a250d5630b4cf539739df2c5dacb4c659f2488d,0xc4fa9fd2e51e41c2be2c3a77c53710b224e1b31d,0xc4fa9fd2e51e41c2be2c3a77c53710b224e1b31d,1,11,1,0.0,5e+18,22279833734.0,0.0,140692397527.0
10,WETH_USDC,13698659,1638051441,0xfbac89185d9c49ae94926fc02f8d452c4da8754a53c4f05ac5ad9144fd188228,0x7a250d5630b4cf539739df2c5dacb4c659f2488d,0xb8b7c440c36e31686bf1e1bdca76a52e730190fc,0xb8b7c440c36e31686bf1e1bdca76a52e730190fc,5,42,1,0.0,3.1403934347419064e+18,12782805652.0,0.0,129961678681.0
11,WETH_USDC,13724034,1638402451,0x83c2559e04a91c1e3c5b4263837f2042f6461f66adde2505c7310df89014b3be,0x7a250d5630b4cf539739df2c5dacb4c659f2488d,0xb8b7c440c36e31686bf1e1bdca76a52e730190fc,0xb8b7c440c36e31686bf1e1bdca76a52e730190fc,1,11,1,0.0,1.3e+19,59251818226.0,0.0,106983293029.0
12,WETH_USDC,13823726,1639759116,0x1c79a43f5aeae4308189ccf6550f3d9dea1f7e65faca56ea92a70df23aad9f79,0x7a250d5630b4cf539739df2c5dacb4c659f2488d,0x7a250d5630b4cf539739df2c5dacb4c659f2488d,0x7a250d5630b4cf539739df2c5dacb4c659f2488d,1,9,0,776354019393.0,0.0,0.0,1.957428843121734e+20,110252367282.0
13,WETH_USDC,13924341,1641103738,0x7a29cbb3a0962131bf43859d07e1b6eee392f135af8965a958b3ab66adabf113,0x68b3465833fb72a70ecdf485e0e4c7bd8665fc45,0xf6dcdce0ac3001b2f67f750bc64ea5beb37b5824,0x68b3465833fb72a70ecdf485e0e4c7bd8665fc45,1,14,1,0.0,2.5878061563549577e+19,96200130025.0,0.0,54277119764.0
14,WETH_USDC,13948379,1641424661,0x6775f38fc61b3c69bdf2e62b797e19f50e8119de6530f8aa2754f974214aa486,0x7a250d5630b4cf539739df2c5dacb4c659f2488d,0xf6dcdce0ac3001b2f67f750bc64ea5beb37b5824,0xf6dcdce0ac3001b2f67f750bc64ea5beb37b5824,34,76,1,0.0,7.698905293119486e+18,27134519222.0,0.0,158661141571.0
15,WETH_USDC,13973529,1641760340,0xc74e85cff8bee739a0b9fa2833be523694072fc616d76da0168c739211a0a9c3,0x7a250d5630b4cf539739df2c5dacb4c659f2488d,0xccb63225a7b19dcf66717e4d40c9a72b39331d61,0xccb63225a7b19dcf66717e4d40c9a72b39331d61,157,274,0,50000000000.0,0.0,0.0,1.556534140326952e+19,158601148201.0
16,WETH_USDC,14023429,1642427590,0x27d2e9278d50f1379480816a1ebea22851891f2aed7e6dffea9070d614b24cbc,0x7a250d5630b4cf539739df2c5dacb4c659f2488d,0x96f007661544a7139bf0b9ae0339b3de560d86c7,0x96f007661544a7139bf0b9ae0339b3de560d86c7,181,291,1,0.0,2.984560307193481e+17,970127439.0,0.0,100318085654.0
17,WETH_USDC,14024133,1642437351,0xa96643c448390d6d67078584428de2ccfe8d0a0230a971207c9bd90cd620b81a,0x7a250d5630b4cf539739df2c5dacb4c659f2488d,0xf6dcdce0ac3001b2f67f750bc64ea5beb37b5824,0xf6dcdce0ac3001b2f67f750bc64ea5beb37b5824,151,271,1,0.0,2e+17,643393814.0,0.0,128022504146.0
18,WETH_USDC,14048657,1642764662,0x8708a367def7d152beda9fae7a18f0fca4c5c6d652184ab2d3fc1154c0a59c2d,0x7a250d5630b4cf539739df2c5dacb4c659f2488d,0x307feb4749afcd25656647be0ae199026522a54d,0x307feb4749afcd25656647be0ae199026522a54d,6,58,1,0.0,3.229620324735065e+17,912879506.0,0.0,89100000000.0
19,WETH_USDC,14073532,1643097424,0xdc85bc1a9e305aae1e44ef48c73232ebbe8d21646eef4954414eef5f08b14228,0x7a250d5630b4cf539739df2c5dacb4c659f2488d,0x3f61171b1297f6e512c750c172ba86026ab0e820,0x3f61171b1297f6e512c750c172ba86026ab0e820,1,14,1,0.0,7.580949966318982e+18,17966158815.0,0.0,66628332366.0
20,WETH_USDC,14073978,1643103123,0xf5e59c10d89c27492e39dae1a8e45aa1bdd89a627ef10974409519423456dae2,0x7a250d5630b4cf539739df2c5dacb4c659f2488d,0x7a250d5630b4cf539739df2c5dacb4c659f2488d,0x7a250d5630b4cf539739df2c5dacb4c659f2488d,29,58,0,3205626821.0,0.0,0.0,1.32634291732704e+18,81686134087.0
21,WETH_USDC,14074243,1643106758,0x7f23d34bc1237324e4f6f1880ef3234a191a848a34b3f3acf93baf4e21d4caf6,0x7a250d5630b4cf539739df2c5dacb4c659f2488d,0x7a250d5630b4cf539739df2c5dacb4c659f2488d,0x7a250d5630b4cf539739df2c5dacb4c659f2488d,10,59,0,8004000000.0,0.0,0.0,3.2749831268405924e+18,84080089178.0
22,WETH_USDC,14173686,1644433944,0x77978d6c6b77d988f306a8bd16ab6f77d19a8a33417695406a18e9be4dcb81f6,0x7a250d5630b4cf539739df2c5dacb4c659f2488d,0x7a250d5630b4cf539739df2c5dacb4c659f2488d,0x7a250d5630b4cf539739df2c5dacb4c659f2488d,85,132,0,2348695971.0,0.0,0.0,7.248061473127284e+17,82915571571.0
23,WETH_USDC,14223692,1645101518,0xc5bd77b4afc1f8af5ed705e48e3b352ed3925dbbf5038574577e8378d2f7c604,0x7a250d5630b4cf539739df2c5dacb4c659f2488d,0x4cd36d6f32586177e36179a810595a33163a20bf,0x4cd36d6f32586177e36179a810595a33163a20bf,166,332,1,0.0,3.020384991386926e+18,9269298347.0,0.0,49324874857.0
24,WETH_USDC,14298656,1646104895,0x391c375c88296c381a69ec53bd3a2fd985bc744766095b0fbc29663dbd068320,0xdef1c0ded9bec7f1a1670819833240f027b25eff,0x74de5d4fcbf63e00296fd95d33236b9794016631,0xdef1c0ded9bec7f1a1670819833240f027b25eff,252,187,1,0.0,4.460625e+17,1292866606.0,0.0,68723344495.0
25,WETH_USDC,14299356,1646114776,0x139582ac3ba2048763414284dd5086ac26361584d27da0d332f5b74d6006ff38,0x7a250d5630b4cf539739df2c5dacb4c659f2488d,0x4e84460a8b8bad045ff4eb5be1ecce7a3e3a17c8,0x4e84460a8b8bad045ff4eb5be1ecce7a3e3a17c8,137,467,0,49990000.0,0.0,0.0,1.7105798022071024e+16,52800000000.0
26,WETH_USDC,14299433,1646115707,0x525f7eec53ddb73dcbd1ab54d638067fa6b44101ae79e9424ee17e4632951b83,0x1111111254fb6c44bac0bed2854e76f90643097d,0x1111111254fb6c44bac0bed2854e76f90643097d,0x1111111254fb6c44bac0bed2854e76f90643097d,129,185,0,37000000.0,0.0,0.0,1.2739067342646096e+16,50225894627.0
27,WETH_USDC,14323321,1646434624,0x8e7a72bd97df9e9536201a681a91179e5ec40ed0805f96680f6a7c087fe03d62,0x7a250d5630b4cf539739df2c5dacb4c659f2488d,0xbc562bf2c1445707e5f8df66dbf8eee60cc49a59,0xbc562bf2c1445707e5f8df66dbf8eee60cc49a59,276,393,0,1500000000.0,0.0,0.0,5.7300491788209894e+17,59913642386.0
28,WETH_USDC,14324002,1646444007,0x2bc8321f0abe3ad8b56103af212734e7107bbd715870a1e7bc5503c63d539aa6,0xf164fc0ec4e93095b804a4795bbe1e041497b92a,0x22f9dcf4647084d6c31b2765f6910cd85c178c18,0x22f9dcf4647084d6c31b2765f6910cd85c178c18,54,78,1,0.0,5.4409007604431846e+17,1416141400.0,0.0,57903017485.0
29,WETH_USDC,14523246,1649125419,0xb3b86aa6b2b6788d902839f9886109e62b299dae650a5397eb161e59f7d22b0f,0xdef1c0ded9bec7f1a1670819833240f027b25eff,0xdef1c0ded9bec7f1a1670819833240f027b25eff,0xdef1c0ded9bec7f1a1670819833240f027b25eff,54,128,0,625000000.0,0.0,0.0,1.7713146031814067e+17,86397526825.0
30,WETH_USDC,14523679,1649131508,0x46d7549d20302ab4ae3d3a786e525d6dcd87ef6a9050158581be45c0a95525bd,0x1111111254fb6c44bac0bed2854e76f90643097d,0x1111111254fb6c44bac0bed2854e76f90643097d,0x1111111254fb6c44bac0bed2854e76f90643097d,67,126,0,843947729.0,0.0,0.0,2.388051757901917e+17,70416663242.0
31,WETH_USDC,14523785,1649132953,0x0b3f7e7ccad5c4e5899c9fe65666b725aebbdce53aa925fd6c5bb9d758a619eb,0x7a250d5630b4cf539739df2c5dacb4c659f2488d,0x809cf2faec00b66f4a2de163c65d911a420513ee,0x809cf2faec00b66f4a2de163c65d911a420513ee,149,329,1,0.0,4.225051127418483e+18,14819817192.0,0.0,58918094349.0
32,WETH_USDC,14573239,1649799335,0x0e59075513ceed9b8a93f3d5d261d35e4dec85b31b358f2812d03724add0d306,0x7a250d5630b4cf539739df2c5dacb4c659f2488d,0x0d4a11d5eeaac28ec3f61d100daf4d40471f1852,0x0d4a11d5eeaac28ec3f61d100daf4d40471f1852,316,651,0,13750000000.0,0.0,0.0,4.572517649090148e+18,61217493034.0
33,WETH_USDC,14623500,1650478974,0xc534d905de22da8afda2faea41afa6b0073f35a158f2db97501d419b9eba0c41,0x7a250d5630b4cf539739df2c5dacb4c659f2488d,0x7a250d5630b4cf539739df2c5dacb4c659f2488d,0x7a250d5630b4cf539739df2c5dacb4c659f2488d,203,342,0,2003801753.0,0.0,0.0,6.498e+17,77496597158.0
34,WETH_USDC,14624073,1650486776,0xd556acccb3efa37896efe3e96d9b80004c79cc8ab023157c1d24ac81554b810a,0x7a250d5630b4cf539739df2c5dacb4c659f2488d,0x1f964ff83c54ce447adae5cb93f9ec17018bf55b,0x1f964ff83c54ce447adae5cb93f9ec17018bf55b,127,347,0,2688499055.0,0.0,0.0,8.736887841736319e+17,64350248229.0
35,WETH_USDC,14648296,1650815006,0xeea0c2de33ec4126a2e2f94f54039302778f28410b1d347cda2d52a2abf932df,0xdef171fe48cf0115b1d80b88dc8eab59176fee57,0x77bbc2b409c2c75e4999e8e3eb8309efff37cf2d,0xdef171fe48cf0115b1d80b88dc8eab59176fee57,158,231,0,1630000000.0,0.0,0.0,5.5164918489635456e+17,46000000000.0
36,WETH_USDC,14698324,1651495168,0x47daa2a75e118950dc1c50ff1557e8860379576c6fc44e484ff7283e9eec5166,0xdef171fe48cf0115b1d80b88dc8eab59176fee57,0xdef171fe48cf0115b1d80b88dc8eab59176fee57,0xdef171fe48cf0115b1d80b88dc8eab59176fee57,187,371,0,8697143727.0,0.0,0.0,3.1e+18,46740365525.0
37,WETH_USDC,14748890,1652190018,0x3dc96288d72cccdc5e0690ad76090aa9a0e422d93c81232964a19c1bc93a55e0,0x7a250d5630b4cf539739df2c5dacb4c659f2488d,0x53032dc4dd5c85efee772b1fe38de05ed27d9cd2,0x53032dc4dd5c85efee772b1fe38de05ed27d9cd2,266,584,1,0.0,2.1196352985913328e+17,511885573.0,0.0,41080036488.0
38,WETH_USDC,14773375,1652527955,0x1ea743c4ac153d1e4e0af98ec110cdeb99a7d42ecfdbd6e853ab8457bb2b6d90,0x7a250d5630b4cf539739df2c5dacb4c659f2488d,0x2dfee82f4250dd3f3c6811c5d2926ede8b37a7d5,0x2dfee82f4250dd3f3c6811c5d2926ede8b37a7d5,160,274,0,2990564809.0,0.0,0.0,1.509252564502916e+18,41973745064.0
39,WETH_USDC,14774009,1652537039,0x5599581ffe8ff3e3d5d2fe37420e91ed877626ca51ac8d5a601cde5dc1481ccb,0x7a250d5630b4cf539739df2c5dacb4c659f2488d,0x8d502471792512c9f8197fc28b6a6d5026bb7437,0x8d502471792512c9f8197fc28b6a6d5026bb7437,271,559,1,0.0,2.505092538996961e+18,4885117430.0,0.0,38039434847.0
40,WETH_USDC,14799039,1652879486,0xb9afad6d927c981e55d1c9a6791705a4a41a13bed3d217755b90a9cdd412c6d6,0x7a250d5630b4cf539739df2c5dacb4c659f2488d,0xa4bdbb4cf92de8e78ae63ac9605f713255212fc0,0xa4bdbb4cf92de8e78ae63ac9605f713255212fc0,205,241,0,1000000000.0,0.0,0.0,5.0003554199633024e+17,26563317242.0
41,WETH_USDC,14823440,1653223123,0xaf9953cbb90e963c0e476d7a4fb832916f408f1a4b7a59e07926b4158e8c8d70,0x1111111254fb6c44bac0bed2854e76f90643097d,0x1111111254fb6c44bac0bed2854e76f90643097d,0x1111111254fb6c44bac0bed2854e76f90643097d,280,480,0,64457603.0,0.0,0.0,3.17667190632792e+16,19391808477.0
42,WETH_USDC,14848269,1653572680,0x1c91f10fe5cd0ce143e22b17c89d21620b649f2be647caed47d56213966fbc55,0xdef1c0ded9bec7f1a1670819833240f027b25eff,0xdef1c0ded9bec7f1a1670819833240f027b25eff,0xdef1c0ded9bec7f1a1670819833240f027b25eff,69,153,0,23464269594.0,0.0,0.0,1.309877576156749e+19,74354308664.0
43,WETH_USDC,14848330,1653573564,0x48c0ae16bdbf5c717698266d382cba089061f0007bdf3090605279522f91440f,0x11111112542d85b3ef69ae05771c2dccff4faa26,0xb6c20fe76672762b096c79325ee78fd56f871469,0x11111112542d85b3ef69ae05771c2dccff4faa26,322,372,1,0.0,5.237565767560155e+17,943333444.0,0.0,69342101616.0
44,WETH_USDC,14848437,1653574937,0x25075cdd485d195ea6b76e568d5f5186a47d7714323795dbfe332b8d1d89eaf0,0x166a309efceedc82c501014130beadd0b3097475,0x166a309efceedc82c501014130beadd0b3097475,0x166a309efceedc82c501014130beadd0b3097475,69,184,0,324688310615.0,0.0,0.0,1.7446042102521463e+20,164162873820.0
45,WETH_USDC,14848535,1653576247,0xbc2b346c558787383576622da3899648fe828aa0456844a0f91a1895d46eb9b3,0x68b3465833fb72a70ecdf485e0e4c7bd8665fc45,0x68b3465833fb72a70ecdf485e0e4c7bd8665fc45,0x68b3465833fb72a70ecdf485e0e4c7bd8665fc45,219,396,0,784934324.0,0.0,0.0,4.2384486531654515e+17,38486493523.0
46,WETH_USDC,14873542,1653927359,0xd85da8181a7defe8052b0a8fd9a8ad5faf976ba7de89050a6581bd97cb7baad3,0x7a250d5630b4cf539739df2c5dacb4c659f2488d,0x7d3e6457ade26434f8046c405410488f1985065a,0x7d3e6457ade26434f8046c405410488f1985065a,314,261,0,2000000000.0,0.0,0.0,1.04528960755708e+18,64079408509.0
47,WETH_USDC,14873553,1653927473,0xc021faf92b74fcfa672eb625c5746b0389979a5aca392fb7a030076d5a0c7f4c,0x7a250d5630b4cf539739df2c5dacb4c659f2488d,0x4b7af3c7ed85b0a96f477c1299061674ced94332,0x4b7af3c7ed85b0a96f477c1299061674ced94332,101,364,1,0.0,1.498800683669472e+18,2850098660.0,0.0,37624475490.0
48,WETH_USDC,14873927,1653932774,0xc0229cbbf69e713b71ec7dab41f83b31354800e48ac278545409801c0cce4736,0x7a250d5630b4cf539739df2c5dacb4c659f2488d,0x43e47344f0e328a8cde5f386514217242a92c5c4,0x43e47344f0e328a8cde5f386514217242a92c5c4,134,193,1,0.0,2.522111448826236e+18,4845909253.0,0.0,18725390752.0
49,WETH_USDC,14874020,1653933938,0x580413d8cd9ac6b674b31033cb31f510ea9bd63137629840255f8088aa9401a1,0x1111111254fb6c44bac0bed2854e76f90643097d,0x1111111254fb6c44bac0bed2854e76f90643097d,0x1111111254fb6c44bac0bed2854e76f90643097d,226,352,0,60645921.0,0.0,0.0,3.1385403157978264e+16,26990675894.0
50,WETH_USDC,14898696,1654281573,0xbb2850121ca79e65a92f0753dc98c71989bda79cdde9b93619efde3906f4d4a2,0x1111111254fb6c44bac0bed2854e76f90643097d,0x1111111254fb6c44bac0bed2854e76f90643097d,0x1111111254fb6c44bac0bed2854e76f90643097d,414,1042,0,1000000000.0,0.0,0.0,5.7098275436383046e+17,48183167826.0
51,WETH_USDC,14898770,1654282552,0x8fdc03810aa1558aa34d0f7fb1a6ec9dcde2bf3be7eedcda511709e29d004594,0x1111111254fb6c44bac0bed2854e76f90643097d,0x453a43e2bf3080f7a23c9bb034ccdd869e306102,0x1111111254fb6c44bac0bed2854e76f90643097d,193,375,0,49562500.0,0.0,0.0,2.829486217133525e+16,33153692918.0
52,WETH_USDC,14948312,1655009593,0xc31c0752d3f152097c88fa453a52f38dc439ecbd77a27c1a561b0a3a255c098a,0x68b3465833fb72a70ecdf485e0e4c7bd8665fc45,0xd3d2e2692501a5c9ca623199d38826e513033a17,0x68b3465833fb72a70ecdf485e0e4c7bd8665fc45,5,38,0,150000000.0,0.0,0.0,1.0256458395463011e+17,22206158687.0
53,WETH_USDC,14973395,1655383715,0xb8f7cafd42a6d1c80b03edf93496e3cbe853fffbceae2aded3762c0c10ab7dcb,0x220bda5c8994804ac96ebe4df184d25e5c2196d4,0x220bda5c8994804ac96ebe4df184d25e5c2196d4,0x220bda5c8994804ac96ebe4df184d25e5c2196d4,339,498,1,0.0,1.7585505464219548e+19,19651867434.0,0.0,33994513818.0
54,WETH_USDC,14973418,1655384081,0x5fed2cd888437913b3eabc7b9b339026680c76b25e68dc3b6cadaee9e522501f,0x7a250d5630b4cf539739df2c5dacb4c659f2488d,0x7a250d5630b4cf539739df2c5dacb4c659f2488d,0x7a250d5630b4cf539739df2c5dacb4c659f2488d,146,193,0,264229676.0,0.0,0.0,2.350604274265312e+17,30071592533.0
55,WETH_USDC,14973425,1655384161,0xcbb567f4edbfe6dbb84729621b79c20bafc1da5e31f9114900350e2725c8481f,0x0000000000007f150bd6f54c40a34d7c3d5e9f56,0xdfee68a9adb981cd08699891a11cabe10f25ec44,0x0000000000007f150bd6f54c40a34d7c3d5e9f56,115,145,0,7465397388.0,0.0,0.0,6.640872078808833e+18,35576497055.0
56,WETH_USDC,14973640,1655387470,0x0b6bd5b25f096154c0eb7fc7c39712cacfc26eedf2103c935e3126a40b0187d5,0xdef171fe48cf0115b1d80b88dc8eab59176fee57,0x9a0a50a369fe633003b3415c24fab35c05461bf3,0xdef171fe48cf0115b1d80b88dc8eab59176fee57,148,239,1,0.0,4e+16,44164211.0,0.0,32500000015.0
57,WETH_USDC,15023444,1656156199,0x468214f3d666f9e45ca2b70c420201e666ea6b360654ab9d25057c22aca4aa45,0x7a250d5630b4cf539739df2c5dacb4c659f2488d,0xf248959d7aa50cd47b448f507063eaa6cc5404c4,0xf248959d7aa50cd47b448f507063eaa6cc5404c4,95,150,0,177500000.0,0.0,0.0,1.4446355835629517e+17,28965147803.0
58,WETH_USDC,15049078,1656571523,0x05713a98d62f9a6bf27f2740bd20471a5c9f771022ca12be5e3ca6ada12cb28b,0x1111111254fb6c44bac0bed2854e76f90643097d,0x1111111254fb6c44bac0bed2854e76f90643097d,0x1111111254fb6c44bac0bed2854e76f90643097d,65,104,0,30000000.0,0.0,0.0,2.8225636953074536e+16,52514679352.0
59,WETH_USDC,15073269,1656900593,0xdbb2a84ca898f232aec9d7dfe40cefcf8e74b8c77e0996824031e2a042f970df,0xdef1c0ded9bec7f1a1670819833240f027b25eff,0xfbb3bd744793dc946e7b553530dcd0c07dc548b4,0xdef1c0ded9bec7f1a1670819833240f027b25eff,77,202,1,0.0,1e+16,10708564.0,0.0,17076160776.0
60,WETH_USDC,15123349,1657569134,0x8075d3c3de687e92207ba1ea0271ffb5b0fd65fe9dd13e6ee5bb613e579f3a42,0x7a250d5630b4cf539739df2c5dacb4c659f2488d,0x7a250d5630b4cf539739df2c5dacb4c659f2488d,0x7a250d5630b4cf539739df2c5dacb4c659f2488d,177,501,0,81647058.0,0.0,0.0,7.144816997407756e+16,20486701216.0
61,WETH_USDC,15123480,1657570918,0x9fdd63b0f4a482036b745b66ec655da78c3d58e6f8d2ece3b70f3df7ffb02c9e,0x7a250d5630b4cf539739df2c5dacb4c659f2488d,0xf340628bf09a7763f5ff14e35b1e8a1ebb070b10,0xf340628bf09a7763f5ff14e35b1e8a1ebb070b10,211,259,0,200000000.0,0.0,0.0,1.7487530994191805e+17,55953476754.0
62,WETH_USDC,15148369,1657902629,0xcf0e260d34a71de891c3421cf9a574cc155b8acbe6b073802860c966f66b54a2,0x7a250d5630b4cf539739df2c5dacb4c659f2488d,0x0883012fd201384f03ca6f68d025e934328c3437,0x0883012fd201384f03ca6f68d025e934328c3437,332,456,0,132731236.0,0.0,0.0,1.0957742010920877e+17,44102129168.0
63,WETH_USDC,15149039,1657911105,0xd9c0dbdde16f4fe8d778ed12d1c5492d50caa46bb134b873e08171ce7dd607f3,0x0000000476fde29330084b2b0b08a9f7d2ac6f2b,0x00000000ae347930bd1e7b0f35588b92280f9e75,0x0000000476fde29330084b2b0b08a9f7d2ac6f2b,8,44,0,64065474545.0,0.0,0.0,5.125122855e+19,162802254247.0
63,WETH_USDC,15149039,1657911105,0x92711e5ec4bcefe59c6f04167634f272ee31894a6679e2f9d7645b578e374d5c,0x1111111254fb6c44bac0bed2854e76f90643097d,0x73bb0374ff7a5cce866c9d74e9b468b06953b39f,0x1111111254fb6c44bac0bed2854e76f90643097d,246,334,0,297375000.0,0.0,0.0,2.3761350854150336e+17,45107870702.0
64,WETH_USDC,15198259,1658570651,0xeb4fc7c02a4497254259f5dc1723716b06070669802c8b1f361f80e6963c6d65,0x7a250d5630b4cf539739df2c5dacb4c659f2488d,0x7a250d5630b4cf539739df2c5dacb4c659f2488d,0x7a250d5630b4cf539739df2c5dacb4c659f2488d,29,94,0,82473516.0,0.0,0.0,5.26587640013931e+16,8487103996.0
64,WETH_USDC,15198259,1658570651,0x02c22d4c802bd6093690448ab2d03d051ed17fab190f2b590a312dd8e4d3b1a9,0x7a250d5630b4cf539739df2c5dacb4c659f2488d,0x7a250d5630b4cf539739df2c5dacb4c659f2488d,0x7a250d5630b4cf539739df2c5dacb4c659f2488d,30,110,0,70657334.0,0.0,0.0,4.511409591302494e+16,8487103996.0
65,WETH_USDC,15198291,1658571113,0x525d0b55c890bcff9a99f2336d726db0e6fadd89675874ea27349ca97f4c365f,0x25553828f22bdd19a20e4f12f052903cb474a335,0x6e48dbea2d3b37e4d605fda71e85c52ebc40aa40,0x25553828f22bdd19a20e4f12f052903cb474a335,50,134,0,3200000000.0,0.0,0.0,2.0434723876225715e+18,10881700502.0
66,WETH_USDC,15198370,1658572093,0x60f43c52f875d8ebb778b8f89e9d30d438b88566095c0d25587c79bfe966f66c,0x68b3465833fb72a70ecdf485e0e4c7bd8665fc45,0xef6aca7e2312eb16ae328f479454396880cd3205,0x68b3465833fb72a70ecdf485e0e4c7bd8665fc45,1,11,1,0.0,8e+16,124616344.0,0.0,7977398769.0
67,WETH_USDC,15198414,1658572784,0x8be28d03ef2bdeab63b1cbb6db45a980b9a0003cf516008bf383d001a2a6b062,0xdef1c0ded9bec7f1a1670819833240f027b25eff,0x74de5d4fcbf63e00296fd95d33236b9794016631,0xdef1c0ded9bec7f1a1670819833240f027b25eff,184,188,1,0.0,9.9125e+16,152557857.0,0.0,9627351695.0
68,WETH_USDC,15198822,1658577941,0xa032b617eae856190612b37a92c281802d113af64a2df6124f70d53d29d5b9ba,0xf2f400c138f9fb900576263af0bc7fcde2b1b8a8,0xf2f400c138f9fb900576263af0bc7fcde2b1b8a8,0xf2f400c138f9fb900576263af0bc7fcde2b1b8a8,171,291,1,0.0,8.424e+18,12739120620.0,0.0,11233824127.0
69,WETH_USDC,15223846,1658915784,0x942671ea4352127271077041a9e473c8b17acfe1486353adf6c651304eb27860,0x7a250d5630b4cf539739df2c5dacb4c659f2488d,0x7a250d5630b4cf539739df2c5dacb4c659f2488d,0x7a250d5630b4cf539739df2c5dacb4c659f2488d,294,422,0,340006548.0,0.0,0.0,2.3204494234587283e+17,5627397325.0
70,WETH_USDC,15248611,1659248872,0xe9c4419cfe17d0100aa89cb6c5ef48a17d4c7851b782981f90683c716613e8e9,0x7a250d5630b4cf539739df2c5dacb4c659f2488d,0x3401bed84ec55cf247a0efc6e30260afd66f1b2e,0x3401bed84ec55cf247a0efc6e30260afd66f1b2e,64,147,1,0.0,819182209141505.0,1384369.0,0.0,5794777664.0
71,WETH_USDC,15273348,1659581751,0x059ad2163bacad90f17c52b7eb76ce88af6f3961b54a17efed2acd72c9c4e01d,0x7a250d5630b4cf539739df2c5dacb4c659f2488d,0xf1f2e00a3420a4ae67fc20885767bbd9aded6380,0xf1f2e00a3420a4ae67fc20885767bbd9aded6380,44,68,1,0.0,2e+17,329676633.0,0.0,14952104622.0
72,WETH_USDC,15273437,1659582842,0xf9acf9fce234f132618af9fe461b1378b7f3ed4939221966e53586fcd884449f,0x7a250d5630b4cf539739df2c5dacb4c659f2488d,0x7a250d5630b4cf539739df2c5dacb4c659f2488d,0x7a250d5630b4cf539739df2c5dacb4c659f2488d,283,531,0,115978739.0,0.0,0.0,6.994475533189919e+16,5663425850.0
73,WETH_USDC,15273437,1659582842,0xf9acf9fce234f132618af9fe461b1378b7f3ed4939221966e53586fcd884449f,0x7a250d5630b4cf539739df2c5dacb4c659f2488d,0x7a250d5630b4cf539739df2c5dacb4c659f2488d,0x7a250d5630b4cf539739df2c5dacb4c659f2488d,283,531,0,115978739.0,0.0,0.0,6.994475533189919e+16,5663425850.0
74,WETH_USDC,15323533,1660259847,0x9629c6de9ccf7e7d399c3f122f70c8acbc32c4bb6f410c5512e32874e89b3932,0xdef1c0ded9bec7f1a1670819833240f027b25eff,0xe66b31678d6c16e9ebf358268a790b763c133750,0xdef1c0ded9bec7f1a1670819833240f027b25eff,264,474,1,0.0,2.6516396474535507e+17,495507822.0,0.0,20022334087.0
75,WETH_USDC,15348735,1660603917,0x76ac0726396b13d4e26983215797354184076216a0c64bf872f7ef71a0169fc0,0xdef1c0ded9bec7f1a1670819833240f027b25eff,0x74de5d4fcbf63e00296fd95d33236b9794016631,0xdef1c0ded9bec7f1a1670819833240f027b25eff,122,218,1,0.0,1.586e+17,301663718.0,0.0,22491901504.0
76,WETH_USDC,15348834,1660605189,0xeb212d8850d70705639f755304e4b5b3f848b362e19f6df0598cd944c404bc86,0x7a250d5630b4cf539739df2c5dacb4c659f2488d,0x6be4a00ad27b905b22f1e50677db59bb0ee104aa,0x6be4a00ad27b905b22f1e50677db59bb0ee104aa,59,148,0,1000000000.0,0.0,0.0,5.29350280619007e+17,16805525928.0
77,WETH_USDC,15448266,1661971164,0xaf6b9e15771f8b10f5189def67f5914b64398283f9a9bb3c5444bdc0fec1f69c,0x7a250d5630b4cf539739df2c5dacb4c659f2488d,0x67cea36eeb36ace126a3ca6e21405258130cf33c,0x67cea36eeb36ace126a3ca6e21405258130cf33c,233,415,1,0.0,1.534562714642599e+17,236081404.0,0.0,19755983252.0
78,WETH_USDC,15448294,1661971801,0x37fbe2cfd3a40136eba26bfe45b3b830bbfbf3b650ab844eb214a6ec2279eb80,0xdef1c0ded9bec7f1a1670819833240f027b25eff,0xb7fbc32c6df7a26f05bf6985b116f4a96cffcc27,0xdef1c0ded9bec7f1a1670819833240f027b25eff,46,92,0,543573148.0,0.0,0.0,3.510236774008421e+17,44853456786.0
79,WETH_USDC,15448507,1661975029,0x57bb4f3276c5c9f9788cd83ab3e9c694865c9bc994e771657a468185d0324022,0xdef1c0ded9bec7f1a1670819833240f027b25eff,0xdef1c0ded9bec7f1a1670819833240f027b25eff,0xdef1c0ded9bec7f1a1670819833240f027b25eff,53,133,0,118800000.0,0.0,0.0,7.497573492768435e+16,17247051200.0
80,WETH_USDC,15473853,1662325042,0x9da3412dc8c9fdcc2a57d22342cebbc58714ef86bef5200afc3b42e2de2c068e,0xdef1c0ded9bec7f1a1670819833240f027b25eff,0x67cea36eeb36ace126a3ca6e21405258130cf33c,0xdef1c0ded9bec7f1a1670819833240f027b25eff,263,297,1,0.0,3.148474421030537e+16,49249635.0,0.0,7547758744.0
81,WETH_USDC,15498270,1662663267,0xe1fbf6bc78d91cd6ec3a534aa86788ab9ce8fc2bac753109783634fbb1c02111,0xdef171fe48cf0115b1d80b88dc8eab59176fee57,0x4a65ac88a1399f82173124c9e8c8387f7059d273,0xdef171fe48cf0115b1d80b88dc8eab59176fee57,152,279,1,0.0,1.3041400660255537e+18,2121805305.0,0.0,37857305584.0
82,WETH_USDC,15498579,1662667852,0x0839ab17930ae12372de6bf2cf225e3f36a95d10729c3b7425cd2a4290c978f6,0xdef1c0ded9bec7f1a1670819833240f027b25eff,0x74de5d4fcbf63e00296fd95d33236b9794016631,0xdef1c0ded9bec7f1a1670819833240f027b25eff,12,97,1,0.0,8.64621635713063e+16,142019280.0,0.0,30975256267.0
83,WETH_USDC,15524252,1663033899,0xd718f3431266d9a841234a1724ff7d5544545b53efac0a5a566918bcac3b9f8d,0x1111111254fb6c44bac0bed2854e76f90643097d,0x74de5d4fcbf63e00296fd95d33236b9794016631,0x1111111254fb6c44bac0bed2854e76f90643097d,125,254,0,178425000.0,0.0,0.0,1.0535736765587952e+17,7799150549.0
84,WETH_USDC,15548354,1663357715,0x7c2aee3db5ce1156d25debd294aca38708fb83e0a33f3c9fe1bd18bdd84b0178,0xf2f400c138f9fb900576263af0bc7fcde2b1b8a8,0x1111111254fb6c44bac0bed2854e76f90643097d,0xf2f400c138f9fb900576263af0bc7fcde2b1b8a8,152,336,1,0.0,7960000000000000.0,11361422.0,0.0,9068346523.0
85,WETH_USDC,15549093,1663366691,0xc3d773b25ab8890334fd7b002d4cd3b6e4bce0efc9243576a3e8764caec2a19b,0xdef1c0ded9bec7f1a1670819833240f027b25eff,0xdef1c0ded9bec7f1a1670819833240f027b25eff,0xdef1c0ded9bec7f1a1670819833240f027b25eff,80,158,0,11302660.0,0.0,0.0,7834578448528709.0,7748874495.0
86,WETH_USDC,15574267,1663671743,0x1d936f2969e65b5117d5c3133855b671e1c58318e4ebc827c6cf3529d7b895b0,0x68b3465833fb72a70ecdf485e0e4c7bd8665fc45,0x5ad7452ceafdaeb0936507d5bb5890964ef56bd3,0x68b3465833fb72a70ecdf485e0e4c7bd8665fc45,19,69,1,0.0,1.5502277577761564e+18,2099341209.0,0.0,6067639471.0
87,WETH_USDC,15598261,1663962815,0x16da423311579fc94944e4cb7f4d5458e1ca7300a595a7ebdf7d5f190b6eff44,0xdef1c0ded9bec7f1a1670819833240f027b25eff,0x11181bd3baf5ce2a478e98361985d42625de35d1,0xdef1c0ded9bec7f1a1670819833240f027b25eff,70,98,1,0.0,2.97375e+16,38217395.0,0.0,6878426939.0
88,WETH_USDC,15598302,1663963307,0x9c745d00fc60ade158375b7a7d90d0b9f2dec160b3fdce43f972b97a25a943ad,0x7a250d5630b4cf539739df2c5dacb4c659f2488d,0x67cea36eeb36ace126a3ca6e21405258130cf33c,0x67cea36eeb36ace126a3ca6e21405258130cf33c,94,225,1,0.0,4.4500000000000015e+18,5721869368.0,0.0,7546272227.0
89,WETH_USDC,15598723,1663968371,0x64411f308c80aca6e9687899bbeb3dbe8df0950e9c9af18263170a3b8c741800,0x68b3465833fb72a70ecdf485e0e4c7bd8665fc45,0x524847c615639e76fe7d0fe0b16be8c4eac9cf3c,0x68b3465833fb72a70ecdf485e0e4c7bd8665fc45,109,295,1,0.0,1.843404681397351e+16,23972141.0,0.0,9400977318.0
90,WETH_USDC,15623676,1664269415,0x831eb89851bd2afe89ed0fe55569d5024d059eb754f62a20eb25df38d01506b0,0x7a250d5630b4cf539739df2c5dacb4c659f2488d,0x6b14b204a1e108eed241c34bd6c801003450e2ac,0x6b14b204a1e108eed241c34bd6c801003450e2ac,1,11,1,0.0,2e+17,275012029.0,0.0,12594002141.0
91,WETH_USDC,15623819,1664271155,0x5ff9112be4de004418ccef2bd68956ae6687acd03ccb1f2508618010ac4102e2,0x7a250d5630b4cf539739df2c5dacb4c659f2488d,0x7a250d5630b4cf539739df2c5dacb4c659f2488d,0x7a250d5630b4cf539739df2c5dacb4c659f2488d,307,393,0,24756586.0,0.0,0.0,1.7887481771038168e+16,8000000000.0
92,WETH_USDC,15773352,1666076315,0xd9d79db5aaf79bc4a0af8bd4e623b0084a02f18640fa4eeeacda16ed5e27b6f9,0xdef171fe48cf0115b1d80b88dc8eab59176fee57,0x67cea36eeb36ace126a3ca6e21405258130cf33c,0xdef171fe48cf0115b1d80b88dc8eab59176fee57,45,280,1,0.0,1.169675e+17,155830537.0,0.0,15134374926.0
93,WETH_USDC,15848759,1666986611,0x614a6d83c62110551cacce62c19227339066f3418313430b44a3f3cf3833c894,0x1111111254fb6c44bac0bed2854e76f90643097d,0x1111111254fb6c44bac0bed2854e76f90643097d,0x1111111254fb6c44bac0bed2854e76f90643097d,217,468,0,140150000.0,0.0,0.0,9.001242364871936e+16,15545537933.0
94,WETH_USDC,15848762,1666986647,0xe508203ac667903baa0aaf9a23012af0f3578b5f20163516e5ee5383c54ef498,0xdef1c0ded9bec7f1a1670819833240f027b25eff,0xfee8f24bdb6935d2fb9061cf26b98b271aaf9479,0xdef1c0ded9bec7f1a1670819833240f027b25eff,37,52,1,0.0,2.548976064728544e+16,39457115.0,0.0,17317821756.0
95,WETH_USDC,15899015,1667593391,0xc8ed8c09fd0072c2d860a67ce9a69552881b9c07e78c0664ecaedcf9e70ba203,0xf2f400c138f9fb900576263af0bc7fcde2b1b8a8,0x1111111254fb6c44bac0bed2854e76f90643097d,0xf2f400c138f9fb900576263af0bc7fcde2b1b8a8,61,135,1,0.0,9950000000000000.0,16320312.0,0.0,17849983063.0
96,WETH_USDC,15899054,1667593859,0x2a3b0a08c6f5888531d19a8830b5a514eeb7a0cedbd55e3d37e0be1377b2de06,0xdef1c0ded9bec7f1a1670819833240f027b25eff,0x74de5d4fcbf63e00296fd95d33236b9794016631,0xdef1c0ded9bec7f1a1670819833240f027b25eff,9,66,1,0.0,1.9825e+16,32503847.0,0.0,19238333425.0
97,WETH_USDC,15948459,1668190043,0x4d53254693cb8dfbe03f5005eee6131383e88d95a912024d70aa98704ad2b855,0x68b3465833fb72a70ecdf485e0e4c7bd8665fc45,0x4d42fd2fe2eb1e4c7eec64272a1f715dce0ea535,0x68b3465833fb72a70ecdf485e0e4c7bd8665fc45,127,271,1,0.0,9.602587865262566e+16,122448747.0,0.0,30021105990.0
98,WETH_USDC,15998352,1668792035,0xe6395e2892dfa92f7e5fbc10cbee3cc784d7329d02cc21b20100eb8374aa33c8,0x1111111254fb6c44bac0bed2854e76f90643097d,0x1111111254fb6c44bac0bed2854e76f90643097d,0x1111111254fb6c44bac0bed2854e76f90643097d,149,108,0,94901471.0,0.0,0.0,7.874285228424755e+16,19689096166.0
99,WETH_USDC,16348629,1673018807,0x1829333a96e11a555bb55aaddc8938088f540f809786593ad0f56d3806e50cdd,0x25553828f22bdd19a20e4f12f052903cb474a335,0x25553828f22bdd19a20e4f12f052903cb474a335,0x25553828f22bdd19a20e4f12f052903cb474a335,47,103,0,72798419.0,0.0,0.0,5.8086282845412984e+16,22346536999.0
100,WETH_USDC,16448879,1674228071,0x52ed5c8d93f929bc99532c5067bb19e9a8172affa88c366305d535349401c24f,0x4a5a7331da84d3834c030a9b8d4f3d687a3b788b,0x4a5a7331da84d3834c030a9b8d4f3d687a3b788b,0x4a5a7331da84d3834c030a9b8d4f3d687a3b788b,109,261,0,949525000.0,0.0,0.0,6.054876302479708e+17,28773629442.0
101,WETH_USDC,16573786,1675735211,0x495ee537a12801c07c40205567a327e6f34b776d2b67cd11a5587a4ac5e81efc,0xdef171fe48cf0115b1d80b88dc8eab59176fee57,0x11181bd3baf5ce2a478e98361985d42625de35d1,0xdef171fe48cf0115b1d80b88dc8eab59176fee57,157,211,1,0.0,1.486875e+17,240901432.0,0.0,26227906743.0
102,WETH_USDC,16649046,1676644427,0x22cd4aa4a5fababdafc7c3c8e03d79ee1fc814996045537305f00018a53e894f,0x1111111254eeb25477b68fb85ed929f73a960582,0x6a091a3406e0073c3cd6340122143009adac0eda,0x1111111254eeb25477b68fb85ed929f73a960582,55,125,0,4460625000.0,0.0,0.0,2.667411825889599e+18,51994807637.0
103,WETH_USDC,16673525,1676941763,0xe190ad4d964dc7bec6dd44f63ce32b15af2bfe3bd723b7861afe6984a3dc1f57,0x1111111254eeb25477b68fb85ed929f73a960582,0x74de5d4fcbf63e00296fd95d33236b9794016631,0x1111111254eeb25477b68fb85ed929f73a960582,90,213,1,0.0,4.852241488409797e+17,825564032.0,0.0,20615319796.0
104,WETH_USDC,16748455,1677852275,0x4d2a0b32d885e5e7413878f42a054418b0a09fb0b4fd435f01fb0060042f4e8a,0x2ec705d306b51e486b1bc0d6ebee708e0661add1,0x9d07dcc7775f190ba6cb5766c19a65ccc5f2e9c8,0x2ec705d306b51e486b1bc0d6ebee708e0661add1,80,212,0,500000000.0,0.0,0.0,3.16884553497719e+17,31145715277.0
105,WETH_USDC,16749009,1677858947,0x870c03470bba6a621a03872ed3644239fbcef338fcdf67007236440492766bae,0x7a250d5630b4cf539739df2c5dacb4c659f2488d,0xe78bff28d3c5195c752e734e95421bb4bd742f1d,0xe78bff28d3c5195c752e734e95421bb4bd742f1d,104,306,1,0.0,2.1650551461787565e+17,338824111.0,0.0,33360952266.0
106,WETH_USDC,16774099,1678163867,0x0406e63d1648c3e0b979185760dcb02dfb34833541c1702f74c75d99928b4011,0x1111111254eeb25477b68fb85ed929f73a960582,0xb2b9b4d5cd5f2b27c29fea129c43b9fe250f73d7,0x1111111254eeb25477b68fb85ed929f73a960582,56,172,1,0.0,2.0833069723094008e+18,3279258170.0,0.0,24287423084.0
107,WETH_USDC,16774196,1678165043,0xf931dff097625bde5e5c852156f4e5f8f3cdb1e8d2147fe31a653b8e01e326e8,0x7a250d5630b4cf539739df2c5dacb4c659f2488d,0x67cea36eeb36ace126a3ca6e21405258130cf33c,0x67cea36eeb36ace126a3ca6e21405258130cf33c,207,435,1,0.0,1.05e+18,1652120062.0,0.0,22398232121.0
108,WETH_USDC,16798660,1678462631,0xc24f0fddf02772fd82cd4cec852a28f5d63bddd52c45ee125073200749a979b0,0xef1c6e67703c7bd7107eed8303fbe6ec2554bf6b,0xef1c6e67703c7bd7107eed8303fbe6ec2554bf6b,0xef1c6e67703c7bd7107eed8303fbe6ec2554bf6b,1,8,0,256096182980.0,0.0,0.0,1.7922553590421792e+20,32121294508.0
109,WETH_USDC,17224387,1683653495,0x7f83e50103ccdd2b272f6f9db1b93582d3e19cbc87049ccbe18385d8e04e8816,0x7a250d5630b4cf539739df2c5dacb4c659f2488d,0x7a250d5630b4cf539739df2c5dacb4c659f2488d,0x7a250d5630b4cf539739df2c5dacb4c659f2488d,28,57,0,6643577931.0,0.0,0.0,3.579388715802857e+18,142058160544.0
110,WETH_USDC,17351109,1685199191,0x0462e1ed7c50e8cc3fe1cad526a0169bbaf9507c797a8f64c059350efb3330aa,0x3b3ae790df4f312e745d270119c6052904fb6790,0xfc99f58a8974a4bc36e60e2d490bb8d72899ee9f,0x3b3ae790df4f312e745d270119c6052904fb6790,71,137,1,0.0,2.002e+18,3651642276.0,0.0,24728454641.0
111,WETH_USDC,17499862,1687008935,0xd995fd085ecadca3080de81c245b2df1b74a6ca304c89ad165b792c1effcf7c3,0xdef171fe48cf0115b1d80b88dc8eab59176fee57,0x74de5d4fcbf63e00296fd95d33236b9794016631,0xdef171fe48cf0115b1d80b88dc8eab59176fee57,23,150,1,0.0,5947500000000000.0,10300857.0,0.0,13683250811.0
112,WETH_USDC,17650515,1688837111,0xcbe0276730ada6a29ee760e4d46004b2261863dbda9152d427c7e3163e7e235a,0x92f3f71cef740ed5784874b8c70ff87ecdf33588,0x92f3f71cef740ed5784874b8c70ff87ecdf33588,0x92f3f71cef740ed5784874b8c70ff87ecdf33588,1,14,1,0.0,2.49870736416e+19,46360867932.0,0.0,18775530507.0
113,WETH_USDC,17900202,1691860451,0x3ea7603cbf78b1fb54ac3568023fe9fac6b17447c8d792bded1714a8d9d8e27d,0x1111111254eeb25477b68fb85ed929f73a960582,0x74de5d4fcbf63e00296fd95d33236b9794016631,0x1111111254eeb25477b68fb85ed929f73a960582,141,218,1,0.0,4.075298365472115e+17,753401171.0,0.0,14721685732.0
114,WETH_USDC,17973251,1692743483,0xa0cf2425937f832956493e620f9d82dea86f2b5dd1a983d42958ecb5f7337252,0x1111111254eeb25477b68fb85ed929f73a960582,0x29488e5fd6bf9b3cc98a9d06a25204947cccbe4d,0x1111111254eeb25477b68fb85ed929f73a960582,109,297,1,0.0,9.062060697728144e+16,145254729.0,0.0,32918315171.0
115,WETH_USDC,18125706,1694587811,0xa288e61fc021a8fac712e78db6f62bb559d6736a8b2d79e1c786a5ac773b8ac6,0x2ec705d306b51e486b1bc0d6ebee708e0661add1,0x5aeba558bd5af49f1fbcbc69e31a2689573f0cb9,0x2ec705d306b51e486b1bc0d6ebee708e0661add1,1,13,1,0.0,6.732e+19,105547907194.0,0.0,34937861025.0
116,WETH_USDC,18173810,1695173051,0x3d976fa45699ed529857657ae8b3c8821de7b381ad33eedab8dba229802b00a7,0x3fc91a3afd70395cd496c647d5a6cc9d4b2b7fad,0x11fa2aac28f4e84b2e5b9907580dbf44a1975912,0x3fc91a3afd70395cd496c647d5a6cc9d4b2b7fad,45,195,1,0.0,1.33e+17,217923155.0,0.0,9837088182.0
117,WETH_USDC,18474876,1698812939,0x440e13a3a4140ca3ddad3d8a24684b9727b04507c44f4c6ad1d6288d774a3dc3,0xdef1c0ded9bec7f1a1670819833240f027b25eff,0x2b38c02efd194ff67bf6b3279f5baa02cb42d1c4,0xdef1c0ded9bec7f1a1670819833240f027b25eff,90,161,0,250000000.0,0.0,0.0,1.374849101260825e+17,15945239450.0
118,WETH_USDC,18549123,1699710959,0x4cbd7cc9573a0ffbfe0f38100dfb398ac2e9514ae0111c87d3479a4e60e956fb,0xdef171fe48cf0115b1d80b88dc8eab59176fee57,0x02e7b8511831b1b02d9018215a0f8f500ea5c6b3,0xdef171fe48cf0115b1d80b88dc8eab59176fee57,59,136,1,0.0,6.423177661361292e+17,1326068048.0,0.0,29357047949.0
119,WETH_USDC,18649408,1700923739,0x51d773c8c804da13a3b736e90c5259efb5b509738eeaa1d5372384b11b88e8f9,0x3fc91a3afd70395cd496c647d5a6cc9d4b2b7fad,0xff0ba96e43911ac951f0a7e4c9fe22b449f59b27,0x3fc91a3afd70395cd496c647d5a6cc9d4b2b7fad,2,17,1,0.0,2.3591108141211075e+17,488617418.0,0.0,24516280500.0
120,WETH_USDC,18673875,1701219887,0xd7a7c1cc76374edf9d3eb94d77548283662c4588d4e45a1aece15eadfcc2a0dc,0x7a250d5630b4cf539739df2c5dacb4c659f2488d,0x7a250d5630b4cf539739df2c5dacb4c659f2488d,0x7a250d5630b4cf539739df2c5dacb4c659f2488d,118,306,0,55353592.0,0.0,0.0,2.6908230224794772e+16,33586163054.0
121,WETH_USDC,18673944,1701220727,0x6660f0f16198d8c54440e66d9edf8192e0354a90f087074c0f264bca1dc1736d,0x7a250d5630b4cf539739df2c5dacb4c659f2488d,0x7a250d5630b4cf539739df2c5dacb4c659f2488d,0x7a250d5630b4cf539739df2c5dacb4c659f2488d,91,250,0,25343071.0,0.0,0.0,1.2305910990699376e+16,34470394829.0
122,WETH_USDC,18774132,1702432799,0xf65360dcd33e17516f1196a2b80d322530a06ae972b61ec571a8296854446d1b,0xdef1c0ded9bec7f1a1670819833240f027b25eff,0xcf8556e04fe8aa168039a79b59519a51722f5958,0xdef1c0ded9bec7f1a1670819833240f027b25eff,90,230,1,0.0,1.7641346391067784e+18,3829056677.0,0.0,47132238507.0
123,WETH_USDC,18998552,1705155923,0x42565b1137ea76048800290c3b502387021c7c7bac56f3baf9e1d1560ea33e05,0x3328f7f4a1d1c57c35df56bbf0c9dcafca309c49,0x621551ea0862d87792c3b6a3ad87f161562b9bc3,0x3328f7f4a1d1c57c35df56bbf0c9dcafca309c49,5,37,1,0.0,9.950248756218904e+17,2516649074.0,0.0,24788288562.0
124,WETH_USDC,19123266,1706665295,0xd886461ad823107f75f7eb51a10316e83fc26e8595a9a82017b04b7ae9db9750,0xdef1c0ded9bec7f1a1670819833240f027b25eff,0xb6b0c651c37ec4ca81c0a128420e02001a57fac2,0xdef1c0ded9bec7f1a1670819833240f027b25eff,105,296,0,1000000000.0,0.0,0.0,4.268219089563216e+17,18681246828.0
125,WETH_USDC,19124317,1706678063,0x881f7aa45eaa16aaf78f20bc11bfe5d919d949df1ff92ff1d24b3816b7fb3423,0x3fc91a3afd70395cd496c647d5a6cc9d4b2b7fad,0x6cc150449d10afbc5d2f4b9041afcc8fbebeadf0,0x3fc91a3afd70395cd496c647d5a6cc9d4b2b7fad,50,282,1,0.0,1.5839520660371497e+18,3688285965.0,0.0,17477075285.0
126,WETH_USDC,19149366,1706981927,0x1cbd4f2ca3f244d2c71eccb75edc05f5e74eebdfad7b4212b892aa5cfa134408,0x1111111254eeb25477b68fb85ed929f73a960582,0x74de5d4fcbf63e00296fd95d33236b9794016631,0x1111111254eeb25477b68fb85ed929f73a960582,73,111,1,0.0,5.477567924029351e+16,125841353.0,0.0,21667987044.0
127,WETH_USDC,19199007,1707583967,0x204702c4241a2685fa1f609d2b0eb424da4353f280ac982b8f308353b849ab88,0x7a250d5630b4cf539739df2c5dacb4c659f2488d,0x812d7a7014c89f1ffc849a62a6d0bf4395901705,0x812d7a7014c89f1ffc849a62a6d0bf4395901705,208,580,1,0.0,38186787104490.0,95082.0,0.0,29389577335.0
127,WETH_USDC,19199007,1707583967,0x204702c4241a2685fa1f609d2b0eb424da4353f280ac982b8f308353b849ab88,0x7a250d5630b4cf539739df2c5dacb4c659f2488d,0xd488e883d51e68a60866ab54cd37ca56298be293,0xd488e883d51e68a60866ab54cd37ca56298be293,208,587,1,0.0,271995141559.0,677.0,0.0,29389577335.0
127,WETH_USDC,19199007,1707583967,0x204702c4241a2685fa1f609d2b0eb424da4353f280ac982b8f308353b849ab88,0x7a250d5630b4cf539739df2c5dacb4c659f2488d,0x442996e5de18d79ab7cc8c0388d87059d64aabe1,0x442996e5de18d79ab7cc8c0388d87059d64aabe1,208,594,1,0.0,20944606068365.0,52150.0,0.0,29389577335.0
128,WETH_USDC,19199011,1707584015,0x3b4dfab5b7d870a51b56642578b9cf7c48325b7e52042991113896c269127c8b,0x3fc91a3afd70395cd496c647d5a6cc9d4b2b7fad,0x85aa97537837514a9229fcaeb66eeef7242122bf,0x3fc91a3afd70395cd496c647d5a6cc9d4b2b7fad,71,216,0,500000000.0,0.0,0.0,1.995662267714377e+17,32104513950.0
129,WETH_USDC,19323570,1709093495,0x23265550ec4ddcec21769e86b4ac3a079b54361b04292ea45bf0b83f623eaa12,0xdef1c0ded9bec7f1a1670819833240f027b25eff,0x7937619a9bd1234a303e4fe752b8d4f37d40e20c,0xdef1c0ded9bec7f1a1670819833240f027b25eff,75,165,0,100000000.0,0.0,0.0,3.0694845869162652e+16,32759520812.0
130,WETH_USDC,19324034,1709099159,0x0db1ad3303926b4aab7e57a3aff71eadadfd1e61bf7f1bd35dfcc836d8a6c9ab,0x1111111254eeb25477b68fb85ed929f73a960582,0x74de5d4fcbf63e00296fd95d33236b9794016631,0x1111111254eeb25477b68fb85ed929f73a960582,73,220,1,0.0,1.5364375e+17,499453063.0,0.0,32517374760.0
131,WETH_USDC,19324275,1709102063,0x212141b25cecf9b81f41a15e4b8ff9564d0d5838d649abd79bb6bcf170e91dbc,0x1111111254eeb25477b68fb85ed929f73a960582,0x74de5d4fcbf63e00296fd95d33236b9794016631,0x1111111254eeb25477b68fb85ed929f73a960582,112,427,1,0.0,1.38775e+17,451112381.0,0.0,32901096580.0
132,WETH_USDC,19324323,1709102639,0x03653ce3500be96facdc768f47d0b6a88018c48b6d5fa94ef02ad64fb465e223,0x1111111254eeb25477b68fb85ed929f73a960582,0x74de5d4fcbf63e00296fd95d33236b9794016631,0x1111111254eeb25477b68fb85ed929f73a960582,68,115,1,0.0,9912500000000000.0,32226280.0,0.0,36778920690.0
133,WETH_USDC,19373332,1709694323,0x7b81fa143cca56f7806c0ff784a0cfe64ff6e2e19b3e32b1434119385429420a,0x3fc91a3afd70395cd496c647d5a6cc9d4b2b7fad,0xdeaa5e121d3621be9c73e549413f52ae1bad8688,0x3fc91a3afd70395cd496c647d5a6cc9d4b2b7fad,150,451,1,0.0,3.9423540550233254e+17,1382469403.0,0.0,53544926704.0
134,WETH_USDC,19374024,1709702687,0x7c8b0a03d7fb21e856a847f1c58d5bd07c539a7690e41cc8e5aefd7296a4f271,0x1111111254eeb25477b68fb85ed929f73a960582,0x74de5d4fcbf63e00296fd95d33236b9794016631,0x1111111254eeb25477b68fb85ed929f73a960582,62,299,1,0.0,4.062105520484816e+17,1506740036.0,0.0,64621565194.0
135,WETH_USDC,19398882,1710003479,0x97ff1a131a2f5816857aed86ad3d8a6e9c257caff854bc2bb7ff87e5cf3a48e5,0x1111111254eeb25477b68fb85ed929f73a960582,0x0a134863e83a2a03195c7b26e8de61cf337298c2,0x1111111254eeb25477b68fb85ed929f73a960582,240,528,1,0.0,8.700921476995104e+16,338289382.0,0.0,73091012933.0
136,WETH_USDC,19423518,1710301079,0x8833e973339d834bdf2907d79ec2f8bab30d30772196de32ce10ec9daf3d708c,0xdef1c0ded9bec7f1a1670819833240f027b25eff,0x7054b0f980a7eb5b3a6b3446f3c947d80162775c,0xdef1c0ded9bec7f1a1670819833240f027b25eff,154,333,0,165097467.0,0.0,0.0,4.074791292653366e+16,47075373971.0
137,WETH_USDC,19423577,1710301787,0x69e78b0b11139668ce1e85ea89fc0b240c64322f9275fec2ddd4cf83b058d34c,0x3fc91a3afd70395cd496c647d5a6cc9d4b2b7fad,0xcf55bd6bd63ba915a18cdd91b13882f517da207a,0x3fc91a3afd70395cd496c647d5a6cc9d4b2b7fad,169,361,0,2988000000.0,0.0,0.0,7.37833456995288e+17,40455869530.0
138,WETH_USDC,19423607,1710302159,0xedfb1e89bf8c4971242876ae7eea1d007b18d965fb0b3983406316555b9f8247,0xdef1c0ded9bec7f1a1670819833240f027b25eff,0x2cc846fff0b08fb3bffad71f53a60b4b6e6d6482,0xdef1c0ded9bec7f1a1670819833240f027b25eff,81,219,0,1000000000.0,0.0,0.0,2.467199902346733e+17,54809488277.0
139,WETH_USDC,19423741,1710303779,0xd7fd60036e9aa960676d4658ed32d9bb75a98ffc96f44f60ead272669b886ddb,0x1111111254eeb25477b68fb85ed929f73a960582,0x663dc15d3c1ac63ff12e45ab68fea3f0a883c251,0x1111111254eeb25477b68fb85ed929f73a960582,115,250,1,0.0,2.5e+17,1008090148.0,0.0,45616435989.0
140,WETH_USDC,19448407,1710603671,0x5f6487ca9689e9f0d59a01080350fa61c3fb965d5643e8e15b30105cea4931c2,0x7a250d5630b4cf539739df2c5dacb4c659f2488d,0xc4a8c243d8cf7891d6282bb293e7a0aa4ef1ae51,0xc4a8c243d8cf7891d6282bb293e7a0aa4ef1ae51,174,344,0,1700000000.0,0.0,0.0,4.638524927009555e+17,29760103622.0
141,WETH_USDC,19448714,1710607427,0x775f263749bccc0e02073229a9ddcd607089f8f264ceca3e2b5dd5d32ccac6c2,0x1111111254eeb25477b68fb85ed929f73a960582,0x74de5d4fcbf63e00296fd95d33236b9794016631,0x1111111254eeb25477b68fb85ed929f73a960582,221,587,1,0.0,3.469375e+17,1269371378.0,0.0,35808940333.0
142,WETH_USDC,19473312,1710906203,0xa5ac4508190695183a1d3c809588235ce6d5728201c29065e659584a5e90beaa,0xdef1c0ded9bec7f1a1670819833240f027b25eff,0xdef1c0ded9bec7f1a1670819833240f027b25eff,0xdef1c0ded9bec7f1a1670819833240f027b25eff,137,220,1,0.0,3.1786764244885594e+17,1031191755.0,0.0,33488979581.0
143,WETH_USDC,19498624,1711212911,0x0400d61e84e4ae5ff451fa04fb23475a7951f04d06dd4ca55ba0eb18329d92b7,0x1111111254eeb25477b68fb85ed929f73a960582,0x74de5d4fcbf63e00296fd95d33236b9794016631,0x1111111254eeb25477b68fb85ed929f73a960582,173,340,1,0.0,1.4571375e+17,497156657.0,0.0,20115306823.0
144,WETH_USDC,19524125,1711523675,0x468cc0726be90dbe5deabd9f3c56ef7cd36a450a932003a27f5221d164d2e176,0xdef1c0ded9bec7f1a1670819833240f027b25eff,0xdef1c0ded9bec7f1a1670819833240f027b25eff,0xdef1c0ded9bec7f1a1670819833240f027b25eff,6,67,0,593592642.0,0.0,0.0,1.646181009885876e+17,30545663643.0
144,WETH_USDC,19524125,1711523675,0xbe95c6c8fe82e72d1ac106c8640bc4e7a18f885dbd884caa51494513ed5d6a3b,0xdef1c0ded9bec7f1a1670819833240f027b25eff,0xcb37089fc6a6faff231b96e000300a6994d7a625,0xdef1c0ded9bec7f1a1670819833240f027b25eff,55,155,0,4000000000.0,0.0,0.0,1.1091911758143852e+18,26238050264.0
145,WETH_USDC,19524319,1711526135,0x7acb30128364a1899000863e9d12e7b369d8ef12b32494292e8e888bb8d34567,0xdef1c0ded9bec7f1a1670819833240f027b25eff,0xdef1c0ded9bec7f1a1670819833240f027b25eff,0xdef1c0ded9bec7f1a1670819833240f027b25eff,104,217,0,345661799.0,0.0,0.0,9.661309219351997e+16,26927455552.0
146,WETH_USDC,19548243,1711819655,0xd613cd8e0f0c04d40fb2bdc666494959b7def19aa316d030fa84715cb52846c8,0x00000000009e50a7ddb7a7b0e2ee6604fd120e49,0x00000000009e50a7ddb7a7b0e2ee6604fd120e49,0x00000000009e50a7ddb7a7b0e2ee6604fd120e49,21,120,0,203738927.0,0.0,0.0,5.734896998180454e+16,21762309143.0
147,WETH_USDC,19548970,1711828475,0x4d18981e0647f5032f22c754b0a9bad3d40e1468f4d0862b322b83d3254e5aa7,0x9b406e73301c72c211b2aac9bbe06bf49ab5aa20,0x849518c836256be7cd223e5aedab546888d63ea2,0x9b406e73301c72c211b2aac9bbe06bf49ab5aa20,26,166,1,0.0,1.1287083482553568e+16,39396984.0,0.0,21492811584.0
148,WETH_USDC,19548984,1711828643,0x2aa1b3ec5fcbd02c63a93e96dcb8f6ecc596078f72120be238e4becf6ad7aac3,0x3fc91a3afd70395cd496c647d5a6cc9d4b2b7fad,0x31ba74d3bcaf1b7a176a6cfd6c19ec101957d1f5,0x3fc91a3afd70395cd496c647d5a6cc9d4b2b7fad,6,74,1,0.0,2e+17,699039503.0,0.0,21053531942.0
149,WETH_USDC,19573851,1712130383,0xd4e13634f0d381324141ce7ab36e93468d3e3d4736521153e0f98d559371cb02,0x7a250d5630b4cf539739df2c5dacb4c659f2488d,0x4620bee6e5bd679b0242bf0bd6291b0ac45b909b,0x4620bee6e5bd679b0242bf0bd6291b0ac45b909b,1,15,1,0.0,2.113e+18,6982151647.0,0.0,21340309603.0
150,WETH_USDC,19648658,1713035615,0xff7f3d7bcca8d76c1a6260f7cffca2caa52dde37e123417c81ff0ece2e5218fb,0xf164fc0ec4e93095b804a4795bbe1e041497b92a,0x4d52f033b7a667c3db46fa358d07f768010dabfd,0x4d52f033b7a667c3db46fa358d07f768010dabfd,154,523,1,0.0,3.659561534907061e+16,117846507.0,0.0,16197262331.0
151,WETH_USDC,19648742,1713036671,0x804248204f8c5885d469c650136e4441e121780178614d4ab4fd48ea49718ac3,0xdef1c0ded9bec7f1a1670819833240f027b25eff,0x315ed60258702f8d159b98df4c0dbeb1d7d776df,0xdef1c0ded9bec7f1a1670819833240f027b25eff,198,527,0,500000000.0,0.0,0.0,1.5564898276762906e+17,53527133580.0
151,WETH_USDC,19648742,1713036671,0x9765f6035d765a0c78a34c047bf3d66e3a005f53b3d56a0590b3c7b77f7abd6a,0xe37e799d5077682fa0a244d46e5649f71457bd09,0x515d459555f8c1fcf2791ded819b73b60a80b8e3,0xe37e799d5077682fa0a244d46e5649f71457bd09,229,592,0,11832411620.0,0.0,0.0,3.682380370821841e+18,52827133580.0
152,WETH_USDC,19648766,1713036959,0xd7c9111e14de31ae84a50ba9a4a18ad1c4c928954a26c3f10c837ee78a00f194,0x1111111254eeb25477b68fb85ed929f73a960582,0x1111111254eeb25477b68fb85ed929f73a960582,0x1111111254eeb25477b68fb85ed929f73a960582,1,13,0,250000000.0,0.0,0.0,7.776342811102654e+16,74732405214.0
153,WETH_USDC,19724462,1713952307,0x569c474d8bcbfca3ff41e94943fb019295a1a16dbc112ed163a54ce44541cb88,0xf3de3c0d654fda23dad170f0f320a92172509127,0xd6b117076222d95a05032a99f10738103c60d64d,0xf3de3c0d654fda23dad170f0f320a92172509127,3,30,0,588000000.0,0.0,0.0,1.8088599323347472e+17,13500532979.0
154,WETH_USDC,19748649,1714244819,0x9431c52448c6db38c6c0acab789db298329e039ac8c84569728327750f62a9d9,0x1111111254eeb25477b68fb85ed929f73a960582,0x74de5d4fcbf63e00296fd95d33236b9794016631,0x1111111254eeb25477b68fb85ed929f73a960582,115,184,1,0.0,7.538965425764562e+17,2444470990.0,0.0,5980779656.0
155,WETH_USDC,19773266,1714542203,0xb398dcd1aba24c58230bacb34b29042d67a607d7e1d2ca118018692640edf1c0,0x1111111254eeb25477b68fb85ed929f73a960582,0x1111111254eeb25477b68fb85ed929f73a960582,0x1111111254eeb25477b68fb85ed929f73a960582,81,186,0,176051206.0,0.0,0.0,5.866640171633995e+16,6364742636.0
156,WETH_USDC,19799211,1714855523,0x76b3d19b9e1a52decff9d10b12eb19c5adf0943aaa9308ea27d7a26b068c45dc,0xdef1c0ded9bec7f1a1670819833240f027b25eff,0x227c5c9f5ae0cfea457f3385e3aaf66312714ef0,0xdef1c0ded9bec7f1a1670819833240f027b25eff,102,179,0,167437915.0,0.0,0.0,5.323777968457142e+16,5333625117.0
157,WETH_USDC,19874034,1715759891,0xce59d203368186f34cf0391ac24b8df2105086d52d3d6b4eab700ea6c0212d5e,0x7a250d5630b4cf539739df2c5dacb4c659f2488d,0x3041cbd36888becc7bbcbc0045e3b1f144466f5f,0x3041cbd36888becc7bbcbc0045e3b1f144466f5f,121,380,1,0.0,1.0247387410487076e+18,2988442313.0,0.0,13650000000.0
158,WETH_USDC,19973260,1716958415,0x608770757e2412d1d4a4d36e29c02752f79513a969ceb288c5e175c85f1c4810,0xe37e799d5077682fa0a244d46e5649f71457bd09,0xbe5a0b0926b927ce583690a1a7aafe3f12db3f3c,0xe37e799d5077682fa0a244d46e5649f71457bd09,133,369,0,204622586.0,0.0,0.0,5.272945629174626e+16,9289289127.0
159,WETH_USDC,19974009,1716967487,0x9c55ac99f2d540aa1419db2a7f32d45422b3b6326b3dbb4433bfd9a85970fa04,0xdef1c0ded9bec7f1a1670819833240f027b25eff,0x811cfb75567a252bea23474e2ccd1286927bfe0a,0xdef1c0ded9bec7f1a1670819833240f027b25eff,62,193,0,341981079.0,0.0,0.0,8.856923370862755e+16,10498010030.0
160,WETH_USDC,20048494,1717866407,0xb8c57c9a8823fd6bf5d4e0bc42c36fb1c4052008328e310b327559191a53c5b6,0xf164fc0ec4e93095b804a4795bbe1e041497b92a,0x06cd6245156c3608ae67d690c125e86a8bc6a88c,0x06cd6245156c3608ae67d690c125e86a8bc6a88c,89,304,1,0.0,2.7155501908352896e+16,99762960.0,0.0,7452264726.0
161,WETH_USDC,20048499,1717866479,0xf054b763d7f0abfd3aff3062d7548b467bce837b969c92852b570a5908340c17,0xf164fc0ec4e93095b804a4795bbe1e041497b92a,0x06cd6245156c3608ae67d690c125e86a8bc6a88c,0x06cd6245156c3608ae67d690c125e86a8bc6a88c,1,14,1,0.0,1.54746859928325e+17,568552400.0,0.0,7070737039.0
162,WETH_USDC,20073327,1718166071,0x383eb6d7734bffed76c894df71b4a814e805209a74be89d76417bfb8c2b081a5,0x1111111254eeb25477b68fb85ed929f73a960582,0x663dc15d3c1ac63ff12e45ab68fea3f0a883c251,0x1111111254eeb25477b68fb85ed929f73a960582,2,30,1,0.0,8778075530656276.0,30802230.0,0.0,5884037993.0
163,WETH_USDC,20098367,1718468663,0x9aca9be7ec70de492677858f3e6687715924e64efc4cbbc7ed81e8b0a2bd1b41,0xf164fc0ec4e93095b804a4795bbe1e041497b92a,0xa1bf0e900fb272089c9fd299ea14bfccb1d1c2c0,0xa1bf0e900fb272089c9fd299ea14bfccb1d1c2c0,150,406,0,100000000.0,0.0,0.0,2.7951511755700852e+16,4875311820.0
164,WETH_USDC,20124529,1718784947,0xc7673f670a33ee7d4e4677baef8076aa86870c0cb8a24079b347d9d2a2f55cea,0x3fc91a3afd70395cd496c647d5a6cc9d4b2b7fad,0xb10d5acee2233a30f03adf6f425249113395d7a8,0x3fc91a3afd70395cd496c647d5a6cc9d4b2b7fad,14,41,0,100000000.0,0.0,0.0,2.8115251918770828e+16,7025712726.0
165,WETH_USDC,20148467,1719074099,0xf1e964e62dfff53396cfccf025e3c2ea683f260c7d1983668c75854449285289,0x1111111254eeb25477b68fb85ed929f73a960582,0x663dc15d3c1ac63ff12e45ab68fea3f0a883c251,0x1111111254eeb25477b68fb85ed929f73a960582,162,361,1,0.0,5.914934075570095e+16,206782370.0,0.0,3663992049.0
165,WETH_USDC,20148467,1719074099,0x0f96ba0972c764b6b4be7bbb7f6889eb75a2fa6636db159feb6612b286b116f3,0x1111111254eeb25477b68fb85ed929f73a960582,0x663dc15d3c1ac63ff12e45ab68fea3f0a883c251,0x1111111254eeb25477b68fb85ed929f73a960582,163,371,1,0.0,5.9122005510633896e+16,206685158.0,0.0,3663992049.0
166,WETH_USDC,20199347,1719688307,0x5be01ed318623075b332aa0d6e9733a07c4700b6acd175f50b68761ffcee9754,0xe43ca1dee3f0fc1e2df73a0745674545f11a59f5,0x9c4fe5ffd9a9fc5678cfbd93aa2d4fd684b67c4c,0xe43ca1dee3f0fc1e2df73a0745674545f11a59f5,157,438,0,77491018.0,0.0,0.0,2.2841773574584236e+16,1758821702.0
167,WETH_USDC,20398898,1722095507,0x09c6c74675470af727bf0a62d1c175c95c28d7fce26b6d173b74866d4b104c44,0x7a250d5630b4cf539739df2c5dacb4c659f2488d,0xce16f69375520ab01377ce7b88f5ba8c48f8d666,0xce16f69375520ab01377ce7b88f5ba8c48f8d666,52,331,1,0.0,1.9901722030560748e+16,64984786.0,0.0,5260171229.0
168,WETH_USDC,20574174,1724209271,0xba17030addca6ef1dc7544520d302855f5d9b7fba3f6b61c5ee1f27ae51fa522,0xf164fc0ec4e93095b804a4795bbe1e041497b92a,0x22f9dcf4647084d6c31b2765f6910cd85c178c18,0x22f9dcf4647084d6c31b2765f6910cd85c178c18,86,201,1,0.0,500000000000000.0,1291990.0,0.0,1355929080.0
169,WETH_USDC,20624361,1724815187,0xa1e227f304ee41583e5c2d451deeffd7f2649f22c18c9d441a53f83378afac35,0x7a250d5630b4cf539739df2c5dacb4c659f2488d,0xf621fb08bbe51af70e7e0f4ea63496894166ff7f,0xf621fb08bbe51af70e7e0f4ea63496894166ff7f,37,219,1,0.0,3000000000000000.0,7383128.0,0.0,1381766333.0
170,WETH_USDC,20700108,1725728771,0x2607d54a91db46f4b2abeb442c1133affd0cec97a0f9ba0e3da4b11b8ef25f3f,0x3328f7f4a1d1c57c35df56bbf0c9dcafca309c49,0x3328f7f4a1d1c57c35df56bbf0c9dcafca309c49,0x3328f7f4a1d1c57c35df56bbf0c9dcafca309c49,19,201,1,0.0,2.9850746268656716e+16,68143700.0,0.0,3220324544.0
171,WETH_USDC,20923918,1728427343,0x76e1a5cb32f3130736180987c15106f59b60bfc5ebb125006ea6b8ebeebf22c2,0x3fc91a3afd70395cd496c647d5a6cc9d4b2b7fad,0x3fc91a3afd70395cd496c647d5a6cc9d4b2b7fad,0x3fc91a3afd70395cd496c647d5a6cc9d4b2b7fad,22,129,1,0.0,1.639731564517584e+17,400650569.0,0.0,32258266529.0
172,WETH_USDC,20973602,1729027163,0x43d799a25188c9a70f0640a5a66c09a58a8e72f98665c4e35828c4afb3367f4d,0x1111111254eeb25477b68fb85ed929f73a960582,0xe3bb13475848a79295b71b4788810c9aae35ee40,0x1111111254eeb25477b68fb85ed929f73a960582,98,297,1,0.0,1.3126389620146082e+17,336817929.0,0.0,15061825642.0
173,WETH_USDC,21224084,1732047047,0x624abd290325aced4a3754bd000fe91ea607b8a9c947f39d75500f473550e2d1,0x7a250d5630b4cf539739df2c5dacb4c659f2488d,0x1d1b79a8c50df0e11019f822cd3d7e5d485ebdaa,0x1d1b79a8c50df0e11019f822cd3d7e5d485ebdaa,34,256,1,0.0,2.061808699650884e+16,64304550.0,0.0,17717322837.0
174,WETH_USDC,21373336,1733848583,0xb1bd40ad91ccce1781bc67b95c13024ae7398e12661b534f8eca9fdd7def5db4,0x1111111254eeb25477b68fb85ed929f73a960582,0x74de5d4fcbf63e00296fd95d33236b9794016631,0x1111111254eeb25477b68fb85ed929f73a960582,17,92,1,0.0,4.95625e+17,1756048284.0,0.0,54405420162.0
175,WETH_USDC,21399393,1734162899,0xc68c4b3bfde71832f11f67765e38eb4c30d19ced942f020440024befd4394cdb,0xdef1c0ded9bec7f1a1670819833240f027b25eff,0x06cd6245156c3608ae67d690c125e86a8bc6a88c,0xdef1c0ded9bec7f1a1670819833240f027b25eff,7,98,1,0.0,5.055375e+16,197297137.0,0.0,9669580809.0
176,WETH_USDC,21874467,1739896259,0xdd9b0323248eece63426387580ccb185553cdf078cb37e93d9906f743572f5a5,0x66a9893cc07d91d95644aedd05d03f95e1dba8af,0x66a9893cc07d91d95644aedd05d03f95e1dba8af,0x66a9893cc07d91d95644aedd05d03f95e1dba8af,1,13,1,0.0,2.5692238653453218e+19,67749849514.0,0.0,3830139405.0
177,WETH_USDC,21900313,1740208451,0xa2c712a58c78fafe423cc05c8465459bf300b2f2fa28bbdf61b6fde31bf5e511,0x111111125421ca6dc452d289314280a0f8842a65,0x1231deb6f5749ef6ce6943a275a1d3e7486f4eae,0x111111125421ca6dc452d289314280a0f8842a65,14,51,1,0.0,4956250000000000.0,13275395.0,0.0,1150317343.0
178,WETH_USDC,22074617,1742311211,0xdb0d379d3daf495921a92a0e6815004befc214c2aa2a0c51a1816d5072e7d868,0x1111111254eeb25477b68fb85ed929f73a960582,0x1111111254eeb25477b68fb85ed929f73a960582,0x1111111254eeb25477b68fb85ed929f73a960582,11,87,0,19000000.0,0.0,0.0,1.0042990863381818e+16,2505879827.0
179,WETH_USDC,22125446,1742924183,0x4fc1c34e155075f3ba1e525362b45434dc70ec4fea247a682dc9ec10d0ba6108,0x1111111254eeb25477b68fb85ed929f73a960582,0x1111111254eeb25477b68fb85ed929f73a960582,0x1111111254eeb25477b68fb85ed929f73a960582,33,256,0,22531355.0,0.0,0.0,1.0839297022166354e+16,939510870.0
180,WETH_USDC,22523762,1747739639,0xee99bbbabae43e9b4775b3b895cc9eb3786bf86b380594f8b396e7a63e307cc3,0x1111111254eeb25477b68fb85ed929f73a960582,0x4de8c60541fdadd33404ccb2c8b83907ce617341,0x1111111254eeb25477b68fb85ed929f73a960582,57,185,0,98826683.0,0.0,0.0,3.916557544565531e+16,1496968885.0
181,WETH_USDC,22723699,1750156943,0xbf4bfa20f56beb4940778f19e50253ef87ecabe75f421e72ffedecd0b3ee511d,0x6140b987d6b51fd75b66c3b07733beb5167c42fc,0x6140b987d6b51fd75b66c3b07733beb5167c42fc,0x6140b987d6b51fd75b66c3b07733beb5167c42fc,101,305,0,11562523.0,0.0,0.0,4508263399822096.0,1413383877.0
182,WETH_USDC,23098333,1754680175,0xe9230e852e9d47834e17638638ca297292e9954ce171295a569d21c99289e47e,0x7a250d5630b4cf539739df2c5dacb4c659f2488d,0xf621fb08bbe51af70e7e0f4ea63496894166ff7f,0xf621fb08bbe51af70e7e0f4ea63496894166ff7f,1,18,1,0.0,3.18427923038576e+19,126203506674.0,0.0,1200000000.0
183,WETH_USDC,23174007,1755593087,0xf493293c6c4b3bdff9a8881d715f816c9fe0bd20cd14f7c6d9c6a1c429eeecbf,0x66a9893cc07d91d95644aedd05d03f95e1dba8af,0x66a9893cc07d91d95644aedd05d03f95e1dba8af,0x66a9893cc07d91d95644aedd05d03f95e1dba8af,1,11,1,0.0,1.2706919788377168e+19,53208933143.0,0.0,298441751.0
184,WETH_USDC,23174010,1755593123,0x1796292d3e82823ba970a5b55dab8d233542440f07140999eda42879a8908bc3,0x66a9893cc07d91d95644aedd05d03f95e1dba8af,0x66a9893cc07d91d95644aedd05d03f95e1dba8af,0x66a9893cc07d91d95644aedd05d03f95e1dba8af,1,12,1,0.0,1.1172103124258976e+19,46346218048.0,0.0,298441751.0
185,WETH_USDC,23249072,1756498091,0xdfba7a675f121698ef360dfb84a3bd84c383ba3be5638496610341492ac44c57,0xa69babef1ca67a37ffaf7a485dfff3382056e78c,0xa69babef1ca67a37ffaf7a485dfff3382056e78c,0xa69babef1ca67a37ffaf7a485dfff3382056e78c,137,459,1,0.0,4.600452173057825e+17,1992178572.0,0.0,322638294.0
186,WETH_USDC,23274101,1756800167,0xd983792254fd42fde3a4aa75f3fe4d81204b6c8eb900ce09162080963e647fab,0x7a250d5630b4cf539739df2c5dacb4c659f2488d,0x1b7bc083290bc24eda9a24ff44ab974da44c752a,0x1b7bc083290bc24eda9a24ff44ab974da44c752a,26,265,1,0.0,10000000000000.0,43708.0,0.0,271092863.0
187,WETH_USDC,23274111,1756800287,0x849be7c811597bbf6ef3a218c2a474fd616a7fd05e57899aef849cc897e34b04,0x7a250d5630b4cf539739df2c5dacb4c659f2488d,0x1b7bc083290bc24eda9a24ff44ab974da44c752a,0x1b7bc083290bc24eda9a24ff44ab974da44c752a,41,187,1,0.0,10000000000000.0,43708.0,0.0,339120976.0
188,WETH_USDC,23375673,1758026267,0x0e0c4c120937ff6507ad6f3c835243cbe40f66a6c574309bbf3538ca7490428e,0x7a250d5630b4cf539739df2c5dacb4c659f2488d,0x1b7bc083290bc24eda9a24ff44ab974da44c752a,0x1b7bc083290bc24eda9a24ff44ab974da44c752a,39,226,1,0.0,10000000000000.0,44940.0,0.0,1003429664.0
189,WETH_USDC,23375696,1758026543,0x8e21e816df8cf967272a799eba84831a4238aec487cda0b203b3790bb38b12a9,0x7a250d5630b4cf539739df2c5dacb4c659f2488d,0x1b7bc083290bc24eda9a24ff44ab974da44c752a,0x1b7bc083290bc24eda9a24ff44ab974da44c752a,112,224,1,0.0,10000000000000.0,44925.0,0.0,1048990704.0
190,WETH_USDC,23375701,1758026603,0x70ea5c829c108399098cb3f69b1759c5f89e36ae7fedfd00dbc62271e7d59459,0x7a250d5630b4cf539739df2c5dacb4c659f2488d,0x1b7bc083290bc24eda9a24ff44ab974da44c752a,0x1b7bc083290bc24eda9a24ff44ab974da44c752a,53,284,1,0.0,10000000000000.0,44925.0,0.0,1112161838.0
191,WETH_USDC,23375702,1758026615,0x55f6dd391ae9f749129e27a7e01d10300c8869a6ddddaae0b975526ca29051aa,0x7a250d5630b4cf539739df2c5dacb4c659f2488d,0x1b7bc083290bc24eda9a24ff44ab974da44c752a,0x1b7bc083290bc24eda9a24ff44ab974da44c752a,42,240,1,0.0,10000000000000.0,44925.0,0.0,1118631536.0
192,WETH_USDC,23375706,1758026663,0xccb10c84b75d9dc0325c479728f75ac88cda528f0bd6bdc7ebc3403e65a2dac3,0x7a250d5630b4cf539739df2c5dacb4c659f2488d,0x1b7bc083290bc24eda9a24ff44ab974da44c752a,0x1b7bc083290bc24eda9a24ff44ab974da44c752a,129,242,1,0.0,10000000000000.0,44925.0,0.0,1211173944.0
193,WETH_USDC,23375707,1758026675,0x6d0cc3fd41bcb262e60e09dcd7ed5ee2bc8df2161e4d69c5e6c08bc4fa2f725d,0x7a250d5630b4cf539739df2c5dacb4c659f2488d,0x1b7bc083290bc24eda9a24ff44ab974da44c752a,0x1b7bc083290bc24eda9a24ff44ab974da44c752a,42,206,1,0.0,10000000000000.0,44925.0,0.0,1197186204.0
194,WETH_USDC,23375708,1758026687,0x2b2a61f03ccc94808c82d8ed29710bde5f3ee460a08902574ac08d87fc00510a,0x7a250d5630b4cf539739df2c5dacb4c659f2488d,0x1b7bc083290bc24eda9a24ff44ab974da44c752a,0x1b7bc083290bc24eda9a24ff44ab974da44c752a,242,426,1,0.0,10000000000000.0,44925.0,0.0,1211206718.0
195,WETH_USDC,23424654,1758617531,0x4f229a3a2e66a053ee1b7fabaa5c851ad8dc7af13d6aeac1643ed92e42f34f7c,0x7a250d5630b4cf539739df2c5dacb4c659f2488d,0x1b7bc083290bc24eda9a24ff44ab974da44c752a,0x1b7bc083290bc24eda9a24ff44ab974da44c752a,15,28,1,0.0,10000000000000.0,41943.0,0.0,191698698.0
196,WETH_USDC,23424695,1758618023,0x5b448f1f4bdbcf53ec033805c80fc28e2960d30f9c535759d1263905f43c1b65,0x7a250d5630b4cf539739df2c5dacb4c659f2488d,0x1b7bc083290bc24eda9a24ff44ab974da44c752a,0x1b7bc083290bc24eda9a24ff44ab974da44c752a,2,20,1,0.0,10000000000000.0,41944.0,0.0,186236921.0
197,WETH_USDC,23425663,1758629675,0x4cda7f652d58ecadf2eb0bb030ef9d8e0d068985904f767d41350d433e87b777,0x7a250d5630b4cf539739df2c5dacb4c659f2488d,0x1b7bc083290bc24eda9a24ff44ab974da44c752a,0x1b7bc083290bc24eda9a24ff44ab974da44c752a,37,171,1,0.0,10000000000000.0,41803.0,0.0,395454556.0
198,WETH_USDC,23549488,1760125403,0x6af79b77e6d623f6ee1aa838fab761786dd3590f7abb6dad76d21008689f1ce9,0x5141b82f5ffda4c6fe1e372978f1c5427640a190,0x5141b82f5ffda4c6fe1e372978f1c5427640a190,0x5141b82f5ffda4c6fe1e372978f1c5427640a190,160,357,0,261987526.0,0.0,0.0,6.511822205167815e+16,7489954165.0
199,WETH_USDC,23823598,1763439695,0xea91e7b3714d5ac4c04c1a1b2d76485846575b5992fe370eb26d94f34a570845,0xeff6cb8b614999d130e537751ee99724d01aa167,0xeff6cb8b614999d130e537751ee99724d01aa167,0xeff6cb8b614999d130e537751ee99724d01aa167,11,452,0,1000000000.0,0.0,0.0,3.3470771352567315e+17,365208150.0
200,WETH_USDC,24399190,1770397847,0xac79e1abceb01ade68450620897a205d2c70b79fe8884c185474eb55af0d77de,0x66a9893cc07d91d95644aedd05d03f95e1dba8af,0x66a9893cc07d91d95644aedd05d03f95e1dba8af,0x66a9893cc07d91d95644aedd05d03f95e1dba8af,51,552,0,1020000000.0,0.0,0.0,4.975120747806617e+17,1948236476.0
201,WETH_USDC,24399290,1770399071,0xbc2098668febebc178e512a4907798f9916083cf7eaa1987220374bbdda1a1e8,0x990636ecb3ff04d33d92e970d3d588bf5cd8d086,0x8fe9203c12e797cac7e901d63cacc022b68b50c3,0x990636ecb3ff04d33d92e970d3d588bf5cd8d086,185,1327,0,297000000.0,0.0,0.0,1.4315511057061133e+17,1259673345.0
1,WETH_USDT,10451595,1594648385,0xbbfea7aa845ca35983be5112b792bfc2f89719919fbee33cf205b325f97b6141,0x7a250d5630b4cf539739df2c5dacb4c659f2488d,0x222d54325c1bff0b1e1dc4db23767822f974b57c,0x222d54325c1bff0b1e1dc4db23767822f974b57c,60,75,0,5.089687795315646e+18,0.0,0.0,1221118498.0,58000000000.0
2,WETH_USDT,11601073,1609936866,0xed69a554f5e8f7dd532611c40b43ed29a9fe1c14881f357b7a16b80640e2ce2c,0xa57bd00134b2850b2a1c55860c9e9ea100fdd6cf,0x56178a0d5f301baf6cf3e1cd53d9863437345bf9,0xa57bd00134b2850b2a1c55860c9e9ea100fdd6cf,148,282,1,0.0,494208689857.0,4.365032976933334e+20,0.0,122000000000.0
3,WETH_USDT,11750849,1611923754,0x46393f810191e6e0c6fd770a7c087532fa59a0f44c9e93dbc27c7cbcbc237d9b,0x7a250d5630b4cf539739df2c5dacb4c659f2488d,0x7a250d5630b4cf539739df2c5dacb4c659f2488d,0x7a250d5630b4cf539739df2c5dacb4c659f2488d,103,131,1,0.0,707780570.0,5e+17,0.0,119000000000.0
3,WETH_USDT,11750849,1611923754,0x0438542f66ecd907eb1663d7f38138d7049684b0cdc6818458cb6de10256f639,0x7a250d5630b4cf539739df2c5dacb4c659f2488d,0xd7cfbcadaaf6475321cfcf3884f15a93400be658,0xd7cfbcadaaf6475321cfcf3884f15a93400be658,154,248,1,0.0,1000000000.0,7.064274717965672e+17,0.0,119000000000.0
4,WETH_USDT,12250933,1618573803,0x23ed23a11834e70cbe03bda4e302eca97af4b69062f8c3008fe19fde3adf34ff,0x7a250d5630b4cf539739df2c5dacb4c659f2488d,0xb7f1498898d70685851b5331f64bf26215f00415,0xb7f1498898d70685851b5331f64bf26215f00415,1,8,0,5e+20,0.0,0.0,1165550520846.0,114000000000.0
5,WETH_USDT,12300973,1619241148,0x0f21101d000a089094b22f2583f3e85ec097d90687a61a8f92443b358b5d7239,0x7a250d5630b4cf539739df2c5dacb4c659f2488d,0x174d02de89a11aba1b9c3e79ee6ee44aed756ddd,0x174d02de89a11aba1b9c3e79ee6ee44aed756ddd,1,8,0,4.00306e+20,0.0,0.0,906480039526.0,67100000000.0
6,WETH_USDT,12600969,1623250376,0x05d584784219e2895529b35f1aac89d741ab5d43c3c18cf5dda079f32eec9113,0x7a250d5630b4cf539739df2c5dacb4c659f2488d,0xbf3f6477dbd514ef85b7d3ec6ac2205fd0962039,0xbf3f6477dbd514ef85b7d3ec6ac2205fd0962039,1,9,0,2.1e+20,0.0,0.0,524768695962.0,604249226441.0
7,WETH_USDT,12651091,1623921342,0x2a22b2dc1ff9883280ea81513662a16468b6ad719298f47da443d3eef58036fc,0x7a250d5630b4cf539739df2c5dacb4c659f2488d,0x0e00eedef6f01c1a7888eb4403f6c7ba32812d97,0x0e00eedef6f01c1a7888eb4403f6c7ba32812d97,100,295,0,4.687269102761088e+17,0.0,0.0,1140010683.0,13000000000.0
8,WETH_USDT,13075910,1629646037,0xdc6d36fbc6a3a1d402758b4a2135ff52599c41fef267e96c42f2b7b5e09a97a1,0x7a250d5630b4cf539739df2c5dacb4c659f2488d,0x7a250d5630b4cf539739df2c5dacb4c659f2488d,0x7a250d5630b4cf539739df2c5dacb4c659f2488d,4,25,1,0.0,275000000000.0,8.57286993926247e+19,0.0,59812524434.0
9,WETH_USDT,13126204,1630317743,0xb63440532385429f452a50740764e5a8f7b1443e146d7cc2e8933f68eb74f8d4,0x7a250d5630b4cf539739df2c5dacb4c659f2488d,0x0f5a2eb364d8b722cba4e1e30e2cf57b6f515b2a,0x0f5a2eb364d8b722cba4e1e30e2cf57b6f515b2a,180,220,1,0.0,1685000000.0,5.274454440154042e+17,0.0,78100000000.0
9,WETH_USDT,13126204,1630317743,0xa06406de619fc54c5bdee6194ba821be695bb2c6d70a5ca4e1d58970f38f03e0,0x7a250d5630b4cf539739df2c5dacb4c659f2488d,0xaf31fd9c3b0350424bf96e551d2d1264d8466205,0xaf31fd9c3b0350424bf96e551d2d1264d8466205,204,257,1,0.0,10000000000.0,3.1298755930899103e+18,0.0,74000001561.0
9,WETH_USDT,13126204,1630317743,0x200f92b6b93b2101ed5c5754fe3f6777c76e20828191888ff7225bb177bd5313,0x7a250d5630b4cf539739df2c5dacb4c659f2488d,0x4a14347083b80e5216ca31350a2d21702ac3650d,0x4a14347083b80e5216ca31350a2d21702ac3650d,205,266,1,0.0,340000000.0,1.0640477992515936e+17,0.0,74000000000.0
10,WETH_USDT,13301268,1632657877,0xfbd62cebef72d0f4f60d09fe979209e7b7d96bf755abee2e368dbc1447a46617,0x7a250d5630b4cf539739df2c5dacb4c659f2488d,0x7a250d5630b4cf539739df2c5dacb4c659f2488d,0x7a250d5630b4cf539739df2c5dacb4c659f2488d,1,7,1,0.0,304723826842.0,1e+20,0.0,54000000000.0
11,WETH_USDT,13750870,1638774532,0x41b4933e3cabbe20dc0a4b6f1a59605ae765e859d58b44bce12f6f883fc6dc40,0x7a250d5630b4cf539739df2c5dacb4c659f2488d,0x4a14347083b80e5216ca31350a2d21702ac3650d,0x4a14347083b80e5216ca31350a2d21702ac3650d,4,28,1,0.0,413305295822.0,9.994758218630121e+19,0.0,119752403736.0
12,WETH_USDT,13851818,1640133096,0x3fc022b5210b8057a85451f42a894e2de10417463692e7a91fc5e383af2971ea,0x7a250d5630b4cf539739df2c5dacb4c659f2488d,0x73a86455888902108bc88f5831919e23098b9b04,0x73a86455888902108bc88f5831919e23098b9b04,143,181,1,0.0,7390000000.0,1.831527513540874e+18,0.0,90287922369.0
13,WETH_USDT,13875961,1640456574,0x3e72d5f734d268430adeefefe755769f46c10fbc545e11313edad645722e8c66,0xdef1c0ded9bec7f1a1670819833240f027b25eff,0x74de5d4fcbf63e00296fd95d33236b9794016631,0xdef1c0ded9bec7f1a1670819833240f027b25eff,146,203,0,9.9125e+16,0.0,0.0,401785239.0,82952637309.0
14,WETH_USDT,13901653,1640799821,0xb9aa3d1702edbe1b9294fbb9456f3bc350ff9a9de0b1e84d1745c8d1a78faa98,0xdef1c0ded9bec7f1a1670819833240f027b25eff,0xdef1c0ded9bec7f1a1670819833240f027b25eff,0xdef1c0ded9bec7f1a1670819833240f027b25eff,135,195,1,0.0,847397057.0,2.239705733746697e+17,0.0,133060272941.0
15,WETH_USDT,13901763,1640801201,0x2291a5ed3c1bc9759150999f556f62585791d8a90b15060b10c894b639bd089b,0xe66b31678d6c16e9ebf358268a790b763c133750,0xcdf5ade987f1b51f739c8dbc852bca92aa4c0f37,0xe66b31678d6c16e9ebf358268a790b763c133750,16,69,1,0.0,990135630.0,2.6211890362332637e+17,0.0,227000000000.0
15,WETH_USDT,13901763,1640801201,0xd75b5aed556f924f0d6e03bf7b57f4eb83d26506b3d8ed06ffd69b4200727c4a,0x7a250d5630b4cf539739df2c5dacb4c659f2488d,0xdfcf744c8ae896e8631ba9b9dc717546646f6708,0xdfcf744c8ae896e8631ba9b9dc717546646f6708,92,136,1,0.0,10000000000.0,2.6469679765326254e+18,0.0,193000000000.0
16,WETH_USDT,14000877,1642126610,0xde9f50e14dfe2658d0b3c6b9fca068172bd053aff403309ebd53bfb0b7f8a583,0x1111111254fb6c44bac0bed2854e76f90643097d,0x74de5d4fcbf63e00296fd95d33236b9794016631,0x1111111254fb6c44bac0bed2854e76f90643097d,223,296,0,4.8160017279076454e+17,0.0,0.0,1560341634.0,165421213892.0
17,WETH_USDT,14051133,1642797842,0x6ceae7d83cc5c3d27adc613b4d2d66a83d6cb30d3f19ddfe75f30efb76b02876,0x68b3465833fb72a70ecdf485e0e4c7bd8665fc45,0x68b3465833fb72a70ecdf485e0e4c7bd8665fc45,0x68b3465833fb72a70ecdf485e0e4c7bd8665fc45,1,8,0,1.5e+20,0.0,0.0,384491946097.0,248407477174.0
18,WETH_USDT,14051410,1642801665,0x11b84a3079e7725cc59352a18fab5370e63b05f18e3fa6995a23cd236cde3296,0x7a250d5630b4cf539739df2c5dacb4c659f2488d,0x4a14347083b80e5216ca31350a2d21702ac3650d,0x4a14347083b80e5216ca31350a2d21702ac3650d,1,9,0,1.48e+20,0.0,0.0,377307029089.0,312545353762.0
19,WETH_USDT,14351646,1646816142,0xa06d90a216c3f01e8fc3830999b342c3910b461b655548f4616a96f617408a1e,0x7a250d5630b4cf539739df2c5dacb4c659f2488d,0xe236086f4c481ef525f44beed77746ce0b78558d,0xe236086f4c481ef525f44beed77746ce0b78558d,179,305,0,4.755148240392069e+16,0.0,0.0,130804678.0,29605544717.0
20,WETH_USDT,14501199,1648827077,0x121bbb724c5cce861a5d5170982e07b5e3144857715a032e79e5b7f0f1183b25,0x7a250d5630b4cf539739df2c5dacb4c659f2488d,0x4a14347083b80e5216ca31350a2d21702ac3650d,0x4a14347083b80e5216ca31350a2d21702ac3650d,113,138,1,0.0,10028000000.0,2.904282010129891e+18,0.0,93231085490.0
21,WETH_USDT,14526343,1649167203,0xf7d2d5da25e7c5928e8a3dd807aa43fe3a132d3d6ec4f063b0d26f8eafa134d8,0x7a250d5630b4cf539739df2c5dacb4c659f2488d,0x9c84f58bb51fabd18698efe95f5bab4f33e96e8f,0x9c84f58bb51fabd18698efe95f5bab4f33e96e8f,79,90,1,0.0,2000000000.0,5.73055709775297e+17,0.0,86098281215.0
22,WETH_USDT,14600853,1650171713,0xfdb49f3dcf01fde0e051bfabe7940ea67e4c3e2e1037e0620d2d730794e82b6e,0x1111111254fb6c44bac0bed2854e76f90643097d,0x1111111254fb6c44bac0bed2854e76f90643097d,0x1111111254fb6c44bac0bed2854e76f90643097d,113,192,1,0.0,32346571.0,1.0664258976358936e+16,0.0,19845791334.0
23,WETH_USDT,14601812,1650185471,0x06c4b690c029043ef5e2caa3b8cdb4610d5e32f8a2685c4920dc34ad22b1454d,0x7a250d5630b4cf539739df2c5dacb4c659f2488d,0x7a250d5630b4cf539739df2c5dacb4c659f2488d,0x7a250d5630b4cf539739df2c5dacb4c659f2488d,58,101,1,0.0,464225076.0,1.5228282067419296e+17,0.0,34007837670.0
24,WETH_USDT,14651877,1650863582,0x03c9ab0e6b53cef39c93f81d208926749a3bc90f88f5e2866ab980da9989b28f,0x7a250d5630b4cf539739df2c5dacb4c659f2488d,0x5b1e45ca08fa4d65aa7fdcf9e116990fb7fce73b,0x5b1e45ca08fa4d65aa7fdcf9e116990fb7fce73b,4,22,0,4.8853e+18,0.0,0.0,13949963684.0,35986106655.0
25,WETH_USDT,14776357,1652568477,0x54ce399aabbc0e060bfb75412e36f6eee3c0db7625ffca4ff3ccaca00361b580,0x7a250d5630b4cf539739df2c5dacb4c659f2488d,0xdea0928add0ba47b07c128577fd7edaba6986f35,0xdea0928add0ba47b07c128577fd7edaba6986f35,146,343,0,3.672674713586988e+16,0.0,0.0,74353640.0,26057444324.0
26,WETH_USDT,15027139,1656216731,0x8c676d22e5b8f16bacf30fff16eac8bbbcf4f3f41403cdebbe0dd3bc90f934c4,0x7a250d5630b4cf539739df2c5dacb4c659f2488d,0x461dda49d5f7dcf461446fdbbb59384fd523cce2,0x461dda49d5f7dcf461446fdbbb59384fd523cce2,261,422,1,0.0,621846355.0,5.020853640125389e+17,0.0,18997732193.0
27,WETH_USDT,15052211,1656619304,0x2225f7a3032ce586bcebd5e0a948aed0767775815bb837b7071a84eb6600a4e4,0x7a250d5630b4cf539739df2c5dacb4c659f2488d,0x9c4d592042f959254485d443bbc337d29572264f,0x9c4d592042f959254485d443bbc337d29572264f,30,83,0,2.890506017236292e+17,0.0,0.0,294203995.0,46060676604.0
28,WETH_USDT,15076405,1656942667,0x72f7b1b6bf1c71eac03c9ea3b51e0cbf2da682a79c4f944bc7bc70a13cc4a4e5,0x1111111254fb6c44bac0bed2854e76f90643097d,0x6a091a3406e0073c3cd6340122143009adac0eda,0x1111111254fb6c44bac0bed2854e76f90643097d,223,444,1,0.0,1137712361.0,1.0345879503154184e+18,0.0,34983027077.0
29,WETH_USDT,15151620,1657946366,0xe6f3a6880c9c3fdc535e14ff99f410f2e712819d5e09daa4b7863255058769da,0x68b3465833fb72a70ecdf485e0e4c7bd8665fc45,0x869dca730207ece80b224253383c7f04dabe24b7,0x68b3465833fb72a70ecdf485e0e4c7bd8665fc45,2,18,0,2e+17,0.0,0.0,241935636.0,11164716531.0
30,WETH_USDT,15201569,1658614216,0x5f48889e50afdc89d4081e236289d9ce00bfc7f98cce9506ff7bbfbeaac36ae6,0x68b3465833fb72a70ecdf485e0e4c7bd8665fc45,0xe8c62db53ca5041e796e10bc2e41bf27a69f6f30,0x68b3465833fb72a70ecdf485e0e4c7bd8665fc45,1,13,0,1.0268144806473636e+20,0.0,0.0,149654442268.0,12805199564.0
31,WETH_USDT,15226477,1658951147,0xfdd8625e16a009a63339ecf4ce7b09ad5f131f7cfb500c17975372a55400e5c4,0x7a250d5630b4cf539739df2c5dacb4c659f2488d,0x7a250d5630b4cf539739df2c5dacb4c659f2488d,0x7a250d5630b4cf539739df2c5dacb4c659f2488d,130,200,1,0.0,70000000.0,4.3805450474329784e+16,0.0,39000000000.0
32,WETH_USDT,15351812,1660645259,0xc7529e69be98c600241fc90ca249291821bf9fc1beb0df087faa359064896253,0x68b3465833fb72a70ecdf485e0e4c7bd8665fc45,0xc4f0ff5e1ddc6752a13bf0f59ad2beb2fc25f175,0x68b3465833fb72a70ecdf485e0e4c7bd8665fc45,4,39,0,1e+18,0.0,0.0,1886567689.0,7233652602.0
33,WETH_USDT,15451225,1662012512,0x023eac593eeae90c7a7946c2fa4344231ed65b32ad489c5a74dc84aa057ef690,0x7a250d5630b4cf539739df2c5dacb4c659f2488d,0x48b43157c5e180333cfed6166243c97ee0e5b85b,0x48b43157c5e180333cfed6166243c97ee0e5b85b,89,163,0,7.27518859872736e+16,0.0,0.0,112653113.0,9200000000.0
34,WETH_USDT,15451990,1662023092,0xa00cfe51108a540788259ed17c13a58f0d2a6a713494659a7da7e99977e3caf0,0x7a250d5630b4cf539739df2c5dacb4c659f2488d,0x96e6adf755804b8f3bf258cd1c5a67822cc4dd9a,0x96e6adf755804b8f3bf258cd1c5a67822cc4dd9a,300,512,0,2e+17,0.0,0.0,308798959.0,11500000000.0
35,WETH_USDT,15477724,1662378784,0x6b58d25ea555e24b5ea5b1805b0732f062c4cde4568a8f2f37e8d1e1887db91a,0x7a250d5630b4cf539739df2c5dacb4c659f2488d,0x7a250d5630b4cf539739df2c5dacb4c659f2488d,0x7a250d5630b4cf539739df2c5dacb4c659f2488d,1,7,1,0.0,76862430618.0,4.8584361721906766e+19,0.0,4000000000.0
36,WETH_USDT,15501052,1662702076,0x99d0d65affba411b71cd154a36378496d6203aa4f7d58f0bd7a1ca402c66d127,0x7a250d5630b4cf539739df2c5dacb4c659f2488d,0x7a250d5630b4cf539739df2c5dacb4c659f2488d,0x7a250d5630b4cf539739df2c5dacb4c659f2488d,1,11,1,0.0,92763451479.0,5.330072499871206e+19,0.0,9691375098.0
37,WETH_USDT,15652072,1664612363,0x0499fdeaab250df35d7da8e0c187dba959b8dd5f71ab51dbe98ce7e5e87ec887,0x68b3465833fb72a70ecdf485e0e4c7bd8665fc45,0xc4f0ff5e1ddc6752a13bf0f59ad2beb2fc25f175,0x68b3465833fb72a70ecdf485e0e4c7bd8665fc45,1,11,0,1.0837641517432228e+18,0.0,0.0,1436528346.0,7877046684.0
38,WETH_USDT,15652283,1664614907,0xef4567ea493da59aec64df8c074ec4ea3a293dce6df2e92cc144171de97a8d2a,0x68b3465833fb72a70ecdf485e0e4c7bd8665fc45,0xc4f0ff5e1ddc6752a13bf0f59ad2beb2fc25f175,0x68b3465833fb72a70ecdf485e0e4c7bd8665fc45,2,15,0,1.069351715082554e+18,0.0,0.0,1421105639.0,5622770832.0
39,WETH_USDT,15701685,1665211787,0xd9ac4322a9b88d630f535372792ee31e8d8249297e4b3a29ff589903c73b169a,0x7a250d5630b4cf539739df2c5dacb4c659f2488d,0x5c8e5641d0183eb450d39ec6f8dd30add19b1025,0x5c8e5641d0183eb450d39ec6f8dd30add19b1025,236,544,0,7.53129790642739e+16,0.0,0.0,100000000.0,6000000000.0
40,WETH_USDT,15701925,1665214679,0x7692a244b237cc4e61ba27defa0c98aaadf47a7d7aa1b8f54a2663884533a58b,0x7a250d5630b4cf539739df2c5dacb4c659f2488d,0x90a1100f530bd8c4dd74ff3623bf4fb76384b17c,0x90a1100f530bd8c4dd74ff3623bf4fb76384b17c,155,322,0,3.236507307626139e+17,0.0,0.0,430112833.0,6000000000.0
41,WETH_USDT,15826502,1666717883,0x3224ecf8bdfafa2f356ef87ebedcf428668ba0fc3402021f0d08b96c9db79525,0x7a250d5630b4cf539739df2c5dacb4c659f2488d,0x4a14347083b80e5216ca31350a2d21702ac3650d,0x4a14347083b80e5216ca31350a2d21702ac3650d,1,9,0,6.99e+19,0.0,0.0,100806905770.0,70115288525.0
42,WETH_USDT,15902486,1667635235,0xad2ae10ce25e3bb1349e97062dd929dbf86b5a012db74f759a122017077e42c0,0xdef1c0ded9bec7f1a1670819833240f027b25eff,0x291c69fdaebd3cbe953843da243f8605a766a268,0xdef1c0ded9bec7f1a1670819833240f027b25eff,35,72,1,0.0,358330419.0,2.163247880716152e+17,0.0,12602783873.0
43,WETH_USDT,15950871,1668219119,0xf484e1d966a43f93ae00d37ccf42784b6d68fa8a0b59aeb4e416d9ff04d95cb8,0xdef1c0ded9bec7f1a1670819833240f027b25eff,0xf01944044f064049f1d5663d5cc7239b82049228,0xdef1c0ded9bec7f1a1670819833240f027b25eff,2,13,0,1.5e+18,0.0,0.0,1906546755.0,60000000000.0
44,WETH_USDT,16026960,1669137215,0xf0eeb4212a669b8be1a720f87820be4f6fe7cf98c858aad7a2aa1df1a4060601,0x252324321f54f512909d2123635503a5e6c67138,0x252324321f54f512909d2123635503a5e6c67138,0x252324321f54f512909d2123635503a5e6c67138,1,11,0,1.005e+18,0.0,0.0,1129712444.0,15036788268.0
45,WETH_USDT,16176204,1670939639,0x63f1a92ab14cf36fceddc384ffe4f7722bc5c347da5e557ff2bd5c3746b29f23,0x7a250d5630b4cf539739df2c5dacb4c659f2488d,0x7a250d5630b4cf539739df2c5dacb4c659f2488d,0x7a250d5630b4cf539739df2c5dacb4c659f2488d,1,9,1,0.0,100000000000.0,7.056490064734635e+19,0.0,42000000000.0
46,WETH_USDT,16202773,1671260291,0xaf9c9564e58728526976f1873b5d04f6089820249ef5d06c16db43e9bcec28be,0x68b3465833fb72a70ecdf485e0e4c7bd8665fc45,0xd27aed4d22a6ac0b36fff66fb682c067cd38e1b4,0x68b3465833fb72a70ecdf485e0e4c7bd8665fc45,7,36,0,8.607750204803601e+19,0.0,0.0,100000031501.0,13273359257.0
47,WETH_USDT,16202781,1671260387,0xf207c163ab8d7c9ad7dafc5390bc152a12085cc2f552e793da2dd4a06852f421,0x68b3465833fb72a70ecdf485e0e4c7bd8665fc45,0xd27aed4d22a6ac0b36fff66fb682c067cd38e1b4,0x68b3465833fb72a70ecdf485e0e4c7bd8665fc45,1,15,0,8.637918179361325e+19,0.0,0.0,100000000000.0,13305955400.0
48,WETH_USDT,16202796,1671260567,0x3ba4a48aaf988b9cd43239029adb55bc65b24f0bc60b3b82273881b16cb3bc22,0x68b3465833fb72a70ecdf485e0e4c7bd8665fc45,0xd27aed4d22a6ac0b36fff66fb682c067cd38e1b4,0x68b3465833fb72a70ecdf485e0e4c7bd8665fc45,1,13,0,8.635332278479364e+19,0.0,0.0,100000000000.0,13707938470.0
49,WETH_USDT,16326748,1672754795,0xbb9a7cc323e93cb3bc1839b6c57f8161299473046dc51da7fc5ab5b6b377935a,0x68b3465833fb72a70ecdf485e0e4c7bd8665fc45,0xd27aed4d22a6ac0b36fff66fb682c067cd38e1b4,0x68b3465833fb72a70ecdf485e0e4c7bd8665fc45,1,15,0,1.4208379493830884e+20,0.0,0.0,169160978454.0,27395083639.0
50,WETH_USDT,16426115,1673953631,0xef1862bfc3a0831f3635f156cbb233fa0bb3b4109f18be2c17d596b981e112a1,0x7a250d5630b4cf539739df2c5dacb4c659f2488d,0x4a14347083b80e5216ca31350a2d21702ac3650d,0x4a14347083b80e5216ca31350a2d21702ac3650d,2,12,1,0.0,280000000000.0,1.7383380582309616e+20,0.0,15419279016.0
51,WETH_USDT,16450981,1674253475,0xa87bca07ede6200e430c6f31bf2af934214f7c6ff95ddac287cffb87be1908eb,0xdef171fe48cf0115b1d80b88dc8eab59176fee57,0xca96653bebe79a3ba8bf3c4e2198f20fb5bd047f,0xdef171fe48cf0115b1d80b88dc8eab59176fee57,73,386,0,2e+17,0.0,0.0,330247289.0,29000000000.0
52,WETH_USDT,16451720,1674262391,0xc584e9916e7c3080e744ed35e1acb83463c9c8f0c2f1765dc56a029852207c34,0x7a250d5630b4cf539739df2c5dacb4c659f2488d,0x049c92312aaaa40a2369e38f04b0174fb0262099,0x049c92312aaaa40a2369e38f04b0174fb0262099,107,1025,0,8.70838380532196e+17,0.0,0.0,1440869913.0,18900000000.0
53,WETH_USDT,16476325,1674559139,0x26d562bdd60cd04631a39fce914f9e800d7e43e2c3d65295b40983f3dba227e6,0x7a250d5630b4cf539739df2c5dacb4c659f2488d,0x4a14347083b80e5216ca31350a2d21702ac3650d,0x4a14347083b80e5216ca31350a2d21702ac3650d,1,9,0,2.273e+20,0.0,0.0,355481182651.0,13985752684.0
54,WETH_USDT,16501864,1674867347,0x0d8813371430979feba9c1ae3d994299030629d893d08b103dedcccaaee4fe50,0x7a250d5630b4cf539739df2c5dacb4c659f2488d,0x7a250d5630b4cf539739df2c5dacb4c659f2488d,0x7a250d5630b4cf539739df2c5dacb4c659f2488d,1,7,1,0.0,72483294880.0,4.475984080424022e+19,0.0,14700000000.0
55,WETH_USDT,16502005,1674869039,0x8fb54e780d6101faf3a7f5151bf94d6a54bcc0f3d4bae26d3b1e9d6fca2036dc,0x7a250d5630b4cf539739df2c5dacb4c659f2488d,0x7a250d5630b4cf539739df2c5dacb4c659f2488d,0x7a250d5630b4cf539739df2c5dacb4c659f2488d,1,9,1,0.0,99568568731.0,6.1344440414728315e+19,0.0,15750000000.0
56,WETH_USDT,16502408,1674873887,0xd46d561f65218110f310e8b48daeb0a90d662e7c3dea2e312d0e35c81e0bc925,0x7a250d5630b4cf539739df2c5dacb4c659f2488d,0x7a250d5630b4cf539739df2c5dacb4c659f2488d,0x7a250d5630b4cf539739df2c5dacb4c659f2488d,1,9,1,0.0,129340233552.0,7.980186456548008e+19,0.0,15750000000.0
57,WETH_USDT,16502417,1674873995,0xb477d5c28352990233543f3904964c4f810a44f96d9811340dd2360250421397,0x7a250d5630b4cf539739df2c5dacb4c659f2488d,0x7a250d5630b4cf539739df2c5dacb4c659f2488d,0x7a250d5630b4cf539739df2c5dacb4c659f2488d,3,20,1,0.0,99568460000.0,6.136018623936704e+19,0.0,16800000000.0
58,WETH_USDT,16502427,1674874115,0xf7f01be84a743111d14ed50f3406bd93715523f69f0299380b27e2c5c0d82f49,0x7a250d5630b4cf539739df2c5dacb4c659f2488d,0x7a250d5630b4cf539739df2c5dacb4c659f2488d,0x7a250d5630b4cf539739df2c5dacb4c659f2488d,7,108,1,0.0,99568460000.0,6.127787315815382e+19,0.0,14700000000.0
59,WETH_USDT,16502445,1674874331,0xf000076d47eaf3134d7ed0851c5dbe72ca0181f66eadd702d8b6e19532ca4ea4,0x7a250d5630b4cf539739df2c5dacb4c659f2488d,0x7a250d5630b4cf539739df2c5dacb4c659f2488d,0x7a250d5630b4cf539739df2c5dacb4c659f2488d,1,9,1,0.0,99568460000.0,6.131411372975866e+19,0.0,15750000000.0
60,WETH_USDT,16502453,1674874427,0x8d44522053c0031f011e6b5f18f558f56e8cd84e65d1edb29c2ccb8768974816,0x7a250d5630b4cf539739df2c5dacb4c659f2488d,0x7a250d5630b4cf539739df2c5dacb4c659f2488d,0x7a250d5630b4cf539739df2c5dacb4c659f2488d,1,9,1,0.0,128443893400.0,7.890177527699851e+19,0.0,15750000000.0
61,WETH_USDT,16502578,1674875927,0x717d6214e4ff4d574fde157fc316cb886a554c5c321e74b06f4e6035e9ddf396,0x7a250d5630b4cf539739df2c5dacb4c659f2488d,0x7a250d5630b4cf539739df2c5dacb4c659f2488d,0x7a250d5630b4cf539739df2c5dacb4c659f2488d,1,9,1,0.0,130435404361.0,8.027186407447713e+19,0.0,18900000000.0
62,WETH_USDT,16502591,1674876083,0x54463b1e8471db83ba4e5c60898cda438dcadc479b9d80b539f5caa295c2f241,0x7a250d5630b4cf539739df2c5dacb4c659f2488d,0x7a250d5630b4cf539739df2c5dacb4c659f2488d,0x7a250d5630b4cf539739df2c5dacb4c659f2488d,1,9,1,0.0,99568460000.0,6.136060915139547e+19,0.0,16800000000.0
63,WETH_USDT,16502645,1674876743,0x52941f51e3c3b78c6b170230c9d59610dcca633ee8258da1a871e0074fd01135,0x7a250d5630b4cf539739df2c5dacb4c659f2488d,0x7a250d5630b4cf539739df2c5dacb4c659f2488d,0x7a250d5630b4cf539739df2c5dacb4c659f2488d,1,9,1,0.0,127448188800.0,7.851427121315098e+19,0.0,15750000000.0
64,WETH_USDT,16526667,1675166423,0x9bf0a7f3e45cbca6ecb872e58f9d9e8285f87bcfe8bbaf06dfc6cc8c55ba6b9b,0xdef1c0ded9bec7f1a1670819833240f027b25eff,0xee3444612da82903e2192ec67484394349a3fad7,0xdef1c0ded9bec7f1a1670819833240f027b25eff,1,11,0,9.311300328793628e+17,0.0,0.0,1456315529.0,15787937496.0
65,WETH_USDT,16551998,1675472387,0x2f85cbe593fa92d27ba74b5364040c69881b0caf77b1d3c2ba17d47626a7a1d9,0x7122db0ebe4eb9b434a9f2ffe6760bc03bfbd0e0,0x7122db0ebe4eb9b434a9f2ffe6760bc03bfbd0e0,0x7122db0ebe4eb9b434a9f2ffe6760bc03bfbd0e0,87,153,1,0.0,146812251.0,8.809097442802392e+16,0.0,20838745643.0
66,WETH_USDT,16626276,1676369111,0x4fa3a5ed147ebcf837a71461fd25ba294e4969344f041125d0c71bfeb5f6beb3,0x3b3ae790df4f312e745d270119c6052904fb6790,0x18d9c0de8e3afa65cc84ecf98fa7c2b9cbdc11b2,0x3b3ae790df4f312e745d270119c6052904fb6790,1,12,0,4e+17,0.0,0.0,604184756.0,16061340956.0
67,WETH_USDT,16676668,1676979995,0x3056909a0f1b2eb56d495065e07a8814c8822d642e1c433d974ee165462d41c8,0x585c3d4da9b533c7e3df8ac7356c882859298cee,0xc0b8d9dbaa0b6cb901a607980eb75c650d107a8f,0x585c3d4da9b533c7e3df8ac7356c882859298cee,4,17,0,7.904490336028666e+16,0.0,0.0,132265694.0,31592013563.0
68,WETH_USDT,16776715,1678195643,0x17d258ec795e5e1d657a708dcf9cf132eb4734339f31360db6342479e70ad5d6,0xdef1c0ded9bec7f1a1670819833240f027b25eff,0xc433e27c2b7a77e4021524a90354b9922c825335,0xdef1c0ded9bec7f1a1670819833240f027b25eff,21,59,1,0.0,53943817.0,3.436720834087981e+16,0.0,28964797285.0
69,WETH_USDT,16826541,1678801163,0x48a911afddbc3bec32cc8c877accd87e62778aec0d9d2ad9c92c9cc632bc588e,0xdef1c0ded9bec7f1a1670819833240f027b25eff,0xdef1c0ded9bec7f1a1670819833240f027b25eff,0xdef1c0ded9bec7f1a1670819833240f027b25eff,23,80,1,0.0,894261600.0,5.122062910707292e+17,0.0,59500000000.0
70,WETH_USDT,16826561,1678801403,0x724e217de66b49ee30bf680799da8aad7363d3418d944ff371ad4c46869b3508,0x7a250d5630b4cf539739df2c5dacb4c659f2488d,0x4a14347083b80e5216ca31350a2d21702ac3650d,0x4a14347083b80e5216ca31350a2d21702ac3650d,1,11,0,9e+19,0.0,0.0,153088327785.0,54518379264.0
71,WETH_USDT,16976630,1680624839,0xe2378a97c6dee3524fdb49fc142a6bbda54a2a86a111cb36e75bd69520ff6040,0x11a2e73bada26f184e3d508186085c72217dc014,0x0706a6eeadd55b9e69b0b296b420c56439a3caf3,0x11a2e73bada26f184e3d508186085c72217dc014,86,230,1,0.0,350000000.0,1.8755521047270205e+17,0.0,36323643536.0
72,WETH_USDT,17100914,1682154779,0x50e039495941f34a07dc87b1c59f324623cb31c1e803ab6ea7304cabb93774ff,0x7a250d5630b4cf539739df2c5dacb4c659f2488d,0x2db388d12c56fa6bd81b101aa6ec8542e315ec5c,0x2db388d12c56fa6bd81b101aa6ec8542e315ec5c,93,145,1,0.0,500000000.0,2.6882505426626915e+17,0.0,33937663245.0
73,WETH_USDT,17100975,1682155523,0x916020c3b6f0acafdcf9e421a9247f5a60fff08ba006a5ca143ff31f9634311a,0x1111111254eeb25477b68fb85ed929f73a960582,0x0b41854f5d251c12b1de6a88dd4292944f04305c,0x1111111254eeb25477b68fb85ed929f73a960582,4,29,0,4e+17,0.0,0.0,739552353.0,36206724596.0
74,WETH_USDT,17226550,1683679751,0x486d3c198e4626e2e9951e04df193fc1b359d20722edda61d61746c1a5dd028b,0x1111111254eeb25477b68fb85ed929f73a960582,0x1111111254eeb25477b68fb85ed929f73a960582,0x1111111254eeb25477b68fb85ed929f73a960582,102,318,1,0.0,250000000.0,1.3466826358947242e+17,0.0,61942508987.0
75,WETH_USDT,17327296,1684910003,0x1740ac8664c60405122d3e7c3531bbf315804a4954db38ac67ae104649ea1bb4,0x1111111254eeb25477b68fb85ed929f73a960582,0xd44971b88a50f1bdf1e5e0a778e6c573a729a78a,0x1111111254eeb25477b68fb85ed929f73a960582,62,102,0,2.478125e+17,0.0,0.0,451174502.0,35633125447.0
76,WETH_USDT,17503304,1687050563,0x248f505c1530433b29a9f4383e2959280ca480f968a2651b12d9a68209bd1b58,0x7a250d5630b4cf539739df2c5dacb4c659f2488d,0xbe8bc29765e11894f803906ee1055a344fdf2511,0xbe8bc29765e11894f803906ee1055a344fdf2511,62,174,1,0.0,500000000.0,2.8789905811499427e+17,0.0,14400166141.0
76,WETH_USDT,17503304,1687050563,0xcf9860981f081822a421fb02113efefcfaebf9dd4ea7e527d499c5bc900cf6d5,0x7a250d5630b4cf539739df2c5dacb4c659f2488d,0xbe8bc29765e11894f803906ee1055a344fdf2511,0xbe8bc29765e11894f803906ee1055a344fdf2511,63,181,1,0.0,500000000.0,2.8788915658617766e+17,0.0,14400166141.0
77,WETH_USDT,17826520,1690969703,0xc3798e872c80377a9d45524a00e038c8760976c048c24f363096e956151004ac,0x7a250d5630b4cf539739df2c5dacb4c659f2488d,0x9426a0e93344c3e787a19022b2dac08e9786b8a6,0x9426a0e93344c3e787a19022b2dac08e9786b8a6,44,114,1,0.0,498500000.0,2.6729197832674086e+17,0.0,15491734225.0
78,WETH_USDT,17876593,1691574995,0xaf41fac6dd22774ac704d604afc0c8bc9f0118362c0dd3dee65e438d979e8b93,0x92f3f71cef740ed5784874b8c70ff87ecdf33588,0x1111111254eeb25477b68fb85ed929f73a960582,0x92f3f71cef740ed5784874b8c70ff87ecdf33588,150,477,0,2.9895e+16,0.0,0.0,55582267.0,19738034440.0
79,WETH_USDT,18000864,1693077299,0xa5bd9e09e84e29375078f54691ace9613ec032e1c1ca9665efaf36dcac778ed0,0x7a250d5630b4cf539739df2c5dacb4c659f2488d,0x7c63795c4b913dddc0c727498e5c16eceabcfde8,0x7c63795c4b913dddc0c727498e5c16eceabcfde8,7,55,0,1e+17,0.0,0.0,163917821.0,42404114872.0
80,WETH_USDT,18001002,1693078991,0x1a35778f15ea7d4174bbc4a55e0d01974789bafb3cd2b444bdc5a45fbb6567a1,0xdef1c0ded9bec7f1a1670819833240f027b25eff,0x7c63795c4b913dddc0c727498e5c16eceabcfde8,0xdef1c0ded9bec7f1a1670819833240f027b25eff,84,334,0,3.965e+16,0.0,0.0,65105845.0,14160222886.0
81,WETH_USDT,18001043,1693079483,0xcdefd8768c2bf085e55e9739d2c4b57ca6c0ca1a8048ad206a2fd86848a99f67,0x7a250d5630b4cf539739df2c5dacb4c659f2488d,0x7a250d5630b4cf539739df2c5dacb4c659f2488d,0x7a250d5630b4cf539739df2c5dacb4c659f2488d,5,42,1,0.0,98987809.0,5.995637028549182e+16,0.0,16693779160.0
81,WETH_USDT,18001043,1693079483,0xe943743213581a33a55a61a89af3d24ddc7551b2f2f9fffb3806baa3f16d6723,0x7a250d5630b4cf539739df2c5dacb4c659f2488d,0x7a250d5630b4cf539739df2c5dacb4c659f2488d,0x7a250d5630b4cf539739df2c5dacb4c659f2488d,14,85,1,0.0,296724400.0,1.7972195149214995e+17,0.0,13693779160.0
82,WETH_USDT,18201089,1695503195,0xca6bc870000b16e391549613d9f1a55292c8d73d2fca3025195483b770ea9426,0x7a250d5630b4cf539739df2c5dacb4c659f2488d,0xb49159afeb54f8922b0a82a5d58bd4728b8c20bb,0xb49159afeb54f8922b0a82a5d58bd4728b8c20bb,13,195,1,0.0,500000000.0,3.1260260575819546e+17,0.0,8340472880.0
83,WETH_USDT,18525882,1699430123,0xe6db95f9df85a7560bdc7eb2afb2f2fc575327b0ea5444f61f0803dea1d69b08,0x7a250d5630b4cf539739df2c5dacb4c659f2488d,0xa87d83e423e16205cb43d701b11a39327435124d,0xa87d83e423e16205cb43d701b11a39327435124d,77,244,1,0.0,99925000.0,5.296356377026984e+16,0.0,23486481157.0
84,WETH_USDT,18526300,1699435163,0xceed9f38c3a25f9d21398ca5bfb4d43d8d0d72d93356336e84d3278c4776ac38,0xdef1c0ded9bec7f1a1670819833240f027b25eff,0x3802acec89594353c0cfafeb97b3368a1544edee,0xdef1c0ded9bec7f1a1670819833240f027b25eff,62,176,0,1.090375e+17,0.0,0.0,204493550.0,21189590465.0
85,WETH_USDT,18526538,1699438043,0x6270d6926c3c3839b7520fd338cc8f0b9ab6e8548e644538e52501b03a4d049c,0x1111111254eeb25477b68fb85ed929f73a960582,0x21f0c3ba95b19b8b2d7bb74c1a876816283c32a6,0x1111111254eeb25477b68fb85ed929f73a960582,87,292,0,1.095306181808702e+18,0.0,0.0,2058087757.0,21066164044.0
86,WETH_USDT,18575974,1700035319,0x91b930a815f00841295d2f7c09078cdc932524d558da5c1eb19a03e1ebbedc53,0x80a64c6d7f12c47b7c66c5b4e20e72bc1fcd5d9e,0xf8e286a0289376291bb89635c4e9811b02fb218c,0x80a64c6d7f12c47b7c66c5b4e20e72bc1fcd5d9e,61,129,0,1.0107704934410168e+17,0.0,0.0,200000000.0,26484625843.0
86,WETH_USDT,18575974,1700035319,0x5c982a12d4c78b0d6ac8bd48384f30cd5bd59e71d14c52ae2f9b25f79dbdfff9,0x7a250d5630b4cf539739df2c5dacb4c659f2488d,0x0f7fa87a29dc1b5429a5bd42e672caac4a397b96,0x0f7fa87a29dc1b5429a5bd42e672caac4a397b96,66,138,0,100000000000000.0,0.0,0.0,197867.0,25984625843.0
87,WETH_USDT,18601254,1700341199,0x7571d1a6598d0891268487f7e794a8c5676a1ee82b863ab00a50ba17d70d3db3,0xe37e799d5077682fa0a244d46e5649f71457bd09,0xe37e799d5077682fa0a244d46e5649f71457bd09,0xe37e799d5077682fa0a244d46e5649f71457bd09,19,131,1,0.0,98000000.0,4.973248657858027e+16,0.0,24458800833.0
88,WETH_USDT,18676402,1701250427,0xbae08253bbdf8106fbe3dcefcfa0a478b99833a54d5157c36b5d87aeaec10ba1,0x3fc91a3afd70395cd496c647d5a6cc9d4b2b7fad,0x9ec9367b8c4dd45ec8e7b800b1f719251053ad60,0x3fc91a3afd70395cd496c647d5a6cc9d4b2b7fad,86,99,1,0.0,1800000000.0,8.692443209631898e+17,0.0,32682309993.0
89,WETH_USDT,18701059,1701548327,0x2b55c9b29bde95ab2bc3c767c128627f357a9c950923a28b4a4742cff47f5d1e,0x1111111254eeb25477b68fb85ed929f73a960582,0x74de5d4fcbf63e00296fd95d33236b9794016631,0x1111111254eeb25477b68fb85ed929f73a960582,77,200,0,2.478125e+16,0.0,0.0,53322771.0,39054854742.0
90,WETH_USDT,18701122,1701549083,0x32da0263656f7353fe4172b5eae3bde56a39f6cf1ef86fdc63cfc91195fa4b1c,0x1111111254eeb25477b68fb85ed929f73a960582,0xa7ca2c8673bcfa5a26d8ceec2887f2cc2b0db22a,0x1111111254eeb25477b68fb85ed929f73a960582,49,128,0,5.718400690665784e+17,0.0,0.0,1231816789.0,34528668727.0
91,WETH_USDT,18726195,1701852539,0x1321b95af1483a4e224e42644e6f73b12cf35f157543290a4198030307a9fa4b,0x3fc91a3afd70395cd496c647d5a6cc9d4b2b7fad,0x670acc2e3421ab446b1fd39f0b9fa3295383f170,0x3fc91a3afd70395cd496c647d5a6cc9d4b2b7fad,52,122,0,3.035153571305898e+17,0.0,0.0,688077039.0,50400000000.0
92,WETH_USDT,18775997,1702455323,0x8cdf995c195dcefc0ad9c0560a168fb665b043e87cac9aa77540bcc754d459a5,0x1111111254eeb25477b68fb85ed929f73a960582,0xf64af01a14c31164ff7381cf966df6f2b4cb349f,0x1111111254eeb25477b68fb85ed929f73a960582,93,182,1,0.0,397268879.0,1.8215555343122547e+17,0.0,28820040513.0
93,WETH_USDT,18776668,1702463435,0xecad186217629c55dbb17e0e11805c63f1e23f79ec716846b542e77093af01b3,0x1111111254eeb25477b68fb85ed929f73a960582,0x00000000009726632680fb29d3f7a9734e3010e2,0x1111111254eeb25477b68fb85ed929f73a960582,1,13,0,8.9235e+17,0.0,0.0,1937011593.0,35051103640.0
94,WETH_USDT,18801776,1702767935,0x0fd6b73e13a18256ebe413eb02918d68388f2ef0d947e73a154345a8ded1c994,0x3fc91a3afd70395cd496c647d5a6cc9d4b2b7fad,0xc1f4ecd6398ffc97d81cb3015aa6ef7b19773a08,0x3fc91a3afd70395cd496c647d5a6cc9d4b2b7fad,83,257,1,0.0,1020000000.0,4.559103722464547e+17,0.0,39317222311.0
95,WETH_USDT,18825869,1703060135,0xba7b807852714ec80673aa140c56edb5e46c07c321ca1cb1c4445bbe2f28a899,0x7a250d5630b4cf539739df2c5dacb4c659f2488d,0xb54ce26f2e30f64c5b684b141311ce138ab5e00e,0xb54ce26f2e30f64c5b684b141311ce138ab5e00e,76,193,1,0.0,500000000.0,2.2535023707127117e+17,0.0,75335522743.0
96,WETH_USDT,18876586,1703675135,0x17080a3d0b781e645bc86a75851d532b37f9cd4fefcb4a5893ed476d1536b8e6,0xdef1c0ded9bec7f1a1670819833240f027b25eff,0x65271daefd1bdcb44b8148e340363b7285af476c,0xdef1c0ded9bec7f1a1670819833240f027b25eff,130,303,0,3.965e+16,0.0,0.0,89831136.0,24539744408.0
97,WETH_USDT,18926620,1704282395,0x02689239b0330018ab16146f658c8f6309491a4eef4e57bce8514b52d6cb79dd,0x3fc91a3afd70395cd496c647d5a6cc9d4b2b7fad,0xf012012c4d2a705266ead782e0eb7c159e4ea6f0,0x3fc91a3afd70395cd496c647d5a6cc9d4b2b7fad,135,419,0,1.4750041163069212e+18,0.0,0.0,3436522546.0,22137128119.0
98,WETH_USDT,18951724,1704587915,0x117e8be880abe7d3d5e8e7d1b0e17c84238f755da33fb82dff802cee03084690,0xdef1c0ded9bec7f1a1670819833240f027b25eff,0x9b20e07394cd1fd767a302b502bb49d4da76bcab,0xdef1c0ded9bec7f1a1670819833240f027b25eff,60,106,1,0.0,250848271.0,1.1160909767944856e+17,0.0,20819921810.0
99,WETH_USDT,19026599,1705494371,0x5fa8cd331f82e6e6634962ac48d47bf6765ba77c53a38606a337bc42a1b8f380,0xf3de3c0d654fda23dad170f0f320a92172509127,0x6178081202165c521c80b95d2c7ef54893c7232c,0xf3de3c0d654fda23dad170f0f320a92172509127,35,181,1,0.0,1500000000.0,5.886506228326482e+17,0.0,36622409024.0
100,WETH_USDT,19076053,1706093963,0x803b6f60b92b7053645a26555654a90c48bd50e921305351dee9a4e4e00e6ffa,0x507888e987257a8dde6f8afa46375cefe2cbf504,0x507888e987257a8dde6f8afa46375cefe2cbf504,0x507888e987257a8dde6f8afa46375cefe2cbf504,10,61,1,0.0,7773156.0,3432458624626308.0,0.0,15621004160.0
101,WETH_USDT,19151545,1707008303,0x59f05bf405d0132fc9fb8183f9d0c291826c095cda345c7594e64603a435716c,0xdef1c0ded9bec7f1a1670819833240f027b25eff,0x3a23f943181408eac424116af7b7790c94cb97a5,0xdef1c0ded9bec7f1a1670819833240f027b25eff,76,247,0,3.965e+16,0.0,0.0,90883750.0,12555293853.0
102,WETH_USDT,19176105,1707306347,0xf5c0ef77d7f920dec2e1fc68774fefc1eb2658e8c9d791234b4ed2a841db9313,0x1111111254eeb25477b68fb85ed929f73a960582,0xa7ca2c8673bcfa5a26d8ceec2887f2cc2b0db22a,0x1111111254eeb25477b68fb85ed929f73a960582,361,687,1,0.0,200000000.0,8.440565819090235e+16,0.0,23466348971.0
103,WETH_USDT,19251222,1708217147,0xa864c423f0e4f36481b03cef04c4b756fc787fe7b5f8d9b8c91a8f6ca09759c4,0x1111111254eeb25477b68fb85ed929f73a960582,0x74de5d4fcbf63e00296fd95d33236b9794016631,0x1111111254eeb25477b68fb85ed929f73a960582,39,115,0,6.378256403539793e+17,0.0,0.0,1771915458.0,15513222723.0
104,WETH_USDT,19276370,1708522595,0x6f30a55e77447165931667d19124aeeadb7625f6875dbd3cf9585aa9e26b81e1,0x1111111254eeb25477b68fb85ed929f73a960582,0x74de5d4fcbf63e00296fd95d33236b9794016631,0x1111111254eeb25477b68fb85ed929f73a960582,149,273,0,3.76675e+17,0.0,0.0,1091482230.0,43924090797.0
105,WETH_USDT,19326079,1709123963,0xe17a09e45cb2b9b39a2fcc939a6ba674ac7dd1872b868db88faa408587b63ec1,0x7a250d5630b4cf539739df2c5dacb4c659f2488d,0x7a250d5630b4cf539739df2c5dacb4c659f2488d,0x7a250d5630b4cf539739df2c5dacb4c659f2488d,1,7,1,0.0,400000000000.0,1.1891267200427036e+20,0.0,61365275840.0
106,WETH_USDT,19326419,1709128079,0x03cdbe2f4e568212acedc1219c4f04ab6e1e41a622834887a71f17bee83ec680,0x1111111254eeb25477b68fb85ed929f73a960582,0x399d97e0412dc2a6e72de88955e734df18c6883c,0x1111111254eeb25477b68fb85ed929f73a960582,107,169,0,1.7782786505088832e+18,0.0,0.0,5934754457.0,72549757987.0
107,WETH_USDT,19351289,1709428451,0x0e5965baceb28304509d64e924e5d18abf579bc5bc5ecae207613d56efa3f02b,0xdef1c0ded9bec7f1a1670819833240f027b25eff,0x02ecb5f7cb416bc8dd70b84db295f5b2d98f4125,0xdef1c0ded9bec7f1a1670819833240f027b25eff,114,273,0,5831354317462000.0,0.0,0.0,19906455.0,41409723089.0
108,WETH_USDT,19351345,1709429123,0xd2b96f056265155cbd32c4562ffde8af580b4e4077f4f8b33d2c08c6a4ac3405,0xdef1c0ded9bec7f1a1670819833240f027b25eff,0x4f9fc4e0b79c1cbf16e68863ad5e9de6a94a346c,0xdef1c0ded9bec7f1a1670819833240f027b25eff,163,478,0,1.3982143637396408e+17,0.0,0.0,477639392.0,39420109855.0
109,WETH_USDT,19376150,1709728331,0x0459c1719ba1193f01e1132824ab9824cc84f725702781cf38821e00e8977a36,0x111111125421ca6dc452d289314280a0f8842a65,0x14c10b4bdccd9d3f8940fb79e0ee00121391d6de,0x111111125421ca6dc452d289314280a0f8842a65,247,371,1,0.0,46783800.0,1.210112505063614e+16,0.0,84785207926.0
109,WETH_USDT,19376150,1709728331,0x2c5bd9c4d0e084e6702e23fb87392b0bdec028f0f0101b166860c2ac0d2b1349,0xdef1c0ded9bec7f1a1670819833240f027b25eff,0x78359500f08157eac9ef566040242abca8f4d9ab,0xdef1c0ded9bec7f1a1670819833240f027b25eff,283,438,1,0.0,1999410174.0,5.171521659660251e+17,0.0,84781207926.0
110,WETH_USDT,19376191,1709728823,0xeebe084f2d45a0ada1594ca0c649859f5472eea272efc61230c04b21a8ed78b6,0xdef1c0ded9bec7f1a1670819833240f027b25eff,0xd50123eb4202317c7357c3665beb73a817de6b01,0xdef1c0ded9bec7f1a1670819833240f027b25eff,2,12,1,0.0,423143158.0,1.0961397907056371e+17,0.0,82872509594.0
111,WETH_USDT,19401115,1710030419,0x47d211ed0841776d84b1902e57b9aaf8e36d1a8fefed1ba2423f82f7ec3c05f8,0x1111111254eeb25477b68fb85ed929f73a960582,0xabd50310f2a409257576ff4337ec0ab664ae8cdc,0x1111111254eeb25477b68fb85ed929f73a960582,188,543,1,0.0,991250000.0,2.5232457366468806e+17,0.0,47751887140.0
112,WETH_USDT,19475970,1710938435,0x8ee7076328e98ec782cc305288c7b7972919fc9011c3d994d8f380c0be36d271,0x7a250d5630b4cf539739df2c5dacb4c659f2488d,0x959873fb4fc11825fba83c80c4c632db1e936e15,0x959873fb4fc11825fba83c80c4c632db1e936e15,43,110,1,0.0,856000000.0,2.5484732525403424e+17,0.0,39900000000.0
113,WETH_USDT,19476109,1710940103,0xae88473281b986f37fc7b0325f2598b1bda16b5a9f602e45e190f8a04e341438,0x3fc91a3afd70395cd496c647d5a6cc9d4b2b7fad,0xc7fa52ccee74ed86c0257a475732f53d5764e1a1,0x3fc91a3afd70395cd496c647d5a6cc9d4b2b7fad,129,241,0,1.2246758101528026e+17,0.0,0.0,408946611.0,38114059250.0
114,WETH_USDT,19476184,1710941003,0x7ee16aa53a9e6d442fac3365640b3581dce13a358d0009a6bda885917b99aa32,0x7a250d5630b4cf539739df2c5dacb4c659f2488d,0xf20ef17b889b437c151eb5ba15a47bfc62bff469,0xf20ef17b889b437c151eb5ba15a47bfc62bff469,15,95,1,0.0,47357324.0,1.4097777263603884e+16,0.0,60777975424.0
115,WETH_USDT,19476339,1710942875,0x87cf3399e15f9dc7a5c5bb05f3ad1163a317fad775ca155adbf93696b26c6dde,0x80a64c6d7f12c47b7c66c5b4e20e72bc1fcd5d9e,0xacb6ccaddced5a119661aec123e115c2e8bf8228,0x80a64c6d7f12c47b7c66c5b4e20e72bc1fcd5d9e,234,413,0,5.993018791517633e+16,0.0,0.0,200000000.0,31353624539.0
115,WETH_USDT,19476339,1710942875,0x2f3c7f0d3e661eb2147870bc19d954da479238edc452a339cff8ad69d29b4895,0x1111111254eeb25477b68fb85ed929f73a960582,0x33aad390303166bbcc5898b816186d850b84a8f9,0x1111111254eeb25477b68fb85ed929f73a960582,311,485,0,1.2792860476304867e+17,0.0,0.0,426922015.0,29953624539.0
116,WETH_USDT,19476346,1710942959,0x30c14bc1d052a3d706c175f950090dd7487ce302761880dbcaad884576d46bb9,0x1111111254eeb25477b68fb85ed929f73a960582,0x2dfadab8266483bed9fd9a292ce56596a2d1378d,0x1111111254eeb25477b68fb85ed929f73a960582,95,335,0,4.007023434559939e+16,0.0,0.0,133720906.0,31684322178.0
117,WETH_USDT,19476353,1710943043,0x02324acead706e69d8395a0814fc22dcc7252fec1d81730d8ba6ada3ec3c4973,0x1111111254eeb25477b68fb85ed929f73a960582,0x74de5d4fcbf63e00296fd95d33236b9794016631,0x1111111254eeb25477b68fb85ed929f73a960582,163,310,0,6.93875e+16,0.0,0.0,231592286.0,32955883655.0
118,WETH_USDT,19501278,1711245263,0x71f3a132a796dc2550ee12f204032942661e39132b13974de88dd97cd9ff6cf4,0x1111111254eeb25477b68fb85ed929f73a960582,0x74de5d4fcbf63e00296fd95d33236b9794016631,0x1111111254eeb25477b68fb85ed929f73a960582,62,219,0,1505472497196627.0,0.0,0.0,5042886.0,16058310071.0
119,WETH_USDT,19526204,1711549235,0x9ac54d2a2e19f85160b88b824081e81711f0a8fac67260d34ae6b6550372c1a2,0x111111125421ca6dc452d289314280a0f8842a65,0x3f35c53d151e3e04f1372ec4dc4dbbe5be609eed,0x111111125421ca6dc452d289314280a0f8842a65,28,162,0,9.95946064833304e+17,0.0,0.0,3492418776.0,67999851444.0
120,WETH_USDT,19526336,1711550843,0xe21fba06b9312f8150b7aee5335e70494c6f5f211099e9acdb2ecf2026d54082,0xdef1c0ded9bec7f1a1670819833240f027b25eff,0x2325e3f261cadb1c30cebf66c9f95f6fb016c0d4,0xdef1c0ded9bec7f1a1670819833240f027b25eff,101,227,1,0.0,670000000.0,1.8756189959942928e+17,0.0,46312332425.0
121,WETH_USDT,19526349,1711550999,0x9ee909a287f4924fc1577b3531d04842903ab28cc79ebe98e94d19ef53b77b73,0xdef1c0ded9bec7f1a1670819833240f027b25eff,0x4ed8973e1d76c41f6dd82673f43b4ad85ed04123,0xdef1c0ded9bec7f1a1670819833240f027b25eff,102,104,0,4.95625e+16,0.0,0.0,175321258.0,43106187190.0
122,WETH_USDT,19526411,1711551767,0x1f8742e90743017a4573d8a0b9d3b81bf0aecc9263213b6232456f2881166183,0x1111111254eeb25477b68fb85ed929f73a960582,0x87095db3b0a15a75955da3f5cfc074563c9cbf8b,0x1111111254eeb25477b68fb85ed929f73a960582,99,214,0,1.15110763107071e+18,0.0,0.0,4072157352.0,55729395949.0
123,WETH_USDT,19551086,1711854239,0x839a9a645f27debc2844b9d0deca4280dc5375dbbe5a67c9e89734da7365480c,0xdef1c0ded9bec7f1a1670819833240f027b25eff,0x3a23f943181408eac424116af7b7790c94cb97a5,0xdef1c0ded9bec7f1a1670819833240f027b25eff,140,362,0,2.97375e+16,0.0,0.0,104920393.0,18407171605.0
124,WETH_USDT,19551132,1711854791,0xca6e0e8c13a911157d73355b4ce1957279a335f01682a20dbd0e92d2246e8c52,0xf3de3c0d654fda23dad170f0f320a92172509127,0x2325e3f261cadb1c30cebf66c9f95f6fb016c0d4,0xf3de3c0d654fda23dad170f0f320a92172509127,168,335,1,0.0,183510000.0,5.1781825957456344e+16,0.0,18992540838.0
125,WETH_USDT,19601038,1712459255,0xc8cfcc9700facbedf3528ad969a0f42524b927564066ec019d52afffd2411e9c,0x111111125421ca6dc452d289314280a0f8842a65,0x21ffaa1c83946a89bef4d639f71d070c868b8694,0x111111125421ca6dc452d289314280a0f8842a65,84,192,1,0.0,2000000000.0,5.880112860595558e+17,0.0,11272359390.0
126,WETH_USDT,19601365,1712463215,0xd1c997718670528c4473c1956146613c4f7859eda2855c07c47c1a65c9ae164c,0x7a250d5630b4cf539739df2c5dacb4c659f2488d,0xc7471991e079638c8bd53c04e8c7d8001c05e7a3,0xc7471991e079638c8bd53c04e8c7d8001c05e7a3,84,218,0,6.645287188846348e+17,0.0,0.0,2249397878.0,9676822678.0
127,WETH_USDT,19625886,1712760059,0xcf354b6c2e4008dddf9ac49cefca0a55fef7742ccf8f4baeea5cc9455bbc6cb5,0xf164fc0ec4e93095b804a4795bbe1e041497b92a,0x22f9dcf4647084d6c31b2765f6910cd85c178c18,0x22f9dcf4647084d6c31b2765f6910cd85c178c18,101,221,0,1.0814597836127052e+16,0.0,0.0,37589475.0,29108223902.0
128,WETH_USDT,19626319,1712765291,0xb3ed65f12ee33e51f56eda890dbd26343faa6b2fd8954114bd2453283cdaee95,0x7a250d5630b4cf539739df2c5dacb4c659f2488d,0xbe8bc29765e11894f803906ee1055a344fdf2511,0xbe8bc29765e11894f803906ee1055a344fdf2511,88,135,1,0.0,1000000000.0,2.8645389715441805e+17,0.0,29040586560.0
129,WETH_USDT,19651021,1713064391,0xd7b16aea4505a2b5849c8b7ff0b6cf52e0f9c634ab3da3ac3efd28f6f6f5b668,0xe43ca1dee3f0fc1e2df73a0745674545f11a59f5,0x72b1410df9d22d5a3416066663fcc36b460c579a,0xe43ca1dee3f0fc1e2df73a0745674545f11a59f5,1,10,1,0.0,122000000.0,4.151498346882685e+16,0.0,12291097148.0
130,WETH_USDT,19752028,1714285703,0x33db2274a74474f3bf5f997ab5b8d663901fa5dedd7f95b8e88eeab2f1dc2bf5,0x7a250d5630b4cf539739df2c5dacb4c659f2488d,0x2cc846fff0b08fb3bffad71f53a60b4b6e6d6482,0x2cc846fff0b08fb3bffad71f53a60b4b6e6d6482,1,11,1,0.0,970251861.0,2.9157018520898854e+17,0.0,7078580221.0
131,WETH_USDT,19776085,1714576223,0x4c9b82e716f0fd4eed135eb2bbd381f5638bc77dcaf71b1662c25a9770d01e42,0x3fc91a3afd70395cd496c647d5a6cc9d4b2b7fad,0x3fc91a3afd70395cd496c647d5a6cc9d4b2b7fad,0x3fc91a3afd70395cd496c647d5a6cc9d4b2b7fad,245,470,0,7308435799214547.0,0.0,0.0,21076355.0,9972741023.0
132,WETH_USDT,19826187,1715181539,0xf677168e289fc610270cdc6f2e45c7d57a1d6a5492b3db0ae17e80a313381f9f,0x7a250d5630b4cf539739df2c5dacb4c659f2488d,0x4364c9257bb1bd856b237ec6d7ab80bc0241705c,0x4364c9257bb1bd856b237ec6d7ab80bc0241705c,77,142,0,3.026455990598894e+17,0.0,0.0,905519051.0,8112082805.0
133,WETH_USDT,19826442,1715184635,0x79ad07318c6ab5bcb7b4ea10c78e66f2e0a00b85bde12ed0e0c3da1c1e23072e,0xe43ca1dee3f0fc1e2df73a0745674545f11a59f5,0x7b8dc4b1c1ad35cee0201aa60641395d00365d2b,0xe43ca1dee3f0fc1e2df73a0745674545f11a59f5,198,486,0,1.5298123825741398e+17,0.0,0.0,458278033.0,5412263612.0
134,WETH_USDT,19826524,1715185619,0xe6ebe7942e2e3c3d5025afb00ff24126754546ab4550c6e4c46b899ae16fad29,0xe43ca1dee3f0fc1e2df73a0745674545f11a59f5,0x7b8dc4b1c1ad35cee0201aa60641395d00365d2b,0xe43ca1dee3f0fc1e2df73a0745674545f11a59f5,45,175,0,4.190297870198514e+16,0.0,0.0,125595322.0,5107253533.0
135,WETH_USDT,19826572,1715186207,0x5382a47a517a8fb12221974a5f04f4815107342dd3c77026856c294a67d5e9ee,0x7a250d5630b4cf539739df2c5dacb4c659f2488d,0x6df064f04ddfb2bb53da21af9d56701726700145,0x6df064f04ddfb2bb53da21af9d56701726700145,115,164,1,0.0,49850000.0,1.6589584286764204e+16,0.0,8865874039.0
136,WETH_USDT,19876553,1715790239,0x446ccdd5efb81858dc4b408efaf1cf75ba504bfcb4fd669a1f75d43aa0e53a1a,0x80a64c6d7f12c47b7c66c5b4e20e72bc1fcd5d9e,0x80a64c6d7f12c47b7c66c5b4e20e72bc1fcd5d9e,0x80a64c6d7f12c47b7c66c5b4e20e72bc1fcd5d9e,111,287,1,0.0,147946158.0,4.944473144227664e+16,0.0,15238298920.0
137,WETH_USDT,19925889,1716386579,0xf5ed8f26fdf055df377d940ee404aa9cc1f91ea96c2ae6876cef5b997c12d07c,0x7a250d5630b4cf539739df2c5dacb4c659f2488d,0x7a250d5630b4cf539739df2c5dacb4c659f2488d,0x7a250d5630b4cf539739df2c5dacb4c659f2488d,17,134,1,0.0,4502099821.0,1.2166781019878405e+18,0.0,16248167231.0
138,WETH_USDT,19925998,1716387899,0x77d90a58bfb563911a3c1a5450e292d6d06e63be0d0486f443058469ac421b2a,0x68b3465833fb72a70ecdf485e0e4c7bd8665fc45,0xdcee85025f6eb31a5b0b848e2580261f4d55124b,0x68b3465833fb72a70ecdf485e0e4c7bd8665fc45,164,490,1,0.0,377782768.0,1.0105375080393971e+17,0.0,21045583586.0
139,WETH_USDT,19951124,1716691175,0x40315e558f4a65f08c795d562438bbbb0649d7512c9667bded805e74f8481cf2,0xf3de3c0d654fda23dad170f0f320a92172509127,0x0c3fdf9c70835f9be9db9585ecb6a1ee3f20a6c7,0xf3de3c0d654fda23dad170f0f320a92172509127,25,151,1,0.0,81194186.0,2.1606130913907092e+16,0.0,3959233090.0
140,WETH_USDT,19975883,1716990131,0xb6b9396ee03b23f2301f19a4eceba44152ac18b148163f23b0d32d62791ca624,0x111111125421ca6dc452d289314280a0f8842a65,0xf463a467667236aec0c46a5bf7b08a99115d5db5,0x111111125421ca6dc452d289314280a0f8842a65,58,128,1,0.0,200000000.0,5.250700046076768e+16,0.0,20413225151.0
141,WETH_USDT,19975884,1716990143,0x5b26a239f4e19e09a1a408607d9bc9d898f3dc24807931da5b71f79ce2a417ef,0xf164fc0ec4e93095b804a4795bbe1e041497b92a,0x0c3fdf9c70835f9be9db9585ecb6a1ee3f20a6c7,0x0c3fdf9c70835f9be9db9585ecb6a1ee3f20a6c7,130,395,1,0.0,100075557.0,2.627455976423649e+16,0.0,16848147071.0
142,WETH_USDT,19975913,1716990491,0xc76f2201da51b7720778fdd5dfddb66af722dc5cf7133c689487867b04f87166,0x1111111254eeb25477b68fb85ed929f73a960582,0xe4b8583ccb95b25737c016ac88e539d0605949e8,0x1111111254eeb25477b68fb85ed929f73a960582,221,425,1,0.0,972051755.0,2.5513813251670022e+17,0.0,16726772469.0
143,WETH_USDT,19975935,1716990755,0xa55e23eab6a65ae5aa22d4a3b002483ba64fb00e9feeac1451b22e564553b148,0x3328f7f4a1d1c57c35df56bbf0c9dcafca309c49,0x3328f7f4a1d1c57c35df56bbf0c9dcafca309c49,0x3328f7f4a1d1c57c35df56bbf0c9dcafca309c49,6,49,1,0.0,167394777.0,4.400940881419246e+16,0.0,18412676173.0
144,WETH_USDT,20000916,1717292423,0xa756dad4577c073d9d55f2ad2b0de56e6bf43432a936b1123195b99dd073859e,0x7a250d5630b4cf539739df2c5dacb4c659f2488d,0xa1bf0e900fb272089c9fd299ea14bfccb1d1c2c0,0xa1bf0e900fb272089c9fd299ea14bfccb1d1c2c0,59,214,1,0.0,500000000.0,1.30207164270654e+17,0.0,5991894824.0
144,WETH_USDT,20000916,1717292423,0x6b80c66921765feab6e4bbd2a3cb8068f42027f5de5cdbcccb8950f9534cb2f9,0x1111111254eeb25477b68fb85ed929f73a960582,0xe46935ae80e05cdebd4a4008b6ccaa36d2845370,0x1111111254eeb25477b68fb85ed929f73a960582,146,324,1,0.0,568639678.0,1.480792061109407e+17,0.0,4440894824.0
145,WETH_USDT,20001068,1717294259,0xcd1bdea91a1ce6a9541aba7acc209889af359f8a5ec3abcd4f5165b40842cef2,0xe37e799d5077682fa0a244d46e5649f71457bd09,0x1111111254fb6c44bac0bed2854e76f90643097d,0xe37e799d5077682fa0a244d46e5649f71457bd09,50,261,0,2.904328e+16,0.0,0.0,110794731.0,7068853822.0
146,WETH_USDT,20026302,1717598639,0x4410240c3b0dc9780465364c979c20d8690f420c49dae561aa7baf97b3f39bfd,0xdef1c0ded9bec7f1a1670819833240f027b25eff,0xd6b117076222d95a05032a99f10738103c60d64d,0xdef1c0ded9bec7f1a1670819833240f027b25eff,73,319,1,0.0,456961348.0,1.199754251053812e+17,0.0,25052507127.0
147,WETH_USDT,20102370,1718517023,0xbcb9b3c030e76c02f44cb8a53bb0ff60d30c2873c8e6b6cd656ac51f2147be53,0xe37e799d5077682fa0a244d46e5649f71457bd09,0x1111111254eeb25477b68fb85ed929f73a960582,0xe37e799d5077682fa0a244d46e5649f71457bd09,50,241,0,5047113100000000.0,0.0,0.0,17912846.0,3793186272.0
148,WETH_USDT,20176339,1719410615,0x9cfab8f225496032b000da63b61b30c3ab2daeeacfd257dcc6db55efadc3d81d,0x111111125421ca6dc452d289314280a0f8842a65,0x34d03450aaa9a32738b148befcf49f38cf36d610,0x111111125421ca6dc452d289314280a0f8842a65,125,378,0,1.6521480970884797e+17,0.0,0.0,556751784.0,9004940152.0
149,WETH_USDT,20226120,1720011383,0x7969b3ef000768a12fbeb8360c5d668795d7ca36b26bd5dd308e3c57405dfd76,0x1111111254eeb25477b68fb85ed929f73a960582,0x1111111254eeb25477b68fb85ed929f73a960582,0x1111111254eeb25477b68fb85ed929f73a960582,122,305,1,0.0,100000000.0,3.040129975820441e+16,0.0,32588028567.0
150,WETH_USDT,20226317,1720013759,0x7cf6648668623b614983105b37b506dbe99a953371788fae5a5c8390f1713934,0x1111111254eeb25477b68fb85ed929f73a960582,0xa43fe16908251ee70ef74718545e4fe6c5ccec9f,0x1111111254eeb25477b68fb85ed929f73a960582,25,194,1,0.0,140000000.0,4.225702862045946e+16,0.0,25961967545.0
151,WETH_USDT,20301260,1720918103,0x5ccb4f9fcefdd505fdb768332fa39a29d822b839974d5759b5d383740a7bca8c,0x111111125421ca6dc452d289314280a0f8842a65,0xa7fd8ff8f4cada298286d3006ee8f9c11e2ff84e,0x111111125421ca6dc452d289314280a0f8842a65,81,312,1,0.0,3000000000.0,9.397403119433807e+17,0.0,5978677111.0
152,WETH_USDT,20376682,1721827487,0xf894cfba19a970e032a630003d324777eedc4b22453d7968a9d4ec622bc03e77,0xdef171fe48cf0115b1d80b88dc8eab59176fee57,0x46c663811278018be3b1f9dbd935dcf7d5d47a95,0xdef171fe48cf0115b1d80b88dc8eab59176fee57,59,323,0,5000000000000000.0,0.0,0.0,17249042.0,6046427337.0
153,WETH_USDT,20401119,1722122327,0xd1bd182b5b7fa3790b6dfe6865863dca6d54438c7f289fd000337a2605f22f30,0x1111111254eeb25477b68fb85ed929f73a960582,0xb8a1a865e4405281311c5bc0f90c240498472d3e,0x1111111254eeb25477b68fb85ed929f73a960582,60,183,1,0.0,104587385.0,3.196827975404972e+16,0.0,5764453619.0
154,WETH_USDT,20426591,1722429599,0xbf3b5e7bcaef61db9735195a1625e679440fda39349da46795a19facbf6bc293,0xb4a1271285cb279e6abbae89eb9b4e08eb0b047e,0xaa9b647f42858f2db441f0aa75843a8e7fd5aff2,0xb4a1271285cb279e6abbae89eb9b4e08eb0b047e,29,179,1,0.0,571418909.0,1.7174408340421274e+17,0.0,6113616054.0
155,WETH_USDT,20476221,1723027991,0x4a32dc9530f66b47e1c651275b1b103b327102bef6e25ac0b35df25c8348c026,0x00000047bb99ea4d791bb749d970de71ee0b1a34,0xd9f2a7471d1998c69de5cae6df5d3f070f01df9f,0x00000047bb99ea4d791bb749d970de71ee0b1a34,49,239,1,0.0,996003000.0,3.927560470916767e+17,0.0,2868513179.0
156,WETH_USDT,20501755,1723335635,0xa327a413a63e7cdce5a41bcfff200aca862cc770bc052ae66a7fb96693a114e1,0xf164fc0ec4e93095b804a4795bbe1e041497b92a,0x03106d5f28f1282c257c0e1aa5f54d6d95418979,0x03106d5f28f1282c257c0e1aa5f54d6d95418979,7,22,0,2514395000000000.0,0.0,0.0,6566569.0,1795048672.0
157,WETH_USDT,20502037,1723339019,0xa93bac63a9ace0a2fecadff5e7a380ca521adaf7e4dad2289001f61e955b9414,0xf164fc0ec4e93095b804a4795bbe1e041497b92a,0x03106d5f28f1282c257c0e1aa5f54d6d95418979,0x03106d5f28f1282c257c0e1aa5f54d6d95418979,5,34,0,5536317704084446.0,0.0,0.0,14472449.0,893087281.0
158,WETH_USDT,20601982,1724545127,0xd60827dc8c90f12536b67b308c69d92ab818dc3a05fe4d6f0c75f56a19a92054,0xa69babef1ca67a37ffaf7a485dfff3382056e78c,0xa69babef1ca67a37ffaf7a485dfff3382056e78c,0xa69babef1ca67a37ffaf7a485dfff3382056e78c,13,113,1,0.0,10757499820.0,3.8672122797487585e+18,0.0,765702694.0
159,WETH_USDT,20852101,1727562311,0x5af14ee56f230984e39a17d8b42731593faf09779e103f98a467006a7fa2b4a6,0x111111125421ca6dc452d289314280a0f8842a65,0x1231deb6f5749ef6ce6943a275a1d3e7486f4eae,0x111111125421ca6dc452d289314280a0f8842a65,162,693,0,490000000000000.0,0.0,0.0,1302916.0,4938917457.0
160,WETH_USDT,20877070,1727863127,0xff4d4c2044b27a6853d65919c9d7e8c32ed77b75fdcdca36f9b8009c51da4397,0x3fc91a3afd70395cd496c647d5a6cc9d4b2b7fad,0x7dab08d98f216d3d96a18d000c4c17ab007bbd13,0x3fc91a3afd70395cd496c647d5a6cc9d4b2b7fad,71,176,1,0.0,100000000.0,4.063930418430917e+16,0.0,8812234276.0
161,WETH_USDT,20976682,1729064327,0x9186161496113bf42ee26b52b7a0579e268a592512c3db0e3f98f6f0170a5e7a,0xf3de3c0d654fda23dad170f0f320a92172509127,0xdb9a4b418d0c701cdd0cc2a68eedef73f1b4fd67,0xf3de3c0d654fda23dad170f0f320a92172509127,25,185,0,1.2979010336868088e+17,0.0,0.0,337432433.0,10149496805.0
162,WETH_USDT,20977026,1729068455,0x0aab0ee5bdb7f9d7ed495acc750a6cd3a1ab842d0fc150b13e40979e668c11e2,0x3fc91a3afd70395cd496c647d5a6cc9d4b2b7fad,0x811beed0119b4afce20d2583eb608c6f7af1954f,0x3fc91a3afd70395cd496c647d5a6cc9d4b2b7fad,43,412,1,0.0,2257112714.0,8.618658703001347e+17,0.0,10582961172.0
162,WETH_USDT,20977026,1729068455,0x1f5bc295371a4e3fffd73a3ab6a87e6fc65850af07bf779c270b5367cff8f5e1,0xc0e6eef914d7bb0d4e6f72bc64ed69383fdb06e4,0xc0e6eef914d7bb0d4e6f72bc64ed69383fdb06e4,0xc0e6eef914d7bb0d4e6f72bc64ed69383fdb06e4,56,506,1,0.0,28000000.0,1.0605744502681432e+16,0.0,12088986007.0
163,WETH_USDT,21301732,1732984655,0x0e8fd7a50d5fbb142f4d52feabfc5c99493f46aef1d921f1e476b6f8ccaccb90,0x1111111254eeb25477b68fb85ed929f73a960582,0x8dacbad3b875f95497a9497dcf177692e87a6f90,0x1111111254eeb25477b68fb85ed929f73a960582,14,119,0,1.1895e+17,0.0,0.0,435205408.0,16715815239.0
164,WETH_USDT,21376200,1733883071,0x726b33742c68b9f6e3b086161f0ff5e8acd30b4ee29268255a60b4edb2398686,0x80a64c6d7f12c47b7c66c5b4e20e72bc1fcd5d9e,0xacb6ccaddced5a119661aec123e115c2e8bf8228,0x80a64c6d7f12c47b7c66c5b4e20e72bc1fcd5d9e,18,122,0,5.601249716974039e+16,0.0,0.0,200000000.0,16274244098.0
165,WETH_USDT,21401369,1734186731,0x983a6b17610920fcb80bec227afd11b949fba1c2a81d91d05ceba7d016abc01f,0x1111111254eeb25477b68fb85ed929f73a960582,0x01164a8c25fd69627b8981caa656fa487bbdc348,0x1111111254eeb25477b68fb85ed929f73a960582,85,157,1,0.0,941687500.0,2.426543665068728e+17,0.0,10896799203.0
166,WETH_USDT,21551652,1736000195,0x67c1dd7131e7200306580c0a4ead5aa8ccd480e2f7f03768de04a3d59ccf397d,0x5079fc00f00f30000e0c8c083801cfde000008b6,0x98c2f9d752e044dc2e1f1743bf0b76a7096eceb2,0x5079fc00f00f30000e0c8c083801cfde000008b6,87,171,0,1.505621021185795e+17,0.0,0.0,547903088.0,37948721404.0
166,WETH_USDT,21551652,1736000195,0x67c1dd7131e7200306580c0a4ead5aa8ccd480e2f7f03768de04a3d59ccf397d,0x5079fc00f00f30000e0c8c083801cfde000008b6,0x5079fc00f00f30000e0c8c083801cfde000008b6,0x5079fc00f00f30000e0c8c083801cfde000008b6,87,181,0,1.0510280749885688e+17,0.0,0.0,382464602.0,37948721404.0
167,WETH_USDT,21551771,1736001623,0x16346c148d57fd4a95f4270913ea707e91082b3f0ac264362bf9886bcc60c0d3,0x3fc91a3afd70395cd496c647d5a6cc9d4b2b7fad,0x3fc91a3afd70395cd496c647d5a6cc9d4b2b7fad,0x3fc91a3afd70395cd496c647d5a6cc9d4b2b7fad,1,12,0,8.466261504675273e+19,0.0,0.0,303894503235.0,14677604566.0
168,WETH_USDT,21701361,1737806219,0xd88021dea80f1bc7ad8a72d9334f676135480dcca65768b44914ba85cb388269,0x0f4a1d7fdf4890be35e71f3e0bbc4a0ec377eca3,0x0f4a1d7fdf4890be35e71f3e0bbc4a0ec377eca3,0x0f4a1d7fdf4890be35e71f3e0bbc4a0ec377eca3,7,49,1,0.0,1500000000.0,4.529848823738258e+17,0.0,7015869854.0
169,WETH_USDT,21950928,1740818999,0x5e351bf3497288dfb150147f20126d3767241bd705cceb05aff85bab28b7ecc2,0x9732f64a02ffcfc2c388b291abcc60c6acd273ba,0xe4396a38d5b96766a5ce1302c8f732cbec29d6c1,0x9732f64a02ffcfc2c388b291abcc60c6acd273ba,5,97,0,3.212007402882817e+17,0.0,0.0,715410874.0,1656883292.0
170,WETH_USDT,22227620,1744156751,0x1cd4021b8a122ed053d2f3e4a84b3a994b08da08684ecac5793632a25bbf4bf8,0x66a9893cc07d91d95644aedd05d03f95e1dba8af,0x66a9893cc07d91d95644aedd05d03f95e1dba8af,0x66a9893cc07d91d95644aedd05d03f95e1dba8af,29,27,0,1.921344005310409e+19,0.0,0.0,27865455293.0,496803876.0
171,WETH_USDT,22451475,1746861695,0xc7996a35f819e819d5470147ed6c19504684bf291fb16c14872cdc914dba1ad2,0x00000047bb99ea4d791bb749d970de71ee0b1a34,0xa43fe16908251ee70ef74718545e4fe6c5ccec9f,0x00000047bb99ea4d791bb749d970de71ee0b1a34,1,8,1,0.0,49850000000.0,2.0703837442065703e+19,0.0,3405100275.0
172,WETH_USDT,22627060,1748989127,0x1c6a0e32c9b62fdbdb2b1e59a744015b3a4c3185d10b5e69ecfea4a274c4981a,0x6e4141d33021b52c91c28608403db4a0ffb50ec6,0xd9159376499936868a5b061a4633481131e70732,0x6e4141d33021b52c91c28608403db4a0ffb50ec6,109,280,1,0.0,40000000.0,1.5390472525251698e+16,0.0,1435711108.0
173,WETH_USDT,22927315,1752615443,0x703c3f545bd2a7380a57e8e79ec6eb8220028d5c060df346f6f9bcef3eb9cc80,0x7a250d5630b4cf539739df2c5dacb4c659f2488d,0x219716b0e49094d6cbef65694fabc7b86e12c406,0x219716b0e49094d6cbef65694fabc7b86e12c406,41,263,0,7926523797233973.0,0.0,0.0,24235824.0,2389708432.0
174,WETH_USDT,23176498,1755623123,0x4e4cae037cc479e3c901cc720d5204175dff82fd7bbabb78954cfd51a0b4af66,0xf9234cb08edb93c0d4a4d4c70cc3ffd070e78e07,0x0e5891850bb3f03090f03010000806f080040100,0xf9234cb08edb93c0d4a4d4c70cc3ffd070e78e07,4,66,0,1.449871692150683e+18,0.0,0.0,6000000000.0,3235711868.0
175,WETH_USDT,23451677,1758943883,0xca7bacbf501f886b78e9708565a5cacf45b1b848bc65e29c434282b447269b25,0x00000047bb99ea4d791bb749d970de71ee0b1a34,0x9c6a9da6bff30447a6d6cb6db19c05cde18099a5,0x00000047bb99ea4d791bb749d970de71ee0b1a34,48,167,0,1.3595297890397232e+16,0.0,0.0,54443932.0,226645940.0
176,WETH_USDT,24477789,1771346231,0x45d3686fd1e91b8cf6c14e78755954bd1666cf1ede78190478adacae6081de2e,0x3328f7f4a1d1c57c35df56bbf0c9dcafca309c49,0x3328f7f4a1d1c57c35df56bbf0c9dcafca309c49,0x3328f7f4a1d1c57c35df56bbf0c9dcafca309c49,176,1182,0,9.950248756218904e+16,0.0,0.0,198408785.0,1365993901.0
177,WETH_USDT,24477810,1771346483,0x56bf6d2f4b879099a6161fbc8ced4a9bb25ccada000db9a26af40944716eaa48,0x3328f7f4a1d1c57c35df56bbf0c9dcafca309c49,0x3328f7f4a1d1c57c35df56bbf0c9dcafca309c49,0x3328f7f4a1d1c57c35df56bbf0c9dcafca309c49,7,106,1,0.0,2025505551.0,1.0087534357914756e+18,0.0,22350843555.0
177,WETH_USDT,24477810,1771346483,0xc0313bf98a4e5f55646698822273ad375cb5650fb65db22b08db8f4e5d3737b9,0x3328f7f4a1d1c57c35df56bbf0c9dcafca309c49,0x3328f7f4a1d1c57c35df56bbf0c9dcafca309c49,0x3328f7f4a1d1c57c35df56bbf0c9dcafca309c49,8,117,1,0.0,886370942.0,4.4125825922939136e+17,0.0,11350843555.0
178,WETH_USDT,24477821,1771346615,0xc8fa2c48557535bb35158bc1b5fbc335b57f3e19ddbb21985bb5deb003881857,0x3328f7f4a1d1c57c35df56bbf0c9dcafca309c49,0x3328f7f4a1d1c57c35df56bbf0c9dcafca309c49,0x3328f7f4a1d1c57c35df56bbf0c9dcafca309c49,2,16,0,4.975124378109453e+17,0.0,0.0,990608307.0,20362079249.0
1,WETH_DAI,10227037,1591644276,0xb1a8be8a4ef88f31aff75be37e502f2c75d619b2c994d8eec245feef18c34d07,0x7a250d5630b4cf539739df2c5dacb4c659f2488d,0x4d78f71c4141e23dbeef097c8263876df70d0e96,0x4d78f71c4141e23dbeef097c8263876df70d0e96,91,20,1,0.0,9.991e+19,2.3903606540856835e+22,0.0,26000000000.0
2,WETH_DAI,10426560,1594314917,0x9983bd30162c1f5c73d4edd67b872550e83bbdaf917cd00ccf0f31c6683e0b37,0x7a250d5630b4cf539739df2c5dacb4c659f2488d,0x054f4dc9281529f376c8ce8eb6b8fd3fc3d40bbb,0x054f4dc9281529f376c8ce8eb6b8fd3fc3d40bbb,206,186,1,0.0,4.915451659e+19,1.1491542922976408e+22,0.0,54000000000.0
3,WETH_DAI,10426890,1594319461,0x4658addb196d640e49d54f1f58fbaaaf4338960d37c8fd08d53e16f7bbe9228c,0x7a250d5630b4cf539739df2c5dacb4c659f2488d,0xd625ec47928aa9fdf2a5ca4f9ebb82e6f631c239,0xd625ec47928aa9fdf2a5ca4f9ebb82e6f631c239,135,99,1,0.0,5.14015237558944e+19,1.2e+22,0.0,36000000000.0
4,WETH_DAI,10701557,1597985650,0x23f80e72c2a573202a35c4806d773e1f9d85b8d8b520f5133cbf1ed5194da8fd,0x7a250d5630b4cf539739df2c5dacb4c659f2488d,0xbfde3c70227a6284e5ceaf52ac75a2afbee94d51,0xbfde3c70227a6284e5ceaf52ac75a2afbee94d51,84,129,1,0.0,3e+19,1.2243644148103978e+22,0.0,132000000000.0
5,WETH_DAI,11676060,1610930452,0x0a82b723e56fd5c941d04de9122763cf7c330c0b0e121bd9fab4eec7cca57376,0x7a250d5630b4cf539739df2c5dacb4c659f2488d,0x5e3b4598377920adc3de6b14b6e2508a7fbd2d48,0x5e3b4598377920adc3de6b14b6e2508a7fbd2d48,51,97,1,0.0,1.34e+21,1.629591507896302e+24,0.0,52000000000.0
6,WETH_DAI,11676063,1610930533,0x627d579ed6e53aa75fa08ab78bfaf026d048aeacc1f1c189ba84a5fb4258a720,0x7a250d5630b4cf539739df2c5dacb4c659f2488d,0x5e3b4598377920adc3de6b14b6e2508a7fbd2d48,0x5e3b4598377920adc3de6b14b6e2508a7fbd2d48,45,66,1,0.0,1e+21,1.2144074836426917e+24,0.0,83000000000.0
7,WETH_DAI,12152631,1617267084,0x29eab1aa7bc2aefe6b1566ab6ce0062b1054f31fe05499ac1fbec568ed1f971d,0x7a250d5630b4cf539739df2c5dacb4c659f2488d,0x2e464df243756935deaa6225694456035ac1a2e5,0x2e464df243756935deaa6225694456035ac1a2e5,1,9,1,0.0,1.3544202008748884e+20,2.6059148038340867e+23,0.0,213000000000.0
8,WETH_DAI,12226600,1618248947,0x06f5b998a127cd72b16b12973ab46946d61dc47630a31c84bb9492364ac95d49,0x7a250d5630b4cf539739df2c5dacb4c659f2488d,0x1beae6ad0f5974d630828164200d4e2d1ce7162a,0x1beae6ad0f5974d630828164200d4e2d1ce7162a,4,24,1,0.0,1.2103980255655292e+20,2.536506548227774e+23,0.0,122000000000.0
9,WETH_DAI,12226612,1618249112,0xb52af67116792010d43327fdf31aef5ee0215ae2e97733d4d3da2b12907740ac,0x7a250d5630b4cf539739df2c5dacb4c659f2488d,0x1beae6ad0f5974d630828164200d4e2d1ce7162a,0x1beae6ad0f5974d630828164200d4e2d1ce7162a,1,10,1,0.0,2.259487335871281e+20,4.70648990057476e+23,0.0,134000000000.0
10,WETH_DAI,12300969,1619241091,0x661c46ab22b6997115e850475df9a41456dd00e97c5f603d7b5857b31bb4f4ce,0x7a250d5630b4cf539739df2c5dacb4c659f2488d,0x0f576790bcbf0c8a3f703bc7a745e500a76fffe5,0x0f576790bcbf0c8a3f703bc7a745e500a76fffe5,3,25,1,0.0,1.3942213163147452e+20,3.179012755034388e+23,0.0,62000000000.0
11,WETH_DAI,12325862,1619572413,0xce47519c66139467a83923e9a7d47b392eb434fa226f416ad66cfa88141f501e,0x7a250d5630b4cf539739df2c5dacb4c659f2488d,0x358b55d2ac855ae64cd01ab6fdaca77149b98b4e,0x358b55d2ac855ae64cd01ab6fdaca77149b98b4e,1,8,1,0.0,1e+20,2.670019519114053e+23,0.0,58000000000.0
12,WETH_DAI,12325891,1619572743,0x8834ba6818c7ecf556654a9b2e3b1c632efb651fe9342904e2c27c424d41d65d,0x7a250d5630b4cf539739df2c5dacb4c659f2488d,0x131a9a36ea25afb4ed1a4510ee4b36e369d0f699,0x131a9a36ea25afb4ed1a4510ee4b36e369d0f699,2,13,1,0.0,1e+20,2.6633809264604305e+23,0.0,10000000000.0
13,WETH_DAI,12577212,1622933276,0x49b9a1d73f7984dbf9209856886f620d4fe2edac9c40d3c8e77a06874505088d,0x7a250d5630b4cf539739df2c5dacb4c659f2488d,0x5fd9c4368ee7e8fc79e48fba390c148fd16453ee,0x5fd9c4368ee7e8fc79e48fba390c148fd16453ee,1,10,1,0.0,9.33708694297192e+19,2.357390631079712e+23,0.0,55000000000.0
14,WETH_DAI,12652864,1623945675,0x8ab8701ef229d68888817337883ba5fde0f52f244d4742f6b795186d01730bf6,0x7a250d5630b4cf539739df2c5dacb4c659f2488d,0x53b2234d9806d4e8a87cf37772fbb07c30fc16a6,0x53b2234d9806d4e8a87cf37772fbb07c30fc16a6,1,15,1,0.0,3.727904640202046e+19,8.906003477111044e+22,0.0,155000000000.0
15,WETH_DAI,13503829,1635398656,0x3b4cfd104f4fa88854ff4c5df22e0c1b2d8c7d3da3cb4b50c5242c435ddd5458,0x7a250d5630b4cf539739df2c5dacb4c659f2488d,0xa447e2b48ac061f3489443273e489731ccceeeaa,0xa447e2b48ac061f3489443273e489731ccceeeaa,1,11,1,0.0,5.066768786812024e+19,1.8626979520286683e+23,0.0,154156747260.0
16,WETH_DAI,13507011,1635441140,0xe377be370e505df227a84c3bbfe54af93567f835e160f7b633b00e5bc5b76049,0x7a250d5630b4cf539739df2c5dacb4c659f2488d,0xfd249ea1f1b7bd8711a2a53331d383d24eef25f5,0xfd249ea1f1b7bd8711a2a53331d383d24eef25f5,1,20,1,0.0,6.045832921633716e+19,2.236033443011015e+23,0.0,201638946965.0
17,WETH_DAI,13552993,1636066733,0x527cd70d9978c46d8c71add4d6b5f80f3a0af437d61e187d33024d6c77916897,0x7a250d5630b4cf539739df2c5dacb4c659f2488d,0x63f85e78f991af28f98cf15db0fb8060f880b794,0x63f85e78f991af28f98cf15db0fb8060f880b794,4,27,1,0.0,3.3596725253737705e+19,1.4895571258071334e+23,0.0,111000000000.0
18,WETH_DAI,13627384,1637076647,0x9dab88d2fcc2c943cf7d7314cafbbef8a2195392237ced27514d8148a3849176,0x188a2842ff8656873618fc9554a7aa87bfcabeec,0x188bbae46d0821ffdbc0db258c49e393ce2e0aa2,0x188a2842ff8656873618fc9554a7aa87bfcabeec,2,11,0,1.3893623999999998e+23,0.0,0.0,3.1050770791425974e+19,114241889569.0
19,WETH_DAI,13651185,1637401370,0x811e31bf450f21eb9948a73a0a8f5f505ebb092e07365f49b9dcf4c3099824b1,0x188a2842ff8656873618fc9554a7aa87bfcabeec,0x188bbae46d0821ffdbc0db258c49e393ce2e0aa2,0x188a2842ff8656873618fc9554a7aa87bfcabeec,1,7,0,1.56958694e+23,0.0,0.0,3.514718336105178e+19,84210300332.0
20,WETH_DAI,13653374,1637431413,0xea02b3aa523fdd021c23a8669d7c061509133993790d89bc9d357a0da57bd15d,0x188a2842ff8656873618fc9554a7aa87bfcabeec,0x188bbae46d0821ffdbc0db258c49e393ce2e0aa2,0x188a2842ff8656873618fc9554a7aa87bfcabeec,1,7,0,1.57224123e+23,0.0,0.0,3.56797999960157e+19,117844729479.0
21,WETH_DAI,13654927,1637452833,0x5c6df9535e4d88de1ec0199b2991465eab346203724e8cceaf8f232287d1ab81,0x188a2842ff8656873618fc9554a7aa87bfcabeec,0x188bbae46d0821ffdbc0db258c49e393ce2e0aa2,0x188a2842ff8656873618fc9554a7aa87bfcabeec,1,7,0,1.79663805e+23,0.0,0.0,3.9163279023300755e+19,61537206940.0
22,WETH_DAI,13750904,1638775000,0x265ddeb972fb5e634d519904edd99c7e524c6f3e8df6aa4e1ec419624c883884,0x7a250d5630b4cf539739df2c5dacb4c659f2488d,0x498c5431eb517101582988fbb36431ddaac8f4b1,0x498c5431eb517101582988fbb36431ddaac8f4b1,11,87,1,0.0,3.669162734476947e+19,1.45e+23,0.0,82798207892.0
23,WETH_DAI,13978197,1641823726,0xbd7dc32d6cb0f8f67f3d5ed5b2b66a2f79d8198aee1e005ee4f58ac842ca7da4,0x7a250d5630b4cf539739df2c5dacb4c659f2488d,0x498c5431eb517101582988fbb36431ddaac8f4b1,0x498c5431eb517101582988fbb36431ddaac8f4b1,2,58,1,0.0,4.756684606719276e+19,1.40126e+23,0.0,254225861128.0
24,WETH_DAI,14005610,1642190136,0xdc9ee5f3d9902e5c29dad8c828bb48e5074d3777d1bfa8b36ec8e6ce56eed3a9,0x68b3465833fb72a70ecdf485e0e4c7bd8665fc45,0x10e4a463f2ace6e3836fe547e885993844299be6,0x68b3465833fb72a70ecdf485e0e4c7bd8665fc45,1,7,0,7.0958281193113795e+22,0.0,0.0,2.1198137989232247e+19,161331747538.0
25,WETH_DAI,14028889,1642500660,0xb9ea9b2b831bfb54070dc38c55d6d409cc3ffc0693a6c359abfcbc7c16ac3d0d,0x7a250d5630b4cf539739df2c5dacb4c659f2488d,0x7a250d5630b4cf539739df2c5dacb4c659f2488d,0x7a250d5630b4cf539739df2c5dacb4c659f2488d,1,7,0,9.739532220006789e+22,0.0,0.0,2.898296622585893e+19,85281369093.0
26,WETH_DAI,14030514,1642522235,0xe5e6a807573bc2482717921e1901d1ae199822d44981d20e7847a93792bc8289,0x7a250d5630b4cf539739df2c5dacb4c659f2488d,0xcd8aa390e6eabbd2169b3580c1f7ce854675fd03,0xcd8aa390e6eabbd2169b3580c1f7ce854675fd03,1,8,1,0.0,3.2237900572682314e+19,9.509061227213741e+22,0.0,101519234256.0
27,WETH_DAI,14051557,1642803524,0x718517ab7a26b70c5922aeeed26ee444ac08f74db8fece0e7a125c2ed68e6503,0x7a250d5630b4cf539739df2c5dacb4c659f2488d,0x498c5431eb517101582988fbb36431ddaac8f4b1,0x498c5431eb517101582988fbb36431ddaac8f4b1,4,55,1,0.0,4.7763645848900805e+19,1.2e+23,0.0,289462464893.0
28,WETH_DAI,14051678,1642805281,0xb427af919f9ee25a56fc185e852129995a9ab23ca545ad5ddaa01d69aa27a356,0x7a250d5630b4cf539739df2c5dacb4c659f2488d,0x498c5431eb517101582988fbb36431ddaac8f4b1,0x498c5431eb517101582988fbb36431ddaac8f4b1,1,43,1,0.0,5.302638424621222e+19,1.30117e+23,0.0,363304643471.0
29,WETH_DAI,14051740,1642806142,0xfb2d02014f163637203f59d0769c7f87074b1c2b58b164d878db986c8028fd63,0x7a250d5630b4cf539739df2c5dacb4c659f2488d,0x860a40904bdfdc6dff82b382872ae7aea3175529,0x860a40904bdfdc6dff82b382872ae7aea3175529,3,18,1,0.0,4.399626539715315e+19,1.084975419014746e+23,0.0,436640066758.0
30,WETH_DAI,14051992,1642809678,0xdf5411fd4146d82de782d7f5a3160ef3bda15688a7a16356439ea064e6a0d539,0x220bda5c8994804ac96ebe4df184d25e5c2196d4,0x220bda5c8994804ac96ebe4df184d25e5c2196d4,0x220bda5c8994804ac96ebe4df184d25e5c2196d4,5,47,0,6e+22,0.0,0.0,1.9924835035900183e+19,265182529299.0
31,WETH_DAI,14052660,1642818276,0x4f69f4c7ef83c9639d23ee3ba818c2ea0a934bc62035a591ef5424b85743f1dc,0xf43f3e6b5aac7e3565cc3b062adbf5c9f00bdcc5,0xf43f3e6b5aac7e3565cc3b062adbf5c9f00bdcc5,0xf43f3e6b5aac7e3565cc3b062adbf5c9f00bdcc5,1,24,1,0.0,2.205597152306405e+19,4.574943476495207e+22,0.0,165701445632.0
32,WETH_DAI,14053124,1642823967,0xf031bd431ca12b3fc6ce5d4bbdc7a47baccbf4a5f57de2ff65f9d5a1e035117b,0x7a250d5630b4cf539739df2c5dacb4c659f2488d,0x498c5431eb517101582988fbb36431ddaac8f4b1,0x498c5431eb517101582988fbb36431ddaac8f4b1,1,30,1,0.0,4.9194230050330485e+19,1.22e+23,0.0,120290528994.0
33,WETH_DAI,14079213,1643172787,0xf3147f10f5f87a754ad6c5e53855e6410e89108c527970c8135d4121c56debdf,0xf164fc0ec4e93095b804a4795bbe1e041497b92a,0xbcc492df37bd4ec651d46d72230e340c9ec1950c,0xbcc492df37bd4ec651d46d72230e340c9ec1950c,1,18,0,1.708645604387995e+23,0.0,0.0,5.432711592026223e+19,141250000000.0
34,WETH_DAI,14104626,1643511957,0x5458c75e0c27856de271583cb989177de0aecdc4556bac060bee15363cafb769,0x7a250d5630b4cf539739df2c5dacb4c659f2488d,0x498c5431eb517101582988fbb36431ddaac8f4b1,0x498c5431eb517101582988fbb36431ddaac8f4b1,1,27,1,0.0,4.0082726019725345e+19,1e+23,0.0,134340776099.0
35,WETH_DAI,14180507,1644525511,0x093c6728c1bb948345c0f8d1964518a08ccd5671ec8a3f0a08d2cff5c58c9c0b,0xdef1c0ded9bec7f1a1670819833240f027b25eff,0xec10ed590f829585870267be21bd5d8f4a724a59,0xdef1c0ded9bec7f1a1670819833240f027b25eff,1,14,1,0.0,2.059915241445043e+19,5.8206103377277165e+22,0.0,111551968405.0
36,WETH_DAI,14181837,1644543212,0xc032e0780af973331992444c1aacfe045d38e22554993808017e03fb6fb0e77b,0x68b3465833fb72a70ecdf485e0e4c7bd8665fc45,0x0cac9c3d7196f5bbd76fadcd771fb69b772c0f9d,0x68b3465833fb72a70ecdf485e0e4c7bd8665fc45,1,28,1,0.0,2.7074080470408126e+19,7.790443793749643e+22,0.0,72477599354.0
37,WETH_DAI,14182769,1644556147,0x810d3e5907c4f5cab6d04b81aeba80d59be06fa0943b3727c39c0dda781f78e5,0x7a250d5630b4cf539739df2c5dacb4c659f2488d,0x25aea4ebaddfa8c8422ed7abb96200c30be542a6,0x25aea4ebaddfa8c8422ed7abb96200c30be542a6,1,8,1,0.0,2.2129963525435744e+19,6.7e+22,0.0,69829061629.0
38,WETH_DAI,14206174,1644867214,0x6eec758e066b0e60aa2b076704620379f62542405f72ec8681f78d1566c51b1a,0x68b3465833fb72a70ecdf485e0e4c7bd8665fc45,0xdb4a5e5d3f3d93f343b1c3a76725153daf7353e9,0x68b3465833fb72a70ecdf485e0e4c7bd8665fc45,2,28,1,0.0,1.6393284837928997e+19,4.3864283947678195e+22,0.0,120000000000.0
39,WETH_DAI,14206887,1644877008,0x97b3fcc764bafd37b3a8e37b50cf2040d221123f5cb4284aaae27b8e062d0e42,0x68b3465833fb72a70ecdf485e0e4c7bd8665fc45,0x9c4fe5ffd9a9fc5678cfbd93aa2d4fd684b67c4c,0x68b3465833fb72a70ecdf485e0e4c7bd8665fc45,1,7,0,8e+22,0.0,0.0,2.6975054948572246e+19,65646684990.0
40,WETH_DAI,14227774,1645156195,0x526eb2666a8dcffb375ecfa5f1dc1f09f96c30bfa4ca23a65a2a73992996da84,0x68b3465833fb72a70ecdf485e0e4c7bd8665fc45,0x47527bb679fe6a7d2c8c0f71f532822ffa5f8fb0,0x68b3465833fb72a70ecdf485e0e4c7bd8665fc45,4,24,1,0.0,2.5444988520697606e+19,7.316368183588069e+22,0.0,50728410054.0
41,WETH_DAI,14229845,1645183695,0x0d3bc9eed9de87686c21c44c4fc503a427a82d70ccee4415626c44a2fda83a46,0x7a250d5630b4cf539739df2c5dacb4c659f2488d,0x7a250d5630b4cf539739df2c5dacb4c659f2488d,0x7a250d5630b4cf539739df2c5dacb4c659f2488d,2,17,0,6.022902828146129e+22,0.0,0.0,1.942371238267128e+19,52859426473.0
42,WETH_DAI,14253103,1645495705,0x7790377b979605e8de3893b40024efa498c1d35698c6d4b993c47239c5a88a8b,0x7a250d5630b4cf539739df2c5dacb4c659f2488d,0xd3403c7b46054648d603266ba08441b536dca873,0xd3403c7b46054648d603266ba08441b536dca873,1,8,1,0.0,1.9e+19,4.4525714387445356e+22,0.0,59723751476.0
43,WETH_DAI,14253593,1645502126,0x98946083c7f0276478cd102d73aed741ffcd2502a90c453b631bc8fc0fb73c05,0x7a250d5630b4cf539739df2c5dacb4c659f2488d,0x498c5431eb517101582988fbb36431ddaac8f4b1,0x498c5431eb517101582988fbb36431ddaac8f4b1,2,40,1,0.0,6.0488506071981466e+19,1.47e+23,0.0,76721982773.0
44,WETH_DAI,14455660,1648214237,0xbcd4c2dad38654b854e335ad3e32fca533ac2aca826bbd9fd3c72edf906a9ca6,0x7a250d5630b4cf539739df2c5dacb4c659f2488d,0x7a250d5630b4cf539739df2c5dacb4c659f2488d,0x7a250d5630b4cf539739df2c5dacb4c659f2488d,4,67,0,1.510756929759192e+23,0.0,0.0,3.2433316771595633e+19,33000000000.0
45,WETH_DAI,14457626,1648241063,0x0a867ad8bb19dc75ab17fd87b7647e837db643645d016840c0fb9f0dcd778007,0x7a250d5630b4cf539739df2c5dacb4c659f2488d,0xcd8aa390e6eabbd2169b3580c1f7ce854675fd03,0xcd8aa390e6eabbd2169b3580c1f7ce854675fd03,1,8,1,0.0,4.463157290330472e+19,1.3097464330618164e+23,0.0,61933145797.0
46,WETH_DAI,14528139,1649191203,0x28c0de5b31d681169a72df7cf55825ade04b60cac32277e006f571b1b07f23b9,0x68b3465833fb72a70ecdf485e0e4c7bd8665fc45,0x882bd1378e57a7af87e46d6664eec495945666dc,0x68b3465833fb72a70ecdf485e0e4c7bd8665fc45,2,14,1,0.0,1.335511749078821e+19,4.072665069259589e+22,0.0,68702535716.0
47,WETH_DAI,14530117,1649218037,0x7eb78322fa934a4bb4be6d5af314714b78888b9d3c82c6e173b6051e33c119c4,0xf164fc0ec4e93095b804a4795bbe1e041497b92a,0xbcc492df37bd4ec651d46d72230e340c9ec1950c,0xbcc492df37bd4ec651d46d72230e340c9ec1950c,1,18,0,8.501443074367872e+22,0.0,0.0,2.034760664385142e+19,69529000000.0
48,WETH_DAI,14778064,1652591169,0xcaab3c7c960b6c871f1e41f9acbf2da561ad23a5fbd80b0eafb123aa9b109f42,0x68b3465833fb72a70ecdf485e0e4c7bd8665fc45,0x7712c234321b96f928e5a74803bfc7eb4cf7afee,0x68b3465833fb72a70ecdf485e0e4c7bd8665fc45,1,11,1,0.0,1.1074091741884752e+17,2.2163572354771e+20,0.0,19173118919.0
49,WETH_DAI,14780785,1652629260,0x7a65e45755e4e8f94d5a5fd05f7e6809bbc1bc720ac9fb0e546d4c209fae32cb,0x7a250d5630b4cf539739df2c5dacb4c659f2488d,0xb00b58b77ecf669d6cc5a8fc34783bc244e3e045,0xb00b58b77ecf669d6cc5a8fc34783bc244e3e045,1,8,1,0.0,3e+19,6.061004761223101e+22,0.0,33874660422.0
50,WETH_DAI,14851847,1653622178,0x142e4e91ae347b3a99a599c27e3be08287e6857ee490fd525bf444fb7a9eb282,0x68b3465833fb72a70ecdf485e0e4c7bd8665fc45,0x68b3465833fb72a70ecdf485e0e4c7bd8665fc45,0x68b3465833fb72a70ecdf485e0e4c7bd8665fc45,1,7,0,4.5e+22,0.0,0.0,2.2878776559614026e+19,50892406938.0
51,WETH_DAI,14851849,1653622233,0x96c9b18f7f0ab5977f484cc82cd34cf27b8817625da26a85bc1c484990a123e2,0x68b3465833fb72a70ecdf485e0e4c7bd8665fc45,0x68b3465833fb72a70ecdf485e0e4c7bd8665fc45,0x68b3465833fb72a70ecdf485e0e4c7bd8665fc45,1,7,0,4.5e+22,0.0,0.0,2.389342976458264e+19,57429736340.0
52,WETH_DAI,14906413,1654393502,0x870cde4f57e9023bb723120377b11ad5bd4269aadb03ee153ef286a9cc4e4172,0x68b3465833fb72a70ecdf485e0e4c7bd8665fc45,0x68b3465833fb72a70ecdf485e0e4c7bd8665fc45,0x68b3465833fb72a70ecdf485e0e4c7bd8665fc45,1,13,0,4.034867596457766e+22,0.0,0.0,2.2365928733841236e+19,38858808773.0
53,WETH_DAI,14953858,1655091682,0x1de43d83164063820fce41ea3fe80ffc6c53ee1703e7a3c82a7d373d2da2b330,0x7a250d5630b4cf539739df2c5dacb4c659f2488d,0x7a250d5630b4cf539739df2c5dacb4c659f2488d,0x7a250d5630b4cf539739df2c5dacb4c659f2488d,7,66,0,6.779177247691384e+22,0.0,0.0,4.867845439457547e+19,103377245053.0
54,WETH_DAI,15133203,1657700693,0x40e9bba263c2396d950602fff05aa66b6596817fffbea9b940493c19a309f31f,0x68b3465833fb72a70ecdf485e0e4c7bd8665fc45,0x68b3465833fb72a70ecdf485e0e4c7bd8665fc45,0x68b3465833fb72a70ecdf485e0e4c7bd8665fc45,2,21,0,2.812453315217006e+22,0.0,0.0,2.6008473977329983e+19,16464329935.0
55,WETH_DAI,15778568,1666139219,0x0f8a062ee748bd02bf0dde2a283601b6f9177f214f7bf68a4ccb93702e9368c3,0xdef1c0ded9bec7f1a1670819833240f027b25eff,0x26b4b107dce673c00d59d71152136327cf6dfebf,0xdef1c0ded9bec7f1a1670819833240f027b25eff,2,20,1,0.0,3.4790636806470844e+16,4.551947220939678e+19,0.0,16033317012.0
56,WETH_DAI,15813168,1666556531,0x03982852f55bad6e4cb2ef36ce27145ed5ac9017e1d6787f599830dd165b1d44,0x7a250d5630b4cf539739df2c5dacb4c659f2488d,0x8d4e8eb8608d5e0f8ff90aae3ae404c33e11e6ea,0x8d4e8eb8608d5e0f8ff90aae3ae404c33e11e6ea,3,32,1,0.0,3e+16,3.982126940247216e+19,0.0,17358244621.0
57,WETH_DAI,16076343,1669733267,0x886a61ad2ad2998f7e631b838e6ce81ff62bae999b5754174aaa3e7a4335c100,0x25553828f22bdd19a20e4f12f052903cb474a335,0x20dacf1c97157f6432d4196c87a2010794bd9812,0x25553828f22bdd19a20e4f12f052903cb474a335,1,11,1,0.0,9.9e+16,1.1939884677122631e+20,0.0,11112876803.0
58,WETH_DAI,16127278,1670348099,0x662022fb167370855bf1013b42ef1705a68ea09eaa60ed70d69a22dda55dcdba,0x4cf32670a53657596e641dfcc6d40f01e4d64927,0x4cf32670a53657596e641dfcc6d40f01e4d64927,0x4cf32670a53657596e641dfcc6d40f01e4d64927,4,22,0,2.08757702e+22,0.0,0.0,1.6000075545832366e+19,13750804191.0
59,WETH_DAI,16172432,1670894063,0xc8dc5320b09eaa8942eeb04fcaf8e59f7f888c4213bd1de55a4f2aecf7322a4a,0x188a2842ff8656873618fc9554a7aa87bfcabeec,0x188bbae46d0821ffdbc0db258c49e393ce2e0aa2,0x188a2842ff8656873618fc9554a7aa87bfcabeec,1,7,1,0.0,2.0313896569774764e+19,2.44149740875365e+22,0.0,13296621716.0
60,WETH_DAI,16278040,1672167695,0xc3adafcc704746f669e313ee42f9e8942d9153f6f449d8b9c99a99c9c195dbc6,0x7a250d5630b4cf539739df2c5dacb4c659f2488d,0x025da7319eb1b7d18ec5ed327e73fc06c9049fa2,0x025da7319eb1b7d18ec5ed327e73fc06c9049fa2,1,11,1,0.0,1.5149802261087296e+18,1.8196092950916128e+21,0.0,21745954975.0
61,WETH_DAI,16632899,1676449043,0x6b4fdd6fa469cd7e7c1d73e28d06e5b5183a3f2b3e8c21a1c199f8fe1ca1cc8d,0x7a250d5630b4cf539739df2c5dacb4c659f2488d,0xe532b04d2f2e921dfec69e132e9214d2f82df304,0xe532b04d2f2e921dfec69e132e9214d2f82df304,3,46,1,0.0,3e+18,1.6088974966416464e+21,0.0,24354349078.0
61,WETH_DAI,16632899,1676449043,0xb97775caf5018c6091ff94bae38287a5e47d5c4f5645a1bb97506178f7370ea2,0xef1c6e67703c7bd7107eed8303fbe6ec2554bf6b,0xe532b04d2f2e921dfec69e132e9214d2f82df304,0xef1c6e67703c7bd7107eed8303fbe6ec2554bf6b,4,55,1,0.0,4.5e+19,2.3989411179003e+22,0.0,24354349078.0
61,WETH_DAI,16632899,1676449043,0x438d98edde38d591f4458911809f852eb0ae73e795348a2687e1a1c38fe25883,0x7a250d5630b4cf539739df2c5dacb4c659f2488d,0xe532b04d2f2e921dfec69e132e9214d2f82df304,0xe532b04d2f2e921dfec69e132e9214d2f82df304,5,63,1,0.0,1.4401518952228905e+18,7.632972231893621e+20,0.0,24354349078.0
62,WETH_DAI,16633000,1676450267,0x13034204141c0838e393fa93c090544f131cc4d7dbe64e9ec78ece7b96d36362,0x1111111254eeb25477b68fb85ed929f73a960582,0xe532b04d2f2e921dfec69e132e9214d2f82df304,0x1111111254eeb25477b68fb85ed929f73a960582,37,84,1,0.0,1.5e+18,2.3222826935351265e+21,0.0,26704471501.0
63,WETH_DAI,16978375,1680646259,0x52c05edbac6d2eb9dd31e4655b7659f1ba069f1b58c0bf781611e3c2695fa705,0xef1c6e67703c7bd7107eed8303fbe6ec2554bf6b,0x55992519bf6170d9a7e4a011f283a07f673f23b9,0xef1c6e67703c7bd7107eed8303fbe6ec2554bf6b,1,29,1,0.0,1.9310986559297016e+19,3.530628282298551e+22,0.0,31022593228.0
64,WETH_DAI,17077467,1681868459,0xbd5ad0ad693cf6b05e284a9c1de257fcf9c8e16608ea61717ba1d30583d28f7a,0x7a250d5630b4cf539739df2c5dacb4c659f2488d,0x4a14347083b80e5216ca31350a2d21702ac3650d,0x4a14347083b80e5216ca31350a2d21702ac3650d,7,38,1,0.0,1.767e+19,3.6574258175440727e+22,0.0,54878897097.0
65,WETH_DAI,17080270,1681902695,0x2db44406d39e285a6eab8b06ee36fa56a7e46bf05323c02b6a264183de057c24,0x7a250d5630b4cf539739df2c5dacb4c659f2488d,0x7a250d5630b4cf539739df2c5dacb4c659f2488d,0x7a250d5630b4cf539739df2c5dacb4c659f2488d,1,22,0,3.7466658930371607e+22,0.0,0.0,1.7873034439510026e+19,58448273012.0
66,WETH_DAI,17180768,1683123887,0x4304a2d2096a2e4b37fde51e660f6eb9641b52b772f1c5766483c4d74b28022a,0xef1c6e67703c7bd7107eed8303fbe6ec2554bf6b,0x0d4a11d5eeaac28ec3f61d100daf4d40471f1852,0xef1c6e67703c7bd7107eed8303fbe6ec2554bf6b,1,13,0,1.0853415010428474e+23,0.0,0.0,5.488345835439153e+19,92688039504.0
67,WETH_DAI,17639722,1688706119,0xf87d68b8ca63b2c96e654c42ece9b6bd75c16596a148570659f9414c361cddd0,0x92f3f71cef740ed5784874b8c70ff87ecdf33588,0x92f3f71cef740ed5784874b8c70ff87ecdf33588,0x92f3f71cef740ed5784874b8c70ff87ecdf33588,3,52,1,0.0,2.9989194629912433e+19,5.483895242185633e+22,0.0,20831100989.0
68,WETH_DAI,17689085,1689305891,0x4a92f23702a0483ddb72ec2755f03ad06d662c57f37cf54c7be0a3240a8b1c87,0x3fc91a3afd70395cd496c647d5a6cc9d4b2b7fad,0x8dbee21e8586ee356130074aaa789c33159921ca,0x3fc91a3afd70395cd496c647d5a6cc9d4b2b7fad,1,10,0,5e+22,0.0,0.0,2.346670081274179e+19,18834214427.0
69,WETH_DAI,18051659,1693692023,0xe2247b221b075f29937b6048d0a7105f9f851193472c44176098d0336269493b,0x3fc91a3afd70395cd496c647d5a6cc9d4b2b7fad,0x8dbee21e8586ee356130074aaa789c33159921ca,0x3fc91a3afd70395cd496c647d5a6cc9d4b2b7fad,81,664,0,4.316049501571686e+22,0.0,0.0,2.552018990292904e+19,10599012553.0
70,WETH_DAI,18143171,1694799863,0x0f213d8cc792d28fde260de735de01b273c79cca14c869c57217c6e887c73845,0x7a250d5630b4cf539739df2c5dacb4c659f2488d,0x7a250d5630b4cf539739df2c5dacb4c659f2488d,0x7a250d5630b4cf539739df2c5dacb4c659f2488d,2,23,0,7.518098335851189e+22,0.0,0.0,4.368171132425933e+19,38000000000.0
71,WETH_DAI,18405662,1697975567,0x81b0b2d77f4f3ccfe2f2bd919dd113459eace6ea19aa1c7aaa30fd3a31ea55cc,0x3fc91a3afd70395cd496c647d5a6cc9d4b2b7fad,0x143edce89901754617db6cf3a01950cbc12f80be,0x3fc91a3afd70395cd496c647d5a6cc9d4b2b7fad,1,29,1,0.0,1.142515815257789e+19,1.8428316971917107e+22,0.0,8402704919.0
72,WETH_DAI,18413422,1698069599,0x17880055d3e8a76442fdfd23c26c062c9b90f73583b60eba57b2246a3335f077,0x7a250d5630b4cf539739df2c5dacb4c659f2488d,0x8f1e749b211967df09204d871e988462eb2e3669,0x8f1e749b211967df09204d871e988462eb2e3669,10,75,1,0.0,2.1214763014042943e+19,3.507640742093495e+22,0.0,16722209253.0
73,WETH_DAI,18413864,1698074939,0xbe6c57e680e2a36b8d4cc41ffb62098c2d812e49ab510d702940b95c4c9123da,0x3fc91a3afd70395cd496c647d5a6cc9d4b2b7fad,0xca7c2771d248dcbe09eabe0ce57a62e18da178c0,0x3fc91a3afd70395cd496c647d5a6cc9d4b2b7fad,5,54,0,1.8557799826892788e+22,0.0,0.0,1.0951821777954015e+19,25966155380.0
74,WETH_DAI,18431173,1698284411,0x913020f5934bc3dec777ba2be894e463e60615f10646ecf5f6f944a6d0fe14bb,0x3fc91a3afd70395cd496c647d5a6cc9d4b2b7fad,0xca7c2771d248dcbe09eabe0ce57a62e18da178c0,0x3fc91a3afd70395cd496c647d5a6cc9d4b2b7fad,40,199,0,1.8725847430138312e+22,0.0,0.0,1.033004559085768e+19,20843683334.0
75,WETH_DAI,18436130,1698344339,0x4af1218a4d3d92d8678ec52a19e31d757fb0ac920a43e532061284732c1c35f4,0x3fc91a3afd70395cd496c647d5a6cc9d4b2b7fad,0xca7c2771d248dcbe09eabe0ce57a62e18da178c0,0x3fc91a3afd70395cd496c647d5a6cc9d4b2b7fad,4,44,0,1.7873974768611287e+22,0.0,0.0,9.926644662865793e+18,19619466278.0
76,WETH_DAI,18641990,1700834039,0xc1b128564772f81197c5784b50f6783593dd05954d1b91b01e57f65fd95513f5,0x3fc91a3afd70395cd496c647d5a6cc9d4b2b7fad,0x4e13c3b7ab71e9dffd32bb823868d69aa3f92df5,0x3fc91a3afd70395cd496c647d5a6cc9d4b2b7fad,1,12,1,0.0,1.5550440837202356e+19,2.9703786581749727e+22,0.0,31803361851.0
77,WETH_DAI,18762320,1702289915,0xba718525ebedf606c79e7aa411ff8587d5798dc08d30232037ae265024e99a11,0x3fc91a3afd70395cd496c647d5a6cc9d4b2b7fad,0xa045a80d41ce0e10723c728e0e0ea9e55d71b408,0x3fc91a3afd70395cd496c647d5a6cc9d4b2b7fad,2,26,1,0.0,1.236606454520792e+19,2.7419330417825258e+22,0.0,35606215039.0
78,WETH_DAI,18778226,1702482347,0x76a1d3aec4044d6ed41f9e72cc0bc8f8bec42df9749cd70d85ae456debaa6bcb,0x3fc91a3afd70395cd496c647d5a6cc9d4b2b7fad,0x3fc91a3afd70395cd496c647d5a6cc9d4b2b7fad,0x3fc91a3afd70395cd496c647d5a6cc9d4b2b7fad,8,64,1,0.0,1.5e+18,3.3284755606604224e+21,0.0,111000000000.0
78,WETH_DAI,18778226,1702482347,0x9718cb29b442ea36985aef1695b3f866a564c979d499ee9df2af0335d814a016,0xf081470f5c6fbccf48cc4e5b82dd926409dcdd67,0xf081470f5c6fbccf48cc4e5b82dd926409dcdd67,0xf081470f5c6fbccf48cc4e5b82dd926409dcdd67,176,276,1,0.0,9.043706212300774e+16,2.0056428526561952e+20,0.0,67110409632.0
79,WETH_DAI,18778236,1702482467,0x5fc9155c88a695aa52857c83b464c07193d47d35169976c0ce54478551ac46e4,0x3fc91a3afd70395cd496c647d5a6cc9d4b2b7fad,0x3fc91a3afd70395cd496c647d5a6cc9d4b2b7fad,0x3fc91a3afd70395cd496c647d5a6cc9d4b2b7fad,120,316,0,2.3820407177030664e+21,0.0,0.0,1.061737652677898e+18,59017862056.0
80,WETH_DAI,18778241,1702482527,0xea4de16987f9cf556c2c42c007c25c24d24b4661ee53c9ffe4db26c4b7ba0594,0x3fc91a3afd70395cd496c647d5a6cc9d4b2b7fad,0x3fc91a3afd70395cd496c647d5a6cc9d4b2b7fad,0x3fc91a3afd70395cd496c647d5a6cc9d4b2b7fad,120,358,0,9.846948011500432e+20,0.0,0.0,4.4112842598790586e+17,55374826576.0
81,WETH_DAI,18778250,1702482635,0xa90f36a4236d48c6bec922f41c503a4cede0be26f76b01815e67f572c99a9620,0xf081470f5c6fbccf48cc4e5b82dd926409dcdd67,0xf081470f5c6fbccf48cc4e5b82dd926409dcdd67,0xf081470f5c6fbccf48cc4e5b82dd926409dcdd67,14,109,1,0.0,3.96e+17,8.770049977619526e+20,0.0,66316561862.0
82,WETH_DAI,18778250,1702482635,0xe3440db297c133d94fdfe78a0b13348dc37162a6072d6891fce5a45a0518e682,0x3fc91a3afd70395cd496c647d5a6cc9d4b2b7fad,0x3fc91a3afd70395cd496c647d5a6cc9d4b2b7fad,0x3fc91a3afd70395cd496c647d5a6cc9d4b2b7fad,70,281,0,1.3298524170425787e+21,0.0,0.0,5.950699430777449e+17,60062979758.0
83,WETH_DAI,18778250,1702482635,0xa90f36a4236d48c6bec922f41c503a4cede0be26f76b01815e67f572c99a9620,0xf081470f5c6fbccf48cc4e5b82dd926409dcdd67,0xf081470f5c6fbccf48cc4e5b82dd926409dcdd67,0xf081470f5c6fbccf48cc4e5b82dd926409dcdd67,14,109,1,0.0,3.96e+17,8.770049977619526e+20,0.0,66316561862.0
84,WETH_DAI,18778258,1702482743,0x8df6b23b5bd4c7f03c885842218d996cfbc038c86d47772e9d08e29095c86675,0xc625e922681c7e708fd21ae72c2487aea5b4e8e0,0xc625e922681c7e708fd21ae72c2487aea5b4e8e0,0xc625e922681c7e708fd21ae72c2487aea5b4e8e0,12,94,1,0.0,2.930961875510231e+17,6.4843162840244e+20,0.0,74102826088.0
84,WETH_DAI,18778258,1702482743,0x6ad02129b1cc3b0f91e56dd8daa23719009ddfc3e3208b3841a60d21bbf7ce18,0x00000047bb99ea4d791bb749d970de71ee0b1a34,0x37427656d9c041e8a438b89ab7b98c7f3c728edd,0x00000047bb99ea4d791bb749d970de71ee0b1a34,58,277,1,0.0,2.4925e+17,5.516477155142499e+20,0.0,74234826088.0
85,WETH_DAI,18778262,1702482791,0xf0ebc11ea3e7849ba09add2dca4e234f72b1b586e15f939d05391f15079ab298,0x3328f7f4a1d1c57c35df56bbf0c9dcafca309c49,0x3328f7f4a1d1c57c35df56bbf0c9dcafca309c49,0x3328f7f4a1d1c57c35df56bbf0c9dcafca309c49,3,32,1,0.0,9.950248756218904e+17,2.2005624850993864e+21,0.0,97276243086.0
85,WETH_DAI,18778262,1702482791,0x89c57377da717c387d48fa4a3c2b61050759541f0e2f73d63546a632489c3812,0x3328f7f4a1d1c57c35df56bbf0c9dcafca309c49,0x3328f7f4a1d1c57c35df56bbf0c9dcafca309c49,0x3328f7f4a1d1c57c35df56bbf0c9dcafca309c49,4,42,1,0.0,4.975124378109453e+17,1.0996958712815952e+21,0.0,92276243086.0
86,WETH_DAI,18778267,1702482851,0x8732d8471b195f40dd0e2d181e58b45e01681b34d1b8e89b4f224607781aa4e1,0x3328f7f4a1d1c57c35df56bbf0c9dcafca309c49,0x3328f7f4a1d1c57c35df56bbf0c9dcafca309c49,0x3328f7f4a1d1c57c35df56bbf0c9dcafca309c49,10,232,1,0.0,9.950248756218904e+16,2.2081179869750516e+20,0.0,79726361996.0
86,WETH_DAI,18778267,1702482851,0x03ce05be2e8c1f3c666ff9a06842232fd455c2077032b125a9994786a6895d15,0x3328f7f4a1d1c57c35df56bbf0c9dcafca309c49,0x3328f7f4a1d1c57c35df56bbf0c9dcafca309c49,0x3328f7f4a1d1c57c35df56bbf0c9dcafca309c49,11,242,1,0.0,4.975124378109453e+17,1.1038239571175668e+21,0.0,74726361996.0
87,WETH_DAI,18778276,1702482959,0x269e8f04b352628d34d3321f565a48919a40f538e9e6f19342914cc4258cb640,0xa69babef1ca67a37ffaf7a485dfff3382056e78c,0xa69babef1ca67a37ffaf7a485dfff3382056e78c,0xa69babef1ca67a37ffaf7a485dfff3382056e78c,11,98,1,0.0,2.2604203863836e+19,5.046371994100332e+22,0.0,64381874603.0
88,WETH_DAI,18778286,1702483079,0x3e182632ce13006152aa0454996acafeabfa8567768bdef45b591668130c013a,0x3fc91a3afd70395cd496c647d5a6cc9d4b2b7fad,0x3fc91a3afd70395cd496c647d5a6cc9d4b2b7fad,0x3fc91a3afd70395cd496c647d5a6cc9d4b2b7fad,6,48,1,0.0,7.371047265310419e+17,1.6099292785309047e+21,0.0,66719575666.0
89,WETH_DAI,19037033,1705620575,0x30b5db20b6006900e93237081b946803bfc3e89620bce0af010a9505541e7d57,0x3fc91a3afd70395cd496c647d5a6cc9d4b2b7fad,0xd46934919d9138d3005c1f8db794f03e7415babd,0x3fc91a3afd70395cd496c647d5a6cc9d4b2b7fad,3,23,0,2.36e+22,0.0,0.0,9.513223911602227e+18,22958668919.0
90,WETH_DAI,19128506,1706728859,0x15fe817794b8006ef1925b271101b5c10ba3ebf153eabd9e5922da3cd8480d07,0x3fc91a3afd70395cd496c647d5a6cc9d4b2b7fad,0xb6b0c651c37ec4ca81c0a128420e02001a57fac2,0x3fc91a3afd70395cd496c647d5a6cc9d4b2b7fad,1,17,0,2.6707196605341534e+22,0.0,0.0,1.1423853693307324e+19,27706526034.0
91,WETH_DAI,19132512,1706777483,0xf6e1d29adf34bc8695e350db2458c17298ebd54e2ae7d62254ae94a6601b6767,0x3fc91a3afd70395cd496c647d5a6cc9d4b2b7fad,0xb6b0c651c37ec4ca81c0a128420e02001a57fac2,0x3fc91a3afd70395cd496c647d5a6cc9d4b2b7fad,1,8,0,2e+22,0.0,0.0,8.689606352503233e+18,16580854949.0
92,WETH_DAI,19168922,1707219083,0xcc301d65445906515c2a156f003f0450c35a10a2731279f762a4d984a6787c51,0x3fc91a3afd70395cd496c647d5a6cc9d4b2b7fad,0xe4b8583ccb95b25737c016ac88e539d0605949e8,0x3fc91a3afd70395cd496c647d5a6cc9d4b2b7fad,1,8,0,3.5243602442587076e+22,0.0,0.0,1.4970605864053363e+19,42390056033.0
93,WETH_DAI,19256942,1708286771,0xa12a14c2eba14e00be198d92650bcb9c8e631ff6abce3f2afe4d95ba896b6355,0x3fc91a3afd70395cd496c647d5a6cc9d4b2b7fad,0x3fc91a3afd70395cd496c647d5a6cc9d4b2b7fad,0x3fc91a3afd70395cd496c647d5a6cc9d4b2b7fad,1,15,0,3.944185449534054e+22,0.0,0.0,1.3712917270244448e+19,33428353440.0
94,WETH_DAI,19262616,1708355855,0x2e3ba1af49bf3708bc137205aeb273bf08d6983f11d69025a83f98374c9c51c2,0x7a250d5630b4cf539739df2c5dacb4c659f2488d,0x9901bac880caecad999e292811db9c1db3e86f8a,0x9901bac880caecad999e292811db9c1db3e86f8a,2,63,1,0.0,2.05e+19,5.870769175795757e+22,0.0,44958765042.0
95,WETH_DAI,19276057,1708518791,0x1db7940702eeb37f689bb3587ab1bacc1259a8aed5834eb3237c4d1aa35b67ed,0xdef1c0ded9bec7f1a1670819833240f027b25eff,0x60adcbbe611bdd370712b62e74a8a3c471a71dad,0xdef1c0ded9bec7f1a1670819833240f027b25eff,8,19,1,0.0,3.3381779711067856e+16,9.699431401427757e+19,0.0,31965291561.0
96,WETH_DAI,19311167,1708943555,0xca6c95864abca89246038313eef055fbbb54c6d2889d4d2f796a7db14fa3611f,0x3fc91a3afd70395cd496c647d5a6cc9d4b2b7fad,0xabbbf1a0d2f6d6faff721511b9aef0988f08cfff,0x3fc91a3afd70395cd496c647d5a6cc9d4b2b7fad,2,18,1,0.0,1.0659540158084663e+19,3.211696882166357e+22,0.0,29731109601.0
97,WETH_DAI,19362120,1709559191,0xa249d479706829bcebd930ddc4ce7ada27bde31ded678e675068a1c160a993b5,0x3fc91a3afd70395cd496c647d5a6cc9d4b2b7fad,0xc7e6b676bfc73ae40bcc4577f22aab1682c691c6,0x3fc91a3afd70395cd496c647d5a6cc9d4b2b7fad,1,12,0,4.634144171400347e+22,0.0,0.0,1.3007993584334698e+19,77775290719.0
98,WETH_DAI,19362161,1709559683,0x3eabc392476e3395ea4c0d055e07090b4e3e0213ea3d43d5e14183669821a4b6,0x3fc91a3afd70395cd496c647d5a6cc9d4b2b7fad,0xa43fe16908251ee70ef74718545e4fe6c5ccec9f,0x3fc91a3afd70395cd496c647d5a6cc9d4b2b7fad,1,14,0,8.118026058725218e+22,0.0,0.0,2.2649563113977655e+19,79200558783.0
99,WETH_DAI,19458086,1710721259,0x2f562b30b33d85ba91b1c69d6b6b213e18894ac4fbe9d55291fd616c043506aa,0x3fc91a3afd70395cd496c647d5a6cc9d4b2b7fad,0x3fc91a3afd70395cd496c647d5a6cc9d4b2b7fad,0x3fc91a3afd70395cd496c647d5a6cc9d4b2b7fad,1,18,0,4.647428284506925e+22,0.0,0.0,1.2659953097428085e+19,25749746979.0
100,WETH_DAI,19513506,1711394267,0xe2504fd3943edc3a20bf67c5a9f7a7cc32701be83381dac97d7a1423e6fafebd,0x3fc91a3afd70395cd496c647d5a6cc9d4b2b7fad,0xc27e87cfe1fd2ed6f43dfffbb9e9e46428497a24,0x3fc91a3afd70395cd496c647d5a6cc9d4b2b7fad,2,26,1,0.0,8.164990446813702e+18,2.9294881950966986e+22,0.0,28389982306.0
101,WETH_DAI,19567513,1712053583,0x40239508563b0856b07fbdd6b1831d329196b753ae8655486672965fae30d379,0x3fc91a3afd70395cd496c647d5a6cc9d4b2b7fad,0x2a706f26e0bd400ac710bec99150ed9d644f29bd,0x3fc91a3afd70395cd496c647d5a6cc9d4b2b7fad,1,8,0,3.66372e+22,0.0,0.0,1.0826163509869672e+19,25984376475.0
102,WETH_DAI,19575975,1712156147,0xf2cd8dd0cee5877c9d25015fb906c0903ce00969b5b659ce6e56d81f04780ebe,0x3fc91a3afd70395cd496c647d5a6cc9d4b2b7fad,0x1b77ef8a54250e7a9f26bfeff04e1815bf3c6445,0x3fc91a3afd70395cd496c647d5a6cc9d4b2b7fad,1,12,1,0.0,2.14122412208322e+19,7.018433946974928e+22,0.0,38583864512.0
103,WETH_DAI,19588728,1712310263,0x490640a0add699213386c730d705244a7b9c7568a296a3ca9a3ffa2d9b1b064a,0xf164fc0ec4e93095b804a4795bbe1e041497b92a,0x7e4f2843673a64674f1ab81d74242bfbe1a6e9cf,0x7e4f2843673a64674f1ab81d74242bfbe1a6e9cf,6,61,1,0.0,1.5317243080052508e+16,4.986010268969783e+19,0.0,16547016728.0
104,WETH_DAI,19627880,1712784083,0x74bbd45bab68b294206108fc0040c94a531307d4e982e29c6ff10fce963efa4a,0x3fc91a3afd70395cd496c647d5a6cc9d4b2b7fad,0x3fc91a3afd70395cd496c647d5a6cc9d4b2b7fad,0x3fc91a3afd70395cd496c647d5a6cc9d4b2b7fad,1,8,1,0.0,1.5e+19,5.200934387982875e+22,0.0,17659484044.0
105,WETH_DAI,19791192,1714758683,0x1e1e1d7fa7f594091a8fd8953afcb8f1e14696b9c9762cbb9552b0e98cb4beaf,0xf164fc0ec4e93095b804a4795bbe1e041497b92a,0x7e4f2843673a64674f1ab81d74242bfbe1a6e9cf,0x7e4f2843673a64674f1ab81d74242bfbe1a6e9cf,29,175,1,0.0,9179033468237008.0,2.8133889944741896e+19,0.0,7144834857.0
106,WETH_DAI,19903750,1716118907,0x2c9625d0b3c72ea9820dd4bb2414d354a05e779c02980442dce49e0fe5cc2fb0,0x7a250d5630b4cf539739df2c5dacb4c659f2488d,0xfee95eef90673896940e6d473ef16b4ccc57270e,0xfee95eef90673896940e6d473ef16b4ccc57270e,1,8,1,0.0,2.5e+19,7.0000000063857746e+22,0.0,2942606050.0
107,WETH_DAI,19928292,1716415547,0xd652d44f29ddbb3f68ec51b5fad65fe60ed2f157bd0b7eb503b1fa16f817b406,0x3fc91a3afd70395cd496c647d5a6cc9d4b2b7fad,0x3fc91a3afd70395cd496c647d5a6cc9d4b2b7fad,0x3fc91a3afd70395cd496c647d5a6cc9d4b2b7fad,1,12,1,0.0,9.942334810290147e+18,3.4421387739499197e+22,0.0,7283753500.0
108,WETH_DAI,20024171,1717572947,0x20c00cb37286d49ab9cf8d85b0fe8233abbc4c025f706428a0d1266626f11190,0x3fc91a3afd70395cd496c647d5a6cc9d4b2b7fad,0x3fc91a3afd70395cd496c647d5a6cc9d4b2b7fad,0x3fc91a3afd70395cd496c647d5a6cc9d4b2b7fad,1,33,1,0.0,6.601675744914781e+19,2.4223892440300167e+23,0.0,9944153664.0
109,WETH_DAI,20026599,1717602215,0x60a58ff7ff2f35b94452dd71e49e15f632138b09a6fab234291debc147b0fc0c,0x3fc91a3afd70395cd496c647d5a6cc9d4b2b7fad,0xca7c2771d248dcbe09eabe0ce57a62e18da178c0,0x3fc91a3afd70395cd496c647d5a6cc9d4b2b7fad,1,7,0,2.3013570742905432e+23,0.0,0.0,5.818589980586982e+19,22016768959.0
110,WETH_DAI,20026631,1717602599,0x3b1dd88e6260c7b6d698515e633f0bd8d1dbab5ff34e9cf9393fca4428345302,0x3fc91a3afd70395cd496c647d5a6cc9d4b2b7fad,0xca7c2771d248dcbe09eabe0ce57a62e18da178c0,0x3fc91a3afd70395cd496c647d5a6cc9d4b2b7fad,1,16,0,5e+22,0.0,0.0,1.2905780925585551e+19,22483227362.0
111,WETH_DAI,20026640,1717602707,0x4ac561e5f3308ab674281c41e04eb32db91e39a9b144a770bcab6383f96ebd08,0x3fc91a3afd70395cd496c647d5a6cc9d4b2b7fad,0xca7c2771d248dcbe09eabe0ce57a62e18da178c0,0x3fc91a3afd70395cd496c647d5a6cc9d4b2b7fad,1,21,0,5e+22,0.0,0.0,1.290028966502259e+19,21172162795.0
112,WETH_DAI,20026643,1717602743,0xbe3d5de9cc5e7fd475cfa4098308136b2d1b4478f4e3a24474a96c0aebd1233e,0x3fc91a3afd70395cd496c647d5a6cc9d4b2b7fad,0xca7c2771d248dcbe09eabe0ce57a62e18da178c0,0x3fc91a3afd70395cd496c647d5a6cc9d4b2b7fad,1,13,0,5e+22,0.0,0.0,1.2890807098307762e+19,23738899863.0
113,WETH_DAI,20026646,1717602779,0x7b43414014ba7d82df29e9e469a797c743441c51e869d9b6912092da75e1a592,0x3fc91a3afd70395cd496c647d5a6cc9d4b2b7fad,0xca7c2771d248dcbe09eabe0ce57a62e18da178c0,0x3fc91a3afd70395cd496c647d5a6cc9d4b2b7fad,1,15,0,5e+22,0.0,0.0,1.2831097662642784e+19,23986357051.0
114,WETH_DAI,20026653,1717602863,0xd3fb8e3da8add1cea617f2a110a4ceeafe8802e47ddf4dce11f53838465bc997,0x3fc91a3afd70395cd496c647d5a6cc9d4b2b7fad,0xca7c2771d248dcbe09eabe0ce57a62e18da178c0,0x3fc91a3afd70395cd496c647d5a6cc9d4b2b7fad,1,7,0,5e+22,0.0,0.0,1.2924219708636178e+19,22337671357.0
115,WETH_DAI,20026658,1717602923,0xca30a45d1387b57bbf5098867b1ef009b4fd26043fe7187d1741c7c5e4e9ce97,0x3fc91a3afd70395cd496c647d5a6cc9d4b2b7fad,0xca7c2771d248dcbe09eabe0ce57a62e18da178c0,0x3fc91a3afd70395cd496c647d5a6cc9d4b2b7fad,1,7,0,5e+22,0.0,0.0,1.2895921278104189e+19,21965858554.0
116,WETH_DAI,20026662,1717602971,0xe2092c4a77d543410b074e24e39e0ef1bd26884e0ed1d0a91b8ce28203e31e83,0x3fc91a3afd70395cd496c647d5a6cc9d4b2b7fad,0xca7c2771d248dcbe09eabe0ce57a62e18da178c0,0x3fc91a3afd70395cd496c647d5a6cc9d4b2b7fad,2,35,0,5e+22,0.0,0.0,1.2910059448421073e+19,20667885045.0
117,WETH_DAI,20026667,1717603031,0x0083ce074dc999cd401a0898f91c56cf8ca62c5a2cd8b654729be2a23167b4a0,0x3fc91a3afd70395cd496c647d5a6cc9d4b2b7fad,0xca7c2771d248dcbe09eabe0ce57a62e18da178c0,0x3fc91a3afd70395cd496c647d5a6cc9d4b2b7fad,1,11,0,5e+22,0.0,0.0,1.2989013535663792e+19,21366743580.0
118,WETH_DAI,20026671,1717603079,0xa50923f38f42aa6a9e11e8eb5cc09f1b6adb591204ed6f058c557f703fdd8669,0x3fc91a3afd70395cd496c647d5a6cc9d4b2b7fad,0xca7c2771d248dcbe09eabe0ce57a62e18da178c0,0x3fc91a3afd70395cd496c647d5a6cc9d4b2b7fad,1,11,0,5e+22,0.0,0.0,1.2856126750510504e+19,22284751518.0
119,WETH_DAI,20026677,1717603151,0x84fd6958f30580b5e8a7a5b4c3ec8ba1e26fb0920d5937e1b892139cc086f2a7,0x3fc91a3afd70395cd496c647d5a6cc9d4b2b7fad,0xca7c2771d248dcbe09eabe0ce57a62e18da178c0,0x3fc91a3afd70395cd496c647d5a6cc9d4b2b7fad,1,15,0,5e+22,0.0,0.0,1.298711294479783e+19,22287734236.0
120,WETH_DAI,20026681,1717603199,0x0f958ec9c03ac43b50a361c83481ce4c616897e6735ccd6258b4b5c68e5baffc,0x3fc91a3afd70395cd496c647d5a6cc9d4b2b7fad,0xca7c2771d248dcbe09eabe0ce57a62e18da178c0,0x3fc91a3afd70395cd496c647d5a6cc9d4b2b7fad,1,7,0,5.8e+22,0.0,0.0,1.4919049589206469e+19,21071289960.0
121,WETH_DAI,20085635,1718314763,0x8021f0250405da9538100bbfe3f3a3b81cd9a4f5d038c57377416cf42237f317,0x3fc91a3afd70395cd496c647d5a6cc9d4b2b7fad,0x3fc91a3afd70395cd496c647d5a6cc9d4b2b7fad,0x3fc91a3afd70395cd496c647d5a6cc9d4b2b7fad,1,19,0,4.56471552654537e+22,0.0,0.0,1.2943778404601864e+19,8664082999.0
122,WETH_DAI,20091328,1718383559,0xf3ec3dcf8a69a5a76f047522a4e74c00c3572292bd5283d8ae58705d5644a146,0x3fc91a3afd70395cd496c647d5a6cc9d4b2b7fad,0x3fc91a3afd70395cd496c647d5a6cc9d4b2b7fad,0x3fc91a3afd70395cd496c647d5a6cc9d4b2b7fad,1,41,1,0.0,1.9749672051115938e+19,6.57357606489967e+22,0.0,25874472050.0
123,WETH_DAI,20091333,1718383619,0xd24d4c71bfaf5ea0e332c62953648d67fd4784f2fb2fcae1ae6c9329325efbf5,0x3fc91a3afd70395cd496c647d5a6cc9d4b2b7fad,0x3fc91a3afd70395cd496c647d5a6cc9d4b2b7fad,0x3fc91a3afd70395cd496c647d5a6cc9d4b2b7fad,1,31,1,0.0,1.6493791033368558e+19,5.497511439883998e+22,0.0,27725691603.0
124,WETH_DAI,20456727,1722793019,0x54dda9b53bc4d6ab91dfd2261b2331ef3ea5a76d684eb04b16043c5fa8b23051,0xe37e799d5077682fa0a244d46e5649f71457bd09,0xe37e799d5077682fa0a244d46e5649f71457bd09,0xe37e799d5077682fa0a244d46e5649f71457bd09,1,124,1,0.0,4.141489811401741e+19,1.101208113217782e+23,0.0,27911633761.0
125,WETH_DAI,20615325,1724706155,0xbbee72809ca570ac8d86e3076b9aa0549b41cd2dd50800af0443f51bfd1a8b53,0x3fc91a3afd70395cd496c647d5a6cc9d4b2b7fad,0x3fc91a3afd70395cd496c647d5a6cc9d4b2b7fad,0x3fc91a3afd70395cd496c647d5a6cc9d4b2b7fad,1,50,0,3.171757806753419e+22,0.0,0.0,1.167497061000776e+19,1282646974.0
126,WETH_DAI,20641001,1725016175,0xff401fb9103ea0eaebb96fc854eeec544a906d9d64cf40fda2336a8619070025,0x3fc91a3afd70395cd496c647d5a6cc9d4b2b7fad,0x6c027635a22faaf29b9f565d543f91236c1864fe,0x3fc91a3afd70395cd496c647d5a6cc9d4b2b7fad,1,25,1,0.0,8.852739131940525e+16,2.223895120240528e+20,0.0,1053141276.0
127,WETH_DAI,21130498,1730918879,0x594dd4475c0de5e82beecafa8f9cafe134eaeb6d9cf0b4505766a481aa6a58a9,0x3fc91a3afd70395cd496c647d5a6cc9d4b2b7fad,0x3fc91a3afd70395cd496c647d5a6cc9d4b2b7fad,0x3fc91a3afd70395cd496c647d5a6cc9d4b2b7fad,1,18,1,0.0,9.833189073536666e+18,2.5895796528004393e+22,0.0,16748544831.0
128,WETH_DAI,21267362,1732569035,0x552286d41ba845bfd89316e7280bb7a04a0d77e0742f8434151215532aaf3697,0x7a250d5630b4cf539739df2c5dacb4c659f2488d,0x4a14347083b80e5216ca31350a2d21702ac3650d,0x4a14347083b80e5216ca31350a2d21702ac3650d,1,9,1,0.0,2.867e+19,9.755802454861357e+22,0.0,10758764471.0
129,WETH_DAI,21454090,1734822887,0x4eefbde660c19a4d6b6da8683676cf113a4f26f23fcb9aa58b20f1685e6f0e26,0x3fc91a3afd70395cd496c647d5a6cc9d4b2b7fad,0x3fc91a3afd70395cd496c647d5a6cc9d4b2b7fad,0x3fc91a3afd70395cd496c647d5a6cc9d4b2b7fad,1,11,0,4.339608676427813e+22,0.0,0.0,1.2894965227846636e+19,10753321243.0
130,WETH_DAI,21577069,1736306915,0x6dce33fc55645277005106da77892585b8518a3dba6e127e5cdaf22348089527,0x3a10dc1a145da500d5fba38b9ec49c8ff11a981f,0x3a10dc1a145da500d5fba38b9ec49c8ff11a981f,0x3a10dc1a145da500d5fba38b9ec49c8ff11a981f,4,39,0,6.210856534738316e+21,0.0,0.0,1.8320845971720384e+18,31444980817.0
131,WETH_DAI,21589245,1736453747,0x414d240c2a71bc617bb7c58be0e3f54c0197cb3e301fa11c0bbd209aa9d3575f,0x5141b82f5ffda4c6fe1e372978f1c5427640a190,0x5141b82f5ffda4c6fe1e372978f1c5427640a190,0x5141b82f5ffda4c6fe1e372978f1c5427640a190,8,125,1,0.0,7.104974215201457e+18,2.2202817068295678e+22,0.0,15491670155.0
132,WETH_DAI,23976916,1765303859,0x2faf4a59e6d6384772696fd56aeb418006321efa40fa5c2df3e9aa1e4c459dcd,0x7a250d5630b4cf539739df2c5dacb4c659f2488d,0x7a6318193bb4031eeaf7046f8f3d1fa8ba4abcff,0x7a6318193bb4031eeaf7046f8f3d1fa8ba4abcff,1,31,1,0.0,1.9e+19,8.319338875093543e+21,0.0,208990131.0
133,WETH_DAI,23976967,1765304471,0x376f755f84ec4b19be9777368027726f3c249c3f66c8c58705559fdc8a3ed884,0x7a250d5630b4cf539739df2c5dacb4c659f2488d,0x0e04de3eb26374f9e8a2e47868c47a8ad7af256f,0x0e04de3eb26374f9e8a2e47868c47a8ad7af256f,2,13,1,0.0,2e+19,1.6446744253565569e+22,0.0,202732601.0
1,WETH_WBTC,10310357,1592759588,0xb1cfaf43a8e576d75665a75aa31701bc497cf08f615c98ed68fb8fe384a8d33b,0x00000f2d00b7a76100366c0013c2000595ee0067,0x00000f2d00b7a76100366c0013c2000595ee0067,0x00000f2d00b7a76100366c0013c2000595ee0067,121,104,0,35277022.0,0.0,0.0,1.4269118145580329e+19,35980000000.0
2,WETH_WBTC,10376779,1593649295,0xa946a86f979b2b402dbb8ca851f0ae22bf9e613b56276cd09cfba548e03fcae4,0x7a250d5630b4cf539739df2c5dacb4c659f2488d,0x37f6629dad0c37100108caf7c9008e7a91660cf1,0x37f6629dad0c37100108caf7c9008e7a91660cf1,36,35,1,0.0,1.5011554444851812e+19,37144851.0,0.0,44000000000.0
3,WETH_WBTC,10459633,1594756718,0x9b07835077b476c28ee40cd99c8151d794242f247e160578a62e25c33bcc6142,0x7a250d5630b4cf539739df2c5dacb4c659f2488d,0xcb134b266bc2e694a7603e481967bdf1ee84ac30,0xcb134b266bc2e694a7603e481967bdf1ee84ac30,133,203,1,0.0,1.9489770095587504e+19,50000000.0,0.0,32000000000.0
4,WETH_WBTC,10475026,1594963243,0xcc127fdb1514592363915da92983b2d5bfac597b564da6c279ae97bc11a45309,0x7a250d5630b4cf539739df2c5dacb4c659f2488d,0x8997023f133edfb50af47e950fe38f7601166e78,0x8997023f133edfb50af47e950fe38f7601166e78,143,148,1,0.0,1.9869649249233633e+19,50000000.0,0.0,47000000000.0
5,WETH_WBTC,11076252,1602974895,0x29a48354cc479e437b0a3219235fd1e997ffc3d0e1bf3568122802eeeb944471,0x7a250d5630b4cf539739df2c5dacb4c659f2488d,0xcb68087552803984048452778bb1c04dffbde471,0xcb68087552803984048452778bb1c04dffbde471,18,67,1,0.0,1.3e+19,41856218.0,0.0,50000000000.0
6,WETH_WBTC,11076257,1602974985,0xfbdf4e862883dc75116b90af3d7ea68de065178a2e735bf20b16981cc6f95a8e,0xf164fc0ec4e93095b804a4795bbe1e041497b92a,0xd291328a6c202c5b18dcb24f279f69de1e065f70,0xd291328a6c202c5b18dcb24f279f69de1e065f70,111,224,1,0.0,5e+17,1609597.0,0.0,19000000000.0
7,WETH_WBTC,12377416,1620259674,0x5a81a9ee258e81f83c1ddf3b52a5745fc4699a35e7798b8f0bb8369848853ef7,0xf164fc0ec4e93095b804a4795bbe1e041497b92a,0x22f9dcf4647084d6c31b2765f6910cd85c178c18,0x22f9dcf4647084d6c31b2765f6910cd85c178c18,1,25,1,0.0,1.7304497440720867e+20,1049930434.0,0.0,57000000000.0
8,WETH_WBTC,12478305,1621608788,0x6e9541c7116e4029c29962f085326ca4eaccd30327d859f6fe4f1c28b16ac0a4,0x7a250d5630b4cf539739df2c5dacb4c659f2488d,0xdead41d42bf9efc6154d075aa203386a3e64a8bc,0xdead41d42bf9efc6154d075aa203386a3e64a8bc,4,25,1,0.0,1.8665404294327298e+20,1215731120.0,0.0,253875000000.0
9,WETH_WBTC,12603119,1623279079,0x4aaababbec83eda96742e462c01b57efd2c5d1e2349c06302bb45c7791e5fe2d,0x7a250d5630b4cf539739df2c5dacb4c659f2488d,0x7c0c26e7eeb05ba2a4a7ec3f865f3b6b4d0faaf6,0x7c0c26e7eeb05ba2a4a7ec3f865f3b6b4d0faaf6,2,13,1,0.0,1e+20,695384577.0,0.0,15000000000.0
10,WETH_WBTC,12783636,1625705345,0xeb3f986bfa044e8cde874d70d9c1bd4173f02c1c4360ed4c636372027bab633c,0x7a250d5630b4cf539739df2c5dacb4c659f2488d,0x484a8e9d2d135c59d00a3d99a8bdec1dc04cb097,0x484a8e9d2d135c59d00a3d99a8bdec1dc04cb097,1,10,1,0.0,1.3387062492385413e+20,906364412.0,0.0,28000000000.0
11,WETH_WBTC,12931263,1627706678,0x415bf0b4e9c83eae839465ecf85d454e024148ebf38c3a65dc287890258f42e8,0xf164fc0ec4e93095b804a4795bbe1e041497b92a,0xe86204c4eddd2f70ee00ead6805f917671f56c52,0xe86204c4eddd2f70ee00ead6805f917671f56c52,4,31,1,0.0,1.019214560252233e+19,59629231.0,0.0,23000000000.0
12,WETH_WBTC,13079247,1629690540,0xdb957fa3b5e8fb7a02580dfdd7eafe0491e574a6d57d2a97bafca2c7c8a8210d,0x7a250d5630b4cf539739df2c5dacb4c659f2488d,0x71f66be3cc2bec748396c23df198c521a7eae3dc,0x71f66be3cc2bec748396c23df198c521a7eae3dc,1,7,1,0.0,1.6283763563244614e+20,1052880484.0,0.0,79000000000.0
13,WETH_WBTC,13110127,1630103164,0xcb6381ab19028fe666291cc2e45b2606ca5d85f377bfb314d6a79eb1877509a6,0x7a250d5630b4cf539739df2c5dacb4c659f2488d,0xd2341dd36195abc16735f0bc2cb2988ccb5663c2,0xd2341dd36195abc16735f0bc2cb2988ccb5663c2,1,8,1,0.0,8.34e+19,550985534.0,0.0,91000000000.0
14,WETH_WBTC,13255737,1632049062,0xad2ca847e5547a7ed4640981ae66958b515d7db431cdd6bb2dbafe890eb7cc7e,0x7a250d5630b4cf539739df2c5dacb4c659f2488d,0x16361f8ca082c8481e74e53110e4c09fb6631d55,0x16361f8ca082c8481e74e53110e4c09fb6631d55,3,26,1,0.0,1.1e+17,780077.0,0.0,33863892005.0
14,WETH_WBTC,13255737,1632049062,0xad2ca847e5547a7ed4640981ae66958b515d7db431cdd6bb2dbafe890eb7cc7e,0x7a250d5630b4cf539739df2c5dacb4c659f2488d,0x16361f8ca082c8481e74e53110e4c09fb6631d55,0x16361f8ca082c8481e74e53110e4c09fb6631d55,3,62,1,0.0,2.4e+17,1701960.0,0.0,33863892005.0
15,WETH_WBTC,13540927,1635902198,0x329a3d1bace87d9f97482a290a5fa67e5f73c02dfb5c3538870710a8211af33d,0x7a250d5630b4cf539739df2c5dacb4c659f2488d,0x7a250d5630b4cf539739df2c5dacb4c659f2488d,0x7a250d5630b4cf539739df2c5dacb4c659f2488d,2,27,0,707418468.0,0.0,0.0,9.596865529930141e+19,166000000000.0
16,WETH_WBTC,13714338,1638269381,0x3eaaf2fbb85520cd5846c7041d4f4e2498bdb3af27a6c9130142a032f0bdd46e,0x7a250d5630b4cf539739df2c5dacb4c659f2488d,0x7a250d5630b4cf539739df2c5dacb4c659f2488d,0x7a250d5630b4cf539739df2c5dacb4c659f2488d,4,40,0,565670148.0,0.0,0.0,7.11023798052029e+19,85435314197.0
17,WETH_WBTC,13810014,1639574904,0x999342039e151175047de8c23901ebd64dc0866d99e7469ea423c250e734d000,0x7a250d5630b4cf539739df2c5dacb4c659f2488d,0x0d4a11d5eeaac28ec3f61d100daf4d40471f1852,0x0d4a11d5eeaac28ec3f61d100daf4d40471f1852,1,27,0,298625420.0,0.0,0.0,3.689210604013844e+19,62000000000.0
18,WETH_WBTC,13849900,1640108047,0x69c4d5622dcf96ece0e9816a371ee8a9a78668dd2440dc6987b356c69a4bba8e,0x7a250d5630b4cf539739df2c5dacb4c659f2488d,0xb4e16d0168e52d35cacd2c6185b44281ec28c9dc,0xb4e16d0168e52d35cacd2c6185b44281ec28c9dc,1,27,0,304190885.0,0.0,0.0,3.641790345758192e+19,81000000000.0
19,WETH_WBTC,13850869,1640120556,0xd57dd956543e1526f3e8285ebddd0755f025b9c4ba697b6737266011269ed56f,0x68b3465833fb72a70ecdf485e0e4c7bd8665fc45,0x10e4a463f2ace6e3836fe547e885993844299be6,0x68b3465833fb72a70ecdf485e0e4c7bd8665fc45,1,9,0,380000000.0,0.0,0.0,4.4124237032581186e+19,82160904737.0
20,WETH_WBTC,13902638,1640812903,0xbf28f2ccd315e1efa43e67389d92017b729c62271db21a0ba4bba76cb9871ff0,0x7a250d5630b4cf539739df2c5dacb4c659f2488d,0x498c5431eb517101582988fbb36431ddaac8f4b1,0x498c5431eb517101582988fbb36431ddaac8f4b1,4,46,1,0.0,3.845952538888029e+19,300000000.0,0.0,115513247747.0
21,WETH_WBTC,13955950,1641526885,0x7439f786c012e4b237d511f7a75d1bf768c12cf89a0d09d9c40724682953c459,0x7a250d5630b4cf539739df2c5dacb4c659f2488d,0xb4e16d0168e52d35cacd2c6185b44281ec28c9dc,0xb4e16d0168e52d35cacd2c6185b44281ec28c9dc,2,45,0,366373372.0,0.0,0.0,4.566803664194718e+19,264000000000.0
22,WETH_WBTC,13999671,1642110411,0x0f6d99138e7561b2699e9390033321ff04c28a328c283d576bd01b4cbaf3bea8,0xf164fc0ec4e93095b804a4795bbe1e041497b92a,0x0c1183339f38b3b8080a15fcfb2eb61d6a6c175e,0x0c1183339f38b3b8080a15fcfb2eb61d6a6c175e,2,18,1,0.0,3.080842165542312e+17,2352601.0,0.0,135199771632.0
23,WETH_WBTC,14005853,1642193030,0x5d52984ae6be6aeaecbbbfd54dd59708c4a9b9e56a242a22c71cf331a1cc2807,0x7a250d5630b4cf539739df2c5dacb4c659f2488d,0x498c5431eb517101582988fbb36431ddaac8f4b1,0x498c5431eb517101582988fbb36431ddaac8f4b1,1,30,1,0.0,3.5642744299573748e+19,265912327.0,0.0,124033048796.0
24,WETH_WBTC,14029767,1642512654,0x2692c6f7d3991c236f1ca49b1243d4f0f8316c28493b93ffb428e040a29c3585,0x7a250d5630b4cf539739df2c5dacb4c659f2488d,0xb4e16d0168e52d35cacd2c6185b44281ec28c9dc,0xb4e16d0168e52d35cacd2c6185b44281ec28c9dc,1,42,0,367716580.0,0.0,0.0,4.7454571096219296e+19,130253385657.0
25,WETH_WBTC,14046667,1642737668,0xebeec88d76b062f3b0ff10a852b7cf9c72b1c8021e944e18af336d9f8c0ddb57,0x7a250d5630b4cf539739df2c5dacb4c659f2488d,0xb4e16d0168e52d35cacd2c6185b44281ec28c9dc,0xb4e16d0168e52d35cacd2c6185b44281ec28c9dc,13,99,0,370879030.0,0.0,0.0,4.952666775341327e+19,188100000000.0
26,WETH_WBTC,14046767,1642738735,0x6e1bf45c30c85b14fb7a269893be3e16cd8329526bde97091c1cd8ded3a77b2e,0x7a250d5630b4cf539739df2c5dacb4c659f2488d,0xb4e16d0168e52d35cacd2c6185b44281ec28c9dc,0xb4e16d0168e52d35cacd2c6185b44281ec28c9dc,2,49,0,387890886.0,0.0,0.0,5.106317611467109e+19,132000000000.0
27,WETH_WBTC,14053100,1642823636,0xe05f78f2f65267470c34bf797f33f39efd2d3173abc5e5c7dc3378d587b32597,0x7a250d5630b4cf539739df2c5dacb4c659f2488d,0x0d4a11d5eeaac28ec3f61d100daf4d40471f1852,0x0d4a11d5eeaac28ec3f61d100daf4d40471f1852,2,41,0,410228953.0,0.0,0.0,5.704328044368631e+19,145441703810.0
28,WETH_WBTC,14055380,1642853921,0xeefdd2833f8c1c73a94015f4914a27fe11d8892011fbbe61bc843de84df389e8,0x7a250d5630b4cf539739df2c5dacb4c659f2488d,0x498c5431eb517101582988fbb36431ddaac8f4b1,0x498c5431eb517101582988fbb36431ddaac8f4b1,12,123,0,282526411.0,0.0,0.0,4e+19,139948054193.0
29,WETH_WBTC,14055408,1642854459,0x806008bbe89c7b3546ff462c1032c54ef9cf251478392f449849b317dd925115,0x7a250d5630b4cf539739df2c5dacb4c659f2488d,0x498c5431eb517101582988fbb36431ddaac8f4b1,0x498c5431eb517101582988fbb36431ddaac8f4b1,3,46,0,335889966.0,0.0,0.0,4.7402837941281645e+19,126444127281.0
30,WETH_WBTC,14199499,1644778190,0x25b80cd9abd1ffc126e10ef195e8c6632bd5cc6893381102259bfa4a0c63bb6d,0x7a250d5630b4cf539739df2c5dacb4c659f2488d,0xb4e16d0168e52d35cacd2c6185b44281ec28c9dc,0xb4e16d0168e52d35cacd2c6185b44281ec28c9dc,5,85,0,340084400.0,0.0,0.0,4.849691810100683e+19,65000000000.0
31,WETH_WBTC,14266075,1645669150,0x0f16952fcd02cfb16b911aa758b5d3b88ec8740a53d1733f674548e421e6428a,0x7a250d5630b4cf539739df2c5dacb4c659f2488d,0x3ad58551d87db091e6322b637ea47b4b922213b2,0x3ad58551d87db091e6322b637ea47b4b922213b2,1,11,1,0.0,2.2826486483542364e+19,156935343.0,0.0,59284072791.0
32,WETH_WBTC,14267128,1645683674,0xe05e19625ce1d56eab21597d4eff6987577dfed508d9bfbee5892b967d23cc31,0x7a250d5630b4cf539739df2c5dacb4c659f2488d,0xa478c2975ab1ea89e8196811f51a7b7ade33eb11,0xa478c2975ab1ea89e8196811f51a7b7ade33eb11,2,33,0,156513488.0,0.0,0.0,2.2608528051802305e+19,100412071477.0
33,WETH_WBTC,14267841,1645692704,0xa962fd492ce187737cc46f9fe4660f79958f6d93eab00f0b76ce27ca125ddef4,0x7a250d5630b4cf539739df2c5dacb4c659f2488d,0xb4e16d0168e52d35cacd2c6185b44281ec28c9dc,0xb4e16d0168e52d35cacd2c6185b44281ec28c9dc,1,27,0,293758548.0,0.0,0.0,4.226894832702895e+19,58148009501.0
34,WETH_WBTC,14289046,1645976080,0x74ad8b0d03322954942ad6f56faa7697fd028a5de9565e0df009ec1e37722d95,0x7a250d5630b4cf539739df2c5dacb4c659f2488d,0x0d4a11d5eeaac28ec3f61d100daf4d40471f1852,0x0d4a11d5eeaac28ec3f61d100daf4d40471f1852,1,29,0,221596936.0,0.0,0.0,3.056219723843443e+19,39039297785.0
35,WETH_WBTC,14291489,1646008756,0x9257b4de22b452a216c45c785230ed8eaab3b3ea9b284d6b8bf713e57c610c63,0x7a250d5630b4cf539739df2c5dacb4c659f2488d,0xb4e16d0168e52d35cacd2c6185b44281ec28c9dc,0xb4e16d0168e52d35cacd2c6185b44281ec28c9dc,1,42,0,220793383.0,0.0,0.0,3.098510124341807e+19,70000000000.0
36,WETH_WBTC,14323424,1646436068,0xbe4433c3d9907b2dd52b14487e5a53b1f892f4e8d32e34a0efd6e711c3d2454c,0x7a250d5630b4cf539739df2c5dacb4c659f2488d,0xb4e16d0168e52d35cacd2c6185b44281ec28c9dc,0xb4e16d0168e52d35cacd2c6185b44281ec28c9dc,3,63,0,233016568.0,0.0,0.0,3.3855560123657126e+19,67000000000.0
37,WETH_WBTC,14327797,1646495710,0x4f78f686b1402849b026ae5747291d7c264f4652776f28cdf75f55214ecd83de,0x7a250d5630b4cf539739df2c5dacb4c659f2488d,0x0d4a11d5eeaac28ec3f61d100daf4d40471f1852,0x0d4a11d5eeaac28ec3f61d100daf4d40471f1852,1,45,0,298788927.0,0.0,0.0,4.348464928575984e+19,24530962358.0
38,WETH_WBTC,14339732,1646656654,0x08a52ac62e9ddd389b05579f274dedfb1aa9ad2c75f4bc2d9e9f87464168887c,0x68b3465833fb72a70ecdf485e0e4c7bd8665fc45,0x1fd7aa4c703715a21bbaf83336f42920d074d919,0x68b3465833fb72a70ecdf485e0e4c7bd8665fc45,5,37,1,0.0,2.754449078569428e+19,180357346.0,0.0,23360682574.0
39,WETH_WBTC,14365678,1647003551,0xfa38af8e4ffe7bb3ca58fda190d3cb6552e5e85dd809d77f052a29e990f89de7,0x7a250d5630b4cf539739df2c5dacb4c659f2488d,0x0d4a11d5eeaac28ec3f61d100daf4d40471f1852,0x0d4a11d5eeaac28ec3f61d100daf4d40471f1852,3,52,0,129422459.0,0.0,0.0,1.8926767070996554e+19,24002987454.0
40,WETH_WBTC,14385874,1647276237,0xcd98d6365af0f6724b8ee11e2c1ae6493b0b0433dedd96e23c9c7ed905740dec,0x7a250d5630b4cf539739df2c5dacb4c659f2488d,0x498c5431eb517101582988fbb36431ddaac8f4b1,0x498c5431eb517101582988fbb36431ddaac8f4b1,1,32,1,0.0,4.592097009757816e+19,300000000.0,0.0,29811808739.0
41,WETH_WBTC,14391169,1647347497,0xf7a77be5aee741941e63f30771e7d9b3cea179a9b7aeed66058e1d11b833eb46,0x68b3465833fb72a70ecdf485e0e4c7bd8665fc45,0x39fc4cdaa0e79efe7687822f1c0bacc87e1deede,0x68b3465833fb72a70ecdf485e0e4c7bd8665fc45,1,12,1,0.0,3.027589727494595e+19,193282726.0,0.0,28727744632.0
42,WETH_WBTC,14391789,1647355793,0x9fd8da479a07b162ca848712199ae9bcf302aeee727973de510407eb5f8e1969,0x7a250d5630b4cf539739df2c5dacb4c659f2488d,0x498c5431eb517101582988fbb36431ddaac8f4b1,0x498c5431eb517101582988fbb36431ddaac8f4b1,1,32,1,0.0,4.6490702785278796e+19,300000000.0,0.0,47381649966.0
43,WETH_WBTC,14607766,1650265787,0x41b739c19301d17cdfbf8fd12c19c32cfcd1bb9ecfd01ed9331ed193d9f4a7a1,0x7a250d5630b4cf539739df2c5dacb4c659f2488d,0x3ad58551d87db091e6322b637ea47b4b922213b2,0x3ad58551d87db091e6322b637ea47b4b922213b2,1,13,1,0.0,4.4246688179135816e+19,325640209.0,0.0,19952923251.0
44,WETH_WBTC,14635815,1650645793,0x2c05c8ee1b93e84a80b13e9e2f447dd70a2c622fcbfa029f77ea7a733525acf1,0x7a250d5630b4cf539739df2c5dacb4c659f2488d,0xb4e16d0168e52d35cacd2c6185b44281ec28c9dc,0xb4e16d0168e52d35cacd2c6185b44281ec28c9dc,1,29,0,383689324.0,0.0,0.0,4.933102021466749e+19,100000000000.0
45,WETH_WBTC,14635855,1650646392,0x3c1a8f742de20a88d39b92cc239b9208ce536fc1b65bff600084aeeab5c3ecdb,0x7a250d5630b4cf539739df2c5dacb4c659f2488d,0xb4e16d0168e52d35cacd2c6185b44281ec28c9dc,0xb4e16d0168e52d35cacd2c6185b44281ec28c9dc,1,29,0,377789051.0,0.0,0.0,4.9344814548457185e+19,100000000000.0
46,WETH_WBTC,14635868,1650646520,0xfaa5ada732ba6c94948e243a48f4ddbbb3fd4946439c5e6107a7f270e887ffed,0x7a250d5630b4cf539739df2c5dacb4c659f2488d,0xb4e16d0168e52d35cacd2c6185b44281ec28c9dc,0xb4e16d0168e52d35cacd2c6185b44281ec28c9dc,1,29,0,378464766.0,0.0,0.0,4.944207737245713e+19,100000000000.0
47,WETH_WBTC,14635890,1650646851,0xacdcb3f6dd5bad739c07b1b39c637a5f41bf0b00e2c4d947d0823e50a98402a3,0x7a250d5630b4cf539739df2c5dacb4c659f2488d,0xb4e16d0168e52d35cacd2c6185b44281ec28c9dc,0xb4e16d0168e52d35cacd2c6185b44281ec28c9dc,3,35,0,378432085.0,0.0,0.0,4.949783344560211e+19,100000000000.0
48,WETH_WBTC,14635914,1650647214,0x8a0280feff3fc4bb0545cc0573c02e280af9eae9da52839dbd666ad4c3a7efe2,0x7a250d5630b4cf539739df2c5dacb4c659f2488d,0xb4e16d0168e52d35cacd2c6185b44281ec28c9dc,0xb4e16d0168e52d35cacd2c6185b44281ec28c9dc,1,29,0,366007616.0,0.0,0.0,4.773013666284276e+19,80000000000.0
49,WETH_WBTC,14635951,1650647701,0x0223b97f38a764440dd4d8179f54b1830d8bfe54f1240be6563a5940c90eeb7e,0x7a250d5630b4cf539739df2c5dacb4c659f2488d,0xb4e16d0168e52d35cacd2c6185b44281ec28c9dc,0xb4e16d0168e52d35cacd2c6185b44281ec28c9dc,1,29,0,270883171.0,0.0,0.0,3.551176380303171e+19,100000000000.0
50,WETH_WBTC,14746485,1652156249,0x657e22beea3bd7de7857129745fee2c08b9bc7bafcc6466d6959814ed96c9ca9,0x68b3465833fb72a70ecdf485e0e4c7bd8665fc45,0x76b12edafcbd05b70d25670c47f97783d52b0926,0x68b3465833fb72a70ecdf485e0e4c7bd8665fc45,3,31,1,0.0,3.515046931122668e+19,258948895.0,0.0,40866542236.0
51,WETH_WBTC,14757220,1652304361,0xdd3d43a009fbbdd89ec4127dd419be89da0f6b31b0bf6e9e59aab37e8b7cbb14,0x7a250d5630b4cf539739df2c5dacb4c659f2488d,0xa478c2975ab1ea89e8196811f51a7b7ade33eb11,0xa478c2975ab1ea89e8196811f51a7b7ade33eb11,1,45,0,520530212.0,0.0,0.0,7.04216585756902e+19,284945579834.0
52,WETH_WBTC,14759983,1652343139,0xb598496389ad2c8fff40ee3dfaa9336d473d3ab332c2c9411295d6ea47034538,0x7a250d5630b4cf539739df2c5dacb4c659f2488d,0xbadc0defafcf6d4239bdf0b66da4d7bd36fcf05a,0xbadc0defafcf6d4239bdf0b66da4d7bd36fcf05a,1,27,0,207659916.0,0.0,0.0,2.833549297744155e+19,404688640836.0
53,WETH_WBTC,14834434,1653376623,0xbc1c91c47d24a3210fbb6ea8ebe544c36544a5006a6aa1abec2338cd9e74bc9a,0x7a250d5630b4cf539739df2c5dacb4c659f2488d,0x3ad58551d87db091e6322b637ea47b4b922213b2,0x3ad58551d87db091e6322b637ea47b4b922213b2,1,11,1,0.0,2.5199753907321872e+19,168071972.0,0.0,16337485413.0
54,WETH_WBTC,15033814,1656324162,0x6c434c4665ca706be5d86c055b7ea1c16453ac7f7ab09ab623583ff8ea40e1a5,0x7a250d5630b4cf539739df2c5dacb4c659f2488d,0xb4e16d0168e52d35cacd2c6185b44281ec28c9dc,0xb4e16d0168e52d35cacd2c6185b44281ec28c9dc,1,10,0,200000000.0,0.0,0.0,3.4233233458829672e+19,24768072989.0
55,WETH_WBTC,15119185,1657513408,0xd80969118fc60e7fbc954eceb42f32a8a8fe5df86c1ef6b21499361ea17c0c4a,0x7a250d5630b4cf539739df2c5dacb4c659f2488d,0xa478c2975ab1ea89e8196811f51a7b7ade33eb11,0xa478c2975ab1ea89e8196811f51a7b7ade33eb11,1,21,0,229186826.0,0.0,0.0,4.02446713863421e+19,230880820483.0
56,WETH_WBTC,15194525,1658520880,0xdec15884e99d4c05b0c90a1ec491963b25307074fd334f527f32f27c69fce55c,0x7a250d5630b4cf539739df2c5dacb4c659f2488d,0xb4e16d0168e52d35cacd2c6185b44281ec28c9dc,0xb4e16d0168e52d35cacd2c6185b44281ec28c9dc,1,9,0,192208545.0,0.0,0.0,2.808149238460226e+19,31155867161.0
57,WETH_WBTC,15308186,1660050767,0x37cfe67b61014b3f5db9d585b7676159ed5fa7037b611a461dcfc19adf11fece,0x7a250d5630b4cf539739df2c5dacb4c659f2488d,0x7a250d5630b4cf539739df2c5dacb4c659f2488d,0x7a250d5630b4cf539739df2c5dacb4c659f2488d,1,9,0,290365212.0,0.0,0.0,3.875687836774307e+19,12333435721.0
58,WETH_WBTC,15416213,1661528367,0x6c4ca8f6ec8b3857014e0f3bbc3331098986398a3d8ba1ff8710b164cbbccbcc,0x7a250d5630b4cf539739df2c5dacb4c659f2488d,0x0d2de7ede9c6512388c07e7e1da324a0f909cc2a,0x0d2de7ede9c6512388c07e7e1da324a0f909cc2a,1,9,1,0.0,3.569946109054189e+19,269324336.0,0.0,17315026552.0
59,WETH_WBTC,15481035,1662425676,0x5ccd467f6a8bf71dcb762be4b43d83dc27f64b46509c67d230c454843c44a0a2,0x7a250d5630b4cf539739df2c5dacb4c659f2488d,0x32c4f1fcfb1f8cd79faa42d1e595dc52e9473666,0x32c4f1fcfb1f8cd79faa42d1e595dc52e9473666,6,38,0,168338378.0,0.0,0.0,2.01387440166862e+19,12791956232.0
60,WETH_WBTC,15699216,1665182027,0xfd63e7120d591c1bfd41e2fe161045723ccb486dbfb988fadbed7fb156ef012a,0x68b3465833fb72a70ecdf485e0e4c7bd8665fc45,0xece9ff3fb48eb6c81166908c0d3dd86200ecb377,0x68b3465833fb72a70ecdf485e0e4c7bd8665fc45,1,14,1,0.0,3.237773571724648e+17,2197377.0,0.0,8570852653.0
61,WETH_WBTC,15742323,1665701939,0x831b0a8bcdf73b27f59c3f2b7439090342e5d062f11b045afe907d908b4436f9,0x68b3465833fb72a70ecdf485e0e4c7bd8665fc45,0x5d694896e6ab75ce99eb419502c14f695180594e,0x68b3465833fb72a70ecdf485e0e4c7bd8665fc45,1,12,1,0.0,1.660195198322106e+19,99950342.0,0.0,15358533171.0
62,WETH_WBTC,15825346,1666703867,0xa9716a10d5991ae20c324a9ce06edcd2cc2d96e9ca46c21cca84cc03acf4e784,0x7a250d5630b4cf539739df2c5dacb4c659f2488d,0xb4e16d0168e52d35cacd2c6185b44281ec28c9dc,0xb4e16d0168e52d35cacd2c6185b44281ec28c9dc,1,10,0,354408271.0,0.0,0.0,2.1532348185596686e+19,23479540845.0
63,WETH_WBTC,15825348,1666703891,0x3d209709572a1151ad2860ca43d28d0c01eca663e46049f9b53b0741ed0d7c94,0x7a250d5630b4cf539739df2c5dacb4c659f2488d,0xb4e16d0168e52d35cacd2c6185b44281ec28c9dc,0xb4e16d0168e52d35cacd2c6185b44281ec28c9dc,1,8,0,83515344.0,0.0,0.0,1.055734002593344e+19,25355136018.0
64,WETH_WBTC,15825354,1666703963,0x017eedc0dbb1e2456087f5dd65d7ffac79918432ce14b7e52955c2ae0caf01b6,0x7a250d5630b4cf539739df2c5dacb4c659f2488d,0xb4e16d0168e52d35cacd2c6185b44281ec28c9dc,0xb4e16d0168e52d35cacd2c6185b44281ec28c9dc,1,10,0,166756147.0,0.0,0.0,1.0048551204667296e+19,25691291619.0
65,WETH_WBTC,15828225,1666738823,0xd91d1a07caac8ab0cd1ee410bac10972071ca37f120ccaf3db6551ef0ef8ffe3,0x7a250d5630b4cf539739df2c5dacb4c659f2488d,0xb4e16d0168e52d35cacd2c6185b44281ec28c9dc,0xb4e16d0168e52d35cacd2c6185b44281ec28c9dc,1,23,0,87335018.0,0.0,0.0,1.1842829710330628e+19,14954584887.0
66,WETH_WBTC,15897145,1667570855,0x015d12c05ecf23d748b849302cec5f8c583107d7623c8e0dccac714365ec2d66,0x7a250d5630b4cf539739df2c5dacb4c659f2488d,0x7a250d5630b4cf539739df2c5dacb4c659f2488d,0x7a250d5630b4cf539739df2c5dacb4c659f2488d,5,25,0,100380382.0,0.0,0.0,1.2759674016820896e+19,31900000000.0
67,WETH_WBTC,15927892,1667941583,0xd718ba2cbb4298dfea366a38604e875a3091765a43d934776ff773139a9b6b18,0x7a250d5630b4cf539739df2c5dacb4c659f2488d,0x0d4a11d5eeaac28ec3f61d100daf4d40471f1852,0x0d4a11d5eeaac28ec3f61d100daf4d40471f1852,4,27,0,87581230.0,0.0,0.0,1.1969375493122243e+19,109000000000.0
68,WETH_WBTC,15935932,1668038795,0xc88d29063e8258dd4f2d69f3dea44fb5726b2d519783b7d3b12a43be7fd3287a,0x7a250d5630b4cf539739df2c5dacb4c659f2488d,0xb4e16d0168e52d35cacd2c6185b44281ec28c9dc,0xb4e16d0168e52d35cacd2c6185b44281ec28c9dc,3,31,0,130248876.0,0.0,0.0,1.8339641233894824e+19,60105501403.0
69,WETH_WBTC,15966282,1668404855,0xf87ba9c6783cd390e31d9bdb4e501bfe087f29d931ed2320f5af6a80111bd685,0x7a250d5630b4cf539739df2c5dacb4c659f2488d,0xb4e16d0168e52d35cacd2c6185b44281ec28c9dc,0xb4e16d0168e52d35cacd2c6185b44281ec28c9dc,1,23,0,130424170.0,0.0,0.0,1.7041639821283072e+19,12123510655.0
70,WETH_WBTC,15977009,1668534335,0x9ac6b31050f76dde86c0828753b151aa3b518046b92674fe9cd12257c2fe9e51,0x68b3465833fb72a70ecdf485e0e4c7bd8665fc45,0xca7c2771d248dcbe09eabe0ce57a62e18da178c0,0x68b3465833fb72a70ecdf485e0e4c7bd8665fc45,1,9,0,199046905.0,0.0,0.0,2.611353145758187e+19,17111791045.0
71,WETH_WBTC,16051596,1669434767,0x27d591662be1d5d5f2e300a8236e92c7a3faf2b2d374ded7d4a22edcef94426d,0x7a250d5630b4cf539739df2c5dacb4c659f2488d,0x0d4a11d5eeaac28ec3f61d100daf4d40471f1852,0x0d4a11d5eeaac28ec3f61d100daf4d40471f1852,1,23,0,154253517.0,0.0,0.0,2.0622177641125847e+19,8000000000.0
72,WETH_WBTC,16051627,1669435139,0x2dc890b8135db876c809ed4ff96d6fe4819204617e2dbd5f394423ea58cf2c2d,0x7a250d5630b4cf539739df2c5dacb4c659f2488d,0xb4e16d0168e52d35cacd2c6185b44281ec28c9dc,0xb4e16d0168e52d35cacd2c6185b44281ec28c9dc,1,33,0,895316649.0,0.0,0.0,1.1583590473301582e+20,13390901728.0
73,WETH_WBTC,16055035,1669476251,0xf5a8a67de8058c0dd864cf25049cfbbce775adced51aec1f11da54e5323ef5c8,0x7a250d5630b4cf539739df2c5dacb4c659f2488d,0xb4e16d0168e52d35cacd2c6185b44281ec28c9dc,0xb4e16d0168e52d35cacd2c6185b44281ec28c9dc,1,9,0,125069983.0,0.0,0.0,1.6707866483774212e+19,12600000000.0
74,WETH_WBTC,16113321,1670179583,0x323292dc3c66e78d2ff479540ee1bdd3cf25bf49274f0dec6462c9bf38d7248d,0x7a250d5630b4cf539739df2c5dacb4c659f2488d,0xb4e16d0168e52d35cacd2c6185b44281ec28c9dc,0xb4e16d0168e52d35cacd2c6185b44281ec28c9dc,1,23,0,378521269.0,0.0,0.0,4.9743111417366634e+19,13695122143.0
75,WETH_WBTC,16115180,1670202011,0x370fb1b6185787e162f6bc5f8c721e1be59b58159e5aad56ef6ff754da33581b,0xdef1c0ded9bec7f1a1670819833240f027b25eff,0x39993cf130593b571165f4f932799d3bcb62a1d2,0xdef1c0ded9bec7f1a1670819833240f027b25eff,3,28,1,0.0,2.3577772114878528e+17,1765524.0,0.0,13850411329.0
76,WETH_WBTC,16170905,1670875655,0xf042b8c0c9ece85a675d0b04930ec13abcd62a91281413960d4f0f11bc133202,0x7a250d5630b4cf539739df2c5dacb4c659f2488d,0x7a250d5630b4cf539739df2c5dacb4c659f2488d,0x7a250d5630b4cf539739df2c5dacb4c659f2488d,1,9,0,187525184.0,0.0,0.0,2.4835122251977527e+19,22491962631.0
77,WETH_WBTC,16183595,1671028907,0xc5ec271095b944e08152432d98bd3082a350b2bc39ea7e27f5de2f7ad90443e8,0x7a250d5630b4cf539739df2c5dacb4c659f2488d,0x0d2de7ede9c6512388c07e7e1da324a0f909cc2a,0x0d2de7ede9c6512388c07e7e1da324a0f909cc2a,2,20,1,0.0,2.2809402634257617e+19,166339396.0,0.0,14541397708.0
78,WETH_WBTC,16389173,1673507795,0xa5644c17db28a00de75c3b37bd4bbe4cfec13880a726468bf255a7111a3d9ff6,0x7a250d5630b4cf539739df2c5dacb4c659f2488d,0x7a250d5630b4cf539739df2c5dacb4c659f2488d,0x7a250d5630b4cf539739df2c5dacb4c659f2488d,1,9,0,273138213.0,0.0,0.0,3.495741358095173e+19,66800000000.0
79,WETH_WBTC,16453640,1674285599,0x3ade51aec40449f3c4fbae2280ab648eea07c5b923bf2fe622f85bf7742e2fc7,0xef1c6e67703c7bd7107eed8303fbe6ec2554bf6b,0xd67c1b48bb4ffc8be1e1c8395b5d092bfa4ce535,0xef1c6e67703c7bd7107eed8303fbe6ec2554bf6b,5,47,1,0.0,4e+16,291943.0,0.0,14282832405.0
80,WETH_WBTC,16478242,1674582251,0xbe36db2fe4866e031333f56f1b623142df67c2c1874c1a522e6fae472ec71cc2,0x7a250d5630b4cf539739df2c5dacb4c659f2488d,0x7f913c6e98bd3119759788bd2e7cc377fcb908a0,0x7f913c6e98bd3119759788bd2e7cc377fcb908a0,1,10,1,0.0,1.2959786321338948e+19,88539751.0,0.0,21140170204.0
81,WETH_WBTC,16502910,1674879935,0x5fdddb42f30e259bb8b3cc5ce86495db86ac57c80e4813a7a9e7c3322fc18eff,0xdef1c0ded9bec7f1a1670819833240f027b25eff,0x39993cf130593b571165f4f932799d3bcb62a1d2,0xdef1c0ded9bec7f1a1670819833240f027b25eff,1,18,1,0.0,5.1052300563644634e+17,3527816.0,0.0,16117141596.0
82,WETH_WBTC,16803572,1678522283,0x9fbe75c9f0531e3249ea4041a235dfd0a8e9da79102405196dcb0628c53a0cd7,0xdef1c0ded9bec7f1a1670819833240f027b25eff,0xb4e16d0168e52d35cacd2c6185b44281ec28c9dc,0xdef1c0ded9bec7f1a1670819833240f027b25eff,1,9,0,665308756.0,0.0,0.0,7.269460335935869e+19,252871517384.0
83,WETH_WBTC,16863090,1679245067,0xa9637834a7c461ffcac6c1d6f44662710cd846db576333fa9dd7ddd210cfaacb,0xef1c6e67703c7bd7107eed8303fbe6ec2554bf6b,0x43dd99e6240627af46ed9127cadd512355c50386,0xef1c6e67703c7bd7107eed8303fbe6ec2554bf6b,1,12,1,0.0,1.550832639497006e+19,99607101.0,0.0,25751339066.0
84,WETH_WBTC,17012650,1681066715,0xca973a08645ed64424a8d06d4a14ccd617a36f753fbbf7922ef99c24ffb32ad4,0x7a250d5630b4cf539739df2c5dacb4c659f2488d,0xb4e16d0168e52d35cacd2c6185b44281ec28c9dc,0xb4e16d0168e52d35cacd2c6185b44281ec28c9dc,1,16,0,69530009.0,0.0,0.0,1.0366025527925803e+19,18950155456.0
85,WETH_WBTC,17203327,1683397643,0x4ad961e4f447849bb1f5326abecb3d48b3339d160fdd88b26f023e5b23770e5a,0xdef1c0ded9bec7f1a1670819833240f027b25eff,0x6d1171ae946d6e8c78ccc1e70899533aa4787e8f,0xdef1c0ded9bec7f1a1670819833240f027b25eff,28,87,1,0.0,1.3389472136757873e+19,86492895.0,0.0,162553597279.0
86,WETH_WBTC,17229331,1683713543,0x6b1810237cbc75ab7181c4cb38a98d6d3d821aeaa7eacafaafebd211f11e4db9,0xdef1c0ded9bec7f1a1670819833240f027b25eff,0xe86204c4eddd2f70ee00ead6805f917671f56c52,0xdef1c0ded9bec7f1a1670819833240f027b25eff,6,63,1,0.0,5.471187342685968e+17,3628883.0,0.0,74384712873.0
87,WETH_WBTC,17282713,1684367615,0x60069c8620c6e4b64c5f76909d2ba76662fd0391c03d6335b2dffdcb20955c5b,0xef1c6e67703c7bd7107eed8303fbe6ec2554bf6b,0x9ec9367b8c4dd45ec8e7b800b1f719251053ad60,0xef1c6e67703c7bd7107eed8303fbe6ec2554bf6b,1,9,0,120000000.0,0.0,0.0,1.7656468129300744e+19,45256327681.0
88,WETH_WBTC,17295334,1684521191,0xb5ca690f990f65ce1c763d785971f13d71ceb8474d40db4738be320f05442aab,0xef1c6e67703c7bd7107eed8303fbe6ec2554bf6b,0x37d4feac3aa94d70ea08415ee355dae5124615b6,0xef1c6e67703c7bd7107eed8303fbe6ec2554bf6b,1,13,1,0.0,9.56167271036894e+18,62931642.0,0.0,51098007508.0
89,WETH_WBTC,17302432,1684607483,0x0ec3d7ce68d0bee83aeb262f9a743c530c26c4e560b3463ddd30b8d053e03b70,0xef1c6e67703c7bd7107eed8303fbe6ec2554bf6b,0xa12e75e7c5f64e2ffa262fa3d2279137abbac123,0xef1c6e67703c7bd7107eed8303fbe6ec2554bf6b,5,52,1,0.0,9.377784314654614e+18,62605415.0,0.0,31180592985.0
90,WETH_WBTC,17520033,1687253471,0xf5a6b50fb917062820286351f63c4da1193f7b15a83b154e5a0d560a5d19d27a,0x68b3465833fb72a70ecdf485e0e4c7bd8665fc45,0xe42e42eb06266d2fab1b8e539792efe26a4c3c2d,0x68b3465833fb72a70ecdf485e0e4c7bd8665fc45,1,24,0,109424658.0,0.0,0.0,8.088018748693721e+18,17568087480.0
91,WETH_WBTC,17880719,1691624915,0xbf50ac0ca2248412faa89185bddcee5566a93665246e858ac08c15af2c62a63d,0xdef1c0ded9bec7f1a1670819833240f027b25eff,0x0d4a11d5eeaac28ec3f61d100daf4d40471f1852,0xdef1c0ded9bec7f1a1670819833240f027b25eff,3,21,0,71918300.0,0.0,0.0,1.1261196296457665e+19,26000000000.0
92,WETH_WBTC,17881217,1691630951,0x689f85178796da0f8b615f4dd4b07bf0a969a3dda57fabf4226f011dc9d6d9d6,0x3fc91a3afd70395cd496c647d5a6cc9d4b2b7fad,0x88e192c8442551fd62af5f0c01254c2398e3cd66,0x3fc91a3afd70395cd496c647d5a6cc9d4b2b7fad,1,9,0,200000000.0,0.0,0.0,2.9389859506231726e+19,20981680489.0
93,WETH_WBTC,17948626,1692445739,0x5d0ae4f25a06d8b81153ab46aa625468eb9738e87d4c3d00935ae2f8982dd649,0x3fc91a3afd70395cd496c647d5a6cc9d4b2b7fad,0x9276bae93adf3e0b55228d20587e72f6f8014bb3,0x3fc91a3afd70395cd496c647d5a6cc9d4b2b7fad,1,22,1,0.0,3.185167246972792e+19,199961100.0,0.0,12237480038.0
94,WETH_WBTC,17970801,1692713927,0xf9b515ec0ecc95e159ef62f41d7a6a1dd3638d3368e65a2002e7420162178bdd,0xdef1c0ded9bec7f1a1670819833240f027b25eff,0x39993cf130593b571165f4f932799d3bcb62a1d2,0xdef1c0ded9bec7f1a1670819833240f027b25eff,1,18,1,0.0,1.626192868284523e+18,10358267.0,0.0,137482604264.0
95,WETH_WBTC,18085631,1694102795,0x6274f128d10c69e7e40884b38369ceb4e388bb0f289290fb30d3b6cd11523b79,0x3fc91a3afd70395cd496c647d5a6cc9d4b2b7fad,0x8dbee21e8586ee356130074aaa789c33159921ca,0x3fc91a3afd70395cd496c647d5a6cc9d4b2b7fad,2,13,0,59377775.0,0.0,0.0,8.847699884483959e+18,27795888411.0
96,WETH_WBTC,18278042,1696433219,0x226c564af62adaa1737cf4cc41a29b2853df1168a0fa70b88ee44fe11efd7088,0x7a250d5630b4cf539739df2c5dacb4c659f2488d,0x00000000d7c185343e6504e428b8f8b5ad6c91b8,0x00000000d7c185343e6504e428b8f8b5ad6c91b8,1,8,1,0.0,1.123e+19,65863386.0,0.0,16563698855.0
97,WETH_WBTC,18286368,1696533827,0xba38a1010cb38040a3c821c7b52c51452c68dbc338c5bc923697766c485f8bb5,0x7a250d5630b4cf539739df2c5dacb4c659f2488d,0x00000000d7c185343e6504e428b8f8b5ad6c91b8,0x00000000d7c185343e6504e428b8f8b5ad6c91b8,3,25,1,0.0,6.766771914225346e+18,39059240.0,0.0,16309645365.0
98,WETH_WBTC,18292435,1696607087,0xa1c07bb643e7eb02ebe9395f076af33f86834fff563f24e095b71145bc6faebb,0x3fc91a3afd70395cd496c647d5a6cc9d4b2b7fad,0xa7480aafa8ad2af3ce24ac6853f960ae6ac7f0c4,0x3fc91a3afd70395cd496c647d5a6cc9d4b2b7fad,2,21,0,50000000.0,0.0,0.0,8.329350349953476e+18,18934346256.0
99,WETH_WBTC,18398199,1697885435,0xe38b89fb8d7375dcbdc6dc7ac947abc8c949691e2d096788ea5bf7d939e47f0d,0x3fc91a3afd70395cd496c647d5a6cc9d4b2b7fad,0xca7c2771d248dcbe09eabe0ce57a62e18da178c0,0x3fc91a3afd70395cd496c647d5a6cc9d4b2b7fad,1,15,0,42368975.0,0.0,0.0,7.740629456599643e+18,6124888128.0
100,WETH_WBTC,18422561,1698180059,0x29cce9833aa9d851a754313cde579e773d43663e6e583409ea202d5c638a7c95,0x3fc91a3afd70395cd496c647d5a6cc9d4b2b7fad,0x43de4318b6eb91a7cf37975dbb574396a7b5b5c6,0x3fc91a3afd70395cd496c647d5a6cc9d4b2b7fad,1,8,0,39428268.0,0.0,0.0,7.344567506960282e+18,24904732806.0
101,WETH_WBTC,18456690,1698592775,0x145deeb88f4f2e0d0d7b623aac9f711fe05be2349e20246374b949efee75bb89,0x3fc91a3afd70395cd496c647d5a6cc9d4b2b7fad,0xd0190a4577e5a60fc3df3ec556dbe276af0d8370,0x3fc91a3afd70395cd496c647d5a6cc9d4b2b7fad,2,31,1,0.0,7.574979198652806e+18,38774701.0,0.0,22115300024.0
102,WETH_WBTC,18457745,1698605603,0x3782c61316c951d7a929e86be2d82648be5e3a3fe6d4969bf34e3181b646f5fd,0x3fc91a3afd70395cd496c647d5a6cc9d4b2b7fad,0xbf519fb74965680b45d528d29e1d77bd1728c9ce,0x3fc91a3afd70395cd496c647d5a6cc9d4b2b7fad,2,33,0,55054267.0,0.0,0.0,1.0448550713727228e+19,14943318329.0
103,WETH_WBTC,18491079,1699009007,0x5dcf4d3745fe9ad110344c59577fcf47e44edc26b8cf82e5d0c628cf840a36eb,0x68b3465833fb72a70ecdf485e0e4c7bd8665fc45,0xc7e6b676bfc73ae40bcc4577f22aab1682c691c6,0x68b3465833fb72a70ecdf485e0e4c7bd8665fc45,4,86,0,100000000.0,0.0,0.0,1.827890495856194e+19,17386516215.0
104,WETH_WBTC,18516606,1699318103,0x447be2de36cf42e849fcd991e2de3b2ecb5a43d16caaa50ae891410d50331447,0x7a250d5630b4cf539739df2c5dacb4c659f2488d,0xcd983774cf19fec5cdcc73c4027feae18efe748a,0xcd983774cf19fec5cdcc73c4027feae18efe748a,1,7,0,110000000.0,0.0,0.0,1.947506795611682e+19,41940980127.0
105,WETH_WBTC,18625906,1700639459,0x8fe58324c0408910fd07c91574b0dc8b3e66d0d955065115833c9f3bfe70c2a4,0x3fc91a3afd70395cd496c647d5a6cc9d4b2b7fad,0x5ee891cb6f47e22d9c62711289cffd470bbd3e30,0x3fc91a3afd70395cd496c647d5a6cc9d4b2b7fad,3,13,1,0.0,2.9472252059857342e+19,157370926.0,0.0,21989163310.0
106,WETH_WBTC,18625910,1700639507,0x5ad303f3fef47fba4fced93a9abc6dd51955b66797ab43e96c8a95846b079d31,0x3fc91a3afd70395cd496c647d5a6cc9d4b2b7fad,0x5ee891cb6f47e22d9c62711289cffd470bbd3e30,0x3fc91a3afd70395cd496c647d5a6cc9d4b2b7fad,3,12,1,0.0,2.7381651586075845e+19,146256652.0,0.0,24105718861.0
107,WETH_WBTC,18708971,1701644147,0xc0ac73a8f924aba041601fd15380413f3edd7810071a301d8d8a4ac29a368d38,0xe37e799d5077682fa0a244d46e5649f71457bd09,0xe37e799d5077682fa0a244d46e5649f71457bd09,0xe37e799d5077682fa0a244d46e5649f71457bd09,1,12,1,0.0,1.197e+19,64926831.0,0.0,37493546278.0
108,WETH_WBTC,18722531,1701808187,0xc05d2ee8919267c0a7f2f080e56a075be35557f5de2aea4017036ad1c7287609,0x7a250d5630b4cf539739df2c5dacb4c659f2488d,0xf593649087d856e04f6ace4e54bfa9510fc415d3,0xf593649087d856e04f6ace4e54bfa9510fc415d3,1,11,0,909973003.0,0.0,0.0,1.5900323066056285e+20,94630128780.0
109,WETH_WBTC,18744902,1702079267,0x8f91325aad721af052393fd2268d63136aefcbcb21db16897750f47f84780592,0x68b3465833fb72a70ecdf485e0e4c7bd8665fc45,0xcd983774cf19fec5cdcc73c4027feae18efe748a,0x68b3465833fb72a70ecdf485e0e4c7bd8665fc45,2,25,0,430004619.0,0.0,0.0,7.508794613606937e+19,40916246355.0
110,WETH_WBTC,18747739,1702113635,0x9787bf39bede4d9ebad3844b5b29b03038b0c8be1fb9fc9ed1dee9b8622d24b4,0x7a250d5630b4cf539739df2c5dacb4c659f2488d,0x00000000d7c185343e6504e428b8f8b5ad6c91b8,0x00000000d7c185343e6504e428b8f8b5ad6c91b8,1,8,1,0.0,1.11e+19,58786429.0,0.0,35418852910.0
111,WETH_WBTC,18747764,1702113935,0x7325da66eeba9758fd43d7e9d039e3975a2d99eb17fe740b17b51d74eca347c3,0x7a250d5630b4cf539739df2c5dacb4c659f2488d,0x00000000d7c185343e6504e428b8f8b5ad6c91b8,0x00000000d7c185343e6504e428b8f8b5ad6c91b8,1,8,1,0.0,1.0660578553980873e+19,56906188.0,0.0,31180145153.0
112,WETH_WBTC,18792108,1702650455,0xb1d90801d8f07310ee18e97a6f75a39afd7e210bafbf0e5e2fc829db4669efd8,0x3fc91a3afd70395cd496c647d5a6cc9d4b2b7fad,0x2a2595279e6c18d5b79f991d3a460123ca21940a,0x3fc91a3afd70395cd496c647d5a6cc9d4b2b7fad,1,18,1,0.0,1.3363514847824445e+19,70000000.0,0.0,64621929667.0
113,WETH_WBTC,18792399,1702653983,0xaaec2fc07d5e1a7ddef0bdb1d9e168c717be684a27915a421f87d454778aaafa,0x3fc91a3afd70395cd496c647d5a6cc9d4b2b7fad,0x180efc1349a69390ade25667487a826164c9c6e4,0x3fc91a3afd70395cd496c647d5a6cc9d4b2b7fad,1,8,0,88527617.0,0.0,0.0,1.633375447319726e+19,105537264770.0
114,WETH_WBTC,18828596,1703093207,0x022c7d04f27e492affde1e77ef72d2f5650cdbaa304a70128ddc8db3082d0b72,0x3fc91a3afd70395cd496c647d5a6cc9d4b2b7fad,0x5b3be30117e71ed1fea9485abb6b4c11c71c0d6c,0x3fc91a3afd70395cd496c647d5a6cc9d4b2b7fad,1,8,0,70000000.0,0.0,0.0,1.3566944149857016e+19,70340119236.0
115,WETH_WBTC,18868890,1703581871,0x75df738973c17ace2bd9cbc3af69ac07642eb158c66700f9682fd6adb0760160,0x7a250d5630b4cf539739df2c5dacb4c659f2488d,0xab4db125e41bbe6175f1d516d922733263cbf2ec,0xab4db125e41bbe6175f1d516d922733263cbf2ec,2,8,0,79894088.0,0.0,0.0,1.3741956132430967e+19,29080109736.0
116,WETH_WBTC,18869082,1703584175,0xb315546ea89963e3bac238a043996ac933d3fcd088536379e990201e5f138521,0x3fc91a3afd70395cd496c647d5a6cc9d4b2b7fad,0x180efc1349a69390ade25667487a826164c9c6e4,0x3fc91a3afd70395cd496c647d5a6cc9d4b2b7fad,1,13,0,71410419.0,0.0,0.0,1.339912237755559e+19,15767839408.0
117,WETH_WBTC,18871621,1703614919,0x448a288b347d3190d0738e92652f66fb4f54688e3384ff199885abc90a1e5958,0x3fc91a3afd70395cd496c647d5a6cc9d4b2b7fad,0x8dbee21e8586ee356130074aaa789c33159921ca,0x3fc91a3afd70395cd496c647d5a6cc9d4b2b7fad,4,23,0,50000000.0,0.0,0.0,9.289163680932266e+18,26693267324.0
118,WETH_WBTC,18910525,1704087047,0xe61215d2107383128f156448dd424d34c400c589b820a998e5bbcb66101e4ddf,0x7a250d5630b4cf539739df2c5dacb4c659f2488d,0x9c51ec677aacecc12ba86d6c5e95a612f37cc954,0x9c51ec677aacecc12ba86d6c5e95a612f37cc954,1,19,1,0.0,3.704181867551423e+19,194929502.0,0.0,9281196800.0
119,WETH_WBTC,18918785,1704187403,0x279af5e2d9702d65cfb6f62b4b4a43c59ba9c055857a324a5dcb97341100dd0c,0x7a250d5630b4cf539739df2c5dacb4c659f2488d,0xa904ba2644f4c55ad034ee4a7d829953447978b6,0xa904ba2644f4c55ad034ee4a7d829953447978b6,1,9,0,96020757.0,0.0,0.0,1.671367822690547e+19,17341612763.0
120,WETH_WBTC,18960979,1704700847,0x133bfcf3ac88689f360eaadf1d693c82344fb07124b17e9fcee8321e65a5272a,0x3fc91a3afd70395cd496c647d5a6cc9d4b2b7fad,0xe79bac885fc86b861b9ca4866c022c85bb801e35,0x3fc91a3afd70395cd496c647d5a6cc9d4b2b7fad,93,93,0,50000000.0,0.0,0.0,9.783244952216588e+18,41322753333.0
121,WETH_WBTC,18972069,1704835547,0x7393fbe22fdff56ae493396c8519be179db2ad19e48428822c6a853f4ba5279c,0x98c3d3183c4b8a650614ad179a1a98be0a8d6b8e,0x98c3d3183c4b8a650614ad179a1a98be0a8d6b8e,0x98c3d3183c4b8a650614ad179a1a98be0a8d6b8e,4,42,0,43955989.0,0.0,0.0,8.794646255400969e+18,66388898951.0
122,WETH_WBTC,19116746,1706586623,0x624939b462916cd77896823290841665f42c57cb98fad43609f1047f139a5668,0x7a250d5630b4cf539739df2c5dacb4c659f2488d,0x24d1da1d4b85f11ea7864fa1caac7a68a2a4e3cc,0x24d1da1d4b85f11ea7864fa1caac7a68a2a4e3cc,1,11,0,200583506.0,0.0,0.0,3.6566780132603662e+19,18710811231.0
123,WETH_WBTC,19238442,1708061951,0xd2bdc408ac4eaa2da3815aa9241d2ba329569a7226d763862581869e330d22dc,0x7a250d5630b4cf539739df2c5dacb4c659f2488d,0xeb80b6cb1f1e907ab6450768778a94d8b2dc548a,0xeb80b6cb1f1e907ab6450768778a94d8b2dc548a,1,12,1,0.0,9.309809637005e+18,48921063.0,0.0,20000000000.0
124,WETH_WBTC,19344718,1709349095,0x238b996cf397a4d2df6da72ca5b6af8f7f858c6b2f01542eaa4d0410aa8932d1,0x3fc91a3afd70395cd496c647d5a6cc9d4b2b7fad,0xca7c2771d248dcbe09eabe0ce57a62e18da178c0,0x3fc91a3afd70395cd496c647d5a6cc9d4b2b7fad,1,26,0,94552080.0,0.0,0.0,1.6824921470754943e+19,44987083028.0
125,WETH_WBTC,19366018,1709606159,0x7041aea8d233d6d16b1fad6548be0db473089787fc4c1d02deccb3748b03e22d,0x3fc91a3afd70395cd496c647d5a6cc9d4b2b7fad,0xa9aa8acc528928e08a7cb1e2649f71346cbb3cb1,0x3fc91a3afd70395cd496c647d5a6cc9d4b2b7fad,3,77,1,0.0,6.297340066167723e+18,31727893.0,0.0,83357535813.0
126,WETH_WBTC,19381363,1709791223,0xe883a691388589a6832a921c1d6dd8886538ef6c3a80bea4d595ca5a7fb4f55a,0x3fc91a3afd70395cd496c647d5a6cc9d4b2b7fad,0xa3877197f6f95d23810d0e76a4c0a8e6cbe3a9bf,0x3fc91a3afd70395cd496c647d5a6cc9d4b2b7fad,3,38,1,0.0,7.032667698242094e+18,39809783.0,0.0,54529865631.0
127,WETH_WBTC,19391729,1709916383,0xfd42225af7676f7837d733b859d04f9d7dcb7e4a3e8fdb6fc8faff6c7e6b1628,0x3fc91a3afd70395cd496c647d5a6cc9d4b2b7fad,0x701f82d53f71d766d3f6cf4998b61d6ee7d903db,0x3fc91a3afd70395cd496c647d5a6cc9d4b2b7fad,1,29,1,0.0,1.757284012939148e+19,99479353.0,0.0,79211984162.0
128,WETH_WBTC,19401339,1710033119,0xec0ef6a2bc1d2d491100a28f87f0058c74078f708561a6e516a09fd2c567f4a5,0x3fc91a3afd70395cd496c647d5a6cc9d4b2b7fad,0x9ec9367b8c4dd45ec8e7b800b1f719251053ad60,0x3fc91a3afd70395cd496c647d5a6cc9d4b2b7fad,1,16,0,200000000.0,0.0,0.0,3.40876315738194e+19,59118147746.0
129,WETH_WBTC,19543615,1711763351,0x27443ce8622b65576e7c4ab029592dcb89d46f85aefe1e557c3694223be324be,0x7a250d5630b4cf539739df2c5dacb4c659f2488d,0xea05150d6e257736b8035ce3416f6a3cdfdee936,0xea05150d6e257736b8035ce3416f6a3cdfdee936,1,17,1,0.0,2.2423802705484456e+19,109633410.0,0.0,21621384075.0
130,WETH_WBTC,19561166,1711976771,0x75b4de9fa6928c41ecdc217f33b9d952975747087ed6f199e4bdf55162f5bc88,0xef1c6e67703c7bd7107eed8303fbe6ec2554bf6b,0x1787ce19cabd59785de4425b84db5f1b43f09577,0xef1c6e67703c7bd7107eed8303fbe6ec2554bf6b,13,147,0,128644071.0,0.0,0.0,2.399225423402098e+19,20322937902.0
131,WETH_WBTC,19610895,1712578643,0xf7870dd490e6155de8a6e9a2afec01effb1d54ef23ed80d3ced569f5e1d48270,0x3fc91a3afd70395cd496c647d5a6cc9d4b2b7fad,0x769f539486b31ef310125c44d7f405c6d470cd1f,0x3fc91a3afd70395cd496c647d5a6cc9d4b2b7fad,1,12,0,40000000.0,0.0,0.0,7.53058831452961e+18,21825540294.0
132,WETH_WBTC,19655144,1713114263,0x33126a8d743f3c73528898840e0c882aaf01b5542c2d59867684054381d9708b,0x3fc91a3afd70395cd496c647d5a6cc9d4b2b7fad,0x3fc91a3afd70395cd496c647d5a6cc9d4b2b7fad,0x3fc91a3afd70395cd496c647d5a6cc9d4b2b7fad,1,12,1,0.0,1.2893640240549771e+19,60749406.0,0.0,9795081825.0
133,WETH_WBTC,19655205,1713114995,0x48be35bc742d71f4f8bc5f14c674a57c4f4519b25e3dc36d8ce333cd78dc53fd,0x3fc91a3afd70395cd496c647d5a6cc9d4b2b7fad,0x3fc91a3afd70395cd496c647d5a6cc9d4b2b7fad,0x3fc91a3afd70395cd496c647d5a6cc9d4b2b7fad,4,24,1,0.0,1.7737888064168747e+19,83234970.0,0.0,15842622176.0
134,WETH_WBTC,19656385,1713129239,0x7b1a31de5827e44faf668801e9b6da81a1c09605718e24382bd01420819569f9,0x3fc91a3afd70395cd496c647d5a6cc9d4b2b7fad,0x3fc91a3afd70395cd496c647d5a6cc9d4b2b7fad,0x3fc91a3afd70395cd496c647d5a6cc9d4b2b7fad,9,61,1,0.0,7.529069882065512e+18,35690390.0,0.0,9910482854.0
135,WETH_WBTC,19657538,1713143291,0x5a7e03910837cf5a920b5818d63989379e3e0c7e57560cc2794dfe419ec29eab,0x3fc91a3afd70395cd496c647d5a6cc9d4b2b7fad,0x3fc91a3afd70395cd496c647d5a6cc9d4b2b7fad,0x3fc91a3afd70395cd496c647d5a6cc9d4b2b7fad,2,28,1,0.0,1.2146264421450682e+19,57019034.0,0.0,8318821285.0
136,WETH_WBTC,19687641,1713507335,0x0fa0c09db16d4f295c1c18a3c006440f2c968913acee206c7111b6be82fbdb00,0x3fc91a3afd70395cd496c647d5a6cc9d4b2b7fad,0x9c4fe5ffd9a9fc5678cfbd93aa2d4fd684b67c4c,0x3fc91a3afd70395cd496c647d5a6cc9d4b2b7fad,1,8,0,32200000.0,0.0,0.0,6.603181733025479e+18,7812773335.0
137,WETH_WBTC,19733798,1714065215,0x26b5a397807da431eff6d455e6c2d7acdc833c431532a72f52546b998cf780c0,0x3fc91a3afd70395cd496c647d5a6cc9d4b2b7fad,0xe4b8583ccb95b25737c016ac88e539d0605949e8,0x3fc91a3afd70395cd496c647d5a6cc9d4b2b7fad,73,32,0,50000000.0,0.0,0.0,1.006970483236133e+19,22809520057.0
138,WETH_WBTC,19741490,1714158299,0x03b6cd0debeab958af1f35528edfe2689b3aab7b003ca2a036cc92786e580e0f,0x3fc91a3afd70395cd496c647d5a6cc9d4b2b7fad,0xe4b8583ccb95b25737c016ac88e539d0605949e8,0x3fc91a3afd70395cd496c647d5a6cc9d4b2b7fad,2,35,0,50000000.0,0.0,0.0,1.006681698605292e+19,6063111541.0
139,WETH_WBTC,19774268,1714554275,0x05f6cf0d68e42f643450d73d2c5c7259a89dc7c15da831bc9e2895cfd3e16406,0x7a250d5630b4cf539739df2c5dacb4c659f2488d,0xb4e16d0168e52d35cacd2c6185b44281ec28c9dc,0xb4e16d0168e52d35cacd2c6185b44281ec28c9dc,3,27,0,78984327.0,0.0,0.0,1.5117110903463596e+19,17169590682.0
140,WETH_WBTC,19926383,1716392543,0xc93aa8908cbfbda2d19c8eedb782d43ee3f800ca47f68c486304f343c44e275c,0x7a250d5630b4cf539739df2c5dacb4c659f2488d,0x11fbbe358c9c75c90e5bdeeb580ba7e59a07ecd3,0x11fbbe358c9c75c90e5bdeeb580ba7e59a07ecd3,1,12,1,0.0,1.1371051578487544e+19,59160570.0,0.0,19150279663.0
141,WETH_WBTC,19956886,1716760715,0x75402fdb913ee9474ca2ed264ca6a9800b608ac7f541ea1939dc4c25209a67b0,0x3fc91a3afd70395cd496c647d5a6cc9d4b2b7fad,0x3fc91a3afd70395cd496c647d5a6cc9d4b2b7fad,0x3fc91a3afd70395cd496c647d5a6cc9d4b2b7fad,3,44,1,0.0,6.578931201872804e+18,36414103.0,0.0,6566169074.0
142,WETH_WBTC,19956895,1716760823,0x2003d18afc837b2785d94ed2062d1e14ad9a69db336f5f4694a679ae2db057fa,0x3fc91a3afd70395cd496c647d5a6cc9d4b2b7fad,0x3fc91a3afd70395cd496c647d5a6cc9d4b2b7fad,0x3fc91a3afd70395cd496c647d5a6cc9d4b2b7fad,4,57,1,0.0,6.510635329034113e+18,36014599.0,0.0,5332674668.0
143,WETH_WBTC,19961324,1716814259,0xa9a7719ce4ba3c4740ee97053a18611828cc54bf69ebbb6965d37435b6a2e108,0x3fc91a3afd70395cd496c647d5a6cc9d4b2b7fad,0x3fc91a3afd70395cd496c647d5a6cc9d4b2b7fad,0x3fc91a3afd70395cd496c647d5a6cc9d4b2b7fad,3,55,1,0.0,1.7637350902470853e+19,98661200.0,0.0,14134163970.0
144,WETH_WBTC,19968568,1716901751,0xfbac1e99a5e9fa9bd22a1c856f997222ac38ecce2117ccde73157a93b73b4b81,0x3fc91a3afd70395cd496c647d5a6cc9d4b2b7fad,0x3fc91a3afd70395cd496c647d5a6cc9d4b2b7fad,0x3fc91a3afd70395cd496c647d5a6cc9d4b2b7fad,2,43,1,0.0,1.9321971723838358e+19,107986357.0,0.0,17430888465.0
145,WETH_WBTC,19972448,1716948611,0xafc6c797aa9f1361e953e9ba96d3de50d7c327c6be5354af9d6eeda194ac3f17,0x68b3465833fb72a70ecdf485e0e4c7bd8665fc45,0x5b9a09d4464c6b2f9760cb4cc4407eba66898f0f,0x68b3465833fb72a70ecdf485e0e4c7bd8665fc45,1,15,0,87234036.0,0.0,0.0,1.5228111858960855e+19,12415082210.0
146,WETH_WBTC,20121883,1718752871,0x0d62bfe5f6fd1d5505fd424157c771c24d025789d077fdf3b15ab79ff3c1a551,0x3fc91a3afd70395cd496c647d5a6cc9d4b2b7fad,0x3fc91a3afd70395cd496c647d5a6cc9d4b2b7fad,0x3fc91a3afd70395cd496c647d5a6cc9d4b2b7fad,1,22,1,0.0,1.9120823844935115e+19,100250000.0,0.0,4308226003.0
147,WETH_WBTC,20295995,1720854539,0xffbfdf1f00738aee75933d163a6226a29b9d39b52390d1c1edb619c697c6865f,0xf9234cb08edb93c0d4a4d4c70cc3ffd070e78e07,0xdef171fe48cf0115b1d80b88dc8eab59176fee57,0xf9234cb08edb93c0d4a4d4c70cc3ffd070e78e07,2,63,1,0.0,1.5074834412846512e+19,80000000.0,0.0,2051364838.0
148,WETH_WBTC,20341323,1721401067,0xeaf35235be31e0ca7058792d0d3403470476f5bd3f2ed1bf612aafabab4605ef,0x3fc91a3afd70395cd496c647d5a6cc9d4b2b7fad,0xe4b8583ccb95b25737c016ac88e539d0605949e8,0x3fc91a3afd70395cd496c647d5a6cc9d4b2b7fad,1,10,0,50000000.0,0.0,0.0,9.337942512979368e+18,15065289564.0
149,WETH_WBTC,20341338,1721401247,0x37a12118b7789b7bf3b4e750cc26be13677dcf01d93ba60ec7e235d32d815309,0x3fc91a3afd70395cd496c647d5a6cc9d4b2b7fad,0xe4b8583ccb95b25737c016ac88e539d0605949e8,0x3fc91a3afd70395cd496c647d5a6cc9d4b2b7fad,1,11,0,50000000.0,0.0,0.0,9.327596689981805e+18,13588811448.0
150,WETH_WBTC,20486229,1723148531,0x0d0b2a7be5d4ff4e62240ab17e36778ef80aa632afbe1310770a1f089f1cab5e,0x3fc91a3afd70395cd496c647d5a6cc9d4b2b7fad,0x3fc91a3afd70395cd496c647d5a6cc9d4b2b7fad,0x3fc91a3afd70395cd496c647d5a6cc9d4b2b7fad,1,30,1,0.0,7.126080052469704e+18,30154997.0,0.0,5461655278.0
151,WETH_WBTC,20541364,1723813367,0xa2964481581598d1b0cb408a29cee7b49b29211b1244b2e6dd424b39bf1db975,0x7a250d5630b4cf539739df2c5dacb4c659f2488d,0x1b9435f556358e10b99131f60eabb3b73a215580,0x1b9435f556358e10b99131f60eabb3b73a215580,1,28,1,0.0,7.514015924910896e+18,31112418.0,0.0,5951178521.0
152,WETH_WBTC,20842967,1727452235,0x1bd85eddd7a4ed54daeecd63c106a1bbe233201a07e2bd492ea8b331c49a430e,0x3fc91a3afd70395cd496c647d5a6cc9d4b2b7fad,0x3fc91a3afd70395cd496c647d5a6cc9d4b2b7fad,0x3fc91a3afd70395cd496c647d5a6cc9d4b2b7fad,1,13,1,0.0,9.615370426695498e+18,38672489.0,0.0,20134064764.0
153,WETH_WBTC,20850026,1727537255,0xb50720bf19cb6af1adb796f099cf480a67e1b81b4244114db487cc93ac3945e0,0x3fc91a3afd70395cd496c647d5a6cc9d4b2b7fad,0xe4b8583ccb95b25737c016ac88e539d0605949e8,0x3fc91a3afd70395cd496c647d5a6cc9d4b2b7fad,97,200,0,50000000.0,0.0,0.0,1.210249433915e+19,8871113881.0
154,WETH_WBTC,20850039,1727537411,0x295ad41eea5d2c7d0112cc7d6cd5d2f09908bccdadb46d8bfef73f583a865f1e,0x3fc91a3afd70395cd496c647d5a6cc9d4b2b7fad,0xe4b8583ccb95b25737c016ac88e539d0605949e8,0x3fc91a3afd70395cd496c647d5a6cc9d4b2b7fad,1,9,0,50000000.0,0.0,0.0,1.205015118712215e+19,8494937133.0
155,WETH_WBTC,20850048,1727537519,0x21de395b8507f4b1512e53a517c36852250592d9403c549073e2527e10c676da,0x3fc91a3afd70395cd496c647d5a6cc9d4b2b7fad,0xe4b8583ccb95b25737c016ac88e539d0605949e8,0x3fc91a3afd70395cd496c647d5a6cc9d4b2b7fad,1,7,0,50000000.0,0.0,0.0,1.2064783627116378e+19,8048204965.0
156,WETH_WBTC,20945072,1728682283,0xc19fb65d6233075fe40fee06544b9ef12fb64f00a9b05ea33c74f5db5595f6d9,0x3fc91a3afd70395cd496c647d5a6cc9d4b2b7fad,0x3fc91a3afd70395cd496c647d5a6cc9d4b2b7fad,0x3fc91a3afd70395cd496c647d5a6cc9d4b2b7fad,2,16,1,0.0,7.82901823245683e+18,30062522.0,0.0,11679060092.0
157,WETH_WBTC,20945089,1728682487,0xc202a12262c516cb46327fa748925d6e1b838dbb017181b88ab0b2f959dbeefc,0x3fc91a3afd70395cd496c647d5a6cc9d4b2b7fad,0x3fc91a3afd70395cd496c647d5a6cc9d4b2b7fad,0x3fc91a3afd70395cd496c647d5a6cc9d4b2b7fad,1,19,1,0.0,7.362218546463453e+18,28206255.0,0.0,10078155264.0
158,WETH_WBTC,20945235,1728684239,0x8e4695b09ca88793cabfb72d0f26b92bc721ce440573e450b80680b551a7d5ea,0x3fc91a3afd70395cd496c647d5a6cc9d4b2b7fad,0x3fc91a3afd70395cd496c647d5a6cc9d4b2b7fad,0x3fc91a3afd70395cd496c647d5a6cc9d4b2b7fad,1,12,1,0.0,8.350047807817832e+18,31945693.0,0.0,17129268905.0
159,WETH_WBTC,21439173,1734642743,0x63cb02be26edf3e6e21eee31308bc4c851a92489b1c6059f7dddc719c3336b4e,0x7a250d5630b4cf539739df2c5dacb4c659f2488d,0xb4e16d0168e52d35cacd2c6185b44281ec28c9dc,0xb4e16d0168e52d35cacd2c6185b44281ec28c9dc,6,43,0,38902513.0,0.0,0.0,1.0987434160853205e+19,36521849427.0
160,WETH_WBTC,21644900,1737125183,0xcd74d1569e7c82fd35f61c7043124ff8355c5b5d746bf434f46586e96faab835,0x3fc91a3afd70395cd496c647d5a6cc9d4b2b7fad,0x3fc91a3afd70395cd496c647d5a6cc9d4b2b7fad,0x3fc91a3afd70395cd496c647d5a6cc9d4b2b7fad,2,20,1,0.0,9.022383704015203e+18,29722155.0,0.0,12504979342.0
161,WETH_WBTC,21648005,1737162647,0x6e07e6f334913f32636a04de8d828a99c901bb1fac1b19cd5e763d4aa0592950,0x7bf8b4b9a74d5e55f022f3f311eda6142426e783,0x7bf8b4b9a74d5e55f022f3f311eda6142426e783,0x7bf8b4b9a74d5e55f022f3f311eda6142426e783,1,13,1,0.0,2.699156375537849e+19,87040826.0,0.0,5919207691.0
162,WETH_WBTC,21694164,1737719315,0xc7f257f6bcaf98a030b6bcd6742414e7f2505f92c3403ebd7cb389273bb24cd1,0x7bf8b4b9a74d5e55f022f3f311eda6142426e783,0x7bf8b4b9a74d5e55f022f3f311eda6142426e783,0x7bf8b4b9a74d5e55f022f3f311eda6142426e783,1,9,1,0.0,1.9944438759813226e+19,62425601.0,0.0,15796250641.0
163,WETH_WBTC,22872542,1751954471,0xcff1d35c68e224292112f571cf7c418850e982f578ca8264b3335f3341b61d8e,0x7a250d5630b4cf539739df2c5dacb4c659f2488d,0xbf9d75779b25db484916df1d84ee382f094240c8,0xbf9d75779b25db484916df1d84ee382f094240c8,1,12,1,0.0,1.0174843603393632e+19,23367634.0,0.0,326129369.0
164,WETH_WBTC,23425721,1758630395,0x35efe7a7df2dd51c920778becb43c9fc876d051791b162cb5654f099cda9defe,0x7a250d5630b4cf539739df2c5dacb4c659f2488d,0x1b7bc083290bc24eda9a24ff44ab974da44c752a,0x1b7bc083290bc24eda9a24ff44ab974da44c752a,5,53,1,0.0,10000000000000.0,37.0,0.0,448836827.0
1,USDC_USDT,11803957,1612630213,0xc85120dcdaa2b2513adba9dc7b23fd1de7e8c2b8861a75c0ec0b283b2b6ea8d6,0x7a250d5630b4cf539739df2c5dacb4c659f2488d,0x63503d2809ecc72f337d562f54b05ab5f18a8457,0x63503d2809ecc72f337d562f54b05ab5f18a8457,115,176,1,0.0,100000000000.0,99186673012.0,0.0,171000000000.0
2,USDC_USDT,11803980,1612630518,0x552139da2ac959b9520885dbe12f013d18c55d785ab895e66331550398e025b7,0x7a250d5630b4cf539739df2c5dacb4c659f2488d,0x63503d2809ecc72f337d562f54b05ab5f18a8457,0x63503d2809ecc72f337d562f54b05ab5f18a8457,105,178,1,0.0,100000000000.0,98969440752.0,0.0,131000000000.0
3,USDC_USDT,12201337,1617913537,0x58abd26f2a00b6ecd82c9a35e9ac32cca48b66ff4e56838967a68608d1c0cc38,0x7a250d5630b4cf539739df2c5dacb4c659f2488d,0x13609e0cf26e1bfacab79a9d8ebe237115ac3daa,0x13609e0cf26e1bfacab79a9d8ebe237115ac3daa,1,10,0,205670276617.0,0.0,0.0,202880380636.0,124000000000.0
4,USDC_USDT,12676387,1624261551,0x3957a6a295bd60cec463bdaa8cacc9d43c3caf048bdb6b6793c9682aec219d71,0x7a250d5630b4cf539739df2c5dacb4c659f2488d,0xbd29156c119f93c586cc384194452f408b2b3d14,0xbd29156c119f93c586cc384194452f408b2b3d14,1,7,1,0.0,81198552045.0,79312871551.0,0.0,90000000000.0
5,USDC_USDT,13002476,1628665992,0x2d1499a9418f289395754908f19ae0654bb8b00d3df75826a28b9e59c0db9496,0x7a250d5630b4cf539739df2c5dacb4c659f2488d,0x498c5431eb517101582988fbb36431ddaac8f4b1,0x498c5431eb517101582988fbb36431ddaac8f4b1,6,82,0,141853093217.0,0.0,0.0,140126000000.0,48512438105.0
6,USDC_USDT,13155823,1630712755,0x2ef549183521790556d57717110e909cfb8e3c9c82cb4485660fb28306f13189,0x7a250d5630b4cf539739df2c5dacb4c659f2488d,0x5b7cdd3ead9f61a0b4eede5992a25e4400fb2d03,0x5b7cdd3ead9f61a0b4eede5992a25e4400fb2d03,2,16,0,168903223924.0,0.0,0.0,159397048696.0,124000000000.0
7,USDC_USDT,13250971,1631985243,0x28a2fe32f14b8bdbd053f512c47d70fa77aae6739e72a94106d2f96ba4abaf1a,0x7a250d5630b4cf539739df2c5dacb4c659f2488d,0x19c9c6b2e6e7b788279ef281f86b76c5224054f4,0x19c9c6b2e6e7b788279ef281f86b76c5224054f4,1,11,0,200509251594.0,0.0,0.0,198144883244.0,61981679058.0
8,USDC_USDT,13332762,1633082492,0xa25b2307a8618ca90dffaa0d2f3bc47e1b09c6335cbb424b6feba0a091294f64,0x7a250d5630b4cf539739df2c5dacb4c659f2488d,0xa7e3bfa324f1621f71e0456e7231c4559d575fb3,0xa7e3bfa324f1621f71e0456e7231c4559d575fb3,1,7,1,0.0,128869359541.0,127420000000.0,0.0,79929466414.0
9,USDC_USDT,13386565,1633809855,0xd4e2f2bfc87f5b748430c7299a07f6f045cc5e36847c70f0b4ceabf428065c05,0x7a250d5630b4cf539739df2c5dacb4c659f2488d,0x60e8b62c7da32ff62fcd4ab934b75d2d28fe7501,0x60e8b62c7da32ff62fcd4ab934b75d2d28fe7501,1,14,0,280592654557.0,0.0,0.0,276362091121.0,92886736721.0
10,USDC_USDT,13386856,1633813542,0x0845a374bf0586276d5df49f7a027cd3878f8714c555a3adec171e51feb5791a,0x7a250d5630b4cf539739df2c5dacb4c659f2488d,0x00b1a4e7f217380a7c9e6c12f327ac4a1d9b6a14,0x00b1a4e7f217380a7c9e6c12f327ac4a1d9b6a14,1,26,0,550242681327.0,0.0,0.0,497202303478.0,59240545031.0
11,USDC_USDT,13458853,1634790035,0x66ffe903651d069a448e328a313d84329586277d2d550bb540b1ca1fda0b10ad,0x7a250d5630b4cf539739df2c5dacb4c659f2488d,0x4a14347083b80e5216ca31350a2d21702ac3650d,0x4a14347083b80e5216ca31350a2d21702ac3650d,1,9,1,0.0,163000800000.0,157919263997.0,0.0,60443786016.0
12,USDC_USDT,13501054,1635360285,0xf4d4200fd2e67332e2deeaf4cf8e1f3670630068e468218ebdae78a30f31e24d,0x7a250d5630b4cf539739df2c5dacb4c659f2488d,0x4a14347083b80e5216ca31350a2d21702ac3650d,0x4a14347083b80e5216ca31350a2d21702ac3650d,1,9,0,199990000000.0,0.0,0.0,194014737822.0,210296245297.0
13,USDC_USDT,13528471,1635732912,0xe3842d5f7ef114604c646ad2756d7a6f6bd0928724a23e80d7090b9da0b77c75,0x7a250d5630b4cf539739df2c5dacb4c659f2488d,0x4a14347083b80e5216ca31350a2d21702ac3650d,0x4a14347083b80e5216ca31350a2d21702ac3650d,202,300,0,1984000000.0,0.0,0.0,1982151216.0,119930001916.0
14,USDC_USDT,13530201,1635756017,0x6bf3af6eeb31730f0a7e81c58cdd69c1f6e9da2bac5237d9a989cf2412f02ab2,0x7a250d5630b4cf539739df2c5dacb4c659f2488d,0x4a14347083b80e5216ca31350a2d21702ac3650d,0x4a14347083b80e5216ca31350a2d21702ac3650d,1,9,0,167002311000.0,0.0,0.0,161892632004.0,132003932734.0
15,USDC_USDT,13530262,1635756924,0x5e5518654f1c41b7bbf097fd1fac2282c12d9d3a587cadbf9b324662316d86b1,0x7a250d5630b4cf539739df2c5dacb4c659f2488d,0x4a14347083b80e5216ca31350a2d21702ac3650d,0x4a14347083b80e5216ca31350a2d21702ac3650d,1,9,0,300000000000.0,0.0,0.0,289614383104.0,141029338988.0
16,USDC_USDT,13533274,1635798083,0x99cfd594b6242f5c3e654fb695023f6c99d067ec6076a987a0dad0d69b76a7d7,0x7a250d5630b4cf539739df2c5dacb4c659f2488d,0x4a14347083b80e5216ca31350a2d21702ac3650d,0x4a14347083b80e5216ca31350a2d21702ac3650d,1,9,0,349964950000.0,0.0,0.0,338594610604.0,217869584108.0
17,USDC_USDT,13533293,1635798321,0xe2873e72b151929ce9442f6021d54fd464a53f5bb46356af882e57eba7c89e3a,0x7a250d5630b4cf539739df2c5dacb4c659f2488d,0x4a14347083b80e5216ca31350a2d21702ac3650d,0x4a14347083b80e5216ca31350a2d21702ac3650d,3,23,0,229965980000.0,0.0,0.0,221679022019.0,202083616261.0
18,USDC_USDT,13534371,1635812452,0x87c8ac40be87670b77b8ccc73c94969a320e487899aa4043353315ca6100db9a,0x7a250d5630b4cf539739df2c5dacb4c659f2488d,0x4a14347083b80e5216ca31350a2d21702ac3650d,0x4a14347083b80e5216ca31350a2d21702ac3650d,2,13,0,199974500700.0,0.0,0.0,194118419036.0,218679052634.0
19,USDC_USDT,13537128,1635850669,0xab496127988b04ea513f01ba863262e32613dd0e8f31a7f13d29b28578e6169d,0x7a250d5630b4cf539739df2c5dacb4c659f2488d,0x4a14347083b80e5216ca31350a2d21702ac3650d,0x4a14347083b80e5216ca31350a2d21702ac3650d,1,9,0,158000000000.0,0.0,0.0,153531907797.0,110862269476.0
20,USDC_USDT,13580709,1636440727,0x2b306829cf97a585ad0a7bc3c9f908b3bb7a7be6828840fd7330283374e6d48c,0x7a250d5630b4cf539739df2c5dacb4c659f2488d,0x4a14347083b80e5216ca31350a2d21702ac3650d,0x4a14347083b80e5216ca31350a2d21702ac3650d,1,9,0,500000000000.0,0.0,0.0,480765254542.0,154970218859.0
21,USDC_USDT,13580736,1636441103,0x46ff1f338b1e9adb3cd44a3cf451470b780e55a49c14f80c32ef5ebd2539a7c4,0x7a250d5630b4cf539739df2c5dacb4c659f2488d,0x4a14347083b80e5216ca31350a2d21702ac3650d,0x4a14347083b80e5216ca31350a2d21702ac3650d,1,9,0,142000000000.0,0.0,0.0,137700661490.0,120292541687.0
22,USDC_USDT,13602407,1636735149,0xea66b1ddb76582eca87278f132bf47cabaa95945fb22e9078783727e9d23cde8,0x7a250d5630b4cf539739df2c5dacb4c659f2488d,0x4a14347083b80e5216ca31350a2d21702ac3650d,0x4a14347083b80e5216ca31350a2d21702ac3650d,1,9,0,274000000000.0,0.0,0.0,265678472203.0,161682350506.0
23,USDC_USDT,13633464,1637158939,0xad3dafa2addbaba872fe9cdf5baa9edd7f64fe17c2d14bd543e911fa41107435,0x7a250d5630b4cf539739df2c5dacb4c659f2488d,0x405322d8abdcdba4a616c9189f5c8ff9a6bfb227,0x405322d8abdcdba4a616c9189f5c8ff9a6bfb227,1,11,0,178784628342.0,0.0,0.0,176829046259.0,111913689875.0
24,USDC_USDT,13682560,1637830953,0xd2b9de18129332285fafedf2fb25600726d4debc4c472db274a9c005e89b58c8,0x7a250d5630b4cf539739df2c5dacb4c659f2488d,0x4a14347083b80e5216ca31350a2d21702ac3650d,0x4a14347083b80e5216ca31350a2d21702ac3650d,1,9,0,150000000000.0,0.0,0.0,145196286548.0,136493018703.0
25,USDC_USDT,13753595,1638811847,0xeef9abc6c67e3a94672c8ce0ef73500d8ed970bab03cbb2c51bcdc183d8f21ac,0x1111111254fb6c44bac0bed2854e76f90643097d,0x35da3d2f891ba64e6fc625a1ff2b1074c41f5559,0x1111111254fb6c44bac0bed2854e76f90643097d,1,11,0,144201331407.0,0.0,0.0,136612732758.0,744000000000.0
26,USDC_USDT,13803911,1639493188,0x5ae68a8bf640f123d210fb103f3d36df5cade3e563ca7f53600c806d064e6737,0x7a250d5630b4cf539739df2c5dacb4c659f2488d,0x4a14347083b80e5216ca31350a2d21702ac3650d,0x4a14347083b80e5216ca31350a2d21702ac3650d,1,11,0,159984603300.0,0.0,0.0,155407927984.0,44171779100.0
27,USDC_USDT,13886746,1640600807,0x347f9c58293cbe7152b97768e88ea5dc37b35b12f4e834bdaebe347d736f6db9,0x7a250d5630b4cf539739df2c5dacb4c659f2488d,0x4a14347083b80e5216ca31350a2d21702ac3650d,0x4a14347083b80e5216ca31350a2d21702ac3650d,1,9,0,179122124800.0,0.0,0.0,173979799064.0,52522985708.0
28,USDC_USDT,13889010,1640631646,0xbc5abdb9d4a98df46ad81232b0eff742ee3af764f2e80b8689f15298e01a0fa3,0x7a250d5630b4cf539739df2c5dacb4c659f2488d,0x4a14347083b80e5216ca31350a2d21702ac3650d,0x4a14347083b80e5216ca31350a2d21702ac3650d,1,9,0,149983884600.0,0.0,0.0,145845173107.0,89326526202.0
29,USDC_USDT,13956860,1641539127,0x6b1a6625f0cd3f609001733d4fdec5cda77f747261cdfd13026cbb5b5b92799d,0x7a250d5630b4cf539739df2c5dacb4c659f2488d,0x4a14347083b80e5216ca31350a2d21702ac3650d,0x4a14347083b80e5216ca31350a2d21702ac3650d,1,9,0,180000000000.0,0.0,0.0,175168000062.0,108382582148.0
30,USDC_USDT,14010730,1642258956,0x3005c2d0387a7fdef1a983dc06a246310df634224dc0b42a2ce9a7b3dc0bf576,0x7a250d5630b4cf539739df2c5dacb4c659f2488d,0x4a14347083b80e5216ca31350a2d21702ac3650d,0x4a14347083b80e5216ca31350a2d21702ac3650d,1,9,0,289934000000.0,0.0,0.0,280537530277.0,116203026755.0
31,USDC_USDT,14058240,1642892274,0x75e1a640a67a040e1e8df92603d2fe991d13aeb6f95952d459406c9085ecc47d,0x7a250d5630b4cf539739df2c5dacb4c659f2488d,0x4a14347083b80e5216ca31350a2d21702ac3650d,0x4a14347083b80e5216ca31350a2d21702ac3650d,1,9,0,150000000000.0,0.0,0.0,145389245804.0,138156767958.0
32,USDC_USDT,14131628,1643872571,0x6442b692c3ab9304869d1a59dfa0288b4999fcd9f83286afcd4b8917476c12fe,0x7a250d5630b4cf539739df2c5dacb4c659f2488d,0x4a14347083b80e5216ca31350a2d21702ac3650d,0x4a14347083b80e5216ca31350a2d21702ac3650d,1,9,0,180000000000.0,0.0,0.0,174178560290.0,68044509679.0
33,USDC_USDT,14139338,1643975350,0x0587631a6b59162c1a265092ac8b8be5df6ecaf3a08de1f278eb5e26e33054d7,0x7a250d5630b4cf539739df2c5dacb4c659f2488d,0x4a14347083b80e5216ca31350a2d21702ac3650d,0x4a14347083b80e5216ca31350a2d21702ac3650d,1,9,0,117000000000.0,0.0,0.0,113461217357.0,65713404703.0
34,USDC_USDT,14139340,1643975375,0x6105050c1385781d2c00cd6a42c50c8300db9b2212bb9b3b74f74a60e5acfb98,0x7a250d5630b4cf539739df2c5dacb4c659f2488d,0x4a14347083b80e5216ca31350a2d21702ac3650d,0x4a14347083b80e5216ca31350a2d21702ac3650d,1,9,0,170000000000.0,0.0,0.0,164547269604.0,68278062375.0
35,USDC_USDT,14145282,1644054656,0x0a91ca419ecb67e66d9c4e21849b56d73c37d33ad896b03f9262933deed256b6,0x68b3465833fb72a70ecdf485e0e4c7bd8665fc45,0xe3eaa9df42eb816f9334a3b65c530e42c028d265,0x68b3465833fb72a70ecdf485e0e4c7bd8665fc45,5,34,0,89902063936.0,0.0,0.0,89081732913.0,160000000000.0
36,USDC_USDT,14153397,1644162382,0xd5ee436d3e976e19c4c31d1b15cbc03bdcbad356898629b41aa14c01a2da2cc4,0x7a250d5630b4cf539739df2c5dacb4c659f2488d,0x4a14347083b80e5216ca31350a2d21702ac3650d,0x4a14347083b80e5216ca31350a2d21702ac3650d,1,9,1,0.0,259203391000.0,250977413444.0,0.0,94533043201.0
37,USDC_USDT,14160996,1644264150,0x9187af6dc47bd52865a023db0adf4e1d67b1591820c24840c187307f3812d474,0x7a250d5630b4cf539739df2c5dacb4c659f2488d,0x4a14347083b80e5216ca31350a2d21702ac3650d,0x4a14347083b80e5216ca31350a2d21702ac3650d,1,9,0,140985000000.0,0.0,0.0,136925829021.0,146023676493.0
38,USDC_USDT,14184983,1644585594,0xed1046a63f1d56a46fd32f33951db23dbcb513553ef16c63c3182baf95612415,0x7a250d5630b4cf539739df2c5dacb4c659f2488d,0x4a14347083b80e5216ca31350a2d21702ac3650d,0x4a14347083b80e5216ca31350a2d21702ac3650d,1,9,0,207358000000.0,0.0,0.0,200597084690.0,43801932282.0
39,USDC_USDT,14203279,1644828046,0x6b6501d57cc00733fc22d5434e57ad2753c19a58b58f15e928f1a59e1f3d67d7,0x7a250d5630b4cf539739df2c5dacb4c659f2488d,0xae461ca67b15dc8dc81ce7615e0320da1a9ab8d5,0xae461ca67b15dc8dc81ce7615e0320da1a9ab8d5,1,9,1,0.0,110868300000.0,109562548529.0,0.0,32200000000.0
40,USDC_USDT,14281515,1645875710,0xb40b7350d41e8fbe7f6026f359533e68eb78a870c14b314cee5351a9c3261b2a,0x7a250d5630b4cf539739df2c5dacb4c659f2488d,0x4a14347083b80e5216ca31350a2d21702ac3650d,0x4a14347083b80e5216ca31350a2d21702ac3650d,1,9,0,100000000000.0,0.0,0.0,97190023942.0,28482562415.0
41,USDC_USDT,14289316,1645979149,0x00329acbb2a0239e31b5ccd0ead00d18cee297995a2585d9eb165775eda8dd2a,0x7a250d5630b4cf539739df2c5dacb4c659f2488d,0x4a14347083b80e5216ca31350a2d21702ac3650d,0x4a14347083b80e5216ca31350a2d21702ac3650d,1,11,0,400000000000.0,0.0,0.0,384423690589.0,32570812505.0
42,USDC_USDT,14303151,1646164807,0x5cf29311088e8786a7a58bbff706758c2310d7dd9d7419d88c7cc224e73cee36,0x7a250d5630b4cf539739df2c5dacb4c659f2488d,0x4a14347083b80e5216ca31350a2d21702ac3650d,0x4a14347083b80e5216ca31350a2d21702ac3650d,1,11,0,476015000000.0,0.0,0.0,457870061592.0,102219330654.0
43,USDC_USDT,14318219,1646367052,0x73fc26741ae70a2e4cb19a9e382b98274e5e30b3bdc9ed7784daefdbafeb725f,0x7a250d5630b4cf539739df2c5dacb4c659f2488d,0x4a14347083b80e5216ca31350a2d21702ac3650d,0x4a14347083b80e5216ca31350a2d21702ac3650d,1,9,0,100000000000.0,0.0,0.0,97338036224.0,39427620738.0
44,USDC_USDT,14327116,1646486546,0xb4c6d2d245d7b15f9b6083f57aa2647a44130ffae0334bb8c9f5afe2fa478152,0x7a250d5630b4cf539739df2c5dacb4c659f2488d,0x498c5431eb517101582988fbb36431ddaac8f4b1,0x498c5431eb517101582988fbb36431ddaac8f4b1,1,43,0,123724481627.0,0.0,0.0,120580711477.0,18186225846.0
45,USDC_USDT,14334180,1646581038,0x652633e6d9e49dabebfe0220aedb3e2854ee46a68ffa65329f399330fc0cc412,0x7a250d5630b4cf539739df2c5dacb4c659f2488d,0x4a14347083b80e5216ca31350a2d21702ac3650d,0x4a14347083b80e5216ca31350a2d21702ac3650d,3,24,0,312031384100.0,0.0,0.0,301207260408.0,36334566984.0
46,USDC_USDT,14413377,1647646468,0xad281040be5a31397a39b9992d8cd18def059c891c1efb7b739f87663b0b69bb,0x7a250d5630b4cf539739df2c5dacb4c659f2488d,0x4a14347083b80e5216ca31350a2d21702ac3650d,0x4a14347083b80e5216ca31350a2d21702ac3650d,1,9,0,239975000000.0,0.0,0.0,231504022142.0,47951315343.0
47,USDC_USDT,14433265,1647913755,0x246f81bfd02c5551c8c8812c5b5a8c41d319d52c8945dc541e4c76f759b2c9af,0x7a250d5630b4cf539739df2c5dacb4c659f2488d,0x4a14347083b80e5216ca31350a2d21702ac3650d,0x4a14347083b80e5216ca31350a2d21702ac3650d,1,9,0,100586749800.0,0.0,0.0,97636897916.0,50428940914.0
48,USDC_USDT,14441649,1648026594,0x38a263a3f1d647b4828f3e9a9aaf5190a8e1d50769e81980d562eb4ca762cabf,0x7a250d5630b4cf539739df2c5dacb4c659f2488d,0xd4f24094b0a2f01e2643cb9e785efe122073771b,0xd4f24094b0a2f01e2643cb9e785efe122073771b,1,7,1,0.0,100000000000.0,98913498811.0,0.0,25000000000.0
49,USDC_USDT,14559332,1649612446,0xd6f1816c3e98b39f563e561bb1720d90f80a04a4de4d8d8e7d239706f374df56,0x7a250d5630b4cf539739df2c5dacb4c659f2488d,0x4a14347083b80e5216ca31350a2d21702ac3650d,0x4a14347083b80e5216ca31350a2d21702ac3650d,1,9,0,140000000000.0,0.0,0.0,135918931452.0,33038334916.0
50,USDC_USDT,14596347,1650112226,0xc9f6cb1cb39372ec6429e01b12da2e8a8641318c71870c923f8ee557521bc65c,0x7a250d5630b4cf539739df2c5dacb4c659f2488d,0x4a14347083b80e5216ca31350a2d21702ac3650d,0x4a14347083b80e5216ca31350a2d21702ac3650d,1,9,0,99464000000.0,0.0,0.0,96804506505.0,20249036640.0
51,USDC_USDT,14664108,1651029882,0xc69ab888a16dc2e2c75982164a4a19072f5cdbc7cbb0de395225ea88ef4b65c1,0x7a250d5630b4cf539739df2c5dacb4c659f2488d,0x4a14347083b80e5216ca31350a2d21702ac3650d,0x4a14347083b80e5216ca31350a2d21702ac3650d,1,9,0,70000000000.0,0.0,0.0,67979486544.0,52598286064.0
52,USDC_USDT,14784922,1652686006,0xc7535af18a2b3409b508d1be638d32634d798f5f8d11dcb26eeaaa4a98485185,0x7a250d5630b4cf539739df2c5dacb4c659f2488d,0x4a14347083b80e5216ca31350a2d21702ac3650d,0x4a14347083b80e5216ca31350a2d21702ac3650d,1,9,0,91000000000.0,0.0,0.0,88412220495.0,22358123392.0
53,USDC_USDT,14931889,1654767394,0xa2a3617b94b0124eeba07fd35ac76c8ddf8ee1a33fe719e90da2314006e4bda0,0x7a250d5630b4cf539739df2c5dacb4c659f2488d,0x3622a7a9e8980036f04e823ef372e2f30c76f978,0x3622a7a9e8980036f04e823ef372e2f30c76f978,3,13,0,40396876313.0,0.0,0.0,40000000000.0,57174101373.0
54,USDC_USDT,14953360,1655084317,0x25343fee399916445016633707ad9d11341b9bbed91004b968a15f084b1d7188,0xdef171fe48cf0115b1d80b88dc8eab59176fee57,0xdef171fe48cf0115b1d80b88dc8eab59176fee57,0xdef171fe48cf0115b1d80b88dc8eab59176fee57,1,32,0,51542624455.0,0.0,0.0,38142524568.0,100981564794.0
55,USDC_USDT,15006571,1655883597,0x90b998c992bd3236d7ffaae693168ca268762b09480aa615ca8277b7a4b2255b,0x7a250d5630b4cf539739df2c5dacb4c659f2488d,0x498c5431eb517101582988fbb36431ddaac8f4b1,0x498c5431eb517101582988fbb36431ddaac8f4b1,2,36,0,25678916359.0,0.0,0.0,25022500000.0,16790227223.0
56,USDC_USDT,15031931,1656294757,0xea9fba30dce3342e62657e2b827fc4656326e0bf56490845d2b5a35b5bd507f7,0x7a250d5630b4cf539739df2c5dacb4c659f2488d,0x00b1a4e7f217380a7c9e6c12f327ac4a1d9b6a14,0x00b1a4e7f217380a7c9e6c12f327ac4a1d9b6a14,1,22,1,0.0,47603048484.0,46784530186.0,0.0,25172230955.0
57,USDC_USDT,15052070,1656617110,0x56ac93f64a397ba1a2494811a4c7a745cb6152af8544632067018970d58b1c8d,0x7a250d5630b4cf539739df2c5dacb4c659f2488d,0x00b1a4e7f217380a7c9e6c12f327ac4a1d9b6a14,0x00b1a4e7f217380a7c9e6c12f327ac4a1d9b6a14,4,35,0,49963912518.0,0.0,0.0,49480430330.0,24881449938.0
58,USDC_USDT,15205229,1658664649,0x586f5dcd7ff414d030b9f8bab6c21305e5e748abb46de6a295033c3586bbca52,0x7a250d5630b4cf539739df2c5dacb4c659f2488d,0x01772953ed3b69349088ae7824c649d6dcd0cb1e,0x01772953ed3b69349088ae7824c649d6dcd0cb1e,16,69,0,44941965777.0,0.0,0.0,42403455138.0,10476176955.0
59,USDC_USDT,15356817,1660713515,0x0d1477802dd341ef28873e6266f431a57fcfff33eec2c5d2959ca7c0c433b6f4,0x7a250d5630b4cf539739df2c5dacb4c659f2488d,0xa51bc7aa5c78f4c51800ce63b3963cd752b77aa4,0xa51bc7aa5c78f4c51800ce63b3963cd752b77aa4,1,13,0,20502248610.0,0.0,0.0,19705966150.0,4967886229.0
60,USDC_USDT,15551990,1663401791,0x4851475a2339e288e75b3b2d246e3f1479716d258cf301d15b059905eb1513c2,0x68b3465833fb72a70ecdf485e0e4c7bd8665fc45,0x125641d82516b74f86ff3efa58d9501d39bfc499,0x68b3465833fb72a70ecdf485e0e4c7bd8665fc45,1,13,0,35554851884.0,0.0,0.0,35000000000.0,7406132260.0
61,USDC_USDT,15738847,1665659903,0xacd70ca7880af0554493890a4809cbad6704f6d80897c85a56a72d4aa9411513,0x7a250d5630b4cf539739df2c5dacb4c659f2488d,0x794b3cea4814249de171fd6421d13979c0f55273,0x794b3cea4814249de171fd6421d13979c0f55273,1,13,0,30332557865.0,0.0,0.0,29791066596.0,10000000000.0
62,USDC_USDT,15952170,1668234839,0x082db2abec3bbba8d951634cb0d78c4e3374bda29b20a33b3e30e2dda426d44a,0x68b3465833fb72a70ecdf485e0e4c7bd8665fc45,0x68b3465833fb72a70ecdf485e0e4c7bd8665fc45,0x68b3465833fb72a70ecdf485e0e4c7bd8665fc45,16,100,0,22353967200.0,0.0,0.0,22091219176.0,29534578813.0
63,USDC_USDT,16223376,1671508823,0x7415c0319c3e3528e5be305bbaa5fbac67d5f6aaced4c348453fc1fad81a950e,0x7a250d5630b4cf539739df2c5dacb4c659f2488d,0x7510ba3a0cab2d07b8563be13ced76cef1de71e0,0x7510ba3a0cab2d07b8563be13ced76cef1de71e0,1,9,0,25078974000.0,0.0,0.0,24760903059.0,13650000000.0
64,USDC_USDT,16235519,1671655151,0x45072b531add9585e2804042bfcf2d2aba911baf0b7572c68178b60ad44baa79,0x7a250d5630b4cf539739df2c5dacb4c659f2488d,0x7510ba3a0cab2d07b8563be13ced76cef1de71e0,0x7510ba3a0cab2d07b8563be13ced76cef1de71e0,1,9,0,24988581200.0,0.0,0.0,24680877989.0,14700000000.0
65,USDC_USDT,16384362,1673449643,0x7078ef71b515128e26913b611f9c96a52d4aa4589cf198df8441b23e5f6507ea,0x7a250d5630b4cf539739df2c5dacb4c659f2488d,0x8433ed02a32154aa0edbae12b1c8816205d6d02c,0x8433ed02a32154aa0edbae12b1c8816205d6d02c,1,8,0,27400011889.0,0.0,0.0,27002000000.0,27858657161.0
66,USDC_USDT,16509633,1674960971,0xe9e8e307c1f5e0412e83e6fc2b663395e82817978f1c8830680daa3ea5a60192,0x7a250d5630b4cf539739df2c5dacb4c659f2488d,0x00b1a4e7f217380a7c9e6c12f327ac4a1d9b6a14,0x00b1a4e7f217380a7c9e6c12f327ac4a1d9b6a14,1,25,1,0.0,69435404371.0,68450405885.0,0.0,17478072647.0
67,USDC_USDT,16780035,1678235951,0x0296a456cf5a3362e2826579b6a24df13f66ba97438545fb9f6429f87388bedc,0x7a250d5630b4cf539739df2c5dacb4c659f2488d,0x3b4837c9f4a606b71e61fd56db6241781194df92,0x3b4837c9f4a606b71e61fd56db6241781194df92,1,10,1,0.0,40888410171.0,40483605534.0,0.0,35161900741.0
68,USDC_USDT,16801212,1678493627,0x872fb368124539a8ce744756ce03c44cb16f51d150243620e73954ff33cd5324,0xef1c6e67703c7bd7107eed8303fbe6ec2554bf6b,0xef1c6e67703c7bd7107eed8303fbe6ec2554bf6b,0xef1c6e67703c7bd7107eed8303fbe6ec2554bf6b,4,74,0,30379904369.0,0.0,0.0,29596705433.0,100000000000.0
69,USDC_USDT,16802544,1678509791,0x8ab423394a36987d33402618422855001b010ebb68ad56b34ddc6e5c8bf19a50,0xdef1c0ded9bec7f1a1670819833240f027b25eff,0x82f9d5fe6c46990f3c2536e83b2b4e1c0a91f27f,0xdef1c0ded9bec7f1a1670819833240f027b25eff,1,7,0,25135115201.0,0.0,0.0,20918958227.0,152736949351.0
70,USDC_USDT,16802546,1678509815,0x10a992cbdb05d54c22ec0184627ea297d4193bd62cd9cda26a44464c914dc291,0xef1c6e67703c7bd7107eed8303fbe6ec2554bf6b,0x967049a18860a3eb3bd39f74eef33b4e2234f8f7,0xef1c6e67703c7bd7107eed8303fbe6ec2554bf6b,1,7,0,30000000000.0,0.0,0.0,27161193772.0,156228849204.0
71,USDC_USDT,16802617,1678510679,0x6830c23be33631e77c6583c7aa775e87cc99db334f7015415710995237ce8727,0xef1c6e67703c7bd7107eed8303fbe6ec2554bf6b,0xcfd97174bf1976d13cfcd22aa74bcbff9fb30467,0xef1c6e67703c7bd7107eed8303fbe6ec2554bf6b,16,87,1,0.0,41065980589.0,42823336369.0,0.0,107057919161.0
72,USDC_USDT,16802642,1678510979,0xeb06ba62b3b65364f7509f6a7b1b6ed9a264611c95d47160a3cace4181dcab04,0xef1c6e67703c7bd7107eed8303fbe6ec2554bf6b,0x8c17ae67564d5ef5f8fbd8e74d1d502fb78ebdac,0xef1c6e67703c7bd7107eed8303fbe6ec2554bf6b,1,17,1,0.0,104188049806.0,107281580644.0,0.0,109124898150.0
73,USDC_USDT,16802667,1678511291,0x51a0314fc7a8aabcbb06b79aa90fbb25bf1a4206fddc4ea3edd4b6d8e3bd8c7f,0xf164fc0ec4e93095b804a4795bbe1e041497b92a,0x22f9dcf4647084d6c31b2765f6910cd85c178c18,0x22f9dcf4647084d6c31b2765f6910cd85c178c18,7,62,1,0.0,28883700000.0,30608962289.0,0.0,116802322529.0
74,USDC_USDT,16802668,1678511303,0x10aa492bd23094cbdad329983d5f11e1a91843f460df053db3a902cd389280c4,0xf164fc0ec4e93095b804a4795bbe1e041497b92a,0x22f9dcf4647084d6c31b2765f6910cd85c178c18,0x22f9dcf4647084d6c31b2765f6910cd85c178c18,1,8,1,0.0,66981624762.0,48401440716.0,0.0,118883299597.0
75,USDC_USDT,17666749,1689034499,0x2eb4cd39feec0cb6fa1a6adeb5e0afb665e173887e2283765626d16cc9c456cf,0x7a250d5630b4cf539739df2c5dacb4c659f2488d,0x626e6e3dac82205ea5ffb526092f4dce525e46a9,0x626e6e3dac82205ea5ffb526092f4dce525e46a9,2,49,1,0.0,40397585140.0,40000000000.0,0.0,18780641718.0
76,USDC_USDT,17676746,1689156023,0xf9666c7997f8330c7dde8ce656c755eb0e6fedb7393eb0e33fa07fc95f2776d0,0x7a250d5630b4cf539739df2c5dacb4c659f2488d,0x253355c3f3dd144cd614f7a59fd1c5bbfe974091,0x253355c3f3dd144cd614f7a59fd1c5bbfe974091,1,18,0,59700000000.0,0.0,0.0,58595248313.0,100000000000.0
77,USDC_USDT,17676979,1689158831,0x29e70b7b50561401ae2f0f441d82552b93c08fa4de9c5e39865b6fb9d2378266,0x7a250d5630b4cf539739df2c5dacb4c659f2488d,0xa9b6432e1d1378d73a6cd32056f0932f0a4be09a,0xa9b6432e1d1378d73a6cd32056f0932f0a4be09a,1,15,1,0.0,60523427476.0,59325848922.0,0.0,40000000000.0
78,USDC_USDT,17742371,1689952847,0x80ecfb05c872c38ee4e48603e12a73e600df50365263728664bcaa0bd572cb92,0x7a250d5630b4cf539739df2c5dacb4c659f2488d,0x3b4837c9f4a606b71e61fd56db6241781194df92,0x3b4837c9f4a606b71e61fd56db6241781194df92,1,8,0,71406999943.0,0.0,0.0,70000700007.0,29922784011.0
79,USDC_USDT,17857530,1691344427,0x4979569beb6198a360b56f1401717f72932cc2820dfef912256db1ccb64f62be,0x7a250d5630b4cf539739df2c5dacb4c659f2488d,0x00000000d7c185343e6504e428b8f8b5ad6c91b8,0x00000000d7c185343e6504e428b8f8b5ad6c91b8,1,7,0,34910000000.0,0.0,0.0,33953387223.0,13886417841.0
80,USDC_USDT,18115374,1694462627,0x64d0935999d7125d34a9ce7647c93e5725dfcee0ddb6fb2fa86ff808834216c3,0x7a250d5630b4cf539739df2c5dacb4c659f2488d,0x498c5431eb517101582988fbb36431ddaac8f4b1,0x498c5431eb517101582988fbb36431ddaac8f4b1,1,25,0,147305848942.0,0.0,0.0,145000000000.0,137643173545.0
81,USDC_USDT,18542685,1699633055,0x56daed214c4b4d01ef06b94aee36a75dc7624747e5b1a1b96d52600cb9ff792c,0x7a250d5630b4cf539739df2c5dacb4c659f2488d,0x3b4837c9f4a606b71e61fd56db6241781194df92,0x3b4837c9f4a606b71e61fd56db6241781194df92,1,8,1,0.0,45889964293.0,45004500450.0,0.0,57619735850.0
82,USDC_USDT,18643112,1700847575,0xcaa227aa3c06d56e9f379b4424aea5900d924bd77d03e203ad78416878877909,0x3fc91a3afd70395cd496c647d5a6cc9d4b2b7fad,0x3fc91a3afd70395cd496c647d5a6cc9d4b2b7fad,0x3fc91a3afd70395cd496c647d5a6cc9d4b2b7fad,2,30,0,10675343948.0,0.0,0.0,10553105499.0,31050421438.0
83,USDC_USDT,18669921,1701172067,0x93a43ebc54e707e8c19b3386ab1a5ee7ce52fe1b88e92e12086fc47e9e20e83a,0x3fc91a3afd70395cd496c647d5a6cc9d4b2b7fad,0x3fc91a3afd70395cd496c647d5a6cc9d4b2b7fad,0x3fc91a3afd70395cd496c647d5a6cc9d4b2b7fad,7,28,0,10000000000.0,0.0,0.0,9892511218.0,28143005403.0
84,USDC_USDT,18719384,1701770087,0xd06eaa6234fc506868662b5c859f3edee256bee6a9abdbc7bd1be386e597af20,0xf081470f5c6fbccf48cc4e5b82dd926409dcdd67,0x4d7b070e3d625a4b8a40570fc1a6e8c4f7d333ff,0xf081470f5c6fbccf48cc4e5b82dd926409dcdd67,2,34,1,0.0,7474010500.0,7208457668.0,0.0,39703523517.0
85,USDC_USDT,18728521,1701880727,0x55740e4e6b0a1b8a9e45365c55707a144c47ecd9d0b89d719e005a7c7f61f665,0x3fc91a3afd70395cd496c647d5a6cc9d4b2b7fad,0x7fe8cfe481ec2f702692a9152e3f002f3e417ac6,0x3fc91a3afd70395cd496c647d5a6cc9d4b2b7fad,2,42,1,0.0,9304488728.0,8816275830.0,0.0,69847611943.0
86,USDC_USDT,18728627,1701882011,0x463d599306f29b3a9477088497100a6ae5f253412dab3a8b51bf6f1cf936f7d0,0x3fc91a3afd70395cd496c647d5a6cc9d4b2b7fad,0x7fe8cfe481ec2f702692a9152e3f002f3e417ac6,0x3fc91a3afd70395cd496c647d5a6cc9d4b2b7fad,1,25,1,0.0,7640163082.0,6975745402.0,0.0,61885934649.0
87,USDC_USDT,18728669,1701882515,0x2b59917c93c95eb4f4105e2a04c78de36345b605963a138be8808ca48854dc50,0x3fc91a3afd70395cd496c647d5a6cc9d4b2b7fad,0x7fe8cfe481ec2f702692a9152e3f002f3e417ac6,0x3fc91a3afd70395cd496c647d5a6cc9d4b2b7fad,1,25,1,0.0,9374643385.0,8575128968.0,0.0,63748539322.0
88,USDC_USDT,18728723,1701883175,0x5056dd9aa36e90221b25a6c8c64fa53280ea26aa55003955c6ab8da185d7a36a,0x3fc91a3afd70395cd496c647d5a6cc9d4b2b7fad,0x7fe8cfe481ec2f702692a9152e3f002f3e417ac6,0x3fc91a3afd70395cd496c647d5a6cc9d4b2b7fad,2,58,1,0.0,9311828131.0,8525469876.0,0.0,75140138174.0
89,USDC_USDT,18728937,1701885767,0x43071054a78bd7686df9162de3c5fec65191875a70dda0b2b630a3b5c8823639,0x3fc91a3afd70395cd496c647d5a6cc9d4b2b7fad,0x7fe8cfe481ec2f702692a9152e3f002f3e417ac6,0x3fc91a3afd70395cd496c647d5a6cc9d4b2b7fad,1,25,1,0.0,10287010248.0,9384203949.0,0.0,73077983173.0
90,USDC_USDT,18817233,1702955255,0x4ee744611566d433c0ad7178e129404d70584a3aaadc4722de1c1f3d6b5ea8fe,0x7a250d5630b4cf539739df2c5dacb4c659f2488d,0x3b4837c9f4a606b71e61fd56db6241781194df92,0x3b4837c9f4a606b71e61fd56db6241781194df92,3,19,1,0.0,10206743622.0,9998844033.0,0.0,50722926193.0
91,USDC_USDT,18835363,1703175263,0xe03e3f95330d86202c68063b43594915cd3855991135cfe7f35da7bcca1bc87e,0xf3de3c0d654fda23dad170f0f320a92172509127,0x2a0d53f423a131cba724ae6a6352b59cc8d5a764,0xf3de3c0d654fda23dad170f0f320a92172509127,2,13,1,0.0,9987000000.0,8395877088.0,0.0,63609098214.0
92,USDC_USDT,18842766,1703264867,0xe20621b0021ef1913a9c01c2c1f71337b0dc59ded1420d34ac03995226e27ee3,0x7a250d5630b4cf539739df2c5dacb4c659f2488d,0x3b4837c9f4a606b71e61fd56db6241781194df92,0x3b4837c9f4a606b71e61fd56db6241781194df92,3,29,1,0.0,9180416695.0,8999918910.0,0.0,53037650515.0
93,USDC_USDT,18846903,1703314967,0x3e045e7405633b8fba2c5ee06fe6ebcaa4f92ffd54b507bbc1915c6bb019e351,0x7a250d5630b4cf539739df2c5dacb4c659f2488d,0x3b4837c9f4a606b71e61fd56db6241781194df92,0x3b4837c9f4a606b71e61fd56db6241781194df92,8,44,1,0.0,9177482197.0,8999918910.0,0.0,20164160458.0
94,USDC_USDT,18848919,1703339399,0xab45bbdb6a502d4421f02218c7038e7700ab117179ec9a78482853944d92135f,0x7a250d5630b4cf539739df2c5dacb4c659f2488d,0x3b4837c9f4a606b71e61fd56db6241781194df92,0x3b4837c9f4a606b71e61fd56db6241781194df92,1,8,1,0.0,12201631485.0,11987874367.0,0.0,24861903268.0
95,USDC_USDT,18862494,1703504219,0x819665af026fae4f2be9f92fbb4433d7116557af3c30f93e6b3128fa31455bf6,0x3fc91a3afd70395cd496c647d5a6cc9d4b2b7fad,0x149148acc3b06b8cc73af3a10e84189243a35925,0x3fc91a3afd70395cd496c647d5a6cc9d4b2b7fad,1,12,1,0.0,10000000000.0,9785304815.0,0.0,19163545746.0
96,USDC_USDT,18935207,1704386375,0xaa8ce40c7cc60bad87be61c87ce06727ca5c0e63cee7e3e6abbf3e9a2c114ca3,0xdef1c0ded9bec7f1a1670819833240f027b25eff,0xe62f5639716a9406f2692a35b163634db69e0ef7,0xdef1c0ded9bec7f1a1670819833240f027b25eff,2,32,0,9988280798.0,0.0,0.0,6848562383.0,29762047971.0
97,USDC_USDT,18970360,1704814835,0x57367f32425b770f3f9d8f0c110d97dfcf548352ddc36707217e1000bde6b480,0x7a250d5630b4cf539739df2c5dacb4c659f2488d,0x626e6e3dac82205ea5ffb526092f4dce525e46a9,0x626e6e3dac82205ea5ffb526092f4dce525e46a9,2,36,1,0.0,8509755500.0,8430000000.0,0.0,22811414287.0
98,USDC_USDT,18989169,1705042571,0xa5519c30a19eced69609bb8f155c4be2c5698669830ba13fab02af628203bcec,0x7a250d5630b4cf539739df2c5dacb4c659f2488d,0x3b4837c9f4a606b71e61fd56db6241781194df92,0x3b4837c9f4a606b71e61fd56db6241781194df92,1,8,1,0.0,30591069443.0,29998145814.0,0.0,14135499086.0
99,USDC_USDT,19024066,1705463867,0xb10f83a7eda8ca1fb1ac03756249f83b720169f2d70d4f334b845f091ac8f20e,0x7a250d5630b4cf539739df2c5dacb4c659f2488d,0x3b4837c9f4a606b71e61fd56db6241781194df92,0x3b4837c9f4a606b71e61fd56db6241781194df92,1,16,1,0.0,9698151635.0,9499089987.0,0.0,28666910218.0
100,USDC_USDT,19028043,1705511987,0x7426de104827f57699dbff2242ef67826703675b72e6156bd8c5413a6ea46e01,0x7a250d5630b4cf539739df2c5dacb4c659f2488d,0x3b4837c9f4a606b71e61fd56db6241781194df92,0x3b4837c9f4a606b71e61fd56db6241781194df92,1,12,1,0.0,10864370532.0,10642446662.0,0.0,42912739538.0
101,USDC_USDT,19031405,1705552583,0x54108d0279dae40f4e76527d1fd0d914c06566dd5ace8433bf2ce8f38da21755,0xf3de3c0d654fda23dad170f0f320a92172509127,0x9a84a1852bc7fb608794960960adb04666a12b41,0xf3de3c0d654fda23dad170f0f320a92172509127,1,8,1,0.0,30123030.0,29806162.0,0.0,24284349056.0
101,USDC_USDT,19031405,1705552583,0x459426a42ed97a5c0adbadc592dc2191a221bffe45623423fe6dbbd5cd3c6ad7,0x7a250d5630b4cf539739df2c5dacb4c659f2488d,0x3b4837c9f4a606b71e61fd56db6241781194df92,0x3b4837c9f4a606b71e61fd56db6241781194df92,2,21,1,0.0,7386072897.0,7282683392.0,0.0,25284349056.0
101,USDC_USDT,19031405,1705552583,0x459426a42ed97a5c0adbadc592dc2191a221bffe45623423fe6dbbd5cd3c6ad7,0x7a250d5630b4cf539739df2c5dacb4c659f2488d,0x3b4837c9f4a606b71e61fd56db6241781194df92,0x3b4837c9f4a606b71e61fd56db6241781194df92,2,32,1,0.0,6635577359.0,6499271236.0,0.0,25284349056.0
102,USDC_USDT,19131999,1706771291,0x7092926b2f04c2a76a969bbccd973bc5ddcf197288e36411c6c122f1826f9949,0x7a250d5630b4cf539739df2c5dacb4c659f2488d,0x3b4837c9f4a606b71e61fd56db6241781194df92,0x3b4837c9f4a606b71e61fd56db6241781194df92,2,42,1,0.0,4567790951.0,4499587792.0,0.0,18940247568.0
102,USDC_USDT,19131999,1706771291,0x7092926b2f04c2a76a969bbccd973bc5ddcf197288e36411c6c122f1826f9949,0x7a250d5630b4cf539739df2c5dacb4c659f2488d,0x3b4837c9f4a606b71e61fd56db6241781194df92,0x3b4837c9f4a606b71e61fd56db6241781194df92,2,53,1,0.0,2036509586.0,1999816796.0,0.0,18940247568.0
102,USDC_USDT,19131999,1706771291,0x7092926b2f04c2a76a969bbccd973bc5ddcf197288e36411c6c122f1826f9949,0x7a250d5630b4cf539739df2c5dacb4c659f2488d,0x3b4837c9f4a606b71e61fd56db6241781194df92,0x3b4837c9f4a606b71e61fd56db6241781194df92,2,68,1,0.0,6441679736.0,6300287760.0,0.0,18940247568.0
103,USDC_USDT,19172928,1707267803,0xa5c03dcc3de8c27b0e5936e61b953fa4826561b7444f528daa6c28700e5d6a7d,0x7a250d5630b4cf539739df2c5dacb4c659f2488d,0x3b4837c9f4a606b71e61fd56db6241781194df92,0x3b4837c9f4a606b71e61fd56db6241781194df92,10,73,1,0.0,10212794839.0,9998005397.0,0.0,28620744817.0
104,USDC_USDT,19191541,1707493427,0x17f3c3ac857c63d3f5225208dd3f983cceb73b6bb63a5dff14630fe02ae75232,0x7a250d5630b4cf539739df2c5dacb4c659f2488d,0x3b4837c9f4a606b71e61fd56db6241781194df92,0x3b4837c9f4a606b71e61fd56db6241781194df92,2,22,1,0.0,10802561519.0,10607473611.0,0.0,79955463162.0
105,USDC_USDT,19239705,1708077359,0x57d04aa4f18951fdcedb617c98e9fd84e7c90a72242e5cc35b8b3d8c8f5f9fd0,0x7a250d5630b4cf539739df2c5dacb4c659f2488d,0x3b4837c9f4a606b71e61fd56db6241781194df92,0x3b4837c9f4a606b71e61fd56db6241781194df92,1,8,1,0.0,13350213011.0,13097860191.0,0.0,23403947986.0
106,USDC_USDT,19327631,1709142707,0x447990aec1f2e5ebd4aa8541a40a28ef85fd2e1f3feb904d1c6e53c40afd08b0,0x7a250d5630b4cf539739df2c5dacb4c659f2488d,0x00000000d7c185343e6504e428b8f8b5ad6c91b8,0x00000000d7c185343e6504e428b8f8b5ad6c91b8,4,19,0,16820000000.0,0.0,0.0,16470987847.0,151728134214.0
107,USDC_USDT,19371412,1709671199,0x255b026836985322f280c946368f95fd503f244619e292fde22fb8a61cafd558,0x7a250d5630b4cf539739df2c5dacb4c659f2488d,0xb4e16d0168e52d35cacd2c6185b44281ec28c9dc,0xb4e16d0168e52d35cacd2c6185b44281ec28c9dc,8,11,1,0.0,10000000000.0,9624712278.0,0.0,168553141647.0
108,USDC_USDT,19380217,1709777339,0xae7f02bf267cbf0efdaf785e61f0063113ccdb713c6627b061fd5c08ac3cae7e,0x3fc91a3afd70395cd496c647d5a6cc9d4b2b7fad,0xe06a33b2236c0e2253ab1d7c6c99a842dbc5efbe,0x3fc91a3afd70395cd496c647d5a6cc9d4b2b7fad,6,67,0,8807838143.0,0.0,0.0,8318789691.0,57899338053.0
109,USDC_USDT,19380233,1709777531,0x093321b94108efe6cd4943bc3a108d553adb727dddb6fea98956ded2cf59ebb7,0x3fc91a3afd70395cd496c647d5a6cc9d4b2b7fad,0xb4e16d0168e52d35cacd2c6185b44281ec28c9dc,0x3fc91a3afd70395cd496c647d5a6cc9d4b2b7fad,6,36,1,0.0,10000000000.0,9869338265.0,0.0,56797820962.0
110,USDC_USDT,19405923,1710088523,0xab756958584699bf03ac87685d24f864dc9720ae6833e9e113fcb1271e26b5fd,0x3fc91a3afd70395cd496c647d5a6cc9d4b2b7fad,0xf32d6bef68bb5bf73e9af5eb83cb3aefa36659b7,0x3fc91a3afd70395cd496c647d5a6cc9d4b2b7fad,7,57,0,9706521623.0,0.0,0.0,8825000000.0,93316977568.0
111,USDC_USDT,19430084,1710380807,0x29e301cb1fb2899bfd9881e347e1b5aa36262692a093d5a82f3a81b3a013d573,0xf164fc0ec4e93095b804a4795bbe1e041497b92a,0x22f9dcf4647084d6c31b2765f6910cd85c178c18,0x22f9dcf4647084d6c31b2765f6910cd85c178c18,5,33,0,8697285568.0,0.0,0.0,8447921434.0,56456833149.0
112,USDC_USDT,19460786,1710754043,0x20fd04e482948cfcb28affe664f0902ae4fdc7891c190c80e88f4755058749da,0x7a250d5630b4cf539739df2c5dacb4c659f2488d,0x684b00a5773679f88598a19976fbeb25a68e9a5f,0x684b00a5773679f88598a19976fbeb25a68e9a5f,2,10,1,0.0,17400732802.0,16969264331.0,0.0,27349919325.0
113,USDC_USDT,19502323,1711257959,0x6a7ae3285d2815a8ddf06ed814037bebda0fb16ce452f17f996cf3e554ce26a2,0x7a250d5630b4cf539739df2c5dacb4c659f2488d,0x3b4837c9f4a606b71e61fd56db6241781194df92,0x3b4837c9f4a606b71e61fd56db6241781194df92,110,60,1,0.0,9690097922.0,9499652882.0,0.0,14964517073.0
114,USDC_USDT,19531004,1711609451,0x83aab21eb4ac724331fec691fd8b009c18f48dd9a350f21a647cb8a7c99bd4ec,0x7a250d5630b4cf539739df2c5dacb4c659f2488d,0x3b4837c9f4a606b71e61fd56db6241781194df92,0x3b4837c9f4a606b71e61fd56db6241781194df92,4,37,1,0.0,2032268395.0,1999865829.0,0.0,21581198775.0
114,USDC_USDT,19531004,1711609451,0x83aab21eb4ac724331fec691fd8b009c18f48dd9a350f21a647cb8a7c99bd4ec,0x7a250d5630b4cf539739df2c5dacb4c659f2488d,0x3b4837c9f4a606b71e61fd56db6241781194df92,0x3b4837c9f4a606b71e61fd56db6241781194df92,4,48,1,0.0,6437170645.0,6309132820.0,0.0,21581198775.0
115,USDC_USDT,19557429,1711931303,0x065a2c15dfcdf82e7db8af6861b06f43c71d7c9dad0c625452e49822c7e4d308,0x7a250d5630b4cf539739df2c5dacb4c659f2488d,0x3b4837c9f4a606b71e61fd56db6241781194df92,0x3b4837c9f4a606b71e61fd56db6241781194df92,1,8,1,0.0,13259178328.0,13000364010.0,0.0,19532212427.0
116,USDC_USDT,19637763,1712903627,0x0204f9b2ad749d3a510d95dee15f3ce806511d7afd19ad11a764ce75b7249c49,0x3fc91a3afd70395cd496c647d5a6cc9d4b2b7fad,0x3fc91a3afd70395cd496c647d5a6cc9d4b2b7fad,0x3fc91a3afd70395cd496c647d5a6cc9d4b2b7fad,2,29,0,8387984023.0,0.0,0.0,8319518811.0,12049635203.0
117,USDC_USDT,19730777,1714028723,0x6fb0ab903e84c126250a91a5b57fa274178f1f91a701561a037647f135f7947d,0x7a250d5630b4cf539739df2c5dacb4c659f2488d,0x3b4837c9f4a606b71e61fd56db6241781194df92,0x3b4837c9f4a606b71e61fd56db6241781194df92,2,18,1,0.0,20398494363.0,19999174351.0,0.0,5859795914.0
118,USDC_USDT,19730786,1714028831,0x8b8cf53c9c498eb6af772fa3873ea896527867bc3828744c6b92aaaa52dfa84d,0x7a250d5630b4cf539739df2c5dacb4c659f2488d,0x3b4837c9f4a606b71e61fd56db6241781194df92,0x3b4837c9f4a606b71e61fd56db6241781194df92,1,8,1,0.0,10464473255.0,10259605521.0,0.0,6956830325.0
119,USDC_USDT,19737384,1714108475,0x232118c0bcfc1b699faaa5375e8a1631527761c369588910064258a2c79abd7b,0x7a250d5630b4cf539739df2c5dacb4c659f2488d,0x3b4837c9f4a606b71e61fd56db6241781194df92,0x3b4837c9f4a606b71e61fd56db6241781194df92,3,56,1,0.0,2033077528.0,1999851111.0,0.0,7000000000.0
119,USDC_USDT,19737384,1714108475,0x232118c0bcfc1b699faaa5375e8a1631527761c369588910064258a2c79abd7b,0x7a250d5630b4cf539739df2c5dacb4c659f2488d,0x3b4837c9f4a606b71e61fd56db6241781194df92,0x3b4837c9f4a606b71e61fd56db6241781194df92,3,67,1,0.0,6382192194.0,6252997519.0,0.0,7000000000.0
120,USDC_USDT,19742969,1714176167,0x312d63e22a7f6fe4e97dafbc38c3860594e2d95eb826422a648a571f1eb06b37,0x7a250d5630b4cf539739df2c5dacb4c659f2488d,0xc8167659ff247ecd9b09333685ddf70091c96ca4,0xc8167659ff247ecd9b09333685ddf70091c96ca4,4,26,0,6768873814.0,0.0,0.0,5826401942.0,5469466090.0
121,USDC_USDT,19803020,1714901567,0x934e84c6057449b778ea948a0d1a8e1ebbd68257ddb7f503f6201cb9b8de2b09,0x00000047bb99ea4d791bb749d970de71ee0b1a34,0xcbf83d10a021ebc73de69c5c283862a87a120229,0x00000047bb99ea4d791bb749d970de71ee0b1a34,1,16,0,8158498217.0,0.0,0.0,7902061635.0,5919277782.0
122,USDC_USDT,19817397,1715075339,0x94224ba332b389df9ab12bb7814e3af3c5e90735958516104795842ed3d244d9,0x14f2b6ca0324cd2b013ad02a7d85541d215e2906,0x1231deb6f5749ef6ce6943a275a1d3e7486f4eae,0x14f2b6ca0324cd2b013ad02a7d85541d215e2906,1,13,0,17948369593.0,0.0,0.0,17690435656.0,6432800835.0
123,USDC_USDT,19860338,1715594171,0x8f46e9b57a8b0bfb85994816194e91477842ade08f3ce4e56e15a5e3f8397076,0x7a250d5630b4cf539739df2c5dacb4c659f2488d,0x626e6e3dac82205ea5ffb526092f4dce525e46a9,0x626e6e3dac82205ea5ffb526092f4dce525e46a9,1,12,1,0.0,7578074002.0,7500000000.0,0.0,5612976898.0
124,USDC_USDT,19886980,1715916083,0x75e8c7460ccd238d49a6dbe3b7266a360077e82606de6ce1cb5956b224ced216,0x7a250d5630b4cf539739df2c5dacb4c659f2488d,0x3b4837c9f4a606b71e61fd56db6241781194df92,0x3b4837c9f4a606b71e61fd56db6241781194df92,1,11,1,0.0,8157986519.0,8000400020.0,0.0,3578021576.0
125,USDC_USDT,19886986,1715916155,0xb37379b6f450fcf9dba6d1fa079bbf3d265fe183e72b3111138ec46683b7d75b,0x7a250d5630b4cf539739df2c5dacb4c659f2488d,0x3b4837c9f4a606b71e61fd56db6241781194df92,0x3b4837c9f4a606b71e61fd56db6241781194df92,1,12,1,0.0,14272183325.0,13996489824.0,0.0,3257308783.0
126,USDC_USDT,19888165,1715930399,0xa517d5b24e6c6de85bb5c07a8c925d29ca949d2319d0ed223bbec943b37a46fe,0x7a250d5630b4cf539739df2c5dacb4c659f2488d,0x3b4837c9f4a606b71e61fd56db6241781194df92,0x3b4837c9f4a606b71e61fd56db6241781194df92,1,32,1,0.0,6553799648.0,6500325016.0,0.0,7541242641.0
126,USDC_USDT,19888165,1715930399,0xa517d5b24e6c6de85bb5c07a8c925d29ca949d2319d0ed223bbec943b37a46fe,0x7a250d5630b4cf539739df2c5dacb4c659f2488d,0x3b4837c9f4a606b71e61fd56db6241781194df92,0x3b4837c9f4a606b71e61fd56db6241781194df92,1,43,1,0.0,6427502364.0,6336121406.0,0.0,7541242641.0
126,USDC_USDT,19888165,1715930399,0xa517d5b24e6c6de85bb5c07a8c925d29ca949d2319d0ed223bbec943b37a46fe,0x7a250d5630b4cf539739df2c5dacb4c659f2488d,0x3b4837c9f4a606b71e61fd56db6241781194df92,0x3b4837c9f4a606b71e61fd56db6241781194df92,1,54,1,0.0,4588867431.0,4500225011.0,0.0,7541242641.0
127,USDC_USDT,19890072,1715953499,0x7ba5757850d16a566eec2a0c8f8548dd69abc677751e3f450c51f045cc7b885d,0x7a250d5630b4cf539739df2c5dacb4c659f2488d,0x3b4837c9f4a606b71e61fd56db6241781194df92,0x3b4837c9f4a606b71e61fd56db6241781194df92,1,8,0,15302359777.0,0.0,0.0,14998200215.0,7203818992.0
128,USDC_USDT,19987072,1717125395,0x6df2286ce9046c214ff3420e23a507377d8f359ba869d5010e4567df71b2726a,0x3fc91a3afd70395cd496c647d5a6cc9d4b2b7fad,0xa86aca6d7c393c06dcdc30473ea3d1b05c358dff,0x3fc91a3afd70395cd496c647d5a6cc9d4b2b7fad,3,45,1,0.0,10062716116.0,9911328244.0,0.0,9300176444.0
129,USDC_USDT,20074428,1718179391,0xb7dc93bfb3166c75b178e36ad45db051dae1d9da1930f70b5b7a7cc19952c92e,0x3fc91a3afd70395cd496c647d5a6cc9d4b2b7fad,0xa86aca6d7c393c06dcdc30473ea3d1b05c358dff,0x3fc91a3afd70395cd496c647d5a6cc9d4b2b7fad,2,17,1,0.0,14935738314.0,14716524476.0,0.0,10541808229.0
130,USDC_USDT,20077643,1718218163,0x0bf47639c675b12cac103d50b716e5c1512c52e847f2154aa7cd6788247ef3d4,0x7a250d5630b4cf539739df2c5dacb4c659f2488d,0x626e6e3dac82205ea5ffb526092f4dce525e46a9,0x626e6e3dac82205ea5ffb526092f4dce525e46a9,15,82,0,8581600915.0,0.0,0.0,8500000000.0,20000000000.0
130,USDC_USDT,20077643,1718218163,0x7cf2113b683b3bd5816e750189ad1ae2a84f91c92fdf27daabfa805e48591db7,0x1111111254eeb25477b68fb85ed929f73a960582,0x74de5d4fcbf63e00296fd95d33236b9794016631,0x1111111254eeb25477b68fb85ed929f73a960582,16,97,0,1868477514.0,0.0,0.0,1842681055.0,19181211210.0
131,USDC_USDT,20196744,1719656867,0x713b66ea1f9e830b69ab83d0e0e2ba9abfe8aef4be755b80edb06ae55b1d8c3d,0x7a250d5630b4cf539739df2c5dacb4c659f2488d,0x626e6e3dac82205ea5ffb526092f4dce525e46a9,0x626e6e3dac82205ea5ffb526092f4dce525e46a9,1,16,1,0.0,8089704333.0,8000000000.0,0.0,3589965867.0
132,USDC_USDT,20214561,1719871751,0x70da2a905027c338fe6b5c2269652b62d8c571f786d57580bfbfaf88a068bf92,0x7a250d5630b4cf539739df2c5dacb4c659f2488d,0x3b4837c9f4a606b71e61fd56db6241781194df92,0x3b4837c9f4a606b71e61fd56db6241781194df92,1,13,1,0.0,12732828628.0,12468177369.0,0.0,4690107488.0
133,USDC_USDT,20261394,1720436927,0x388def686ec55e85d3a21b2043e1ad520db7b0aa3f84e4cc21cd033a81faf109,0x7a250d5630b4cf539739df2c5dacb4c659f2488d,0x626e6e3dac82205ea5ffb526092f4dce525e46a9,0x626e6e3dac82205ea5ffb526092f4dce525e46a9,2,18,0,8584205267.0,0.0,0.0,8500000000.0,4000000000.0
134,USDC_USDT,20277654,1720633259,0xe0371c3618fea58c6784ca917e7c554757c85e03794a8f9dad6233543900d52e,0x00000047bb99ea4d791bb749d970de71ee0b1a34,0xec137e73c936c14a4deec516c5203dd439ed5f2f,0x00000047bb99ea4d791bb749d970de71ee0b1a34,1,11,0,8067692969.0,0.0,0.0,7959043652.0,13989365506.0
135,USDC_USDT,20284130,1720711319,0x9fe49edfa14201f4fb8c625ded694e9c24030412ff85fff3de9e894c1123adf3,0x7a250d5630b4cf539739df2c5dacb4c659f2488d,0x3b4837c9f4a606b71e61fd56db6241781194df92,0x3b4837c9f4a606b71e61fd56db6241781194df92,1,20,1,0.0,22177696629.0,21740800000.0,0.0,7875802324.0
136,USDC_USDT,20388814,1721973887,0x35270bf5aec77c9b56d890e79f72e9c9a64ceb71043d83972fd48fe78a56191f,0x7a250d5630b4cf539739df2c5dacb4c659f2488d,0x3b4837c9f4a606b71e61fd56db6241781194df92,0x3b4837c9f4a606b71e61fd56db6241781194df92,1,80,1,0.0,4545435377.0,4500502571.0,0.0,3980064721.0
136,USDC_USDT,20388814,1721973887,0x35270bf5aec77c9b56d890e79f72e9c9a64ceb71043d83972fd48fe78a56191f,0x7a250d5630b4cf539739df2c5dacb4c659f2488d,0x3b4837c9f4a606b71e61fd56db6241781194df92,0x3b4837c9f4a606b71e61fd56db6241781194df92,1,91,1,0.0,6424166673.0,6331145238.0,0.0,3980064721.0
136,USDC_USDT,20388814,1721973887,0x35270bf5aec77c9b56d890e79f72e9c9a64ceb71043d83972fd48fe78a56191f,0x7a250d5630b4cf539739df2c5dacb4c659f2488d,0x3b4837c9f4a606b71e61fd56db6241781194df92,0x3b4837c9f4a606b71e61fd56db6241781194df92,1,102,1,0.0,6632781367.0,6500725936.0,0.0,3980064721.0
137,USDC_USDT,20424327,1722402299,0x225abea52feeb83ac647841774d42c41a044ec0c1953d1844df50c32a9bcd6b6,0x7a250d5630b4cf539739df2c5dacb4c659f2488d,0x3b4837c9f4a606b71e61fd56db6241781194df92,0x3b4837c9f4a606b71e61fd56db6241781194df92,2,13,1,0.0,10361397203.0,10156716503.0,0.0,3479806571.0
138,USDC_USDT,20433672,1722515015,0x3654e50a80cfe4b03d3e9a601aa82daeee043c2f804c7c0694674c4a7c20ee2c,0x7a250d5630b4cf539739df2c5dacb4c659f2488d,0x3b4837c9f4a606b71e61fd56db6241781194df92,0x3b4837c9f4a606b71e61fd56db6241781194df92,1,12,1,0.0,13473138540.0,13202370458.0,0.0,9434000493.0
139,USDC_USDT,20536053,1723749347,0xf3d8e70a6afe7a8551495a8e96f0ee675b0ef21ec3707be046107ce95093d224,0x7a250d5630b4cf539739df2c5dacb4c659f2488d,0x3b4837c9f4a606b71e61fd56db6241781194df92,0x3b4837c9f4a606b71e61fd56db6241781194df92,1,8,1,0.0,34987228581.0,34298402380.0,0.0,9439522822.0
140,USDC_USDT,20618966,1724750207,0x4403187a8ae006aad1caa7a01b08ae64d5eaf90884ceff066fa0ff682bc79e31,0x7a250d5630b4cf539739df2c5dacb4c659f2488d,0x3b4837c9f4a606b71e61fd56db6241781194df92,0x3b4837c9f4a606b71e61fd56db6241781194df92,1,8,1,0.0,12542878832.0,12301393624.0,0.0,1154264892.0
141,USDC_USDT,20625095,1724824079,0x2acb658781b3715e0c68729424a66e0fb2abe8bdfcc0f52df8f31fa9ddb694cd,0x7a250d5630b4cf539739df2c5dacb4c659f2488d,0x3b4837c9f4a606b71e61fd56db6241781194df92,0x3b4837c9f4a606b71e61fd56db6241781194df92,2,31,1,0.0,17509460734.0,17167944956.0,0.0,1204229621.0
142,USDC_USDT,20776182,1726646831,0x932843159926a2fbc31e7413a7484ebe59bff9812f0e0328e22d1b1750e67bc6,0x7a250d5630b4cf539739df2c5dacb4c659f2488d,0x3b4837c9f4a606b71e61fd56db6241781194df92,0x3b4837c9f4a606b71e61fd56db6241781194df92,4,34,1,0.0,22748344247.0,22301507135.0,0.0,7806999786.0
143,USDC_USDT,20917895,1728354827,0x5c568c744adb72a76e559e36ff5f4e7f5fe3ca29d6ff0735cb48ba79e3823b1f,0x3fc91a3afd70395cd496c647d5a6cc9d4b2b7fad,0x3fc91a3afd70395cd496c647d5a6cc9d4b2b7fad,0x3fc91a3afd70395cd496c647d5a6cc9d4b2b7fad,1,23,1,0.0,13469121496.0,13054720879.0,0.0,9376431028.0
144,USDC_USDT,20969673,1728979679,0xb6d599e39f8bbdf6b62b48ef8b0446fa0f626d48da577f7e9cece69e74e173ba,0x7a250d5630b4cf539739df2c5dacb4c659f2488d,0x3b4837c9f4a606b71e61fd56db6241781194df92,0x3b4837c9f4a606b71e61fd56db6241781194df92,1,19,1,0.0,11695659803.0,11459479385.0,0.0,14209457764.0
145,USDC_USDT,21089708,1730426891,0x0998656ba62996c27e3e99741f3617ee32ac45ea4c8325b14f6493ba375e2b49,0x3fc91a3afd70395cd496c647d5a6cc9d4b2b7fad,0x3fc91a3afd70395cd496c647d5a6cc9d4b2b7fad,0x3fc91a3afd70395cd496c647d5a6cc9d4b2b7fad,1,23,1,0.0,16487052230.0,16150390892.0,0.0,8520060608.0
146,USDC_USDT,21171376,1731411791,0x8b10e11c8ed946b12881a23f517279dd27c7cab40da8b52d6d25b5792d9c2542,0x7a250d5630b4cf539739df2c5dacb4c659f2488d,0x626e6e3dac82205ea5ffb526092f4dce525e46a9,0x626e6e3dac82205ea5ffb526092f4dce525e46a9,6,30,1,0.0,14163781320.0,14041000000.0,0.0,24750908187.0
147,USDC_USDT,21193526,1731678935,0x9d39e96063b46f7f45809692e0cb997f29e981221eb56a5d0fc877e4fa9a94ed,0x7a250d5630b4cf539739df2c5dacb4c659f2488d,0x3b4837c9f4a606b71e61fd56db6241781194df92,0x3b4837c9f4a606b71e61fd56db6241781194df92,1,8,1,0.0,12747320195.0,12500675411.0,0.0,32280432583.0
148,USDC_USDT,21329285,1733317115,0x7504d885661d30174faaddadca66646e55b325a7f2ed81aa510c3dc3a816b824,0x7a250d5630b4cf539739df2c5dacb4c659f2488d,0x6aa981bff95edfea36bdae98c26b274ffcafe8d3,0x6aa981bff95edfea36bdae98c26b274ffcafe8d3,1,12,0,19680000000.0,0.0,0.0,19059553273.0,23485297313.0
149,USDC_USDT,21337725,1733418983,0x5dd1daa410f4e82a4dd5e22680ee12874e4517cd436bee2786047a22dc71f1e1,0x7a250d5630b4cf539739df2c5dacb4c659f2488d,0x6aa981bff95edfea36bdae98c26b274ffcafe8d3,0x6aa981bff95edfea36bdae98c26b274ffcafe8d3,3,31,0,9446400000.0,0.0,0.0,9200889447.0,34015002572.0
150,USDC_USDT,21343144,1733484359,0x0698813a08ff2e5c96da03e5400811ea79a5312d8b5598e1f425a6eb917b538b,0x7a250d5630b4cf539739df2c5dacb4c659f2488d,0x6aa981bff95edfea36bdae98c26b274ffcafe8d3,0x6aa981bff95edfea36bdae98c26b274ffcafe8d3,1,12,0,20806561920.0,0.0,0.0,20095421678.0,15963183393.0
151,USDC_USDT,21415481,1734356939,0x741a64adddbeb69d6a6763fdf70c2433915885c5a18b6c8b637410551e3bdc83,0x7a250d5630b4cf539739df2c5dacb4c659f2488d,0x3b4837c9f4a606b71e61fd56db6241781194df92,0x3b4837c9f4a606b71e61fd56db6241781194df92,1,8,1,0.0,12189683337.0,11945124371.0,0.0,14870245147.0
152,USDC_USDT,21511320,1735513787,0x2b4070baab1db27053121154d811247dc0c845a29a1c3182a50a2de7fc4b0f6f,0x7a250d5630b4cf539739df2c5dacb4c659f2488d,0x6aa981bff95edfea36bdae98c26b274ffcafe8d3,0x6aa981bff95edfea36bdae98c26b274ffcafe8d3,2,33,1,0.0,8967471509.0,8708636482.0,0.0,4496027638.0
153,USDC_USDT,21545670,1735927967,0xa1cf84d0d6c495a33e73ccfed3ce1d9f62e514255de4befb722b17171042b5d9,0x7a250d5630b4cf539739df2c5dacb4c659f2488d,0x3b4837c9f4a606b71e61fd56db6241781194df92,0x3b4837c9f4a606b71e61fd56db6241781194df92,1,17,1,0.0,17499281636.0,17140764128.0,0.0,20963239281.0
154,USDC_USDT,21670308,1737431675,0x465ddcee8a6fc26d7a7b7969afcbd97a4c353852e6b30b59e56bc19f434755fa,0x7a250d5630b4cf539739df2c5dacb4c659f2488d,0x20979a772441bdc13e1a0f82bf62dac0094e7177,0x20979a772441bdc13e1a0f82bf62dac0094e7177,8,34,0,13975958067.0,0.0,0.0,13851685597.0,8441460060.0
155,USDC_USDT,21965090,1740989591,0xc1baf7664bdd4c0616d038b9821e6cc0b555e8134ede25d3fc67e1945a71d739,0x7a250d5630b4cf539739df2c5dacb4c659f2488d,0xf34eb0f1cbb0cd9a07ff8f0964bafd8ed9e5b2a4,0xf34eb0f1cbb0cd9a07ff8f0964bafd8ed9e5b2a4,1,7,0,11828057000.0,0.0,0.0,11563044399.0,1200000000.0
156,USDC_USDT,22139024,1743087815,0xfa80290009bb7d1a795dd681898bc3b069cf41d3d447b6915efc1f979c9fb8ab,0x7a250d5630b4cf539739df2c5dacb4c659f2488d,0x9b9c9fd1442dd56529e0d690f10205a55cacea3c,0x9b9c9fd1442dd56529e0d690f10205a55cacea3c,2,16,1,0.0,5000000000.0,4958170426.0,0.0,1945643867.0
156,USDC_USDT,22139024,1743087815,0xc97ce3770bf073e4ec7afb59dd3ca266253f110c81fd192d49465c59cbaef887,0x7a250d5630b4cf539739df2c5dacb4c659f2488d,0x9b9c9fd1442dd56529e0d690f10205a55cacea3c,0x9b9c9fd1442dd56529e0d690f10205a55cacea3c,3,20,1,0.0,5000000000.0,4937332434.0,0.0,1945643867.0
157,USDC_USDT,22356669,1745712131,0x0a0101a1f7b2fca8e8e3345585516f1969ee64c9d394dfbfcb106c9e7ad6c422,0x7a250d5630b4cf539739df2c5dacb4c659f2488d,0xc8167659ff247ecd9b09333685ddf70091c96ca4,0xc8167659ff247ecd9b09333685ddf70091c96ca4,4,144,0,6705855482.0,0.0,0.0,5333314621.0,346034186.0
158,USDC_USDT,22558204,1748156327,0x8d496f58f08c7d70853d49badd9ebf86f36d0f7d98c2dd118b3a86e75314ce78,0x7a250d5630b4cf539739df2c5dacb4c659f2488d,0x9fdb3a6b9568f27d1ca396f5d318a3fa0afbe8f4,0x9fdb3a6b9568f27d1ca396f5d318a3fa0afbe8f4,2,26,0,20000000000.0,0.0,0.0,19575782588.0,1200000000.0
159,USDC_USDT,22558208,1748156375,0x4f2b2a268aeb25090bdae07e26c7dfba5d7495ebcc51d2b1bfa8e6273589a0c5,0x7a250d5630b4cf539739df2c5dacb4c659f2488d,0x9fdb3a6b9568f27d1ca396f5d318a3fa0afbe8f4,0x9fdb3a6b9568f27d1ca396f5d318a3fa0afbe8f4,1,17,0,20000000000.0,0.0,0.0,19538162130.0,1200000000.0
160,USDC_USDT,22566822,1748260775,0x79ebb819d8cc5d30a160288b8f7744476b6987c2f0658bb71911a90720723af9,0x7a250d5630b4cf539739df2c5dacb4c659f2488d,0x9fdb3a6b9568f27d1ca396f5d318a3fa0afbe8f4,0x9fdb3a6b9568f27d1ca396f5d318a3fa0afbe8f4,1,31,0,10000000000.0,0.0,0.0,9810176115.0,1300000000.0
161,USDC_USDT,22579613,1748415299,0x3f264eab8d6c420efb0eab8d7846fca92dd7034998c6c0b2e0f6b738c6179f4f,0x7a250d5630b4cf539739df2c5dacb4c659f2488d,0x9fdb3a6b9568f27d1ca396f5d318a3fa0afbe8f4,0x9fdb3a6b9568f27d1ca396f5d318a3fa0afbe8f4,2,16,0,15000000000.0,0.0,0.0,14679369852.0,1500000000.0
162,USDC_USDT,22615245,1748846075,0x6442eea6e9cbf990b1e44972ac4c75c77b3d90fa1edb4bd033e6d53d903ece9a,0x7a250d5630b4cf539739df2c5dacb4c659f2488d,0x9fdb3a6b9568f27d1ca396f5d318a3fa0afbe8f4,0x9fdb3a6b9568f27d1ca396f5d318a3fa0afbe8f4,1,30,0,20000000000.0,0.0,0.0,19579868747.0,1300000000.0
163,USDC_USDT,22739565,1750348631,0xcf22b5b16275238f15788b84f0e0dd176b7376ab568399d84c78c894f79c682e,0x7a250d5630b4cf539739df2c5dacb4c659f2488d,0x9fdb3a6b9568f27d1ca396f5d318a3fa0afbe8f4,0x9fdb3a6b9568f27d1ca396f5d318a3fa0afbe8f4,4,8,0,21000000000.0,0.0,0.0,20585956126.0,2800000000.0
164,USDC_USDT,23385201,1758141071,0x9806c627a14317e907bbe7d526a5fe53580c25e7f276295389029cb98e275955,0x7a250d5630b4cf539739df2c5dacb4c659f2488d,0x4e7d37c760a915cd506f3a9dec0b4d6bcae1ae07,0x4e7d37c760a915cd506f3a9dec0b4d6bcae1ae07,2,10,0,11438167435.0,0.0,0.0,11214361158.0,641612039.0
165,USDC_USDT,23492868,1759441547,0x21dd8be67fa28e5f3ed1f023e1da7b4062cc32e6bf1a2553031963f7875369d5,0x7a250d5630b4cf539739df2c5dacb4c659f2488d,0x4e7d37c760a915cd506f3a9dec0b4d6bcae1ae07,0x4e7d37c760a915cd506f3a9dec0b4d6bcae1ae07,1,100,0,7093469005.0,0.0,0.0,6972200399.0,357681483.0
166,USDC_USDT,23625063,1761039083,0x5f793739c554033cd156117f8c02a75a6ece6a4a1867ceac5f61827e29885fa0,0x7a250d5630b4cf539739df2c5dacb4c659f2488d,0x9701f8f5285dba3357c34ce7acea3639c501faca,0x9701f8f5285dba3357c34ce7acea3639c501faca,3,18,0,9149252685.0,0.0,0.0,8978007244.0,97188669.0
167,USDC_USDT,23703340,1761986231,0x540c2c0a221264e056f885e94e5ae6351351247c6d6475511dced8b45d4fb587,0x7a250d5630b4cf539739df2c5dacb4c659f2488d,0xea5a509f0444fce32d2144ce2d18e6860c51baf5,0xea5a509f0444fce32d2144ce2d18e6860c51baf5,2,29,0,6000000000.0,0.0,0.0,5875565847.0,1700000000.0
168,USDC_USDT,23730329,1762312163,0x161b30ff7ad6a4e854831fad42fc1e46cd57460352315f65b04cc678826c30e7,0x7a250d5630b4cf539739df2c5dacb4c659f2488d,0x429955635c4e0cf6c65d453f8c1d5e5ad0e1a0ee,0x429955635c4e0cf6c65d453f8c1d5e5ad0e1a0ee,1,7,1,0.0,10860242514.0,10604335705.0,0.0,1667506432.0
169,USDC_USDT,24447931,1770986531,0x3fad3a686c52f805e0e97a7054d6574a65357ab44ce3627205997b3ca3013680,0x7a250d5630b4cf539739df2c5dacb4c659f2488d,0xdf81417e9d7d764d6293b97184e649ced8ec7589,0xdf81417e9d7d764d6293b97184e649ced8ec7589,8,35,0,8588241687.0,0.0,0.0,8452801695.0,2100217928.0
